{
"type": "FeatureCollection",
"name": "qpv_boundaries_mgp",
"crs": { "type": "name", "properties": { "name": "urn:ogc:def:crs:OGC:1.3:CRS84" } },
"features": [
{ "type": "Feature", "properties": { "code_qp": "QN07505I", "lib_qp": "Didot - Porte de Vanves" }, "geometry": { "type": "Polygon", "coordinates": [ [ [ 2.302695312072885, 48.826049782679007 ], [ 2.303642326258982, 48.826670289415077 ], [ 2.304580937328604, 48.827176414620311 ], [ 2.305055338824194, 48.827420962449615 ], [ 2.305304108321486, 48.827720703140677 ], [ 2.310737623238617, 48.826511654437439 ], [ 2.31018098830571, 48.825411190122303 ], [ 2.309673327264928, 48.825573834527248 ], [ 2.308361161121369, 48.825771248928099 ], [ 2.307200543561756, 48.825945873600737 ], [ 2.305605339764676, 48.826472765400922 ], [ 2.305501843739997, 48.826323673616287 ], [ 2.304681514173516, 48.825007456222956 ], [ 2.304128718249695, 48.825121193846144 ], [ 2.304100200845558, 48.825021157854458 ], [ 2.302319477754488, 48.825431287578567 ], [ 2.302547815551768, 48.825917514681656 ], [ 2.302695312072885, 48.826049782679007 ] ] ] } },
{ "type": "Feature", "properties": { "code_qp": "QN07510M", "lib_qp": "La Chapelle - Evangile" }, "geometry": { "type": "Polygon", "coordinates": [ [ [ 2.358646180854116, 48.892680918236053 ], [ 2.358096138941043, 48.892668898341633 ], [ 2.358103602330319, 48.892944739177103 ], [ 2.358005874749494, 48.893821762923785 ], [ 2.357522619557998, 48.893804843887509 ], [ 2.357540240883752, 48.893697483644232 ], [ 2.35703913666302, 48.893619306726343 ], [ 2.35684490994961, 48.8935736665535 ], [ 2.356005363037688, 48.895258078284613 ], [ 2.35562967411233, 48.896205239768236 ], [ 2.355486099103714, 48.897236074483679 ], [ 2.355317974575045, 48.897921254993022 ], [ 2.35578205606078, 48.897916170779133 ], [ 2.355774760241691, 48.89801379898514 ], [ 2.356236037594019, 48.898020004072109 ], [ 2.35637678921319, 48.898060160520068 ], [ 2.356418671294263, 48.897968153922641 ], [ 2.356448936080513, 48.897936975696183 ], [ 2.356684415837008, 48.897972227154511 ], [ 2.356664840778472, 48.898254915793785 ], [ 2.359445781527801, 48.898316595900077 ], [ 2.359496057622585, 48.897321121045586 ], [ 2.359925211359532, 48.897322520037854 ], [ 2.359951091303315, 48.897316390180649 ], [ 2.359967049481718, 48.897123057520147 ], [ 2.360412355094168, 48.897136181990668 ], [ 2.360454201402887, 48.89715700089782 ], [ 2.360467941672467, 48.896943522312043 ], [ 2.360646015575099, 48.896924859008273 ], [ 2.360657791394276, 48.896726336367401 ], [ 2.360734987808947, 48.896722512676924 ], [ 2.360779998228431, 48.89614736575426 ], [ 2.365022824898741, 48.895710038679567 ], [ 2.365911385562478, 48.896036844647398 ], [ 2.366190129218299, 48.895885505499884 ], [ 2.366393106240037, 48.895499743402283 ], [ 2.366407405427978, 48.895440719072333 ], [ 2.366345926765317, 48.895135939275811 ], [ 2.366289880752607, 48.894831188107517 ], [ 2.366495100382473, 48.894483941928726 ], [ 2.36621342669291, 48.894417978747136 ], [ 2.365978240911085, 48.894326292828246 ], [ 2.363725878182605, 48.893328094312032 ], [ 2.363584966377209, 48.893246214422234 ], [ 2.363527790566756, 48.893257551479188 ], [ 2.363447748671916, 48.893250857834936 ], [ 2.363408631134311, 48.893229158939114 ], [ 2.36296035635096, 48.89346138463528 ], [ 2.363483873634495, 48.89485033378466 ], [ 2.363187417247511, 48.894882784986521 ], [ 2.363187307588924, 48.89511381178793 ], [ 2.362971605852095, 48.89520579187424 ], [ 2.362705570980288, 48.895193630964371 ], [ 2.362535297266041, 48.895124670131359 ], [ 2.362424819329674, 48.895052445598346 ], [ 2.362401494039553, 48.894960984997276 ], [ 2.362094128574914, 48.894996957233893 ], [ 2.362196760777552, 48.895266140377984 ], [ 2.362253226151963, 48.895313004744686 ], [ 2.361586499569286, 48.895394146823222 ], [ 2.36156547241856, 48.895343696261904 ], [ 2.361586897022795, 48.895051563371347 ], [ 2.361422338907675, 48.895070386007944 ], [ 2.36140610894665, 48.895064926731877 ], [ 2.360161996339456, 48.895212013532053 ], [ 2.360168198772737, 48.895343073863167 ], [ 2.359679518804764, 48.895324343739645 ], [ 2.359307582592673, 48.895309818078999 ], [ 2.359343435847323, 48.895044955154638 ], [ 2.359420320409641, 48.894977311839547 ], [ 2.35962827985834, 48.893527785477708 ], [ 2.359768684447577, 48.892711879588148 ], [ 2.358646180854116, 48.892680918236053 ] ] ] } },
{ "type": "Feature", "properties": { "code_qp": "QN07520M", "lib_qp": "Les Amandiers" }, "geometry": { "type": "Polygon", "coordinates": [ [ [ 2.385208739139328, 48.867576651613078 ], [ 2.385406346091325, 48.867238029163495 ], [ 2.38559846066773, 48.866892866996565 ], [ 2.385749162228209, 48.866940531184291 ], [ 2.385911099265709, 48.866701987472183 ], [ 2.386082473254393, 48.866459386524966 ], [ 2.386667462497229, 48.866615422829611 ], [ 2.387015368100615, 48.866708031297058 ], [ 2.387704443788289, 48.866926016743676 ], [ 2.387818058626728, 48.866962464280888 ], [ 2.388997686658, 48.867315176994239 ], [ 2.389494190051443, 48.866660454373239 ], [ 2.389639484391856, 48.866448844515439 ], [ 2.389672994570853, 48.866112400276648 ], [ 2.389720523797771, 48.865909413748959 ], [ 2.389607737863727, 48.865892006035409 ], [ 2.389552321935783, 48.865955446652045 ], [ 2.389283803925976, 48.865853081436782 ], [ 2.388884645285468, 48.86570195558383 ], [ 2.388486821224585, 48.865553770838211 ], [ 2.38847803042034, 48.865565218182233 ], [ 2.387864612225038, 48.865339963481546 ], [ 2.387783972646353, 48.865312118619727 ], [ 2.387969269914672, 48.864961618517583 ], [ 2.38801798773728, 48.864872144284078 ], [ 2.387529246036563, 48.864692817814756 ], [ 2.387404567049563, 48.864912205540108 ], [ 2.387629836497711, 48.864972272387391 ], [ 2.387434086825005, 48.865346396540424 ], [ 2.387399321959185, 48.865358241864513 ], [ 2.387346869817754, 48.86547940833259 ], [ 2.387266802033463, 48.865469379833158 ], [ 2.387177125659337, 48.865656483573495 ], [ 2.387028568519177, 48.865616091201623 ], [ 2.386564281497964, 48.865506730394053 ], [ 2.386527198502646, 48.865560645002589 ], [ 2.386301828639273, 48.86550899188785 ], [ 2.386179290651899, 48.865700735688975 ], [ 2.386157465539767, 48.865697016774561 ], [ 2.386133322280169, 48.865735367380765 ], [ 2.386189643658395, 48.865750084156325 ], [ 2.385774696357099, 48.866375204821516 ], [ 2.385612636634479, 48.866328668553159 ], [ 2.385471631438436, 48.866374543386577 ], [ 2.385415968887163, 48.8664274328384 ], [ 2.38538298367159, 48.866453199474122 ], [ 2.385426097576171, 48.866573975352473 ], [ 2.385470575960483, 48.866848511408811 ], [ 2.385067727891985, 48.86754420594572 ], [ 2.385208739139328, 48.867576651613078 ] ] ] } },
{ "type": "Feature", "properties": { "code_qp": "QN09213M", "lib_qp": "Petit Nanterre" }, "geometry": { "type": "Polygon", "coordinates": [ [ [ 2.225209710420919, 48.911615040323902 ], [ 2.225242051522701, 48.910870062339292 ], [ 2.225845167516533, 48.910872957547234 ], [ 2.226361054908514, 48.910902385901821 ], [ 2.226592542159986, 48.910686185359594 ], [ 2.227366196921492, 48.910906389606723 ], [ 2.228011908287153, 48.910009095157456 ], [ 2.225758380883406, 48.909516438579558 ], [ 2.223128538128988, 48.908767950575502 ], [ 2.219523082339137, 48.907260047768581 ], [ 2.218776240641436, 48.906935922883029 ], [ 2.218730848114578, 48.906869062469831 ], [ 2.217994231066621, 48.906954200640328 ], [ 2.216870478445527, 48.907109622095987 ], [ 2.215855289509284, 48.907301729325582 ], [ 2.215452514544476, 48.907412417516525 ], [ 2.214791143061929, 48.907573555854327 ], [ 2.214090255578975, 48.907730848377206 ], [ 2.214066690165446, 48.907754068980815 ], [ 2.214014597054026, 48.907770805328596 ], [ 2.213959484954159, 48.907806407638624 ], [ 2.213902850776937, 48.907852813400673 ], [ 2.213889848214177, 48.907901286145581 ], [ 2.213908229151377, 48.907948184187021 ], [ 2.213994487406047, 48.908018886669957 ], [ 2.214146794989367, 48.908076721430653 ], [ 2.214828774416459, 48.908326088352574 ], [ 2.214900964111251, 48.908550843681844 ], [ 2.215130934104479, 48.908653168416322 ], [ 2.216451426695246, 48.909187037428723 ], [ 2.217562214295247, 48.909646639046969 ], [ 2.21919076358569, 48.910315579323061 ], [ 2.220500685813089, 48.910897761839877 ], [ 2.222112401438283, 48.911532475647448 ], [ 2.222159555140382, 48.911598245829659 ], [ 2.221814480225037, 48.911974641560946 ], [ 2.221603621392962, 48.9121066532662 ], [ 2.221339468295136, 48.912363379301311 ], [ 2.219690223950061, 48.914115384128458 ], [ 2.219708869357107, 48.91417789843922 ], [ 2.220612967381027, 48.915085288933206 ], [ 2.221241896470237, 48.915605916351815 ], [ 2.221354772585305, 48.915595606472948 ], [ 2.222175802445006, 48.915902127742051 ], [ 2.222195130258181, 48.915831976060957 ], [ 2.222334491852904, 48.915680278906464 ], [ 2.222414174211585, 48.915648669405343 ], [ 2.222445986543265, 48.91555851950595 ], [ 2.222513033776598, 48.915556946723797 ], [ 2.223104646983506, 48.915823822077229 ], [ 2.223324956128157, 48.915657589293197 ], [ 2.223894070172886, 48.915222905618904 ], [ 2.223779549676391, 48.915168822808504 ], [ 2.223810293711783, 48.915142351569017 ], [ 2.223857616854485, 48.915101070115696 ], [ 2.224615354874508, 48.914264670703318 ], [ 2.224748418507038, 48.914125981322734 ], [ 2.225747681049242, 48.913095929300582 ], [ 2.225567169082709, 48.913024409652174 ], [ 2.225981540962598, 48.91248243833752 ], [ 2.226347993153142, 48.91198709116167 ], [ 2.225243740030129, 48.911677510793034 ], [ 2.225209710420919, 48.911615040323902 ] ] ] } },
{ "type": "Feature", "properties": { "code_qp": "QN09307M", "lib_qp": "Thorez - Larivière - Langevin - Moulin - Allende" }, "geometry": { "type": "Polygon", "coordinates": [ [ [ 2.416475273333663, 48.952861816076783 ], [ 2.417582046121859, 48.952916659050985 ], [ 2.417586458085085, 48.952157697883472 ], [ 2.417581091550379, 48.951816013089996 ], [ 2.417585418263151, 48.951724653903874 ], [ 2.417541627083841, 48.951652642427277 ], [ 2.417425247707731, 48.951572663212751 ], [ 2.417225316152669, 48.951431357614645 ], [ 2.417126691546529, 48.951388451632667 ], [ 2.417036957345394, 48.951358280254226 ], [ 2.416676513772326, 48.951354719545272 ], [ 2.416429095102205, 48.951326154373206 ], [ 2.416599484710166, 48.951114024726579 ], [ 2.415055680447292, 48.94967368676938 ], [ 2.414901328704289, 48.949519545016088 ], [ 2.414749963052011, 48.94935698668197 ], [ 2.414636890512924, 48.949240849261528 ], [ 2.41444979816916, 48.948987551483114 ], [ 2.414325066580918, 48.948770185525504 ], [ 2.414153194594254, 48.948448970060007 ], [ 2.413975327487737, 48.948110319117717 ], [ 2.413926626445014, 48.948035018447086 ], [ 2.413897057731379, 48.948020731661565 ], [ 2.413631491058784, 48.947550291662772 ], [ 2.413523039447615, 48.947354489498423 ], [ 2.413490695651927, 48.94729341085133 ], [ 2.413255103520269, 48.946875061864475 ], [ 2.413159221490845, 48.946905195215109 ], [ 2.411732243713443, 48.948114828734894 ], [ 2.411662196698919, 48.948316675165813 ], [ 2.411628006157413, 48.948459809691499 ], [ 2.41159851421512, 48.948603970836103 ], [ 2.412442721848929, 48.948660071132103 ], [ 2.413004542789207, 48.948697911342272 ], [ 2.412790050868413, 48.948865765088144 ], [ 2.41243248088175, 48.949140894690593 ], [ 2.412392049983056, 48.949291239650378 ], [ 2.412495079889617, 48.949348949376585 ], [ 2.412315803675817, 48.949537630729118 ], [ 2.412104653774577, 48.950244521707603 ], [ 2.41270662346842, 48.950324982214575 ], [ 2.41260684768158, 48.950578622759608 ], [ 2.412552187563365, 48.950594665871321 ], [ 2.41247679004172, 48.950692156586975 ], [ 2.412435802303833, 48.950812655505992 ], [ 2.412399365153573, 48.950969052103879 ], [ 2.41237845138581, 48.951066809749335 ], [ 2.412377996075052, 48.951133205869233 ], [ 2.411798061222532, 48.951101587232706 ], [ 2.411688276841159, 48.951096722278265 ], [ 2.411691075614026, 48.951141338306527 ], [ 2.41175308805163, 48.951208002096969 ], [ 2.411721632671064, 48.951214374920255 ], [ 2.411847964186071, 48.951401207335842 ], [ 2.411902855086647, 48.951520606196901 ], [ 2.411979747148804, 48.951724413863658 ], [ 2.412035038326191, 48.952120770926783 ], [ 2.411915236438853, 48.952517234912527 ], [ 2.411712571332877, 48.952913750710174 ], [ 2.41148972423373, 48.953402944263559 ], [ 2.411283904433214, 48.953782986992785 ], [ 2.41128466668117, 48.953847569545054 ], [ 2.411318909995011, 48.953886900572648 ], [ 2.411071508267326, 48.953937558245791 ], [ 2.411001837211757, 48.954025677045621 ], [ 2.410965523994189, 48.954169095893079 ], [ 2.410722512663688, 48.954331624370916 ], [ 2.410648283834101, 48.954377245970633 ], [ 2.410566704260852, 48.954524497151965 ], [ 2.410343176011161, 48.955008038475178 ], [ 2.41015385049193, 48.954951626525599 ], [ 2.409744079629047, 48.955390649845462 ], [ 2.409707535162059, 48.955524634364046 ], [ 2.409711516241385, 48.955679314546543 ], [ 2.409741942579498, 48.955840554078009 ], [ 2.409832341902653, 48.956026206577029 ], [ 2.409959060291405, 48.956213941452255 ], [ 2.410053431811826, 48.95636355012855 ], [ 2.41013484028098, 48.956534607557636 ], [ 2.410228493770133, 48.956635723228807 ], [ 2.410336484708995, 48.956727090278463 ], [ 2.410525600932913, 48.956887411652517 ], [ 2.410775355483246, 48.957066482832595 ], [ 2.411117141194945, 48.95726343185153 ], [ 2.41156762933807, 48.957518176391169 ], [ 2.412104925234476, 48.957667848209184 ], [ 2.412478854396094, 48.957713801707278 ], [ 2.413698879410382, 48.95773728746547 ], [ 2.413674789660068, 48.957993677509599 ], [ 2.414959277459821, 48.958260798184078 ], [ 2.415332223457009, 48.958462476498163 ], [ 2.415532337041476, 48.958584041102419 ], [ 2.415829596298968, 48.958749185805146 ], [ 2.416149233173773, 48.958894527477085 ], [ 2.416645938454494, 48.959146712687527 ], [ 2.41675414913858, 48.959200438218758 ], [ 2.417025190616, 48.959337737773552 ], [ 2.417442755068206, 48.959520350551209 ], [ 2.417789659813088, 48.959411346489283 ], [ 2.417904851492, 48.959131528936979 ], [ 2.418033474378711, 48.95902328694676 ], [ 2.418140638287706, 48.958888626507758 ], [ 2.418210135047833, 48.958675666190686 ], [ 2.418317177523695, 48.958460934741296 ], [ 2.418405446475426, 48.958225074776934 ], [ 2.418491488793924, 48.958060031549437 ], [ 2.418491701474579, 48.95785272397471 ], [ 2.418492740161779, 48.957644087659439 ], [ 2.41852058805027, 48.957600998782105 ], [ 2.419069569917119, 48.957783599652494 ], [ 2.420045529560058, 48.958065340474647 ], [ 2.420665552300956, 48.95824849155148 ], [ 2.42092911373924, 48.95830827840814 ], [ 2.421065904201509, 48.957788903599337 ], [ 2.421365835450795, 48.956777831612449 ], [ 2.419911693453347, 48.956595660819083 ], [ 2.419897119966422, 48.956626691634298 ], [ 2.419518487053753, 48.956573638970077 ], [ 2.41949146381203, 48.956659675499992 ], [ 2.419331777488942, 48.956898088158724 ], [ 2.419273660399374, 48.956967959965304 ], [ 2.419204719976404, 48.957026076312523 ], [ 2.419135994912317, 48.957067100481055 ], [ 2.419042748399584, 48.957099939417489 ], [ 2.419120574342394, 48.957247534926601 ], [ 2.419099111532201, 48.957394291211159 ], [ 2.418764803915825, 48.957449239531975 ], [ 2.418494991182149, 48.957497972596741 ], [ 2.418482430596679, 48.957587115679445 ], [ 2.418397806019625, 48.957583713641085 ], [ 2.418465821136522, 48.957852474362369 ], [ 2.418437040565137, 48.957876377439945 ], [ 2.418226506888813, 48.958129256976427 ], [ 2.418177275598714, 48.958247594081094 ], [ 2.4174650047464, 48.95814738884097 ], [ 2.415902498012661, 48.95790571159062 ], [ 2.416064096752134, 48.956769812942142 ], [ 2.416099203039786, 48.956369001152602 ], [ 2.416475273333663, 48.952861816076783 ] ] ] } },
{ "type": "Feature", "properties": { "code_qp": "QN09319I", "lib_qp": "Jean Moulin - Espoir" }, "geometry": { "type": "Polygon", "coordinates": [ [ [ 2.452709829396494, 48.859970746704832 ], [ 2.45178864615532, 48.859049052195886 ], [ 2.45186289247892, 48.858751411946223 ], [ 2.451728178403336, 48.858519865646358 ], [ 2.450718203660607, 48.858359174968612 ], [ 2.450521541495906, 48.858340826687559 ], [ 2.450240631332476, 48.858328739000235 ], [ 2.450014594549326, 48.858357262569442 ], [ 2.449815941216616, 48.858450058721495 ], [ 2.449797017961395, 48.858424644874809 ], [ 2.449177384543072, 48.85871811837464 ], [ 2.448718576623766, 48.858470732550657 ], [ 2.447805026065808, 48.857990767033364 ], [ 2.447690011550975, 48.85795324092291 ], [ 2.445981561893908, 48.85732877425864 ], [ 2.445136063476804, 48.856610516008132 ], [ 2.444047973935969, 48.857646440556806 ], [ 2.443547186078451, 48.858131425060968 ], [ 2.443031021005782, 48.858704544955003 ], [ 2.442750564192274, 48.858783073846247 ], [ 2.442705674165287, 48.858697335475746 ], [ 2.442438534883386, 48.858777137033549 ], [ 2.442353382486052, 48.858664035759496 ], [ 2.442207499405605, 48.858712585909089 ], [ 2.442227691021238, 48.858750732966534 ], [ 2.442198601279964, 48.858791321360997 ], [ 2.441708081566541, 48.85893075792422 ], [ 2.441751677835657, 48.858981615006329 ], [ 2.441399436980074, 48.859042961615678 ], [ 2.441165722086872, 48.859082720188802 ], [ 2.441117496442233, 48.858926734846413 ], [ 2.440562540296387, 48.859051594282157 ], [ 2.440750796751989, 48.859728823830878 ], [ 2.440858623777653, 48.859840842356427 ], [ 2.441138472018129, 48.860056194466182 ], [ 2.441286237872386, 48.860129731027428 ], [ 2.441449214120321, 48.860183551103503 ], [ 2.442130034702827, 48.860122870045473 ], [ 2.442227959273462, 48.86014040497588 ], [ 2.443391460620879, 48.860573005254246 ], [ 2.443475366002987, 48.860612268550689 ], [ 2.443433181991626, 48.86036816594185 ], [ 2.44303604558969, 48.859010993756812 ], [ 2.443028760542683, 48.858928238432419 ], [ 2.443096833713283, 48.858762934323174 ], [ 2.443144695009779, 48.858606619599776 ], [ 2.44342913998085, 48.858298955230069 ], [ 2.443712493628013, 48.858003315303165 ], [ 2.444099755873342, 48.857636608972804 ], [ 2.445315788798871, 48.858528588755107 ], [ 2.446305681710579, 48.859283396222814 ], [ 2.446752506351923, 48.85969015528805 ], [ 2.447926976755921, 48.860759494786386 ], [ 2.448606628910924, 48.860423584393303 ], [ 2.45046755749987, 48.859605649064264 ], [ 2.450585003999663, 48.859713208013751 ], [ 2.450870595299137, 48.859903380256277 ], [ 2.451475167083085, 48.860220029697153 ], [ 2.451678615995508, 48.860307149186184 ], [ 2.452709829396494, 48.859970746704832 ] ] ] } },
{ "type": "Feature", "properties": { "code_qp": "QN09340I", "lib_qp": "Plaine Trezel - Chaudron" }, "geometry": { "type": "Polygon", "coordinates": [ [ [ 2.363353361424632, 48.907722116194144 ], [ 2.363267184284844, 48.907186729608043 ], [ 2.363157181958844, 48.906455918406714 ], [ 2.360003609361824, 48.906550739849962 ], [ 2.360022564768218, 48.906136147795287 ], [ 2.35986480947204, 48.906132056514622 ], [ 2.359927061964131, 48.905607965439636 ], [ 2.36023943678097, 48.905598642911663 ], [ 2.36023624824076, 48.90545449159621 ], [ 2.359966045537993, 48.905461751617828 ], [ 2.359973835394243, 48.905413359973181 ], [ 2.359947274332284, 48.905402037815556 ], [ 2.359973734823148, 48.905199197595557 ], [ 2.360126294694481, 48.904056283087435 ], [ 2.360262185234861, 48.904061401209319 ], [ 2.360271532719337, 48.904016098847102 ], [ 2.361192999741091, 48.903973700511408 ], [ 2.36123198225812, 48.903828516689991 ], [ 2.36153468680835, 48.903210679151471 ], [ 2.361376355259715, 48.901933969214099 ], [ 2.362427403627357, 48.901873005263212 ], [ 2.362398778092414, 48.901702082535635 ], [ 2.362294817966219, 48.901701529056147 ], [ 2.362109158513013, 48.901649297103575 ], [ 2.359599707568448, 48.901608915398768 ], [ 2.359474807225029, 48.901601404755553 ], [ 2.359457021713049, 48.901633027542111 ], [ 2.357770058558788, 48.901603106155065 ], [ 2.357674996534451, 48.902128230848326 ], [ 2.357558140977297, 48.90284796477124 ], [ 2.357648734984093, 48.902858244184294 ], [ 2.357601985383365, 48.903137284030855 ], [ 2.357625494563388, 48.903328791030319 ], [ 2.357549059425625, 48.903573855585599 ], [ 2.357392998690616, 48.903899242101147 ], [ 2.357297867147138, 48.904250359038258 ], [ 2.357233984200783, 48.90465192759001 ], [ 2.356721689355521, 48.904648923744659 ], [ 2.356595248973508, 48.904837364415044 ], [ 2.356504735316896, 48.905047424930402 ], [ 2.356495456924014, 48.905282176217369 ], [ 2.356508011922109, 48.905453092959164 ], [ 2.356583091496338, 48.905743437663268 ], [ 2.356558103537922, 48.905748591380537 ], [ 2.356558111859584, 48.905767120820983 ], [ 2.356579981243246, 48.905780506726437 ], [ 2.356595654230992, 48.905925680279047 ], [ 2.355848228486471, 48.905911252727257 ], [ 2.355748303109204, 48.906260119722276 ], [ 2.356112315114424, 48.906257654190277 ], [ 2.356129889260018, 48.906328514093445 ], [ 2.35612553641122, 48.906409207513114 ], [ 2.356295946653256, 48.906418919100076 ], [ 2.356720730268868, 48.906424858573281 ], [ 2.356850359685711, 48.906858449626853 ], [ 2.356705691571696, 48.90764169321821 ], [ 2.358014529424184, 48.907656088231093 ], [ 2.358202310713958, 48.907652126308896 ], [ 2.358225978621481, 48.907507954942353 ], [ 2.358709361595988, 48.907486230952458 ], [ 2.359822573020151, 48.907503058231903 ], [ 2.359778594185349, 48.907761748563608 ], [ 2.359756613054007, 48.908218481577599 ], [ 2.359736110571566, 48.908443184650444 ], [ 2.360553151784938, 48.908456560041941 ], [ 2.360797869117907, 48.908564861690252 ], [ 2.363476588220121, 48.908363306847782 ], [ 2.363423336162044, 48.907920558930627 ], [ 2.363353361424632, 48.907722116194144 ] ] ] } },
{ "type": "Feature", "properties": { "code_qp": "QN09342M", "lib_qp": "Langevin - Lavoisier - Tartres - Allende" }, "geometry": { "type": "Polygon", "coordinates": [ [ [ 2.374393804826056, 48.943291151571131 ], [ 2.373929569039855, 48.943270706297298 ], [ 2.37391863271462, 48.943281003463532 ], [ 2.373624781514479, 48.94327285863649 ], [ 2.373290923410138, 48.943288606378843 ], [ 2.373280727103295, 48.94322931942861 ], [ 2.373657254783897, 48.942457003435507 ], [ 2.373728614960031, 48.942313495299096 ], [ 2.37376778743759, 48.942233655153714 ], [ 2.373133102276396, 48.941913115209879 ], [ 2.372798023966962, 48.942903708314674 ], [ 2.372331260611095, 48.942935682405661 ], [ 2.372247543304668, 48.942939934590591 ], [ 2.372242610343193, 48.942880336624022 ], [ 2.370762019390138, 48.9430052730036 ], [ 2.370733508456692, 48.942876147233761 ], [ 2.370475661503102, 48.942892423336559 ], [ 2.370352527611676, 48.942916874119376 ], [ 2.370068689072322, 48.942932227514532 ], [ 2.370050372864726, 48.942811125333435 ], [ 2.369682450156013, 48.942839760071244 ], [ 2.369659541525049, 48.942700578316881 ], [ 2.369640435692887, 48.942590228770399 ], [ 2.369521723941004, 48.942591466068968 ], [ 2.369560931579151, 48.942854162110635 ], [ 2.369439303006402, 48.942862830508894 ], [ 2.369431321649765, 48.94282183266813 ], [ 2.369078235014368, 48.942841640903104 ], [ 2.369004265140378, 48.942847509847049 ], [ 2.369009262136355, 48.942901523415948 ], [ 2.368952675386378, 48.942906810421455 ], [ 2.368513211763685, 48.9429314445591 ], [ 2.3685171235277, 48.94293658313358 ], [ 2.368223741226553, 48.942955210461633 ], [ 2.368224719167556, 48.942962918319409 ], [ 2.36793151217798, 48.942983341942551 ], [ 2.367921557456371, 48.942914744188535 ], [ 2.367632662661396, 48.942924055225049 ], [ 2.36765713642626, 48.943291016088999 ], [ 2.367688318421695, 48.943732132858514 ], [ 2.367885004854431, 48.944671068428256 ], [ 2.367837032553762, 48.944652163859459 ], [ 2.366995423236705, 48.944661314567178 ], [ 2.366554605603722, 48.944655262731821 ], [ 2.366572137134316, 48.943679862275573 ], [ 2.366295448800951, 48.943653028986191 ], [ 2.365654796161985, 48.943558809737006 ], [ 2.365372652870458, 48.943855864148979 ], [ 2.364573466357522, 48.94469353801653 ], [ 2.364484890904436, 48.944662156697362 ], [ 2.364248818690609, 48.944559250576361 ], [ 2.363234368953603, 48.94368451788651 ], [ 2.363194919039812, 48.943675000172234 ], [ 2.362906737845444, 48.943437041911679 ], [ 2.362616375557236, 48.943626309008401 ], [ 2.362247278649556, 48.943888744560219 ], [ 2.361013734345119, 48.944727493353703 ], [ 2.360501470278752, 48.945086282103524 ], [ 2.360395435471439, 48.94515855787737 ], [ 2.359527015331833, 48.945723142222327 ], [ 2.359366012960719, 48.945826612453395 ], [ 2.3577543559198, 48.946874626433768 ], [ 2.357621991326624, 48.946978242275208 ], [ 2.35744119373868, 48.947182842481674 ], [ 2.357495676229632, 48.947214116356918 ], [ 2.357527529060241, 48.947808041151447 ], [ 2.359377223835492, 48.94768636680454 ], [ 2.359390045222717, 48.947754782056464 ], [ 2.359529781898826, 48.948159306892748 ], [ 2.359627125469999, 48.948443530188356 ], [ 2.359705356702397, 48.948632709423684 ], [ 2.359814940031522, 48.948842483917403 ], [ 2.358052872906848, 48.949270613782772 ], [ 2.357687292558515, 48.949348705355938 ], [ 2.357940301722902, 48.951417282616092 ], [ 2.358083032407189, 48.951855071512242 ], [ 2.359097087345722, 48.951749975989081 ], [ 2.359406132719736, 48.951709638425619 ], [ 2.359986899806223, 48.951633834810821 ], [ 2.360896615849549, 48.951508064803946 ], [ 2.361205992965496, 48.951495971517261 ], [ 2.361535180495955, 48.951518900381785 ], [ 2.361728900078174, 48.951531613402388 ], [ 2.361933395741418, 48.951558784403893 ], [ 2.362315799251441, 48.951661533835804 ], [ 2.363092972775131, 48.95186440226351 ], [ 2.364203814554938, 48.952140090544603 ], [ 2.365193401981304, 48.952390824545432 ], [ 2.365785887619898, 48.952513575792409 ], [ 2.366028452181559, 48.952553523722315 ], [ 2.366311551131113, 48.952579624408493 ], [ 2.367231957664515, 48.95261923884091 ], [ 2.367444675516317, 48.951531896137283 ], [ 2.367382052451245, 48.95125709000493 ], [ 2.36676873600392, 48.950852422534155 ], [ 2.366591312175455, 48.950735479159988 ], [ 2.366314802793086, 48.950566747892218 ], [ 2.365768873221189, 48.95021404039489 ], [ 2.3651609109621, 48.949796254117835 ], [ 2.364655853965649, 48.949450059752998 ], [ 2.363729580950587, 48.94882465909366 ], [ 2.363520968066999, 48.948692254085465 ], [ 2.363475066709576, 48.948648850607555 ], [ 2.363399721599304, 48.948556724548226 ], [ 2.363310680265081, 48.948469905153878 ], [ 2.362919480278539, 48.948193560701625 ], [ 2.362390226835647, 48.94782023848078 ], [ 2.361889984628061, 48.947467916983165 ], [ 2.362346979988576, 48.947002567028065 ], [ 2.365368075678935, 48.946815919096494 ], [ 2.365430632003136, 48.947680695504957 ], [ 2.366592040510065, 48.947634084305427 ], [ 2.366577794750224, 48.947315946238156 ], [ 2.367193648854677, 48.947271517324047 ], [ 2.367283626990839, 48.947265533658445 ], [ 2.367223696783167, 48.946715351794431 ], [ 2.367211787681613, 48.946405502819395 ], [ 2.367220820079976, 48.946307452082678 ], [ 2.367291781408502, 48.946131291550856 ], [ 2.3696373706967, 48.946578009453987 ], [ 2.371680594519198, 48.946968212126365 ], [ 2.371745278575617, 48.946812093457346 ], [ 2.372117316364748, 48.945171966825718 ], [ 2.372728140822074, 48.945125697241984 ], [ 2.373660093785824, 48.945055020240495 ], [ 2.374218360382221, 48.945065139050136 ], [ 2.374202388620366, 48.944804256497363 ], [ 2.374129477756104, 48.944284090248416 ], [ 2.374101424890327, 48.944164758988286 ], [ 2.374242503593125, 48.944165495525894 ], [ 2.374266503722616, 48.943473767125028 ], [ 2.3743110709281, 48.943352667406835 ], [ 2.374393673281113, 48.943327285666427 ], [ 2.374393804826056, 48.943291151571131 ] ] ] } },
{ "type": "Feature", "properties": { "code_qp": "QN09343I", "lib_qp": "Cordon" }, "geometry": { "type": "Polygon", "coordinates": [ [ [ 2.336728815094728, 48.91143339924281 ], [ 2.336284520306211, 48.912033940381541 ], [ 2.335943502899962, 48.912246330261581 ], [ 2.338107599572704, 48.912661198074403 ], [ 2.33867486171238, 48.912745484352072 ], [ 2.3389598729209, 48.912772477181768 ], [ 2.340011331894184, 48.912872313185197 ], [ 2.340500801462814, 48.912892798854116 ], [ 2.340380796038207, 48.912681324099154 ], [ 2.340208629889907, 48.912488560753474 ], [ 2.339603727311197, 48.911882927516274 ], [ 2.33963163227854, 48.911747851491192 ], [ 2.339902868764796, 48.911989565369502 ], [ 2.340154938888785, 48.911886944338328 ], [ 2.339541246194467, 48.911324396522375 ], [ 2.33918682939722, 48.910994568759357 ], [ 2.338649336600243, 48.910506143436926 ], [ 2.338168140739735, 48.910140032101218 ], [ 2.338028491412064, 48.910054113916146 ], [ 2.33773971197198, 48.910324474102644 ], [ 2.337641816004377, 48.910442118182253 ], [ 2.337545925141436, 48.910402192827554 ], [ 2.336959788708731, 48.909950349603776 ], [ 2.335708641806312, 48.910698292369467 ], [ 2.336586803716003, 48.911381778599043 ], [ 2.336728815094728, 48.91143339924281 ] ] ] } },
{ "type": "Feature", "properties": { "code_qp": "QN09374N", "lib_qp": "Quartier des Dahlias" }, "geometry": { "type": "Polygon", "coordinates": [ [ [ 2.546244194684366, 48.898672600896994 ], [ 2.546438867046136, 48.898551487468836 ], [ 2.545559563014311, 48.897591379303215 ], [ 2.545259937750062, 48.897302064377513 ], [ 2.545012741023533, 48.896842723257052 ], [ 2.544699065359175, 48.896126115391191 ], [ 2.544494828909151, 48.89595837364768 ], [ 2.542683182777833, 48.894891300067634 ], [ 2.542431507772732, 48.89448846653827 ], [ 2.542898683689412, 48.894301822133869 ], [ 2.543052512376935, 48.894469856264045 ], [ 2.543862512747525, 48.894092949635308 ], [ 2.544014434318298, 48.894090442950144 ], [ 2.544206283250991, 48.894071537382736 ], [ 2.544607146535582, 48.893960318215441 ], [ 2.544684052751519, 48.893923880720827 ], [ 2.544594495296847, 48.89367053047458 ], [ 2.544455752076266, 48.893255620786 ], [ 2.544343341988465, 48.892900569275994 ], [ 2.544752391249491, 48.892859907458998 ], [ 2.54476148050989, 48.892856238908678 ], [ 2.54457630697833, 48.892015328106609 ], [ 2.54498683669381, 48.89194934838337 ], [ 2.545091470124353, 48.891927002742733 ], [ 2.544941887241484, 48.891643333645163 ], [ 2.544913579369799, 48.891642543151931 ], [ 2.54481333352442, 48.891456577820129 ], [ 2.544664787069616, 48.891479886081306 ], [ 2.544289793737882, 48.891559080409557 ], [ 2.543973654669034, 48.891632984993379 ], [ 2.543709853171702, 48.891699685102047 ], [ 2.543698263906113, 48.891662600446914 ], [ 2.543346879395028, 48.891716636663482 ], [ 2.543401660074788, 48.891858734269817 ], [ 2.543372398395275, 48.891862021584124 ], [ 2.543318672575876, 48.891793931350854 ], [ 2.542700375762897, 48.891941486859785 ], [ 2.542756875707917, 48.891981468486769 ], [ 2.542876796242169, 48.892196992740658 ], [ 2.542922024652158, 48.892317661015987 ], [ 2.542925289382451, 48.89243907232887 ], [ 2.542285697619636, 48.89262078495566 ], [ 2.542270682555967, 48.892671447487189 ], [ 2.542133845100182, 48.892934345057235 ], [ 2.542363537108747, 48.892875451996069 ], [ 2.542505897817875, 48.893208909972323 ], [ 2.542712802102014, 48.893147281430075 ], [ 2.542943791500532, 48.893505198723702 ], [ 2.543020885429516, 48.893562722068737 ], [ 2.543185608504785, 48.893640845980919 ], [ 2.542737259486998, 48.893754747194009 ], [ 2.542307878319151, 48.894066390182395 ], [ 2.542546778119071, 48.894144124909673 ], [ 2.54254200901392, 48.894164515691436 ], [ 2.542292006899916, 48.894340551347078 ], [ 2.542411903476792, 48.894516243362183 ], [ 2.542649725018256, 48.894891989665155 ], [ 2.542621160171751, 48.894898204159432 ], [ 2.542290538462424, 48.894706347038692 ], [ 2.540998444875525, 48.896302212580892 ], [ 2.54101042019703, 48.896410731753896 ], [ 2.541014024683984, 48.896595639910977 ], [ 2.54623009625445, 48.898880755455572 ], [ 2.546288157034816, 48.898879333594188 ], [ 2.546244194684366, 48.898672600896994 ] ] ] } },
{ "type": "Feature", "properties": { "code_qp": "QN09425I", "lib_qp": "Le Plateau" }, "geometry": { "type": "Polygon", "coordinates": [ [ [ 2.52712861808429, 48.812500334332036 ], [ 2.527187940788342, 48.812416020740031 ], [ 2.527217653692995, 48.812293816376155 ], [ 2.527258781839198, 48.812263414729117 ], [ 2.527332680615682, 48.812223229745015 ], [ 2.527691550591902, 48.811993500212061 ], [ 2.528040923408713, 48.811757445459641 ], [ 2.528627324708622, 48.811361338417989 ], [ 2.528663010252891, 48.811331794397034 ], [ 2.528685067839527, 48.811298608140973 ], [ 2.528689358154744, 48.810976663749486 ], [ 2.528680506553794, 48.810900169505913 ], [ 2.528644310503846, 48.810837074244198 ], [ 2.52861058325403, 48.810802761466519 ], [ 2.528417144752591, 48.810659893939103 ], [ 2.528333179877921, 48.810608309186847 ], [ 2.528272108706431, 48.810588280204584 ], [ 2.527924918293423, 48.810583315866197 ], [ 2.527873324593141, 48.810566918000561 ], [ 2.527756810960041, 48.810500812510234 ], [ 2.527625545605454, 48.810404564551796 ], [ 2.527512690447607, 48.809955458524222 ], [ 2.528045181435, 48.809946229720339 ], [ 2.528023376812567, 48.809046885756054 ], [ 2.527903027246083, 48.808940983996798 ], [ 2.527493967830956, 48.809150701308653 ], [ 2.526638846214998, 48.809598801117552 ], [ 2.527501456818585, 48.810308521563861 ], [ 2.527154219255459, 48.810519390115957 ], [ 2.527113424212144, 48.810522396541337 ], [ 2.52671533635735, 48.81078691493061 ], [ 2.526712772064302, 48.810803071831593 ], [ 2.526775281393842, 48.810823042545699 ], [ 2.526879823448323, 48.810895270551157 ], [ 2.526951146779171, 48.810963660077434 ], [ 2.527014894111542, 48.811048841385528 ], [ 2.527054965649043, 48.811150969882142 ], [ 2.527069091707814, 48.811234011964835 ], [ 2.527056759258488, 48.811329886753846 ], [ 2.527200555475857, 48.811328318597383 ], [ 2.52719847012541, 48.811381700751717 ], [ 2.527032689115046, 48.811383068613488 ], [ 2.52698467325627, 48.811471193513185 ], [ 2.526901779173981, 48.811566373560808 ], [ 2.526910865218602, 48.811574417534672 ], [ 2.526760047869309, 48.811677056093593 ], [ 2.526742737479596, 48.81166595226334 ], [ 2.526675803768157, 48.811699446159189 ], [ 2.526603501079094, 48.811727641236352 ], [ 2.526538512428384, 48.811744862303982 ], [ 2.526438661131535, 48.811765614691836 ], [ 2.526287224556311, 48.811778850708492 ], [ 2.526181389155, 48.81178016890042 ], [ 2.526078240038848, 48.811770894038176 ], [ 2.525965141801895, 48.811750565915574 ], [ 2.52585472186531, 48.811719639301124 ], [ 2.525317844910374, 48.811671899875599 ], [ 2.525306963157808, 48.811562253643793 ], [ 2.525054592829011, 48.811013538227506 ], [ 2.524887451162107, 48.810676504662133 ], [ 2.524767584743362, 48.81057645027019 ], [ 2.524432054983154, 48.810741262085187 ], [ 2.524091532230671, 48.810900877001053 ], [ 2.523887776250678, 48.810995411959233 ], [ 2.523722736603792, 48.811056180025588 ], [ 2.523764987853018, 48.811122112351185 ], [ 2.52380534714958, 48.811198403303521 ], [ 2.524369891320951, 48.812394579341721 ], [ 2.524525980528132, 48.812386577019659 ], [ 2.524809242425859, 48.81238501588215 ], [ 2.52506108158899, 48.812393198967172 ], [ 2.525217565759685, 48.812408212258553 ], [ 2.525271073882903, 48.812690119014647 ], [ 2.524762480687759, 48.81276787397119 ], [ 2.524732111634242, 48.812668246682613 ], [ 2.524454441833778, 48.812710665614333 ], [ 2.52449635039953, 48.813089529208561 ], [ 2.52458325765781, 48.813276368619611 ], [ 2.524696574854425, 48.813500027521357 ], [ 2.524970125451322, 48.813465295878267 ], [ 2.5249943140166, 48.813460821675626 ], [ 2.524983024999507, 48.81334082909062 ], [ 2.526229245249384, 48.813168588652168 ], [ 2.526758250356203, 48.813096949635998 ], [ 2.526820957948493, 48.813074663165828 ], [ 2.526893126600426, 48.813014602701301 ], [ 2.527032188945475, 48.812774248878242 ], [ 2.527119722158764, 48.812581231873601 ], [ 2.52712861808429, 48.812500334332036 ] ] ] } },
{ "type": "Feature", "properties": { "code_qp": "QN09441N", "lib_qp": "Pavé de Grignon" }, "geometry": { "type": "Polygon", "coordinates": [ [ [ 2.399715203447621, 48.755539678505812 ], [ 2.40091655955082, 48.755416615206379 ], [ 2.401071518605087, 48.755370373445189 ], [ 2.402092798412253, 48.75563919492744 ], [ 2.402017547659945, 48.755816517271313 ], [ 2.402086600875629, 48.75583814148878 ], [ 2.402235065289346, 48.75646296354067 ], [ 2.401230341001157, 48.756571083143434 ], [ 2.401338925033799, 48.75703777828457 ], [ 2.402208349948449, 48.756947771394373 ], [ 2.402165191703568, 48.756765676451153 ], [ 2.402923324646387, 48.756688763180485 ], [ 2.402786695897542, 48.756118282988453 ], [ 2.403049094937492, 48.75609134052614 ], [ 2.403622865730827, 48.756239246513147 ], [ 2.403642283541419, 48.756211350047487 ], [ 2.403474150448368, 48.756165042313256 ], [ 2.403725652796913, 48.755595559303124 ], [ 2.403565963440836, 48.75555504704009 ], [ 2.403922357952439, 48.754772453935921 ], [ 2.404021114691019, 48.754557297952587 ], [ 2.403976148111706, 48.75455233781144 ], [ 2.403905062964623, 48.754540681221926 ], [ 2.404068796405393, 48.754172307013597 ], [ 2.403707625113788, 48.75410703652512 ], [ 2.403128906982314, 48.75421847094605 ], [ 2.401238286463699, 48.754634706624842 ], [ 2.400086245887363, 48.75492088731859 ], [ 2.400095562591511, 48.755101762529868 ], [ 2.399630253402536, 48.755247289009468 ], [ 2.399715203447621, 48.755539678505812 ] ] ] } },
{ "type": "Feature", "properties": { "code_qp": "QN09443N", "lib_qp": "La Plaine" }, "geometry": { "type": "Polygon", "coordinates": [ [ [ 2.334923940464303, 48.788119756201745 ], [ 2.335734854627297, 48.787774150117883 ], [ 2.335660833117612, 48.787675679294523 ], [ 2.335894089189464, 48.787598812619301 ], [ 2.335651750219246, 48.787206649301289 ], [ 2.335632901935275, 48.787166752301715 ], [ 2.335747269847331, 48.787136833376053 ], [ 2.335112555101142, 48.786313299308432 ], [ 2.334493630500561, 48.786487497795456 ], [ 2.334571550455475, 48.78661725650214 ], [ 2.334482440326044, 48.786647666194952 ], [ 2.334503348343369, 48.786674627490726 ], [ 2.334074810730681, 48.786822687900361 ], [ 2.334055028751858, 48.78679055258101 ], [ 2.334062650349879, 48.786786367923931 ], [ 2.334015910880779, 48.786719326192021 ], [ 2.333222389042658, 48.786954032322228 ], [ 2.332914449257641, 48.786396543359189 ], [ 2.33272089650299, 48.786034278085225 ], [ 2.329106820408171, 48.785919457917856 ], [ 2.329603160507509, 48.786813886860024 ], [ 2.330066919311855, 48.78763163276038 ], [ 2.330227760515674, 48.787924817030053 ], [ 2.330460108713177, 48.788188068589001 ], [ 2.330905030249773, 48.788067862360919 ], [ 2.332521513162721, 48.787688537397507 ], [ 2.332585114127328, 48.787690516135875 ], [ 2.33256623719699, 48.787821156508251 ], [ 2.332713969899344, 48.78782569833308 ], [ 2.332721817917148, 48.787925233462268 ], [ 2.332796374086282, 48.787996329862274 ], [ 2.333284913194563, 48.788020890413343 ], [ 2.333384191237541, 48.787978495890471 ], [ 2.333546812603534, 48.788125013099602 ], [ 2.333792481377025, 48.787963719050538 ], [ 2.333842915934333, 48.78805637493857 ], [ 2.334067632371378, 48.788480419332515 ], [ 2.334923940464303, 48.788119756201745 ] ] ] } },
{ "type": "Feature", "properties": { "code_qp": "QN09447N", "lib_qp": "Haut-Pays - La Grusie" }, "geometry": { "type": "Polygon", "coordinates": [ [ [ 2.404902044376636, 48.734815508526047 ], [ 2.404061281786485, 48.734681156446293 ], [ 2.403811099175048, 48.734641553861437 ], [ 2.403506279823318, 48.73548682196018 ], [ 2.403796404473251, 48.735541824325502 ], [ 2.404343865444839, 48.735640924806852 ], [ 2.403885521235417, 48.736331260356366 ], [ 2.403835440922434, 48.736401693517415 ], [ 2.404330535587166, 48.73656221880335 ], [ 2.404677346213375, 48.736672935617534 ], [ 2.40489971988186, 48.736770067015556 ], [ 2.404711137247676, 48.736956526645635 ], [ 2.404186588763155, 48.737520573552978 ], [ 2.40396931867719, 48.737755229622344 ], [ 2.403870797709825, 48.737713996452577 ], [ 2.403697942951504, 48.737876139355642 ], [ 2.403603765914838, 48.737836347229418 ], [ 2.403246670742952, 48.738189223789959 ], [ 2.403432054182784, 48.738261792511587 ], [ 2.403549120430522, 48.738308959007384 ], [ 2.403901435204445, 48.738443054481294 ], [ 2.403874612402399, 48.738479131364663 ], [ 2.404661358925661, 48.738763310350677 ], [ 2.404676946180138, 48.738769513266995 ], [ 2.404867259400489, 48.738503453987114 ], [ 2.405048103965873, 48.73821595096225 ], [ 2.405596846678747, 48.738414165854465 ], [ 2.405969714403174, 48.737781000458909 ], [ 2.406341092650619, 48.737887817514974 ], [ 2.406385289416055, 48.737802157625403 ], [ 2.406498924481252, 48.737839778023719 ], [ 2.406526333878864, 48.737782459381648 ], [ 2.406506855510076, 48.737776690609131 ], [ 2.406535271298849, 48.737731170953246 ], [ 2.406728159209442, 48.737577314797086 ], [ 2.406650767334198, 48.737509183720569 ], [ 2.406061672478387, 48.737262534986307 ], [ 2.405055653525566, 48.73685591083624 ], [ 2.404963422859391, 48.73681590281732 ], [ 2.404922661823531, 48.736765826596042 ], [ 2.404701625199305, 48.736665781468474 ], [ 2.404400794901043, 48.736574898967085 ], [ 2.404543185081728, 48.73634065145071 ], [ 2.404560473786977, 48.736259315928166 ], [ 2.404674084527914, 48.735994140572203 ], [ 2.40491890559845, 48.73603274261702 ], [ 2.405202386688756, 48.736030250258203 ], [ 2.406028163598545, 48.736247862494714 ], [ 2.406188650892983, 48.736183564966922 ], [ 2.40629678224632, 48.736265553543262 ], [ 2.406625842096394, 48.73655178581749 ], [ 2.406780060373445, 48.73669613498047 ], [ 2.406962408587402, 48.736624101551691 ], [ 2.407028251762685, 48.736623376272128 ], [ 2.407065500200236, 48.73660466423258 ], [ 2.407376377788538, 48.736882334917475 ], [ 2.407684160571741, 48.736755367522385 ], [ 2.40815595843875, 48.73704420675103 ], [ 2.408173988520756, 48.736997197801116 ], [ 2.408255464673034, 48.737018550945479 ], [ 2.408539045637028, 48.736482679452855 ], [ 2.408695134928186, 48.73620793156384 ], [ 2.40873509717822, 48.73604187631711 ], [ 2.40864791249401, 48.736022682722044 ], [ 2.408637430280592, 48.736001738402365 ], [ 2.408697267531727, 48.735933827388273 ], [ 2.408725019457892, 48.735871195953493 ], [ 2.408727039854737, 48.735848857176258 ], [ 2.408913309828266, 48.735867883364342 ], [ 2.40891814395251, 48.735635099979703 ], [ 2.408844411492713, 48.735541611922585 ], [ 2.408607542666668, 48.735285441813367 ], [ 2.408496984369644, 48.735289360514415 ], [ 2.407971413894121, 48.73518467868751 ], [ 2.407919213938754, 48.735172537446516 ], [ 2.407865113846213, 48.735332616636427 ], [ 2.407748971234026, 48.735391497489466 ], [ 2.407586351248325, 48.735379015235253 ], [ 2.407333146646716, 48.735323903145087 ], [ 2.407407726904748, 48.735162493054567 ], [ 2.407171634376867, 48.735113977487352 ], [ 2.406581754456454, 48.734968833167066 ], [ 2.405493765150294, 48.73469552004471 ], [ 2.405205080680037, 48.734622247032135 ], [ 2.405059819223624, 48.734586989329429 ], [ 2.404902044376636, 48.734815508526047 ] ] ] } },
{ "type": "Feature", "properties": { "code_qp": "QN07508M", "lib_qp": "Blémont" }, "geometry": { "type": "Polygon", "coordinates": [ [ [ 2.341360217962389, 48.895780056793711 ], [ 2.341996326541176, 48.895783553603508 ], [ 2.342000543836845, 48.895719948661998 ], [ 2.34236943738233, 48.895597753646719 ], [ 2.342323663862004, 48.895513870662128 ], [ 2.343310952862731, 48.895213068225644 ], [ 2.343238482461434, 48.89487134267948 ], [ 2.34313801479216, 48.894381593017883 ], [ 2.342818556168663, 48.894491778118173 ], [ 2.34258414241304, 48.894029743229055 ], [ 2.342750809466468, 48.893984469490242 ], [ 2.342702809446918, 48.89392244721806 ], [ 2.342715247442585, 48.893864616592928 ], [ 2.34281514745865, 48.893834285465338 ], [ 2.342744253083742, 48.89373096500384 ], [ 2.34243390291201, 48.893815466273125 ], [ 2.34214065176264, 48.893948424626544 ], [ 2.341912767751606, 48.893838940949692 ], [ 2.340757579727883, 48.8948284866525 ], [ 2.340794634789293, 48.894907175748642 ], [ 2.341360217962389, 48.895780056793711 ] ] ] } },
{ "type": "Feature", "properties": { "code_qp": "QN07517I", "lib_qp": "Les Portes Du Vingtième" }, "geometry": { "type": "Polygon", "coordinates": [ [ [ 2.41286084514973, 48.87406449063289 ], [ 2.413046620564391, 48.874089155330786 ], [ 2.413099835310641, 48.874027062970512 ], [ 2.413372279588318, 48.873084191224677 ], [ 2.412323722158632, 48.872266474747143 ], [ 2.412140526162929, 48.872146806830784 ], [ 2.410980885742707, 48.871204814944441 ], [ 2.410861413052744, 48.871155729839785 ], [ 2.410698668073446, 48.871151959501688 ], [ 2.410738911248298, 48.870651603508257 ], [ 2.410874651946026, 48.869178572582477 ], [ 2.4109401038627, 48.868445182222011 ], [ 2.41098983777801, 48.867892203124789 ], [ 2.411067943097014, 48.867220553594784 ], [ 2.411125616127419, 48.866630951629425 ], [ 2.411169186011825, 48.866492602183236 ], [ 2.411514299979107, 48.865682841075781 ], [ 2.411732208494861, 48.865523444238057 ], [ 2.411707911354651, 48.865283807131959 ], [ 2.411751925584238, 48.865105869793751 ], [ 2.41200738112541, 48.864802284303821 ], [ 2.412592179940119, 48.864559699693416 ], [ 2.412795956373575, 48.864315243351477 ], [ 2.412942695103398, 48.863807235033718 ], [ 2.413092659376862, 48.863135487245373 ], [ 2.413227638584344, 48.861949892073945 ], [ 2.413268087523466, 48.861821423478624 ], [ 2.413400677979483, 48.861524658713364 ], [ 2.413471554840209, 48.861070214005807 ], [ 2.413219330902138, 48.861102159987702 ], [ 2.413057052117076, 48.861113586252202 ], [ 2.412871331192997, 48.861101348916009 ], [ 2.412673907804948, 48.862499948536041 ], [ 2.410943921047032, 48.862400389365021 ], [ 2.411053094707801, 48.86182190150496 ], [ 2.411203179550701, 48.860731040138155 ], [ 2.411224137418407, 48.860568758655248 ], [ 2.411533681844297, 48.858662047701209 ], [ 2.411466545904259, 48.857169175772107 ], [ 2.411933050322572, 48.857300136705852 ], [ 2.412766929620701, 48.857574433358671 ], [ 2.413443842762799, 48.857802426343731 ], [ 2.41375218314247, 48.857860353016662 ], [ 2.414730817097551, 48.857801799469364 ], [ 2.415252850323585, 48.854286400366369 ], [ 2.415577219651536, 48.85270604085661 ], [ 2.415757719690726, 48.851689181145169 ], [ 2.415942899680151, 48.850699817295649 ], [ 2.415467645993402, 48.850752042984489 ], [ 2.413257710687522, 48.850937174769726 ], [ 2.412825922860528, 48.850986103681528 ], [ 2.412692240916047, 48.851002947123817 ], [ 2.411790728589732, 48.851324092354247 ], [ 2.410984217812021, 48.851273321214045 ], [ 2.41128344612659, 48.849744631434348 ], [ 2.411381362171964, 48.849042385876658 ], [ 2.410160621300833, 48.849040332942749 ], [ 2.410134607711468, 48.849483615835922 ], [ 2.409964673831793, 48.850358496217176 ], [ 2.409696504012905, 48.851016334643646 ], [ 2.409446089374558, 48.851481505992908 ], [ 2.409870946925355, 48.851520128048072 ], [ 2.410107620505839, 48.851735177266121 ], [ 2.410367203082846, 48.851948515728282 ], [ 2.410916085052079, 48.851993527304202 ], [ 2.410396293939062, 48.854720706792783 ], [ 2.410125592262607, 48.85478469626694 ], [ 2.409508283124453, 48.855256476061911 ], [ 2.409708405196004, 48.855516480790349 ], [ 2.408402436136577, 48.85569170973254 ], [ 2.408245893093558, 48.855740423256073 ], [ 2.408128232668003, 48.855799226418092 ], [ 2.406776253219221, 48.855980584302806 ], [ 2.405882480167475, 48.856096899712227 ], [ 2.405780460457583, 48.85624080295424 ], [ 2.405896155057124, 48.856322604607008 ], [ 2.406879502288288, 48.857152785745413 ], [ 2.407584138661495, 48.857745352814604 ], [ 2.408457135168597, 48.857215206583234 ], [ 2.40925373395281, 48.856674779179208 ], [ 2.409901786009316, 48.856270199456439 ], [ 2.410114919391507, 48.856257393800881 ], [ 2.409800593410312, 48.858053229912734 ], [ 2.409612924878367, 48.859259797581018 ], [ 2.408910382630414, 48.863009448438923 ], [ 2.408706382302405, 48.864065487748981 ], [ 2.408743441704378, 48.864501158090654 ], [ 2.408785109322095, 48.865059579156068 ], [ 2.408884517087163, 48.866346735386088 ], [ 2.409010519663609, 48.86793490247409 ], [ 2.408881169272112, 48.869814769015633 ], [ 2.408836403042331, 48.87058654391673 ], [ 2.410720153367443, 48.870645319601614 ], [ 2.410671562474772, 48.87122704609245 ], [ 2.410605278247087, 48.871937687501536 ], [ 2.41056460353522, 48.872259804764319 ], [ 2.410249307493535, 48.87333904344559 ], [ 2.410302747792498, 48.873389783232795 ], [ 2.410383406980519, 48.873421852094864 ], [ 2.41286084514973, 48.87406449063289 ] ] ] } },
{ "type": "Feature", "properties": { "code_qp": "QN09203M", "lib_qp": "Noyer Doré" }, "geometry": { "type": "Polygon", "coordinates": [ [ [ 2.288658670573748, 48.736544728783791 ], [ 2.288782945763381, 48.736296448982074 ], [ 2.288081388155242, 48.73610132107116 ], [ 2.288025978604098, 48.736187037935565 ], [ 2.287774310192284, 48.736516462430096 ], [ 2.286923621759084, 48.736235487500167 ], [ 2.287633769479808, 48.73509252506868 ], [ 2.285395985574282, 48.734638474636618 ], [ 2.284743600199193, 48.734499068688102 ], [ 2.284707420099283, 48.734590068303973 ], [ 2.284492415627962, 48.734902466561671 ], [ 2.283968288871168, 48.735663206366048 ], [ 2.284701130068091, 48.735854897458935 ], [ 2.284627478864689, 48.73599675353946 ], [ 2.285751626951999, 48.736285567296584 ], [ 2.285570125084208, 48.736635165290956 ], [ 2.285986150063802, 48.73674465186452 ], [ 2.285770900601943, 48.737156877689863 ], [ 2.287512524729056, 48.737602386325335 ], [ 2.287334769312249, 48.737962541148597 ], [ 2.288679563088062, 48.738301020555774 ], [ 2.288195089857185, 48.739158651740347 ], [ 2.288599507502637, 48.739302143156188 ], [ 2.288655246570971, 48.739259907832931 ], [ 2.288737803067689, 48.739138778391464 ], [ 2.288840335760932, 48.739036011088409 ], [ 2.288965694064687, 48.73901243352789 ], [ 2.28992979247122, 48.739260906659901 ], [ 2.289996329913139, 48.739283094018511 ], [ 2.289995102961392, 48.739470110172952 ], [ 2.290083814367564, 48.739577025669433 ], [ 2.290271476977704, 48.73970462760802 ], [ 2.290380755479066, 48.739781898618794 ], [ 2.290449286287811, 48.739880819167276 ], [ 2.290929844605512, 48.740002906666078 ], [ 2.291162964906857, 48.739695329681886 ], [ 2.291514832512466, 48.739782553281984 ], [ 2.291678513490084, 48.73947551873448 ], [ 2.291773744029163, 48.739504056619545 ], [ 2.292108985032007, 48.738783006351589 ], [ 2.291995418827705, 48.738750711326716 ], [ 2.29117452475184, 48.738538779626332 ], [ 2.291325859241354, 48.738226807077695 ], [ 2.291187734898785, 48.738183374983848 ], [ 2.292221374735445, 48.736365430665145 ], [ 2.290817572099567, 48.735949161899264 ], [ 2.290555944066171, 48.73629246768801 ], [ 2.29112479998541, 48.736469831779104 ], [ 2.29050061704626, 48.737354440169959 ], [ 2.289354753255147, 48.737007692103866 ], [ 2.289541059734381, 48.736769475599381 ], [ 2.288658670573748, 48.736544728783791 ] ] ] } },
{ "type": "Feature", "properties": { "code_qp": "QN09205I", "lib_qp": "Chemin De L'Île" }, "geometry": { "type": "Polygon", "coordinates": [ [ [ 2.192171318534183, 48.898592639432074 ], [ 2.192954524466495, 48.898239925813577 ], [ 2.192595955510119, 48.897876674399505 ], [ 2.192563921132684, 48.897784302819268 ], [ 2.192345844224846, 48.897805823259858 ], [ 2.191900545353603, 48.897806083935087 ], [ 2.19163374608222, 48.897781447460723 ], [ 2.191389669929416, 48.897727604143498 ], [ 2.191224515413466, 48.897688975870196 ], [ 2.191006478560501, 48.897609923887586 ], [ 2.191125570150768, 48.897517151644955 ], [ 2.191387272768416, 48.897353444953694 ], [ 2.191473445003215, 48.897250596058321 ], [ 2.191674123663152, 48.896933559169049 ], [ 2.191926798628716, 48.896514397059825 ], [ 2.192140404505724, 48.896215124598513 ], [ 2.192201610655583, 48.896076654863379 ], [ 2.192227103893644, 48.895956115755524 ], [ 2.192196475868986, 48.895900096510374 ], [ 2.192147850664536, 48.895862127409956 ], [ 2.192101892595562, 48.895830575983801 ], [ 2.192040577371766, 48.895797803241543 ], [ 2.192219788468254, 48.895476745067214 ], [ 2.19209824852534, 48.895485816078214 ], [ 2.191815532753917, 48.895510899325849 ], [ 2.191585766728711, 48.895550708957899 ], [ 2.191374965352932, 48.895598756422345 ], [ 2.191132076543744, 48.895677230772129 ], [ 2.19095541737236, 48.895765166584575 ], [ 2.190658156598515, 48.895907789650046 ], [ 2.190509334787591, 48.895999680396116 ], [ 2.190042881030343, 48.895703814119308 ], [ 2.18955058960646, 48.895907854412023 ], [ 2.188770569724578, 48.896225491530146 ], [ 2.188549081183651, 48.896336654375183 ], [ 2.188946927953394, 48.896681877697368 ], [ 2.189301118711229, 48.896695006271479 ], [ 2.189625774451629, 48.896579088499145 ], [ 2.18980439026432, 48.896743136620053 ], [ 2.189911805530657, 48.896835201578945 ], [ 2.190200723938519, 48.897027996346146 ], [ 2.190292422769908, 48.897017198417281 ], [ 2.190399844744284, 48.897170496879816 ], [ 2.190508518252632, 48.897285454238521 ], [ 2.190642630561008, 48.89740449551433 ], [ 2.190841893374396, 48.897514334166992 ], [ 2.190656884907967, 48.897620216986731 ], [ 2.188571412081302, 48.89869868245173 ], [ 2.189860411219771, 48.899713973544578 ], [ 2.18998966013012, 48.899773998704944 ], [ 2.190108984444369, 48.89982068245321 ], [ 2.191121597046828, 48.900495428805051 ], [ 2.192273566968388, 48.901329078555925 ], [ 2.192365760023884, 48.901278443782147 ], [ 2.192805754131089, 48.900966629567087 ], [ 2.192990620918846, 48.900832079879422 ], [ 2.193036855336699, 48.90075505067027 ], [ 2.19320027474706, 48.900418912958067 ], [ 2.193584710981931, 48.899818947657614 ], [ 2.193620378157044, 48.899717565030173 ], [ 2.193417577890045, 48.899515375419618 ], [ 2.192702271023729, 48.898930746163167 ], [ 2.192627774211725, 48.898928269032979 ], [ 2.192574418723654, 48.898908311053965 ], [ 2.192517661626997, 48.898872854386056 ], [ 2.192171318534183, 48.898592639432074 ] ] ] } },
{ "type": "Feature", "properties": { "code_qp": "QN09209I", "lib_qp": "Fossés Jean" }, "geometry": { "type": "Polygon", "coordinates": [ [ [ 2.272954854112236, 48.933576787611855 ], [ 2.272740742005142, 48.932266213676677 ], [ 2.272815243383771, 48.932254422729933 ], [ 2.272733265305825, 48.931582527945118 ], [ 2.272633426127909, 48.930779001914928 ], [ 2.272633189789311, 48.930778919543677 ], [ 2.272624913392463, 48.930704315688253 ], [ 2.2725474954202, 48.930022319558724 ], [ 2.27248964735056, 48.929512788864933 ], [ 2.272400644498686, 48.928628843093222 ], [ 2.272394726797251, 48.928548997881364 ], [ 2.27239288860901, 48.928528779447511 ], [ 2.272024073471441, 48.928045395856529 ], [ 2.27142468586676, 48.928227395738283 ], [ 2.271193424552891, 48.928302086476272 ], [ 2.270988640998301, 48.928373015099353 ], [ 2.271015159409564, 48.9284090639011 ], [ 2.270749404907691, 48.928499520910705 ], [ 2.27076009077103, 48.928694126156188 ], [ 2.270214579715727, 48.928821491568456 ], [ 2.270353304997255, 48.929089266523881 ], [ 2.270529695608606, 48.929232476513306 ], [ 2.270529473560428, 48.929401336653207 ], [ 2.271137327296552, 48.929404760062283 ], [ 2.271161878880327, 48.929758959940294 ], [ 2.271468163884035, 48.9297529498768 ], [ 2.271569735488214, 48.929749919764525 ], [ 2.271711948318644, 48.929737639963285 ], [ 2.27168867526031, 48.929604810521717 ], [ 2.271993734772591, 48.929567506849608 ], [ 2.272117290111329, 48.930272991214238 ], [ 2.272289039776608, 48.930250389913908 ], [ 2.272380275014982, 48.930691963468497 ], [ 2.272517755106074, 48.930740712726568 ], [ 2.272551970307449, 48.930949445605066 ], [ 2.272374571160071, 48.931035793595349 ], [ 2.272386639202955, 48.931106093469808 ], [ 2.272101390078455, 48.931127292373191 ], [ 2.272075761507961, 48.930937954823726 ], [ 2.271766668207725, 48.930953275309143 ], [ 2.27180176667585, 48.931242994185375 ], [ 2.271583962612702, 48.931263168466771 ], [ 2.271605040237273, 48.931572438463228 ], [ 2.271592746649297, 48.931979038650766 ], [ 2.271642244568535, 48.932376503877336 ], [ 2.271549882349082, 48.93238387108957 ], [ 2.270160650440951, 48.932193061314663 ], [ 2.270159882300228, 48.93233835818495 ], [ 2.270116706124102, 48.932469949138664 ], [ 2.270179120063774, 48.932517624658011 ], [ 2.270203632901811, 48.932630996285866 ], [ 2.270215818999962, 48.932692697844686 ], [ 2.270584431033181, 48.932649757060567 ], [ 2.270452483171038, 48.932263552629642 ], [ 2.271493544401799, 48.932396742944029 ], [ 2.271697842549771, 48.932416484689426 ], [ 2.272034978654887, 48.932414614778502 ], [ 2.272051517039481, 48.932476342587016 ], [ 2.271695893556859, 48.932707075990173 ], [ 2.271631912999823, 48.932771180883215 ], [ 2.271620194818088, 48.932831303804072 ], [ 2.271684031605744, 48.933088233419134 ], [ 2.27005848492835, 48.93338324177401 ], [ 2.269940643505593, 48.93327114972746 ], [ 2.269750271832562, 48.933122501676721 ], [ 2.269688345448591, 48.933060957770792 ], [ 2.269611410107082, 48.933018650452077 ], [ 2.269463261506775, 48.93303494580524 ], [ 2.269127812109761, 48.933067297201376 ], [ 2.269255002782461, 48.932684693378832 ], [ 2.26918038361299, 48.932421963767545 ], [ 2.269155696946719, 48.932321131289299 ], [ 2.269210435220631, 48.932140882522702 ], [ 2.269179648920051, 48.932057845646646 ], [ 2.267978288282012, 48.93187963978562 ], [ 2.267553226216629, 48.93182398589348 ], [ 2.266872228067725, 48.931714888057364 ], [ 2.266714583646162, 48.931715920829809 ], [ 2.266192758343343, 48.932153419574981 ], [ 2.266381522453538, 48.932256169323971 ], [ 2.266319993921575, 48.932300221719665 ], [ 2.266719359141669, 48.932362860163259 ], [ 2.266929196358699, 48.932291050942929 ], [ 2.266786542922059, 48.932763570882628 ], [ 2.26680703956743, 48.932859012781677 ], [ 2.266984421845767, 48.933446451962737 ], [ 2.266986313382398, 48.933504014913787 ], [ 2.266852540124691, 48.933893500264617 ], [ 2.266792771648394, 48.933969565808283 ], [ 2.266042018861434, 48.934111174449775 ], [ 2.265879777263383, 48.933812339233526 ], [ 2.265977722817256, 48.933532887438027 ], [ 2.2655398707451, 48.933475092431991 ], [ 2.265308872517124, 48.933633855694765 ], [ 2.265152978280818, 48.933630509590792 ], [ 2.264989034709405, 48.93304568611449 ], [ 2.264866667535395, 48.932974763416723 ], [ 2.264844626354765, 48.932915695267987 ], [ 2.26470782985283, 48.93271278953403 ], [ 2.264783977835888, 48.93269534809842 ], [ 2.264636570511064, 48.932440000047926 ], [ 2.263494103516904, 48.932297334318335 ], [ 2.263374269552092, 48.932276811457768 ], [ 2.262785076003921, 48.932148189658392 ], [ 2.262800001569632, 48.93224498479055 ], [ 2.262923717699352, 48.932478180084715 ], [ 2.263747787920269, 48.932503031882916 ], [ 2.263811477073978, 48.932536693552443 ], [ 2.263827642444359, 48.932744525197734 ], [ 2.263823256184796, 48.933078216709504 ], [ 2.263786450633469, 48.933268688373978 ], [ 2.263712830802077, 48.933374754239175 ], [ 2.263414586624958, 48.933564952043035 ], [ 2.263395283368177, 48.933533138583478 ], [ 2.263049572547132, 48.933603419252748 ], [ 2.263032991116082, 48.933560437016823 ], [ 2.262765616399777, 48.93361789255561 ], [ 2.26274726589017, 48.933591113720034 ], [ 2.262635038066669, 48.933609265351045 ], [ 2.262410152402645, 48.932978107293451 ], [ 2.262499089606222, 48.932957497755375 ], [ 2.262329118828329, 48.93252968817206 ], [ 2.262561488190398, 48.932482486013207 ], [ 2.262407221985519, 48.932132359032828 ], [ 2.262402719751851, 48.932065790452263 ], [ 2.26188043912606, 48.931934867275885 ], [ 2.261503883941828, 48.931828241420554 ], [ 2.261247193471735, 48.931737623405141 ], [ 2.260634570718627, 48.931822940709111 ], [ 2.260290432404148, 48.930966425462415 ], [ 2.260196357420515, 48.930982242575048 ], [ 2.26013687922026, 48.930986769373412 ], [ 2.259921734836321, 48.9309707643677 ], [ 2.260096936481161, 48.931358400973053 ], [ 2.259943510177137, 48.931354194555908 ], [ 2.259634982075067, 48.931290307406847 ], [ 2.25937621888144, 48.931208785995949 ], [ 2.259236126489114, 48.931137785581093 ], [ 2.259097843596857, 48.931098464110732 ], [ 2.259069979442144, 48.931157963948472 ], [ 2.258993000724893, 48.932502726647336 ], [ 2.257849225499745, 48.932473434561786 ], [ 2.257844199974866, 48.933283159198453 ], [ 2.257802213292938, 48.934015261838631 ], [ 2.257795201109631, 48.934125574386478 ], [ 2.257936176885341, 48.934155111238695 ], [ 2.258835831209002, 48.934220872418571 ], [ 2.258896530125822, 48.933166774724462 ], [ 2.258950969068923, 48.933162811766614 ], [ 2.258986103596345, 48.932527523402527 ], [ 2.259323118174171, 48.932539522351924 ], [ 2.259873250842896, 48.932554386667022 ], [ 2.259893028232061, 48.932349203443088 ], [ 2.260738847065737, 48.932374488653721 ], [ 2.261470788888528, 48.932229851167058 ], [ 2.261750101823389, 48.932889865131273 ], [ 2.262011426908611, 48.933729983134214 ], [ 2.262511513180308, 48.933629381569602 ], [ 2.262589656306229, 48.933626321491005 ], [ 2.262905367616624, 48.934451326259854 ], [ 2.263433971404923, 48.934181859933837 ], [ 2.263769832097347, 48.933967511399032 ], [ 2.264143365687894, 48.933720953258231 ], [ 2.264457262410161, 48.93350415288608 ], [ 2.26459708046088, 48.933482811216351 ], [ 2.265058495650174, 48.934215237275772 ], [ 2.265380702544294, 48.934346225715281 ], [ 2.265509899312199, 48.934410520450932 ], [ 2.265676422393768, 48.934435616819343 ], [ 2.265829423931809, 48.93443054867857 ], [ 2.266191633211335, 48.9343444219313 ], [ 2.266643156913401, 48.934247477138925 ], [ 2.266822064453844, 48.934227150520528 ], [ 2.266992012797166, 48.93423293295578 ], [ 2.267143230592024, 48.934274784685286 ], [ 2.267269704325973, 48.934329618258921 ], [ 2.26742842829186, 48.934426455287635 ], [ 2.268001024139632, 48.934370055410163 ], [ 2.268993895931187, 48.934211857314473 ], [ 2.269686361909353, 48.93410299433279 ], [ 2.270501226450457, 48.933961100292919 ], [ 2.270750173126698, 48.933911976001284 ], [ 2.270757085735557, 48.933910194291236 ], [ 2.271309223568319, 48.933801655072592 ], [ 2.272197328176478, 48.933626390276579 ], [ 2.272222623709137, 48.93371322161773 ], [ 2.272954854112236, 48.933576787611855 ] ] ] } },
{ "type": "Feature", "properties": { "code_qp": "QN09216M", "lib_qp": "Cité Des Musiciens" }, "geometry": { "type": "Polygon", "coordinates": [ [ [ 2.316059545887094, 48.803491569792449 ], [ 2.316238483535703, 48.804416764879619 ], [ 2.316315291160397, 48.804740971881593 ], [ 2.316457633729185, 48.805304044124611 ], [ 2.316497479817824, 48.805407954207951 ], [ 2.31781746884431, 48.805267833041668 ], [ 2.317679554530603, 48.804954529739888 ], [ 2.317506649807474, 48.804984879427401 ], [ 2.317437633498063, 48.804798418914586 ], [ 2.317125761885659, 48.804821735969476 ], [ 2.316896791021854, 48.803930693958904 ], [ 2.316944090944614, 48.803800453177686 ], [ 2.316923486658856, 48.803633013523353 ], [ 2.316853833594655, 48.8034150969455 ], [ 2.316789776171398, 48.803084269913697 ], [ 2.316782932319326, 48.80283324775381 ], [ 2.31681402181658, 48.802200111326805 ], [ 2.316761491662228, 48.802149614432679 ], [ 2.316688765451111, 48.80209398239645 ], [ 2.31632303148839, 48.801976438775526 ], [ 2.316158886415291, 48.801938688922164 ], [ 2.314906150352741, 48.801840741402586 ], [ 2.31498779098058, 48.801538668305362 ], [ 2.315049492052701, 48.801361470107324 ], [ 2.315257196808379, 48.801109062796563 ], [ 2.318258413152554, 48.800796158593684 ], [ 2.317835807935166, 48.799446163793 ], [ 2.31767568461782, 48.798811930516443 ], [ 2.317443596533165, 48.797856597557406 ], [ 2.316102237325904, 48.797825099811845 ], [ 2.314123169919717, 48.797932618136223 ], [ 2.314130129579368, 48.797981181691092 ], [ 2.314445460867862, 48.799160992594018 ], [ 2.317626411948916, 48.798767113566413 ], [ 2.317877274733077, 48.799732208062238 ], [ 2.314929949980204, 48.80011618366926 ], [ 2.31503458548824, 48.80046126519111 ], [ 2.315211405110637, 48.801043704803092 ], [ 2.315211721807057, 48.801078880687598 ], [ 2.315022672884354, 48.801309915733434 ], [ 2.314850226885258, 48.801840141836792 ], [ 2.314181473022256, 48.801749362699709 ], [ 2.314210500169454, 48.80188255177233 ], [ 2.314240531563025, 48.802009686372863 ], [ 2.313819459450891, 48.802055793337239 ], [ 2.314179774838299, 48.803548282829929 ], [ 2.314613588668368, 48.803497227989553 ], [ 2.314540370638215, 48.80309356208037 ], [ 2.316272694347165, 48.802933335931137 ], [ 2.316426926757041, 48.803434003945007 ], [ 2.316059545887094, 48.803491569792449 ] ] ] } },
{ "type": "Feature", "properties": { "code_qp": "QN09218N", "lib_qp": "Secteur Anatole France" }, "geometry": { "type": "Polygon", "coordinates": [ [ [ 2.20830099268024, 48.904378300083351 ], [ 2.208699164060261, 48.904636361532887 ], [ 2.208842510264335, 48.904550281138356 ], [ 2.2089897860509, 48.904470169771919 ], [ 2.209658047287308, 48.904093063180319 ], [ 2.209040059394859, 48.903759142109394 ], [ 2.209042468630378, 48.903094148108266 ], [ 2.209159444321952, 48.903004553507643 ], [ 2.209546759098678, 48.902721093282899 ], [ 2.209564248622277, 48.90234485249325 ], [ 2.209538250292284, 48.901533755086533 ], [ 2.209340213106558, 48.901481436037699 ], [ 2.207777454067857, 48.902039856059361 ], [ 2.207511770613101, 48.902133977008582 ], [ 2.207310873619564, 48.902260857071632 ], [ 2.207323060194197, 48.902347788791829 ], [ 2.207328329040626, 48.902746324946655 ], [ 2.207337711020054, 48.903122664342284 ], [ 2.207333599082217, 48.903460824871964 ], [ 2.207373859185421, 48.903482003303594 ], [ 2.207424509230774, 48.903498207119299 ], [ 2.20747611489509, 48.903502793480769 ], [ 2.207554792444603, 48.90349930045155 ], [ 2.207625297095036, 48.903486468098222 ], [ 2.207674495836785, 48.903488659077595 ], [ 2.207956677337841, 48.903694581081709 ], [ 2.20795670735734, 48.903975648901053 ], [ 2.207828677574452, 48.904063354199685 ], [ 2.20785868311535, 48.904084008119192 ], [ 2.20830099268024, 48.904378300083351 ] ] ] } },
{ "type": "Feature", "properties": { "code_qp": "QN09311M", "lib_qp": "Quartier Salengro - Gaston Roulaud - Centre Ville" }, "geometry": { "type": "Polygon", "coordinates": [ [ [ 2.451758616134901, 48.904017505137823 ], [ 2.451293597166288, 48.903938277497367 ], [ 2.450891238430744, 48.903893601214207 ], [ 2.450262463106956, 48.903817045294794 ], [ 2.44964837143448, 48.903750956453152 ], [ 2.449750559453907, 48.903440768004288 ], [ 2.449397545901137, 48.903399739933427 ], [ 2.448636656453995, 48.903344840857223 ], [ 2.44817431550774, 48.903320438811875 ], [ 2.447720888837824, 48.903313209044775 ], [ 2.447305107720622, 48.903309577872172 ], [ 2.446430860582997, 48.903344946333419 ], [ 2.445932368504414, 48.903359774359465 ], [ 2.445479281236426, 48.903381663715948 ], [ 2.445464268906266, 48.903105197036595 ], [ 2.445469765078693, 48.902794493272964 ], [ 2.445436788044142, 48.902397078666993 ], [ 2.445249918181688, 48.902173079950984 ], [ 2.444898163146478, 48.901941854416947 ], [ 2.444623354525218, 48.901847918738305 ], [ 2.444288288596179, 48.901765152040845 ], [ 2.444354425282428, 48.901615276114619 ], [ 2.444377107778661, 48.901473510767438 ], [ 2.444348316000825, 48.901415552689983 ], [ 2.44288143696048, 48.900310512633581 ], [ 2.441776889267802, 48.899722743885832 ], [ 2.441716103502231, 48.899686584112757 ], [ 2.441876186730616, 48.899298410437261 ], [ 2.44205259394035, 48.899326645243335 ], [ 2.442052300154883, 48.899354056726544 ], [ 2.442249587810487, 48.899373821997202 ], [ 2.442521829918457, 48.89943162852645 ], [ 2.443260822944038, 48.899584123411756 ], [ 2.444256456542391, 48.899796057118373 ], [ 2.444477647278056, 48.89903723351874 ], [ 2.442262966309417, 48.898624324110678 ], [ 2.442006058348232, 48.898576858002315 ], [ 2.441695940971999, 48.899385805449647 ], [ 2.44144234154683, 48.900048799564388 ], [ 2.441530133144556, 48.900065213577655 ], [ 2.441380641609054, 48.900434589625696 ], [ 2.440850105387437, 48.901681110173428 ], [ 2.440601710052923, 48.902305304532447 ], [ 2.44028955779847, 48.90305769745919 ], [ 2.439939944661479, 48.90390928513537 ], [ 2.4390777937496, 48.904086860136566 ], [ 2.438819361593053, 48.903710437649622 ], [ 2.438858693942801, 48.903678069283991 ], [ 2.438449568088502, 48.903130431797969 ], [ 2.437100085644538, 48.901288233671224 ], [ 2.436864143397562, 48.900883185374916 ], [ 2.434576536741897, 48.901544039134514 ], [ 2.433891363223166, 48.903516774202231 ], [ 2.433621617796202, 48.904422689883461 ], [ 2.433502600174954, 48.904851307752722 ], [ 2.4332852644957, 48.905477774123071 ], [ 2.433038028377583, 48.906164491853296 ], [ 2.43290961425775, 48.906500546173504 ], [ 2.432984254559416, 48.906567717963213 ], [ 2.433671156298025, 48.906737157008486 ], [ 2.433471904745413, 48.90689555102589 ], [ 2.433167566081777, 48.907157101647876 ], [ 2.432972683424535, 48.907391328637189 ], [ 2.432959967256575, 48.90743446253034 ], [ 2.432673672652269, 48.907640481767025 ], [ 2.432459457741615, 48.907919161848156 ], [ 2.432274651980594, 48.90818213293273 ], [ 2.432067232428754, 48.908522532143401 ], [ 2.431960748134797, 48.908748408009721 ], [ 2.431727859385295, 48.9092320611744 ], [ 2.431612042671263, 48.90947719592333 ], [ 2.431490336971769, 48.909693945647014 ], [ 2.43129796344676, 48.910139053738682 ], [ 2.430596459093416, 48.909817125117392 ], [ 2.430247792203005, 48.909684059668152 ], [ 2.428691122405201, 48.910075841930791 ], [ 2.428547567834364, 48.909893548607947 ], [ 2.428414199174908, 48.909769969246767 ], [ 2.428328146526833, 48.90968972226252 ], [ 2.428110324461868, 48.909591208061805 ], [ 2.428011522732348, 48.909594162910203 ], [ 2.427501108609964, 48.909711607678965 ], [ 2.427067835439475, 48.909783286093599 ], [ 2.426978847459746, 48.909430784010226 ], [ 2.426879446777293, 48.909068090927697 ], [ 2.42680738429944, 48.909068852011053 ], [ 2.426477685277637, 48.909033008129221 ], [ 2.426085477888667, 48.909008856905402 ], [ 2.425677355353561, 48.90901375403233 ], [ 2.425438074832998, 48.909028026186192 ], [ 2.425256201164454, 48.909048228649539 ], [ 2.424982658593553, 48.909078952943119 ], [ 2.424656424883115, 48.909141206567448 ], [ 2.424307245138347, 48.909221766902725 ], [ 2.423822155669576, 48.909370204196506 ], [ 2.423686607095624, 48.909405531238946 ], [ 2.424447625967978, 48.91051710035341 ], [ 2.424739346129074, 48.911000061592802 ], [ 2.424868589238423, 48.911220911659328 ], [ 2.42504583693124, 48.911497579595881 ], [ 2.425347840663997, 48.91196288459016 ], [ 2.42570271000492, 48.913318184452734 ], [ 2.426016150076602, 48.914587696440648 ], [ 2.426220937433843, 48.915320717687699 ], [ 2.426551522330469, 48.915409534071131 ], [ 2.42688780431397, 48.915353570269907 ], [ 2.427701630319135, 48.915172223550734 ], [ 2.427862029425685, 48.9151055208374 ], [ 2.42740870749358, 48.913149201426847 ], [ 2.42790585378639, 48.913102113360409 ], [ 2.427759740797403, 48.912459289760385 ], [ 2.428204843582642, 48.91240316339475 ], [ 2.428254491774551, 48.912379414368829 ], [ 2.428629238856087, 48.912339012671509 ], [ 2.428632108476001, 48.91234633757319 ], [ 2.429156445082926, 48.912291840763189 ], [ 2.429322806898394, 48.912765499905319 ], [ 2.42939068697783, 48.912738410698324 ], [ 2.429579324403162, 48.912365813043927 ], [ 2.429722477891135, 48.912111215142964 ], [ 2.429724242449802, 48.911950174731039 ], [ 2.430540579594326, 48.911936068547448 ], [ 2.430936245153293, 48.91201670633027 ], [ 2.431011777004998, 48.912322445394317 ], [ 2.43124756722765, 48.912275925627746 ], [ 2.431524046522695, 48.912269532745725 ], [ 2.431980204079952, 48.912283583432618 ], [ 2.432317443196708, 48.912185500131159 ], [ 2.432458579394539, 48.912141341682556 ], [ 2.432476712446268, 48.912153453739485 ], [ 2.433085608852509, 48.911972948494451 ], [ 2.433308467383459, 48.911904096633641 ], [ 2.43382456358243, 48.912501233611358 ], [ 2.433534961489456, 48.912599377139898 ], [ 2.433776053378153, 48.913259511035804 ], [ 2.433990912895903, 48.913864235390442 ], [ 2.433843494938709, 48.91392157103126 ], [ 2.432618674025053, 48.914361143301228 ], [ 2.432527932530311, 48.914422477989348 ], [ 2.432252201451516, 48.91450396727538 ], [ 2.431801774505841, 48.914625486509877 ], [ 2.431752517784343, 48.914851405931202 ], [ 2.431887103506434, 48.915017115855022 ], [ 2.432054506118106, 48.915380476709707 ], [ 2.43224467812186, 48.915766323125332 ], [ 2.432322223987467, 48.915936191671548 ], [ 2.432620330579418, 48.916565244495324 ], [ 2.432965738338917, 48.91692209944695 ], [ 2.433767404006994, 48.917331493148687 ], [ 2.434504887857908, 48.917703758955156 ], [ 2.435466620167606, 48.918203700194162 ], [ 2.435748929679891, 48.918343533837003 ], [ 2.435796594043648, 48.918352747638892 ], [ 2.435896154199084, 48.918357711104576 ], [ 2.436002831101191, 48.918333025914428 ], [ 2.436059176146636, 48.918298218699924 ], [ 2.436103298857401, 48.91825347429684 ], [ 2.436129635839837, 48.918215811741504 ], [ 2.436190139581309, 48.916789828826843 ], [ 2.436260626134377, 48.914564398812821 ], [ 2.436275246304334, 48.914286374551338 ], [ 2.437954332058106, 48.914143523057056 ], [ 2.437976861934389, 48.914169289536666 ], [ 2.438146186603388, 48.914024132264473 ], [ 2.438397852470087, 48.914176792255915 ], [ 2.438565581994501, 48.914023887066804 ], [ 2.438770625108047, 48.914144262668323 ], [ 2.439046785025088, 48.913892352324268 ], [ 2.43929639433227, 48.914019918252187 ], [ 2.440024012707747, 48.914394787561754 ], [ 2.440464617958606, 48.914031917557068 ], [ 2.440914371194721, 48.914268736688612 ], [ 2.441158073688825, 48.914086552775871 ], [ 2.441618620216341, 48.914347405498802 ], [ 2.441912258196281, 48.914114054408067 ], [ 2.441452366676227, 48.913852777489048 ], [ 2.441696216960892, 48.913656458552211 ], [ 2.44145068455709, 48.913525104692354 ], [ 2.441854148271768, 48.913230587454542 ], [ 2.441416970497737, 48.912963134374479 ], [ 2.441737232976977, 48.912732610299109 ], [ 2.441485634600375, 48.912557954012996 ], [ 2.441714693414546, 48.912418698563222 ], [ 2.441450049272743, 48.912220511360964 ], [ 2.441713322103505, 48.912061900978486 ], [ 2.441536255266184, 48.911934481258569 ], [ 2.441902275754672, 48.911730677084257 ], [ 2.441489620963428, 48.911431932161719 ], [ 2.441039070341045, 48.910947691985683 ], [ 2.441493479156817, 48.910761051156484 ], [ 2.442614717624169, 48.91037012560362 ], [ 2.443498654454143, 48.910082317653689 ], [ 2.444213622659907, 48.90989337235397 ], [ 2.444866057236807, 48.910505992176262 ], [ 2.445015728580192, 48.910722894798084 ], [ 2.445917831188626, 48.910463224833229 ], [ 2.446048106160377, 48.91067798795698 ], [ 2.44654334043971, 48.910548354086686 ], [ 2.446631995550211, 48.910583029350555 ], [ 2.447062122514421, 48.910465085556126 ], [ 2.446962177414786, 48.910330987946111 ], [ 2.446983385716543, 48.910181760880157 ], [ 2.447028852120299, 48.910171531881673 ], [ 2.446907766842265, 48.909985327757489 ], [ 2.446943260976021, 48.909966411558322 ], [ 2.446944221046758, 48.909369481159032 ], [ 2.446935096884041, 48.909210373791765 ], [ 2.448669839517087, 48.908738650116554 ], [ 2.449360197238476, 48.909781121551838 ], [ 2.449665607073574, 48.91024706596118 ], [ 2.449488216447348, 48.910307929138959 ], [ 2.44967806783031, 48.910543521465307 ], [ 2.449966070457704, 48.910446978746606 ], [ 2.450203729776859, 48.910740442102032 ], [ 2.451010341607441, 48.910466111858142 ], [ 2.451183174243674, 48.910686009513086 ], [ 2.451860143213386, 48.910468278564316 ], [ 2.452018452059132, 48.910626636488139 ], [ 2.452480585475103, 48.910430008631636 ], [ 2.45245237383788, 48.910393900714766 ], [ 2.452702932345968, 48.910295675216744 ], [ 2.452638990935073, 48.910196869208455 ], [ 2.4526302184285, 48.910165990000912 ], [ 2.452575076795481, 48.910095493353488 ], [ 2.452545892344256, 48.910028327713512 ], [ 2.452551515778198, 48.910013880484435 ], [ 2.452526957866422, 48.909975129347579 ], [ 2.452580680456906, 48.909933399377948 ], [ 2.452676114276393, 48.90987986697305 ], [ 2.452737558614845, 48.909779979118603 ], [ 2.452147560927276, 48.909596472044562 ], [ 2.452047532249127, 48.909469231384151 ], [ 2.453145910144323, 48.909076768290774 ], [ 2.452834172422175, 48.908566926919043 ], [ 2.452723351733991, 48.908477329726153 ], [ 2.452644216921331, 48.908434463365118 ], [ 2.45246697389895, 48.908388352151718 ], [ 2.452389075990427, 48.908381142914642 ], [ 2.452212271880817, 48.908387187669135 ], [ 2.452087463738661, 48.90814504328786 ], [ 2.452507342469965, 48.908009900070162 ], [ 2.452438814356892, 48.907700759949037 ], [ 2.452921309824446, 48.907571476321401 ], [ 2.453503075208033, 48.907406830705504 ], [ 2.454515300284899, 48.90712772245142 ], [ 2.455258704976822, 48.906872398856656 ], [ 2.45724871460685, 48.906331894688783 ], [ 2.457498923109365, 48.906264496558762 ], [ 2.457828799464845, 48.906911701333698 ], [ 2.457839199893155, 48.907156519322328 ], [ 2.457409101246131, 48.907219270065696 ], [ 2.457486980847079, 48.907315207899281 ], [ 2.457834534536123, 48.907262805087662 ], [ 2.457877091078063, 48.907261629738386 ], [ 2.457707213637796, 48.907351665068333 ], [ 2.457549214006308, 48.907401782019491 ], [ 2.457794304230966, 48.907723842812537 ], [ 2.457703050288962, 48.907751270645363 ], [ 2.457895256400502, 48.908012988665149 ], [ 2.45750150652163, 48.908136276031797 ], [ 2.457708258395686, 48.908498715719112 ], [ 2.457836290373943, 48.90868347354774 ], [ 2.457677250571088, 48.908730725637163 ], [ 2.457735181851632, 48.908826691877096 ], [ 2.458127148330226, 48.908707062344952 ], [ 2.458188709873097, 48.908781739985081 ], [ 2.458269723803252, 48.908857173453811 ], [ 2.458674793454021, 48.909074598697181 ], [ 2.459046107300556, 48.90924321354062 ], [ 2.459358124728028, 48.90961809569518 ], [ 2.461832054921587, 48.908806226823714 ], [ 2.462097613999775, 48.909104240622163 ], [ 2.462530612474439, 48.909638326253834 ], [ 2.462672447889526, 48.909829947056529 ], [ 2.462872256663898, 48.91027027815494 ], [ 2.463154297567415, 48.910971998093331 ], [ 2.463393635129429, 48.911523051805567 ], [ 2.464760930466853, 48.911301352578676 ], [ 2.464105155474018, 48.909602154295939 ], [ 2.466100941829208, 48.909293654237793 ], [ 2.466049199219999, 48.908363284260936 ], [ 2.465975520950311, 48.90800735936763 ], [ 2.465757821555851, 48.907968602038636 ], [ 2.465484627541333, 48.906902969712228 ], [ 2.46518467322176, 48.905777877870086 ], [ 2.465163843937347, 48.905602631827819 ], [ 2.464180701712988, 48.905484888048036 ], [ 2.461647860728197, 48.906295397751208 ], [ 2.459159884369805, 48.906871658901366 ], [ 2.458123764044231, 48.907034878501015 ], [ 2.45796764960471, 48.907051305060108 ], [ 2.457812313073178, 48.906244499386318 ], [ 2.457976382382117, 48.906212689414509 ], [ 2.457804841804535, 48.905714202173122 ], [ 2.457703918667118, 48.905360378994239 ], [ 2.457633596434122, 48.905125339640641 ], [ 2.456770505301642, 48.904985506450856 ], [ 2.45657903771978, 48.904941520884947 ], [ 2.456573160406575, 48.905006599324309 ], [ 2.455108249781835, 48.904714831657991 ], [ 2.453868868657318, 48.904472557801213 ], [ 2.453590499122214, 48.904446929113028 ], [ 2.453400834018998, 48.904416498278152 ], [ 2.453075353738919, 48.904474977798955 ], [ 2.453043423446031, 48.904298362748584 ], [ 2.4529808501414, 48.904272196455594 ], [ 2.453098588126344, 48.903933254679686 ], [ 2.45315435920054, 48.903741788665101 ], [ 2.452933469597176, 48.903323424306038 ], [ 2.452335956472137, 48.902993025902489 ], [ 2.451939921262158, 48.903088872257989 ], [ 2.451520459829109, 48.903188036621415 ], [ 2.451837282350042, 48.903704332258073 ], [ 2.451758616134901, 48.904017505137823 ] ] ] } },
{ "type": "Feature", "properties": { "code_qp": "QN09314M", "lib_qp": "Abreuvoir - Bondy Nord - Bondy Centre - Pont-De-Bondy - La Sablière - Secteur Sud" }, "geometry": { "type": "Polygon", "coordinates": [ [ [ 2.490135891164938, 48.907348881263395 ], [ 2.490311171534951, 48.906871168115956 ], [ 2.491289319538528, 48.906956022576253 ], [ 2.491419159327264, 48.906632796451582 ], [ 2.491685132663664, 48.90585341624778 ], [ 2.490946223594955, 48.905734538701552 ], [ 2.491130922433288, 48.905482967254656 ], [ 2.491182014526948, 48.905485381887956 ], [ 2.49178807952544, 48.904869700160106 ], [ 2.490756954736564, 48.904691716780064 ], [ 2.489973908358092, 48.905231516285113 ], [ 2.489511412218412, 48.905588153030898 ], [ 2.489198198581234, 48.905346548159493 ], [ 2.489132017742705, 48.905296453918425 ], [ 2.48764321364214, 48.906177920174066 ], [ 2.485978897569423, 48.904991635504473 ], [ 2.487866381894064, 48.903825256846289 ], [ 2.487703047983677, 48.902356566393827 ], [ 2.487497970242955, 48.902123151933175 ], [ 2.487380828165581, 48.901678328496274 ], [ 2.484914156011172, 48.901899225883469 ], [ 2.485034718678076, 48.902516535979409 ], [ 2.485179248712319, 48.902508366921261 ], [ 2.485383308327612, 48.903222362990569 ], [ 2.483441157029769, 48.903318022149591 ], [ 2.483249026110591, 48.903163083477907 ], [ 2.483046053872758, 48.903046746062785 ], [ 2.482878309475813, 48.902852699300809 ], [ 2.482799021298685, 48.902731852216462 ], [ 2.482736037049023, 48.902655700915709 ], [ 2.482070868366921, 48.902726079572048 ], [ 2.481918901811298, 48.902613984166535 ], [ 2.481173182554004, 48.902981343026902 ], [ 2.480936636907709, 48.903058612431742 ], [ 2.480305045550053, 48.903193472321178 ], [ 2.480038489278789, 48.903233419754002 ], [ 2.479026051078804, 48.903396274374195 ], [ 2.478630308146013, 48.903410750633931 ], [ 2.477897955726033, 48.903527158755132 ], [ 2.477408782066045, 48.903605957256005 ], [ 2.47706718391195, 48.903638783723792 ], [ 2.476975026479899, 48.905230911307214 ], [ 2.477433980587917, 48.905310252548588 ], [ 2.478046929667851, 48.905402846180806 ], [ 2.480312129481216, 48.905748136404682 ], [ 2.483243624721176, 48.906178993670913 ], [ 2.484536278977349, 48.906377910968274 ], [ 2.484895577693099, 48.90647482068529 ], [ 2.48497109767818, 48.906315308074866 ], [ 2.484989442179558, 48.906228035291221 ], [ 2.485044656583361, 48.90607197919244 ], [ 2.485271035638942, 48.905861484147685 ], [ 2.48550293613491, 48.905698168415988 ], [ 2.485683230642274, 48.905705829557412 ], [ 2.485860381419266, 48.905678999761079 ], [ 2.485953696031038, 48.905548764244159 ], [ 2.486060266317579, 48.905253131095833 ], [ 2.486137353006689, 48.90517999115086 ], [ 2.486349754790992, 48.905316558573894 ], [ 2.487830664013194, 48.906343655478572 ], [ 2.488051879424722, 48.906494862306396 ], [ 2.48863809224753, 48.906875037027945 ], [ 2.488643677284446, 48.907158944721616 ], [ 2.488290976909759, 48.907120307492477 ], [ 2.488201402211427, 48.90726749677674 ], [ 2.487714339789243, 48.907390767468804 ], [ 2.486907428714884, 48.908335362517995 ], [ 2.486839740554248, 48.908437992668532 ], [ 2.488412894416434, 48.90873576569301 ], [ 2.489825891441359, 48.909020144087691 ], [ 2.490507260776284, 48.909157275233035 ], [ 2.490717700857104, 48.909377344570039 ], [ 2.490816808162235, 48.909513204184741 ], [ 2.490754395963097, 48.909592575076331 ], [ 2.490605545404208, 48.909657796295093 ], [ 2.490460796634731, 48.909644024778444 ], [ 2.49031404639305, 48.90970263583359 ], [ 2.490092723294028, 48.90987244050428 ], [ 2.489938084516497, 48.910005837082608 ], [ 2.489272092480825, 48.910138800153852 ], [ 2.488862753443883, 48.910163257853505 ], [ 2.488565052326107, 48.910175486698797 ], [ 2.488341776487772, 48.910163257853526 ], [ 2.488077586724319, 48.91016781816338 ], [ 2.48778978899856, 48.910110266155826 ], [ 2.487554108946987, 48.910040969235681 ], [ 2.487237801509347, 48.909934985524792 ], [ 2.487002121457774, 48.909837154207516 ], [ 2.486809856152542, 48.909678177908418 ], [ 2.486580378207589, 48.909380605527659 ], [ 2.486308994469127, 48.909337355902153 ], [ 2.486741632979718, 48.908840486747017 ], [ 2.486530761354624, 48.908813990203917 ], [ 2.486592782420829, 48.908642781431936 ], [ 2.486249101071221, 48.90856917785414 ], [ 2.486036724237455, 48.909041703669594 ], [ 2.486278890808333, 48.909059938815531 ], [ 2.486163374037545, 48.90908479274632 ], [ 2.48599953423254, 48.909144716850804 ], [ 2.485913692798353, 48.909168505401702 ], [ 2.485555053940541, 48.909385171142937 ], [ 2.485458240200427, 48.909397645852337 ], [ 2.485193590986199, 48.90970994967627 ], [ 2.485207945745862, 48.909812898085988 ], [ 2.485197773045857, 48.910081639675369 ], [ 2.483407989679781, 48.910190931402617 ], [ 2.482620919316528, 48.910258818269348 ], [ 2.482593186349573, 48.90983876658543 ], [ 2.480167976773942, 48.91006203375786 ], [ 2.480119547407637, 48.909868789539068 ], [ 2.480106917984537, 48.909766214882602 ], [ 2.480098228744193, 48.909133969445051 ], [ 2.480104459231744, 48.909058460893064 ], [ 2.480340809341214, 48.909025314934084 ], [ 2.482016149968957, 48.908888670864869 ], [ 2.482031305413911, 48.908914619978994 ], [ 2.482424928075507, 48.90888039083228 ], [ 2.482427091275647, 48.908538550170647 ], [ 2.480157748513638, 48.908621601108301 ], [ 2.48016665291832, 48.908449643622887 ], [ 2.478387342957288, 48.90837351184669 ], [ 2.472978766868362, 48.908114538450583 ], [ 2.472411005872083, 48.90746126851581 ], [ 2.472057196814157, 48.906926987917316 ], [ 2.471882764357109, 48.906521345104736 ], [ 2.471654210996373, 48.906261916054461 ], [ 2.471376751980813, 48.90612891020529 ], [ 2.471175985979634, 48.90609009771515 ], [ 2.470951600448907, 48.905162470231282 ], [ 2.47026728086664, 48.904988140258951 ], [ 2.470547511419839, 48.904385142712378 ], [ 2.470614244260378, 48.904251492014339 ], [ 2.470631313425324, 48.904048328736572 ], [ 2.471656461387398, 48.904251599101819 ], [ 2.472057835336293, 48.904355009822837 ], [ 2.472572926528672, 48.904377513368068 ], [ 2.472889834691633, 48.904349091161464 ], [ 2.473030813067191, 48.904322408680301 ], [ 2.472967030380133, 48.904153967561115 ], [ 2.473060821567016, 48.904054546887799 ], [ 2.473101444467435, 48.90394771042989 ], [ 2.473112666084009, 48.903659828353462 ], [ 2.472875262936168, 48.903659069774619 ], [ 2.472906037646626, 48.902748947015738 ], [ 2.47248407980291, 48.902730524177173 ], [ 2.472244939434146, 48.902719083746568 ], [ 2.472067018100254, 48.902506977727228 ], [ 2.47198975028164, 48.902458975834065 ], [ 2.471906820180179, 48.90243342791571 ], [ 2.471700855341814, 48.902430712015736 ], [ 2.471579020054186, 48.902472434633353 ], [ 2.471038813426306, 48.902608555445873 ], [ 2.470717974400466, 48.902634106394153 ], [ 2.469853274642621, 48.900999415451665 ], [ 2.469751289053256, 48.901144743099955 ], [ 2.469573758171498, 48.901306295898088 ], [ 2.469158856632878, 48.901582758313062 ], [ 2.468764287827808, 48.901836118166287 ], [ 2.46809136895879, 48.90228039695198 ], [ 2.467873119660537, 48.90249146179751 ], [ 2.468675266851236, 48.903230306003707 ], [ 2.468914963836524, 48.903537128502244 ], [ 2.465395380631991, 48.902880269397791 ], [ 2.465337812421897, 48.902241632499091 ], [ 2.464090877947548, 48.901995179221103 ], [ 2.464238569644567, 48.90162379761081 ], [ 2.464138238228534, 48.901606783569434 ], [ 2.464303405059503, 48.901183447938337 ], [ 2.463320595807768, 48.90097363414683 ], [ 2.463173654988979, 48.900965389083332 ], [ 2.463084009222638, 48.901012330279457 ], [ 2.463083257504787, 48.901085213814603 ], [ 2.462959785536814, 48.901362961047127 ], [ 2.462893820736885, 48.90140793087383 ], [ 2.462738092996831, 48.901418288475142 ], [ 2.462678134036482, 48.901384889096839 ], [ 2.46253209909199, 48.901414051218651 ], [ 2.462492480005235, 48.901357551737398 ], [ 2.462377313967192, 48.901317278352472 ], [ 2.46168507182428, 48.901194899555549 ], [ 2.461604122750509, 48.901247544353332 ], [ 2.461424201216321, 48.901637679592305 ], [ 2.462335048242501, 48.901797571124796 ], [ 2.462188168024812, 48.902103303002207 ], [ 2.46245911018962, 48.902155855206573 ], [ 2.462465224639736, 48.902392832025924 ], [ 2.461551500004998, 48.902212919854144 ], [ 2.45815632958307, 48.901582360645136 ], [ 2.45773645781826, 48.90252800668847 ], [ 2.461718034393209, 48.903300747009055 ], [ 2.461566540092939, 48.902262799718613 ], [ 2.462662001669369, 48.902490409332579 ], [ 2.462488985057994, 48.902889595882598 ], [ 2.462839354012132, 48.902962955914525 ], [ 2.462648060267496, 48.903410407682742 ], [ 2.462588670607688, 48.903482476531387 ], [ 2.46262130425225, 48.903729789277612 ], [ 2.463616748146302, 48.903933545780937 ], [ 2.465330298305891, 48.904285654466221 ], [ 2.465913652717568, 48.904404326430623 ], [ 2.465053195904222, 48.904996842685279 ], [ 2.464265266645114, 48.905377637789769 ], [ 2.46415999798611, 48.905480933741941 ], [ 2.46517271264109, 48.905593726775329 ], [ 2.465195889635389, 48.905812716952134 ], [ 2.465763152070847, 48.907961871197088 ], [ 2.465988032736249, 48.908007124539544 ], [ 2.46605002625091, 48.908348237129964 ], [ 2.466107237094366, 48.909287365453515 ], [ 2.465518214736999, 48.909383665199016 ], [ 2.46410916089601, 48.90960554173315 ], [ 2.464763140208584, 48.911303724153662 ], [ 2.463390612380982, 48.911523462075735 ], [ 2.463807546186374, 48.912103729482531 ], [ 2.464093644038762, 48.912323387555112 ], [ 2.464010061396914, 48.912366406454282 ], [ 2.464107526705215, 48.912400625442515 ], [ 2.464234216435321, 48.912450817050271 ], [ 2.464408592572983, 48.91260988723873 ], [ 2.464492566127844, 48.912670501065101 ], [ 2.464612054498757, 48.912727701550189 ], [ 2.464650983215062, 48.91282952716351 ], [ 2.464935669008574, 48.9130270479126 ], [ 2.465331598984697, 48.913130574295366 ], [ 2.465503301935454, 48.913180177911173 ], [ 2.465943588170793, 48.913456435480761 ], [ 2.465972728579674, 48.913475903821258 ], [ 2.466775395880253, 48.914021506257228 ], [ 2.467256570308964, 48.914119953072067 ], [ 2.467456303090691, 48.914337728670397 ], [ 2.467551773157815, 48.914388150781519 ], [ 2.467946556282206, 48.914436174862097 ], [ 2.468232537310588, 48.914451090934811 ], [ 2.468430600145986, 48.914720786157687 ], [ 2.468707991445385, 48.914783287762624 ], [ 2.468961606347689, 48.914634846323331 ], [ 2.469001233676175, 48.914627033603693 ], [ 2.469240359708803, 48.914834024952846 ], [ 2.469663707741401, 48.914654729931769 ], [ 2.469513444788821, 48.914306205759864 ], [ 2.471919537618744, 48.913865091521025 ], [ 2.472883215380533, 48.913701812886266 ], [ 2.475985373123784, 48.913478295026898 ], [ 2.476118258407964, 48.913294822640069 ], [ 2.476203234562838, 48.913052821157862 ], [ 2.476153665139162, 48.912792202866058 ], [ 2.47602620090685, 48.912587430397316 ], [ 2.475905818020774, 48.912364041292292 ], [ 2.475558832055033, 48.912089457482331 ], [ 2.475148113973134, 48.911768332129206 ], [ 2.474836534738591, 48.911442550676313 ], [ 2.474609931658927, 48.911163307740033 ], [ 2.474278226910494, 48.910614887817815 ], [ 2.474445918939431, 48.910762210776433 ], [ 2.474543558347146, 48.910819289382268 ], [ 2.474636122848336, 48.91084309686034 ], [ 2.474726067089775, 48.910851574161072 ], [ 2.47483642732258, 48.910867349657941 ], [ 2.475061038392357, 48.910780199473805 ], [ 2.475353014746095, 48.910644787300058 ], [ 2.475380470506083, 48.910626923409751 ], [ 2.475700025944667, 48.911056056575433 ], [ 2.476383182431297, 48.912097763515241 ], [ 2.4768196672566, 48.912871799782231 ], [ 2.477320270831811, 48.913940333774242 ], [ 2.477578272208932, 48.914661238295537 ], [ 2.477736410098046, 48.915074788621773 ], [ 2.478101014794213, 48.916333334364559 ], [ 2.478554372802662, 48.917940348529989 ], [ 2.477033835914988, 48.918115368774835 ], [ 2.477191238788936, 48.918022806515054 ], [ 2.477343663517797, 48.917871532835207 ], [ 2.477373504247715, 48.917821935842333 ], [ 2.477125817928805, 48.917442386876807 ], [ 2.477220216891988, 48.917224562499712 ], [ 2.476867524663453, 48.917420394003379 ], [ 2.476559845114534, 48.917624088463526 ], [ 2.476436069389962, 48.917745680297578 ], [ 2.476383345448537, 48.917804981123751 ], [ 2.476147860788998, 48.91798786024048 ], [ 2.476105137974473, 48.918067789418302 ], [ 2.475859972384149, 48.918271140211409 ], [ 2.475733646539291, 48.918328602515444 ], [ 2.475688473126903, 48.918381072666698 ], [ 2.475697472647643, 48.918437778118815 ], [ 2.475861863022627, 48.918778428986606 ], [ 2.475948684821365, 48.918830057496258 ], [ 2.476077701509044, 48.918890881341532 ], [ 2.4757342957946, 48.919114208792145 ], [ 2.475303431472482, 48.919423446260488 ], [ 2.475116523067904, 48.919668489671942 ], [ 2.474698144857657, 48.920226690088981 ], [ 2.474578126988781, 48.920331850043731 ], [ 2.47447675179026, 48.920398889862 ], [ 2.473833921439427, 48.920723956413191 ], [ 2.473102178338111, 48.921106778261823 ], [ 2.473089651164789, 48.92109546768333 ], [ 2.472488637115402, 48.921284571164392 ], [ 2.472379377444494, 48.921326910585698 ], [ 2.473768362882665, 48.922411295093369 ], [ 2.473747179447508, 48.922433302933939 ], [ 2.473528753212229, 48.923067689459074 ], [ 2.473153514897211, 48.924143381214563 ], [ 2.472062093275224, 48.923976722256562 ], [ 2.471150530600942, 48.923844570473108 ], [ 2.471034395582485, 48.923722508554086 ], [ 2.47137038548409, 48.922747938170275 ], [ 2.470721893690174, 48.922644358864872 ], [ 2.469487526038703, 48.922446439999689 ], [ 2.469775991591687, 48.922126671254297 ], [ 2.470095797235785, 48.921812436068315 ], [ 2.469745177750014, 48.921670601433476 ], [ 2.469144088764129, 48.921464704344409 ], [ 2.468533681913837, 48.921241663781998 ], [ 2.468247379221271, 48.921513762750095 ], [ 2.468272411711685, 48.921527120354718 ], [ 2.467416659604359, 48.922322917870886 ], [ 2.466446824791222, 48.921861676877278 ], [ 2.466071595474964, 48.922223240360822 ], [ 2.466182328432343, 48.922258260993338 ], [ 2.465516515991748, 48.923003938833901 ], [ 2.465304274276773, 48.923303760247201 ], [ 2.465418706817125, 48.923323150460526 ], [ 2.465699488759789, 48.923355886845876 ], [ 2.466060326870391, 48.923433931077255 ], [ 2.466158648031597, 48.92346509239038 ], [ 2.466351024904567, 48.923544165670201 ], [ 2.466467973789279, 48.923605712042864 ], [ 2.466711934342706, 48.923770460996884 ], [ 2.466837379341579, 48.923913110065968 ], [ 2.467050708667947, 48.92424354851741 ], [ 2.467338770308024, 48.924659954077335 ], [ 2.469335481885339, 48.922596172507561 ], [ 2.469515343565663, 48.922635645481478 ], [ 2.469696233142285, 48.92366049987811 ], [ 2.469745561591113, 48.923640047186517 ], [ 2.470844945059609, 48.923801782274325 ], [ 2.470961087943436, 48.923923849799827 ], [ 2.470122095991806, 48.926466350988619 ], [ 2.470428830592052, 48.926498289782934 ], [ 2.470881760820035, 48.92657068290265 ], [ 2.47112905593487, 48.926622785553484 ], [ 2.472110135587145, 48.926908583619891 ], [ 2.473104175153408, 48.927228849674293 ], [ 2.473590393512658, 48.927364405963878 ], [ 2.474608094668562, 48.927885461525328 ], [ 2.475647104454667, 48.92837345021762 ], [ 2.475900151779483, 48.928515109532157 ], [ 2.476669607476162, 48.928714190103605 ], [ 2.475649993628416, 48.930191226532408 ], [ 2.475716682728208, 48.930205298878413 ], [ 2.475359199001125, 48.930731372643443 ], [ 2.475827978981226, 48.930813404100938 ], [ 2.475965273291573, 48.930916349762967 ], [ 2.476157134861703, 48.931016641704005 ], [ 2.476378421263667, 48.931108768737907 ], [ 2.476599190209873, 48.931154727681253 ], [ 2.476597985367123, 48.931372168176495 ], [ 2.476630743817265, 48.931468893834008 ], [ 2.476719010083909, 48.931514246827547 ], [ 2.477619042016068, 48.931513910362334 ], [ 2.477612187828599, 48.931532193295055 ], [ 2.477616656221692, 48.932749220367661 ], [ 2.476950050681845, 48.933919921612848 ], [ 2.476678017405503, 48.933836666047348 ], [ 2.476602850793193, 48.933805949430067 ], [ 2.476565809517761, 48.933736723162198 ], [ 2.476567032427929, 48.933615180372698 ], [ 2.476620861134594, 48.933537183711302 ], [ 2.476487308090978, 48.933514127462843 ], [ 2.476357630174009, 48.933515346907157 ], [ 2.476226447801738, 48.933530966062442 ], [ 2.476155597610084, 48.93351897478869 ], [ 2.475817076826627, 48.933385300856834 ], [ 2.475672306733061, 48.933394557838852 ], [ 2.475573390247414, 48.933190935026843 ], [ 2.475447994551941, 48.933151710112256 ], [ 2.474993705427557, 48.933296137728426 ], [ 2.474367452049121, 48.933030952824204 ], [ 2.47334850431785, 48.933037529853081 ], [ 2.472501023266316, 48.932674677689057 ], [ 2.472426653323064, 48.932566614956045 ], [ 2.47217254804365, 48.932570546437901 ], [ 2.472793312626621, 48.933468652370145 ], [ 2.473106553179001, 48.933417366371742 ], [ 2.473926374382255, 48.933760852990083 ], [ 2.476314011679194, 48.934822811191246 ], [ 2.476724164449828, 48.934251243623528 ], [ 2.477022602099447, 48.933889408034688 ], [ 2.477475745494009, 48.933106865200159 ], [ 2.477648917363928, 48.932746125703673 ], [ 2.477652180322921, 48.93153529766208 ], [ 2.477647961428441, 48.931512571389995 ], [ 2.477820436287621, 48.931517243458721 ], [ 2.478223123489761, 48.931512700613766 ], [ 2.478384956655304, 48.931496673112143 ], [ 2.478517126166552, 48.931455523553765 ], [ 2.478606457446371, 48.931394768449699 ], [ 2.478679698407976, 48.931306053039428 ], [ 2.478950595763163, 48.930907271261567 ], [ 2.479105578975383, 48.930988745259008 ], [ 2.479412591283673, 48.931037043264638 ], [ 2.479398786299555, 48.931089106236442 ], [ 2.479682078876568, 48.931260353166117 ], [ 2.479557360595643, 48.931354953548698 ], [ 2.479666703063001, 48.931424295450398 ], [ 2.479640732019055, 48.931492463220337 ], [ 2.479850058876124, 48.931475965491174 ], [ 2.480559175124869, 48.931470203025214 ], [ 2.480550465174075, 48.931082728864574 ], [ 2.480592343832306, 48.931087739507547 ], [ 2.48058864063078, 48.931038692953578 ], [ 2.480580490620003, 48.930987286969732 ], [ 2.48018961657327, 48.930993376596504 ], [ 2.479017677957884, 48.930811120567633 ], [ 2.479076477279918, 48.930687502198126 ], [ 2.479199687338529, 48.930489077450702 ], [ 2.479283712107101, 48.930367813685201 ], [ 2.479686738873854, 48.929865595107827 ], [ 2.479851040333849, 48.929666698443143 ], [ 2.480077666434725, 48.929359796622187 ], [ 2.47912540201833, 48.929183004871 ], [ 2.478103719769216, 48.928990601030073 ], [ 2.477798612094825, 48.928931721483188 ], [ 2.477185910547465, 48.928786954564806 ], [ 2.476744641620202, 48.928639375720799 ], [ 2.476662073615556, 48.928614109676538 ], [ 2.476473049054437, 48.92856790694124 ], [ 2.475929941413389, 48.928424176742475 ], [ 2.475854286417211, 48.928406573963954 ], [ 2.475970714909344, 48.928294750546982 ], [ 2.476254771268935, 48.927993304828746 ], [ 2.475796421994354, 48.927803363307724 ], [ 2.475852405977761, 48.927700334604111 ], [ 2.475984702043616, 48.927507644792158 ], [ 2.476061028326424, 48.927419008908053 ], [ 2.476659341866589, 48.926782017447458 ], [ 2.477615924011078, 48.925743045861644 ], [ 2.475902520726902, 48.924826635859127 ], [ 2.475211929701808, 48.92518030745606 ], [ 2.474618860180848, 48.924915853580188 ], [ 2.474392435029944, 48.924839478487286 ], [ 2.474366957426566, 48.924795299970718 ], [ 2.474288925366738, 48.924736791898525 ], [ 2.474161261430552, 48.924623526140259 ], [ 2.474001882866227, 48.924509689362111 ], [ 2.473757497210849, 48.92433578629786 ], [ 2.473474981120769, 48.924202344876605 ], [ 2.475030263468515, 48.923300012535726 ], [ 2.474400787545822, 48.923202817181632 ], [ 2.474469488178729, 48.92296572850254 ], [ 2.474531722340528, 48.922867842521846 ], [ 2.474718869071003, 48.922736867247089 ], [ 2.475268239356974, 48.922510744016954 ], [ 2.476035862475258, 48.921912141752479 ], [ 2.476473418898061, 48.921560039455876 ], [ 2.476590802365298, 48.921636097820922 ], [ 2.477373758289191, 48.921131696786453 ], [ 2.477475283922368, 48.921036397807178 ], [ 2.478486330910525, 48.920369029164682 ], [ 2.478479971592654, 48.920322225902737 ], [ 2.478453064685508, 48.920281656994483 ], [ 2.47815738528061, 48.920104101835989 ], [ 2.478263840567053, 48.919964281818238 ], [ 2.47830369571681, 48.919937465909982 ], [ 2.478306655549392, 48.919915000177809 ], [ 2.478088892917881, 48.919391858119276 ], [ 2.478035515961901, 48.919330178967179 ], [ 2.477986540707975, 48.919312893492233 ], [ 2.477756971065574, 48.919290515163063 ], [ 2.477697783597655, 48.919261265875768 ], [ 2.477460978295134, 48.918654119386503 ], [ 2.477175189907546, 48.918445136666115 ], [ 2.477298878744903, 48.918356641239207 ], [ 2.477309293418107, 48.918268552649764 ], [ 2.478454558504887, 48.918135272282058 ], [ 2.479646872065656, 48.91798286317448 ], [ 2.48411307824176, 48.917462360402041 ], [ 2.485074395060578, 48.917320700751617 ], [ 2.487424044797185, 48.916867822633641 ], [ 2.486556167640891, 48.915386242838728 ], [ 2.487703826597456, 48.915092286560778 ], [ 2.487767173568863, 48.914979748898617 ], [ 2.487233598822858, 48.914087084326091 ], [ 2.486888078381712, 48.914174222427505 ], [ 2.486518172654832, 48.913548545175182 ], [ 2.486703826788232, 48.913160513109119 ], [ 2.491603475715581, 48.913986307013154 ], [ 2.491515702757954, 48.913745465303727 ], [ 2.491355571761051, 48.91320053545261 ], [ 2.491326710419187, 48.913051903355189 ], [ 2.491289419639087, 48.912720328386541 ], [ 2.491272187481734, 48.912519538922673 ], [ 2.49114276653903, 48.911527680154791 ], [ 2.491118637210728, 48.911285479092236 ], [ 2.491000186344174, 48.910090175203038 ], [ 2.490821202158395, 48.909503931855298 ], [ 2.490726718125424, 48.909369305257641 ], [ 2.490448405307669, 48.909078276183763 ], [ 2.490404508435624, 48.908952540424238 ], [ 2.490546322605411, 48.908941998828993 ], [ 2.491310256343537, 48.908452299133096 ], [ 2.492164221503094, 48.907884994924459 ], [ 2.492227161458724, 48.907856068318324 ], [ 2.492291993772625, 48.90766034151693 ], [ 2.490135891164938, 48.907348881263395 ] ] ] } },
{ "type": "Feature", "properties": { "code_qp": "QN09317M", "lib_qp": "Boissière - Saussaie-Beauclair" }, "geometry": { "type": "Polygon", "coordinates": [ [ [ 2.469660052797115, 48.874896326677586 ], [ 2.470154187176654, 48.874470378771392 ], [ 2.470340802140605, 48.873996488760383 ], [ 2.470436446457911, 48.87360346250194 ], [ 2.470481386076659, 48.873616545040747 ], [ 2.470533897930311, 48.873623714715983 ], [ 2.470761023167015, 48.873819957240734 ], [ 2.471067582130523, 48.873665716348633 ], [ 2.471195250578345, 48.873575929133587 ], [ 2.471326026698654, 48.873218900416212 ], [ 2.471372827658819, 48.872967994649301 ], [ 2.471530798638857, 48.872138561019298 ], [ 2.473679343415355, 48.872425670791223 ], [ 2.47501074196335, 48.872620370955325 ], [ 2.476202571401909, 48.872321610392078 ], [ 2.475596730901383, 48.87210222869431 ], [ 2.474208734418511, 48.871607272076211 ], [ 2.473447389379026, 48.871501038583872 ], [ 2.470881235369027, 48.871156030273788 ], [ 2.470761757500885, 48.871825457625626 ], [ 2.470632002036688, 48.872471053631259 ], [ 2.470525785833571, 48.873017647543151 ], [ 2.470460552924003, 48.873375130564703 ], [ 2.47036342700434, 48.873766168252587 ], [ 2.470308838926814, 48.873963146941009 ], [ 2.470271041290523, 48.874034228225142 ], [ 2.470096355042526, 48.874467355065057 ], [ 2.469639673648416, 48.874878646866705 ], [ 2.468270748793333, 48.875761449933563 ], [ 2.467407924759243, 48.876330230929391 ], [ 2.468155047025897, 48.877012158242479 ], [ 2.468321040206219, 48.877228311198621 ], [ 2.465104265100964, 48.878041435960043 ], [ 2.464954218664472, 48.878081661976509 ], [ 2.465021601125891, 48.87816561643757 ], [ 2.465185540731523, 48.878430631448616 ], [ 2.465646433414668, 48.879025707574812 ], [ 2.465825797483143, 48.879567943146789 ], [ 2.465937046629812, 48.879576873996982 ], [ 2.466556443258263, 48.880278326689016 ], [ 2.466679041949524, 48.880439293524638 ], [ 2.46670802370286, 48.880620630073523 ], [ 2.466671618442172, 48.880890429961156 ], [ 2.466633564916791, 48.881184260138809 ], [ 2.466640034163246, 48.881396898523263 ], [ 2.466700053081337, 48.881535876622905 ], [ 2.466788362424775, 48.88167309993888 ], [ 2.466910029850816, 48.881838207508608 ], [ 2.467037399601944, 48.881994095045854 ], [ 2.467231921189857, 48.88216322463348 ], [ 2.467551712513538, 48.88241981650792 ], [ 2.467704392717784, 48.882568419589738 ], [ 2.467778223069004, 48.882615704650711 ], [ 2.467778668702551, 48.882572100485021 ], [ 2.467788180635691, 48.88252358137597 ], [ 2.468131499049612, 48.882351263047006 ], [ 2.469019064145448, 48.881962206864628 ], [ 2.470534627008656, 48.881294984083944 ], [ 2.471125877487916, 48.881093422112066 ], [ 2.471721514592542, 48.880957196801745 ], [ 2.471400334606773, 48.880560081489222 ], [ 2.471029311312113, 48.880201532415569 ], [ 2.470733757792242, 48.880347410548531 ], [ 2.470536118044835, 48.880425820688629 ], [ 2.470395095508465, 48.880477722607417 ], [ 2.470000786565647, 48.880612742618879 ], [ 2.469750514837102, 48.880694882642366 ], [ 2.469804031828839, 48.880751609527309 ], [ 2.469325373785682, 48.8809060747231 ], [ 2.469175796707482, 48.88069134475414 ], [ 2.469087653714108, 48.88049373486291 ], [ 2.468990395068706, 48.880305994944109 ], [ 2.46896082918871, 48.88025829336582 ], [ 2.469043176298779, 48.880226066051208 ], [ 2.469111720114136, 48.880196526375386 ], [ 2.469243259438868, 48.880116834486202 ], [ 2.469282921336332, 48.880058538310308 ], [ 2.469303310124376, 48.880009030872351 ], [ 2.469165064255771, 48.87981981423443 ], [ 2.46826832305881, 48.879797354030977 ], [ 2.467887044596878, 48.879759982122046 ], [ 2.466907908614305, 48.879580501612452 ], [ 2.466400230431958, 48.879539297302699 ], [ 2.465980287502042, 48.879548631555245 ], [ 2.465886174219548, 48.879555834958666 ], [ 2.465816862906984, 48.879355600480849 ], [ 2.465694260405717, 48.879009279515905 ], [ 2.465655936586225, 48.878883904980761 ], [ 2.465655017336676, 48.878696344212521 ], [ 2.465735557947891, 48.878647829626125 ], [ 2.465976237769516, 48.878718435581035 ], [ 2.466769950902985, 48.878824372271531 ], [ 2.467041764348588, 48.878908302407986 ], [ 2.467133057403583, 48.87884783399118 ], [ 2.467182944192169, 48.878818324464355 ], [ 2.467213215202492, 48.87878491682968 ], [ 2.467226017221575, 48.878629652884889 ], [ 2.467255508189234, 48.878628365355993 ], [ 2.467278102918805, 48.878470865614439 ], [ 2.467205274373033, 48.878464994335168 ], [ 2.467243559108595, 48.878148051059121 ], [ 2.467300343904557, 48.877623637280379 ], [ 2.467630134153834, 48.877551766380897 ], [ 2.467569647436978, 48.877442481505106 ], [ 2.468384594348671, 48.877238973084907 ], [ 2.468447618856306, 48.877186344905915 ], [ 2.468981407319224, 48.877073147563209 ], [ 2.469259358046265, 48.877031851771854 ], [ 2.469475035210992, 48.877049449327849 ], [ 2.469558652602571, 48.876886410699569 ], [ 2.46975144010518, 48.87684068525764 ], [ 2.470029271677293, 48.876853808205006 ], [ 2.470089953676852, 48.87638003431335 ], [ 2.469623181086253, 48.876356080298734 ], [ 2.469659489001981, 48.876087678132137 ], [ 2.469687889587256, 48.875998998749935 ], [ 2.469841026293538, 48.875862911511121 ], [ 2.470320096137329, 48.875884853315505 ], [ 2.47037315446779, 48.875914866855304 ], [ 2.471315799837634, 48.875188579120028 ], [ 2.471511261769389, 48.875036999643193 ], [ 2.471242740381207, 48.875013083101607 ], [ 2.471194064546948, 48.87506087051522 ], [ 2.470128847075674, 48.875011746057481 ], [ 2.469893558259558, 48.874982591727978 ], [ 2.469660052797115, 48.874896326677586 ] ] ] } },
{ "type": "Feature", "properties": { "code_qp": "QN09321I", "lib_qp": "Le Londeau" }, "geometry": { "type": "Polygon", "coordinates": [ [ [ 2.470325082894478, 48.886825319347075 ], [ 2.469872749121925, 48.885609519467614 ], [ 2.469737522858986, 48.885238095153042 ], [ 2.469566096187583, 48.884843840169381 ], [ 2.469502695225672, 48.884731131915906 ], [ 2.469421120725543, 48.88466014554227 ], [ 2.469315081470747, 48.884628206638268 ], [ 2.469189772761561, 48.884613244080654 ], [ 2.469098400473175, 48.88461374007386 ], [ 2.468362558220778, 48.884695018104736 ], [ 2.468178326645428, 48.884708590814519 ], [ 2.467728379698325, 48.884702096587922 ], [ 2.467328960017807, 48.884690424165576 ], [ 2.467145106433349, 48.884666230986504 ], [ 2.466514967969875, 48.88454651169927 ], [ 2.465999401996892, 48.884423706445965 ], [ 2.465835992497631, 48.884402289588621 ], [ 2.465672140277642, 48.884424032441053 ], [ 2.465503987820289, 48.884463762034116 ], [ 2.465040742791266, 48.884630505812069 ], [ 2.464691272742293, 48.884728129958866 ], [ 2.463921130299577, 48.884962098936491 ], [ 2.463243179321939, 48.885145695357757 ], [ 2.461938456827398, 48.885482905755971 ], [ 2.462230139581278, 48.885758495627393 ], [ 2.462346190417214, 48.885906260333385 ], [ 2.461006449918287, 48.886501761690425 ], [ 2.460873405014625, 48.886362898024316 ], [ 2.460250189251305, 48.886693277786051 ], [ 2.459819554314466, 48.886920829240488 ], [ 2.460005731049527, 48.887163169233034 ], [ 2.460695153150589, 48.888220562402594 ], [ 2.459973081976482, 48.88823653754018 ], [ 2.460178654864537, 48.888572221947868 ], [ 2.460352762277401, 48.888814028682262 ], [ 2.460686574092048, 48.889306172823098 ], [ 2.461054101277857, 48.889898158957756 ], [ 2.46188379276802, 48.889847947718174 ], [ 2.46182086235668, 48.889735246954949 ], [ 2.461741566552614, 48.889491174398103 ], [ 2.461739298512291, 48.889446194854578 ], [ 2.461756074223671, 48.889404910763808 ], [ 2.461813571010191, 48.889385382470358 ], [ 2.46243041073634, 48.88934587111244 ], [ 2.46269273502539, 48.889299386608755 ], [ 2.462876860017861, 48.889251860103592 ], [ 2.463076864245441, 48.88919350481936 ], [ 2.463593504952481, 48.888968885344134 ], [ 2.463808841435568, 48.888849343347538 ], [ 2.463789847291359, 48.889107818624389 ], [ 2.463814205746875, 48.889258910115267 ], [ 2.463859851115739, 48.889441430822764 ], [ 2.463972779686956, 48.889746685393533 ], [ 2.464054673787934, 48.889742557190168 ], [ 2.464309998656196, 48.889713137397884 ], [ 2.464111865674897, 48.889370396980155 ], [ 2.464339230992932, 48.889312472030092 ], [ 2.464158218482321, 48.888992673593862 ], [ 2.464461479187094, 48.888908570179645 ], [ 2.464274199142046, 48.888637106837649 ], [ 2.46482439833687, 48.888482892057219 ], [ 2.464782879070205, 48.888419326311883 ], [ 2.46470775518326, 48.888297582875602 ], [ 2.46443770488992, 48.887903376048079 ], [ 2.464255433528329, 48.887593203057833 ], [ 2.465395982365844, 48.887413038058064 ], [ 2.466264670554827, 48.887281120267296 ], [ 2.46656040624031, 48.88722857086632 ], [ 2.467035991794933, 48.887175020907385 ], [ 2.467962624537534, 48.887079813077683 ], [ 2.46892987341146, 48.88697795620233 ], [ 2.470325082894478, 48.886825319347075 ] ] ] } },
{ "type": "Feature", "properties": { "code_qp": "QN09323M", "lib_qp": "Sept Arpents - Stalingrad" }, "geometry": { "type": "Polygon", "coordinates": [ [ [ 2.399765545375265, 48.89055642152487 ], [ 2.398810967120749, 48.890332380985988 ], [ 2.398551960540872, 48.891604827992062 ], [ 2.398714081429953, 48.891630412366879 ], [ 2.398728596936186, 48.891616961955599 ], [ 2.39876603140593, 48.891622949624164 ], [ 2.398764405166887, 48.891636659149086 ], [ 2.398885843569004, 48.891650224974278 ], [ 2.39888704959831, 48.891634871023513 ], [ 2.398926137556568, 48.891637292727403 ], [ 2.398929919172481, 48.891652092545236 ], [ 2.399051777837339, 48.891667302626125 ], [ 2.399051521362761, 48.89172651987073 ], [ 2.399205799893068, 48.891738127889703 ], [ 2.399177827904897, 48.891849466551896 ], [ 2.399221483497023, 48.891849689592163 ], [ 2.399215289910305, 48.891865597688579 ], [ 2.399357547302007, 48.891890378905352 ], [ 2.399365814478161, 48.891872549303912 ], [ 2.399429027849814, 48.891879054848509 ], [ 2.399417426474221, 48.891893872686836 ], [ 2.399567558334491, 48.891909323235645 ], [ 2.399568042768777, 48.891955471161182 ], [ 2.399956486334025, 48.89200024970075 ], [ 2.399930972557354, 48.89207695153452 ], [ 2.399979725870223, 48.892117194553279 ], [ 2.400327429198905, 48.892163116451535 ], [ 2.400508094651313, 48.891679797866679 ], [ 2.39985208652666, 48.891601286607894 ], [ 2.399859718244068, 48.891557242239863 ], [ 2.399703759290966, 48.89153905737497 ], [ 2.399738708933977, 48.891394812044517 ], [ 2.399628086505055, 48.891383427600651 ], [ 2.39962926491207, 48.891357930024292 ], [ 2.399616795916556, 48.89135931543035 ], [ 2.399701575725388, 48.891038731395639 ], [ 2.399737529923027, 48.891043310994547 ], [ 2.399727745850786, 48.891066786586002 ], [ 2.400012373369847, 48.891134082042598 ], [ 2.40002685956037, 48.891115334916712 ], [ 2.400408778297365, 48.891201936560421 ], [ 2.400467336450205, 48.891073628424664 ], [ 2.400458463264408, 48.891069663226034 ], [ 2.400623207291274, 48.89075604194921 ], [ 2.399765545375265, 48.89055642152487 ] ] ] } },
{ "type": "Feature", "properties": { "code_qp": "QN09338M", "lib_qp": "Grand Centre - Sémard" }, "geometry": { "type": "Polygon", "coordinates": [ [ [ 2.363483533041675, 48.936576959867345 ], [ 2.363560655991568, 48.936517013047016 ], [ 2.363600887599402, 48.936466668899854 ], [ 2.363614598868482, 48.936357462441634 ], [ 2.36359792818465, 48.936303546343851 ], [ 2.363549020792854, 48.936254358364096 ], [ 2.363548584584894, 48.936197342693305 ], [ 2.363531097886045, 48.936136181743187 ], [ 2.363513488746013, 48.936085031299712 ], [ 2.36348290862368, 48.935976247773084 ], [ 2.363437721336547, 48.935695194590693 ], [ 2.363411767379118, 48.935580929432753 ], [ 2.363404783355737, 48.935320868227357 ], [ 2.363326628973208, 48.93529926411744 ], [ 2.362901574733546, 48.935347746684464 ], [ 2.362348325037586, 48.935298444513862 ], [ 2.361713824201643, 48.935296513121209 ], [ 2.361586189905891, 48.935256618018421 ], [ 2.361545658442753, 48.935711409821366 ], [ 2.361486337651487, 48.935716099389147 ], [ 2.361487353349759, 48.935757150590895 ], [ 2.361408193342907, 48.935768742243233 ], [ 2.361399592640119, 48.935726649509796 ], [ 2.361301454161181, 48.935737266553637 ], [ 2.361298070766376, 48.935703082847915 ], [ 2.360742016892936, 48.935841367289001 ], [ 2.360616932771129, 48.935697249658368 ], [ 2.360420039112754, 48.935745677802366 ], [ 2.3603749314831, 48.935919406654783 ], [ 2.359152732097947, 48.935771720360172 ], [ 2.359004146233658, 48.935773746974192 ], [ 2.358940061935391, 48.935756251249323 ], [ 2.358601555382954, 48.935728065941582 ], [ 2.358430325005291, 48.935761401458727 ], [ 2.358371910498273, 48.935659406526405 ], [ 2.358324345844104, 48.935532352592666 ], [ 2.358246647889006, 48.935414142726039 ], [ 2.357887435138983, 48.935098360735829 ], [ 2.357764106311812, 48.935028445895135 ], [ 2.357990601128848, 48.934925354764523 ], [ 2.358307269593149, 48.934814636270481 ], [ 2.358018856453783, 48.93407387804632 ], [ 2.357979062093877, 48.933978344045336 ], [ 2.357552140631578, 48.932908962399296 ], [ 2.35723024627416, 48.932148886504329 ], [ 2.357289019879511, 48.932143819317467 ], [ 2.35735896743698, 48.932051317004365 ], [ 2.357734264682871, 48.932100873273626 ], [ 2.358072017839614, 48.932201088701483 ], [ 2.358340764853069, 48.931909521795419 ], [ 2.358596922598277, 48.932014885200822 ], [ 2.358782392894206, 48.932089293200555 ], [ 2.358938180788864, 48.931941960792507 ], [ 2.359063317582713, 48.931815821486616 ], [ 2.359295336769651, 48.931400595840344 ], [ 2.359842634941768, 48.931541007856829 ], [ 2.359920162437328, 48.931414613303687 ], [ 2.359687869756088, 48.931358644446377 ], [ 2.359766640207047, 48.931213569016066 ], [ 2.360447147643079, 48.931394734710928 ], [ 2.360475213404861, 48.931418911387183 ], [ 2.360524389458035, 48.931430862519008 ], [ 2.360552087207215, 48.931263146713761 ], [ 2.360483259655757, 48.931258774961812 ], [ 2.36051289217695, 48.931155483903183 ], [ 2.359917306020384, 48.930988120414334 ], [ 2.359895061300366, 48.930365244218137 ], [ 2.360163498594904, 48.930364112466002 ], [ 2.362427691184607, 48.930338317319368 ], [ 2.362061232268355, 48.930114758823748 ], [ 2.361869507664561, 48.929977721015618 ], [ 2.36164242207835, 48.92989979778779 ], [ 2.361419929164911, 48.929865403936155 ], [ 2.36116260556171, 48.929802429119356 ], [ 2.360579166544084, 48.92971922768686 ], [ 2.36008946588863, 48.929673899223076 ], [ 2.359010734300152, 48.92967080381765 ], [ 2.356636287923083, 48.929682106799667 ], [ 2.356342569398038, 48.929747237984373 ], [ 2.355960894717006, 48.92993407404304 ], [ 2.355317286431342, 48.929457149034128 ], [ 2.354658710511127, 48.929840656101106 ], [ 2.35418751995289, 48.929773148016714 ], [ 2.3534562101339, 48.929645524013011 ], [ 2.353959036983754, 48.929362027421753 ], [ 2.353870170874128, 48.929340191010141 ], [ 2.352689993342533, 48.929130701691889 ], [ 2.352695242458787, 48.929009486226079 ], [ 2.352409852891908, 48.92917044945478 ], [ 2.35234631100874, 48.929231250695814 ], [ 2.352221766007598, 48.929367273441969 ], [ 2.351525718681446, 48.930156123894633 ], [ 2.351271510800522, 48.930469361874742 ], [ 2.351016968866276, 48.9308261243728 ], [ 2.350246061605134, 48.931835026102405 ], [ 2.349526115047302, 48.932650382181023 ], [ 2.348986179832064, 48.933366884997355 ], [ 2.348654768007664, 48.933890250654798 ], [ 2.34826750508558, 48.934180734083071 ], [ 2.347754072107489, 48.934650299454113 ], [ 2.347103726235095, 48.934499070282179 ], [ 2.347308347937882, 48.934241455145113 ], [ 2.346950145616948, 48.934166528807232 ], [ 2.346436102656918, 48.934740892897551 ], [ 2.346382930072821, 48.934698587006778 ], [ 2.346426483486229, 48.934437883515066 ], [ 2.346040791727453, 48.934413665955518 ], [ 2.345967280138678, 48.934654303562922 ], [ 2.344442176412587, 48.934657566397163 ], [ 2.344410885589002, 48.934653161615422 ], [ 2.344418208050488, 48.934554424529274 ], [ 2.343560179391098, 48.934662295823607 ], [ 2.343454365636208, 48.934424843757377 ], [ 2.343198508097661, 48.933932430447669 ], [ 2.342940423578312, 48.933292511738742 ], [ 2.342852240510096, 48.932971990990609 ], [ 2.342830089614363, 48.932758184239532 ], [ 2.342973310172828, 48.932494548193738 ], [ 2.343043011120179, 48.932269344168695 ], [ 2.34300816446923, 48.932141009521835 ], [ 2.342022481796204, 48.932225369173622 ], [ 2.342390391379062, 48.934152806753801 ], [ 2.34254075010472, 48.934619191387306 ], [ 2.342802318429595, 48.935905984744245 ], [ 2.343662350738759, 48.935930497187549 ], [ 2.344975659075022, 48.935994318042169 ], [ 2.345601562768994, 48.936021510653802 ], [ 2.346056325789689, 48.935950432957149 ], [ 2.346204588108173, 48.935962356998417 ], [ 2.346408763949759, 48.936007537437007 ], [ 2.346634329742094, 48.936088812781705 ], [ 2.346722113072524, 48.936114090011252 ], [ 2.34689352374677, 48.936101022298161 ], [ 2.346791322322538, 48.936196687177407 ], [ 2.346759228731516, 48.936253156505593 ], [ 2.346745229655087, 48.936280069584406 ], [ 2.346527966648191, 48.936623309994573 ], [ 2.346384092333774, 48.936776297972983 ], [ 2.346131398459896, 48.937005144024582 ], [ 2.345771590590629, 48.937287345822128 ], [ 2.345562527946262, 48.937453580062176 ], [ 2.345440565385839, 48.937558021961813 ], [ 2.345430243633658, 48.937620010880515 ], [ 2.345448218702956, 48.937710050156383 ], [ 2.345887773322842, 48.938685479466088 ], [ 2.346181515194933, 48.939318379534676 ], [ 2.34600153267559, 48.939409119176567 ], [ 2.345198478323815, 48.939874155422764 ], [ 2.344728962380426, 48.940144088598835 ], [ 2.344653663439974, 48.941118080429895 ], [ 2.3447178378104, 48.941785252565708 ], [ 2.344847655829144, 48.942392707456378 ], [ 2.34503217247231, 48.942914701714834 ], [ 2.345199476676452, 48.943309020473336 ], [ 2.345423059588104, 48.943763058013722 ], [ 2.345745136048166, 48.94429224936566 ], [ 2.346186036888003, 48.944968655808481 ], [ 2.346472148652992, 48.945333112753588 ], [ 2.34692386749384, 48.945261000959285 ], [ 2.347114541956571, 48.945168322157457 ], [ 2.347046015955932, 48.945529303422553 ], [ 2.34718341583182, 48.9456532555294 ], [ 2.347486715939776, 48.945944605725728 ], [ 2.347607963316034, 48.946167066018248 ], [ 2.347282522090743, 48.946262735712963 ], [ 2.347493381866407, 48.946416052112248 ], [ 2.347702141174156, 48.946575363331988 ], [ 2.347864855503384, 48.946689707524243 ], [ 2.348810984983292, 48.94736428905415 ], [ 2.349955914586822, 48.948174026888118 ], [ 2.351758856215352, 48.949450855607729 ], [ 2.353332984737998, 48.950555566188839 ], [ 2.353509847472583, 48.950674983995015 ], [ 2.353742832342243, 48.950844759241647 ], [ 2.354200163639463, 48.951145886115157 ], [ 2.354857070310518, 48.951615269408521 ], [ 2.355223315627091, 48.951867181598672 ], [ 2.35556901100763, 48.952101295996357 ], [ 2.355975520774596, 48.952007374519198 ], [ 2.356272246203285, 48.95194089311984 ], [ 2.356601561438868, 48.951861237852462 ], [ 2.356859053795906, 48.951853275788331 ], [ 2.356467231095855, 48.951326190776243 ], [ 2.356137189171382, 48.950790854895864 ], [ 2.355979778842866, 48.950477044602472 ], [ 2.355776858582355, 48.950170283990559 ], [ 2.355092263114791, 48.950310470307286 ], [ 2.354896504460275, 48.949916984276854 ], [ 2.354902608833389, 48.94991501491527 ], [ 2.354749954445537, 48.949600347137036 ], [ 2.354672886641259, 48.949441507492928 ], [ 2.354568827162362, 48.949222456160051 ], [ 2.3544724620322, 48.9490264715389 ], [ 2.354291743583159, 48.948646579910239 ], [ 2.35419985618399, 48.948457376535295 ], [ 2.354020642883754, 48.948078994042952 ], [ 2.35399673209827, 48.948015545232522 ], [ 2.353287313684064, 48.948063749442134 ], [ 2.353066158779162, 48.948063457278238 ], [ 2.352932534024333, 48.948047444823729 ], [ 2.352869875993199, 48.948035408828702 ], [ 2.352750297306439, 48.94799069696041 ], [ 2.351381055276438, 48.947101117166852 ], [ 2.350667309614959, 48.946638611189577 ], [ 2.350083608630185, 48.946259564524745 ], [ 2.350035826171037, 48.946218922028699 ], [ 2.353181275342165, 48.945572450533462 ], [ 2.354163327544723, 48.945370891332374 ], [ 2.353964227244243, 48.944942595291806 ], [ 2.353909828739835, 48.944773955047097 ], [ 2.354494631511422, 48.94462421921213 ], [ 2.35502450421406, 48.944501174134992 ], [ 2.356651713249597, 48.944184381170885 ], [ 2.356750208914591, 48.944166931368414 ], [ 2.356903246162164, 48.944155148193097 ], [ 2.35708381967435, 48.94415155745893 ], [ 2.357035951271921, 48.944017558178672 ], [ 2.356979457187221, 48.943580140797579 ], [ 2.356941236622613, 48.943266776128432 ], [ 2.35687906964328, 48.942687432377774 ], [ 2.356875183192233, 48.942600961942517 ], [ 2.357406242570073, 48.942560730910344 ], [ 2.357756238926625, 48.942520347694057 ], [ 2.357805551621016, 48.942506227012565 ], [ 2.357856459574899, 48.942475015946066 ], [ 2.357897956243358, 48.942431171717651 ], [ 2.359062884269729, 48.940845684935177 ], [ 2.359604220286322, 48.940120165675872 ], [ 2.360542788094877, 48.938837402478136 ], [ 2.361272497415396, 48.938888046987962 ], [ 2.361458054135722, 48.938895337837693 ], [ 2.361516983515221, 48.93887676682634 ], [ 2.361554235874105, 48.938844580291274 ], [ 2.361595037351655, 48.938746773997742 ], [ 2.361530548517485, 48.938735844138648 ], [ 2.361488780611777, 48.938709528051398 ], [ 2.361484486381473, 48.938655677700154 ], [ 2.361586883473608, 48.938297997349267 ], [ 2.361598264301032, 48.938260271886143 ], [ 2.361748773578888, 48.937698037489987 ], [ 2.361737277647638, 48.937643700905028 ], [ 2.36171422444361, 48.937534692863082 ], [ 2.361722830728606, 48.937453398471987 ], [ 2.362203300702308, 48.937175260878185 ], [ 2.362351697778767, 48.937264286407704 ], [ 2.362877234794909, 48.936929860439193 ], [ 2.363483533041675, 48.936576959867345 ] ] ] } },
{ "type": "Feature", "properties": { "code_qp": "QN09339M", "lib_qp": "Floréal Saussaie Allende" }, "geometry": { "type": "Polygon", "coordinates": [ [ [ 2.387222981074633, 48.941468203982389 ], [ 2.387239435431749, 48.941341759645894 ], [ 2.385761162905827, 48.940932415645136 ], [ 2.385566740995944, 48.940864858167579 ], [ 2.385112342705091, 48.940605456546336 ], [ 2.384622984218658, 48.940325850282683 ], [ 2.384426195415757, 48.940229519788346 ], [ 2.383728941929142, 48.939970532512746 ], [ 2.383240781694668, 48.939810662068901 ], [ 2.38207243212811, 48.93945961579653 ], [ 2.381630405997413, 48.94007540736358 ], [ 2.381422845458961, 48.940352582189348 ], [ 2.381251909109238, 48.940306780060666 ], [ 2.381218614558618, 48.940326685505291 ], [ 2.381090598740673, 48.940495589144923 ], [ 2.380995330503629, 48.940585199612059 ], [ 2.380422815395602, 48.941108020432502 ], [ 2.380231474763427, 48.941421904089893 ], [ 2.380182920619077, 48.941416278940594 ], [ 2.380105238987547, 48.941519301494047 ], [ 2.379420678617033, 48.942600294483405 ], [ 2.379427617082956, 48.942707342678894 ], [ 2.379457268408589, 48.942738963713055 ], [ 2.37952374525142, 48.942773478591825 ], [ 2.379542907373628, 48.942882397582444 ], [ 2.379525877520714, 48.942938057456473 ], [ 2.37938955713381, 48.943150475150603 ], [ 2.379090355276687, 48.943625546297191 ], [ 2.378944500679062, 48.943721006170669 ], [ 2.378871448558047, 48.943780886423347 ], [ 2.378702626457835, 48.944083981525324 ], [ 2.37864880113776, 48.944134049448017 ], [ 2.378500735090709, 48.944185430927938 ], [ 2.378441494020391, 48.944230096598091 ], [ 2.377882687486285, 48.944806101678175 ], [ 2.378120595174623, 48.944805091525936 ], [ 2.378998344268324, 48.944753720085814 ], [ 2.379711793752687, 48.944853795335831 ], [ 2.38016720658644, 48.944941706929434 ], [ 2.380499406453509, 48.945003487917077 ], [ 2.381325444302151, 48.945176770518572 ], [ 2.382256649042681, 48.943595146385796 ], [ 2.382648827579786, 48.94367809630284 ], [ 2.382877752177091, 48.943318790924053 ], [ 2.382953469344725, 48.943213339391185 ], [ 2.3831423300168, 48.943161425392745 ], [ 2.383146236487363, 48.943041012031003 ], [ 2.383267833150192, 48.943056292328428 ], [ 2.383677846319066, 48.943102186947051 ], [ 2.383654666301422, 48.943170538724949 ], [ 2.383571901277337, 48.943257053449571 ], [ 2.383606360033061, 48.943335289689855 ], [ 2.383664329962818, 48.943488678868221 ], [ 2.383523846378795, 48.943697739756274 ], [ 2.383562932053552, 48.943709050423315 ], [ 2.383119592523531, 48.944349630105599 ], [ 2.382952300122331, 48.944297181207283 ], [ 2.382688132120259, 48.944669412452235 ], [ 2.383856297219671, 48.944902232673577 ], [ 2.383173886484289, 48.945954203524316 ], [ 2.383689825423491, 48.946037765792738 ], [ 2.385169070700861, 48.946328622366217 ], [ 2.386443846502195, 48.946594149986424 ], [ 2.386532628964675, 48.946128782118905 ], [ 2.386603985193692, 48.945633648757877 ], [ 2.386634375882181, 48.945461386289743 ], [ 2.386709896440162, 48.945007869000364 ], [ 2.387118742699186, 48.945042636469267 ], [ 2.387800876128497, 48.94515717162696 ], [ 2.388328092979565, 48.945244439871026 ], [ 2.388709760961142, 48.945315030441698 ], [ 2.388541545282392, 48.945703733456263 ], [ 2.388609143066574, 48.945726078298264 ], [ 2.388519845561265, 48.945926067839054 ], [ 2.388595954447045, 48.945946011645212 ], [ 2.388775562742163, 48.946001054683123 ], [ 2.388503368004775, 48.94642569930987 ], [ 2.388044277216645, 48.946306644505725 ], [ 2.387616471542603, 48.947034328076178 ], [ 2.38958428147416, 48.947553991501351 ], [ 2.389388556906252, 48.947035925486645 ], [ 2.389750350804507, 48.945575184076361 ], [ 2.389696971376898, 48.945508962785865 ], [ 2.388839800967096, 48.945326985659925 ], [ 2.388713476558673, 48.945301201922362 ], [ 2.38756700939641, 48.945095897225571 ], [ 2.387115363804485, 48.945011567668509 ], [ 2.386716661685493, 48.944961424701198 ], [ 2.386830591968769, 48.944303436332255 ], [ 2.38675365434607, 48.944282280278912 ], [ 2.387087818290316, 48.942316650673398 ], [ 2.387222981074633, 48.941468203982389 ] ] ] } },
{ "type": "Feature", "properties": { "code_qp": "QN09349M", "lib_qp": "Rougemont" }, "geometry": { "type": "Polygon", "coordinates": [ [ [ 2.522027629824718, 48.935538950842883 ], [ 2.520365737454858, 48.934917570548642 ], [ 2.52082087524593, 48.934140551920684 ], [ 2.520924648340426, 48.933878873397674 ], [ 2.520735581470432, 48.933817702458967 ], [ 2.520473978938294, 48.933708651428326 ], [ 2.52023603088494, 48.933652674348949 ], [ 2.519167615034152, 48.933736390218002 ], [ 2.518511231879323, 48.933727091396037 ], [ 2.517789046928626, 48.933672589300635 ], [ 2.517536737802711, 48.933634669222641 ], [ 2.517691064844197, 48.933102155622393 ], [ 2.517783489524054, 48.932710340240874 ], [ 2.517754860766766, 48.932697711548059 ], [ 2.517742729690277, 48.932677370574261 ], [ 2.51775124342234, 48.932644937376985 ], [ 2.517735018513792, 48.932623227117368 ], [ 2.51768171074806, 48.932614895728996 ], [ 2.517571051605759, 48.932591452549765 ], [ 2.51750562548781, 48.932561427327883 ], [ 2.517377768552463, 48.932510520309378 ], [ 2.51727755143341, 48.932468179552096 ], [ 2.517152671147241, 48.932428444967648 ], [ 2.517085129507248, 48.932405175041936 ], [ 2.517023634450751, 48.932394104744958 ], [ 2.516925307732356, 48.93236935784941 ], [ 2.51669382814424, 48.932294067418169 ], [ 2.516672471735836, 48.932289537196986 ], [ 2.516625097780414, 48.932305579866814 ], [ 2.51656077038699, 48.932378372200681 ], [ 2.516451348164686, 48.932442865691179 ], [ 2.516473024149302, 48.932319847332288 ], [ 2.516061108140088, 48.932355378009071 ], [ 2.515954804952206, 48.931898233498366 ], [ 2.516189847661663, 48.931343768913003 ], [ 2.51643040119569, 48.931146028460141 ], [ 2.516198880659834, 48.931032875106077 ], [ 2.515816817489516, 48.93068570635959 ], [ 2.515690229487614, 48.930609437302081 ], [ 2.515609792674807, 48.930427835191139 ], [ 2.515577355164214, 48.930123542342159 ], [ 2.515867474484943, 48.930096084240375 ], [ 2.516120975999693, 48.930213450074277 ], [ 2.516518792939721, 48.929849209825832 ], [ 2.517079573010389, 48.929290618022051 ], [ 2.517377205491488, 48.929241778765437 ], [ 2.517584171548967, 48.929031498749552 ], [ 2.517870408743159, 48.929091728472926 ], [ 2.517980319566687, 48.928973648173951 ], [ 2.518757851890666, 48.928150879133085 ], [ 2.519638212856629, 48.928529479503752 ], [ 2.519941731094598, 48.928232738090649 ], [ 2.520557147352962, 48.928497203430517 ], [ 2.520579165178567, 48.928461210171101 ], [ 2.520656688527608, 48.928069203690939 ], [ 2.520275643682887, 48.927909180897466 ], [ 2.520666211988837, 48.927485036052623 ], [ 2.520742464892161, 48.927372075736457 ], [ 2.520915926254974, 48.927340734054752 ], [ 2.520768964634034, 48.927024601813649 ], [ 2.521804641140901, 48.926810597373681 ], [ 2.521669716619898, 48.926524614331605 ], [ 2.521924755104775, 48.926474225013806 ], [ 2.522541423306121, 48.926726954947071 ], [ 2.522722977304753, 48.926550177499536 ], [ 2.523494993467082, 48.925725268502077 ], [ 2.523729351063918, 48.925466458978484 ], [ 2.524135328540151, 48.925031217094002 ], [ 2.523438015483341, 48.924847837374017 ], [ 2.522313588292274, 48.924534885154031 ], [ 2.521710026115408, 48.923974211196537 ], [ 2.519890512115635, 48.924772362312233 ], [ 2.519108251644271, 48.925114532838045 ], [ 2.518690055445184, 48.925159526099989 ], [ 2.518840352762949, 48.925800243965348 ], [ 2.5188533617078, 48.926441290586205 ], [ 2.518699846413571, 48.927334527008846 ], [ 2.518663135778875, 48.927403743926106 ], [ 2.519202999272691, 48.927635890064423 ], [ 2.518467218338946, 48.928385778042916 ], [ 2.517914593481835, 48.928969533295216 ], [ 2.517059075144366, 48.928797455157465 ], [ 2.516394380024485, 48.928742014792334 ], [ 2.516310167631, 48.929187427606529 ], [ 2.516221877616076, 48.929182540770135 ], [ 2.516055764721195, 48.929167461102338 ], [ 2.516083876237866, 48.929014706493589 ], [ 2.5153074016921, 48.928946633347998 ], [ 2.515336357576031, 48.929144261512825 ], [ 2.514828786213444, 48.92919226181867 ], [ 2.514768418292306, 48.929060794306842 ], [ 2.514325219008653, 48.929251098726681 ], [ 2.513592785829722, 48.928534855975251 ], [ 2.512306584051603, 48.927979708462125 ], [ 2.512022211807475, 48.927872354663251 ], [ 2.511158665575111, 48.927568509619668 ], [ 2.510618118034042, 48.927381578208518 ], [ 2.510455091721459, 48.927587673145865 ], [ 2.510438343595028, 48.927584287707141 ], [ 2.510420167410925, 48.927608722650497 ], [ 2.510337634473367, 48.927577197788089 ], [ 2.51028575761857, 48.927641093739645 ], [ 2.510255609072173, 48.927631440972235 ], [ 2.510299467272363, 48.92758137344191 ], [ 2.510154024405979, 48.927528799588103 ], [ 2.510146022001241, 48.927540895406601 ], [ 2.510004466401316, 48.92749440152393 ], [ 2.510012493306577, 48.927479706843485 ], [ 2.509781848489645, 48.927399928083155 ], [ 2.509730925724615, 48.927222989701413 ], [ 2.509825338246863, 48.927109887499164 ], [ 2.509417767542899, 48.926970474121411 ], [ 2.508841687023499, 48.927334028035268 ], [ 2.508517310555102, 48.927511628071535 ], [ 2.508293611577583, 48.927893639527902 ], [ 2.508982550678334, 48.928206259579035 ], [ 2.50905107145799, 48.92823359666118 ], [ 2.508989856333686, 48.928302339527072 ], [ 2.509015562644249, 48.928406611758881 ], [ 2.509076265281373, 48.928609782966056 ], [ 2.509373272998102, 48.92857447327507 ], [ 2.509321098035643, 48.928282558501074 ], [ 2.509944270335757, 48.928202606112727 ], [ 2.510039206935898, 48.928497381669565 ], [ 2.510674162214227, 48.928439437512957 ], [ 2.510710531554567, 48.928588309310889 ], [ 2.51160918345516, 48.928496935701858 ], [ 2.511733550459261, 48.928453884616481 ], [ 2.511812449956484, 48.928392383001651 ], [ 2.511930130562516, 48.928274651127758 ], [ 2.512148674238151, 48.928045572679409 ], [ 2.512204839981937, 48.927975284538654 ], [ 2.513556930848029, 48.928553901840196 ], [ 2.514285335492388, 48.929275472092392 ], [ 2.514754376218509, 48.929754629465933 ], [ 2.515061904720187, 48.929623400560523 ], [ 2.515407224368531, 48.929581507355962 ], [ 2.515535229226421, 48.930166778916849 ], [ 2.515587299855234, 48.9305281906856 ], [ 2.515658650668146, 48.930810215489352 ], [ 2.515893586399933, 48.931813247614151 ], [ 2.516034731813496, 48.932532160564357 ], [ 2.516014162169034, 48.932536135930675 ], [ 2.515948299638103, 48.932553118273638 ], [ 2.515886301123568, 48.9325961577998 ], [ 2.515873805736002, 48.932615046677512 ], [ 2.515832615995629, 48.932628408391011 ], [ 2.515744001318833, 48.93266322344644 ], [ 2.515694586135213, 48.932677904686656 ], [ 2.515573019374239, 48.93272340893575 ], [ 2.515457675484056, 48.932541665986939 ], [ 2.515489863561149, 48.932536155234516 ], [ 2.515455450056911, 48.932119241655741 ], [ 2.515919630719112, 48.932103530933219 ], [ 2.515879951978174, 48.931954561373942 ], [ 2.514785336926547, 48.931979896465272 ], [ 2.51479662139004, 48.932090872716081 ], [ 2.514756866707906, 48.932170527645653 ], [ 2.514789919028933, 48.932589356572329 ], [ 2.514784129977815, 48.932659679307633 ], [ 2.514277584728015, 48.932594045290934 ], [ 2.51414830399341, 48.933245576027161 ], [ 2.514144605122429, 48.933311848735336 ], [ 2.51230563147817, 48.93311904449974 ], [ 2.512208195887429, 48.93310884008843 ], [ 2.5122192863782, 48.933020952529411 ], [ 2.512227968493576, 48.932970933865008 ], [ 2.512240617486588, 48.932935812262372 ], [ 2.512210326773902, 48.932881576542371 ], [ 2.512171772585082, 48.93283271842018 ], [ 2.512157831478281, 48.932786666096753 ], [ 2.512190227675668, 48.932616343752095 ], [ 2.511061760574015, 48.932527870927046 ], [ 2.510176327124903, 48.932578367796047 ], [ 2.510263814672124, 48.932879346871168 ], [ 2.51033148581518, 48.932997118222644 ], [ 2.510486728767086, 48.933243956022331 ], [ 2.510537045895591, 48.93332395781902 ], [ 2.510298215881677, 48.933449110928095 ], [ 2.509689590641354, 48.933585803335561 ], [ 2.509406275770018, 48.933675053351479 ], [ 2.50943389848891, 48.933794213717668 ], [ 2.509389250310573, 48.933738565738658 ], [ 2.509240881381266, 48.933794776314244 ], [ 2.509226725664182, 48.933771720575699 ], [ 2.509195825012529, 48.933782416516969 ], [ 2.509078152217218, 48.93384957507336 ], [ 2.509040680049832, 48.933903872180259 ], [ 2.509017647540503, 48.933951126175934 ], [ 2.509004753543879, 48.93401194979991 ], [ 2.50901243030567, 48.934068799263642 ], [ 2.509034569206389, 48.934116238300653 ], [ 2.509071080913461, 48.934163736206102 ], [ 2.509122067581739, 48.934200470907903 ], [ 2.509579968787389, 48.934417442196001 ], [ 2.509777294460279, 48.934436462291259 ], [ 2.510165708892024, 48.934551132326114 ], [ 2.510287673773604, 48.93456902629876 ], [ 2.510399975113918, 48.934560787331172 ], [ 2.510442150884976, 48.934639250422229 ], [ 2.510678183833107, 48.934812011628111 ], [ 2.511128704888672, 48.93499217614373 ], [ 2.511731321657078, 48.935372214270785 ], [ 2.511687108618108, 48.935700720325094 ], [ 2.511617015009949, 48.935934479634724 ], [ 2.511581490440503, 48.93643757904028 ], [ 2.510343344170874, 48.93643049790672 ], [ 2.510315138552198, 48.937245448418345 ], [ 2.510287441452156, 48.938006288200562 ], [ 2.510286212517087, 48.938136828830565 ], [ 2.510272545101214, 48.938497971754622 ], [ 2.510234066443592, 48.939531356404316 ], [ 2.511241936198063, 48.939576054457994 ], [ 2.511594759796989, 48.939507823288217 ], [ 2.512787606023091, 48.939316521451481 ], [ 2.512813273742647, 48.939207048745914 ], [ 2.51194852104032, 48.938354646519329 ], [ 2.511633079713009, 48.938051009899262 ], [ 2.512223382492206, 48.937680547142804 ], [ 2.512218992192639, 48.937682706032632 ], [ 2.512678886441249, 48.9373682525923 ], [ 2.51289144963234, 48.937373087834153 ], [ 2.513604466415279, 48.937628256091912 ], [ 2.513837063300128, 48.937705024527283 ], [ 2.515103155634904, 48.936084865003011 ], [ 2.515445539402628, 48.936250778795923 ], [ 2.515558576346638, 48.936276417158922 ], [ 2.515830136256944, 48.936286503594559 ], [ 2.516894917563477, 48.935836681974749 ], [ 2.517753090805698, 48.935438168479145 ], [ 2.518480729733704, 48.93513082866103 ], [ 2.519049006109703, 48.935083664791819 ], [ 2.519445665421038, 48.935140998219168 ], [ 2.519757494722822, 48.93523212325313 ], [ 2.520136167985893, 48.93540698561506 ], [ 2.520584256118355, 48.935725475663283 ], [ 2.520892910460712, 48.935990302803866 ], [ 2.522027629824718, 48.935538950842883 ] ] ] } },
{ "type": "Feature", "properties": { "code_qp": "QN09351M", "lib_qp": "Parc De La Noue - Picasso - Pasteur - Europe - Merisiers" }, "geometry": { "type": "Polygon", "coordinates": [ [ [ 2.551133478121107, 48.953638518340306 ], [ 2.550325951922912, 48.953367544356183 ], [ 2.549998943408063, 48.953150096575754 ], [ 2.549204221887889, 48.953632026120829 ], [ 2.548380612696943, 48.953184922001142 ], [ 2.548150673037165, 48.953359398424155 ], [ 2.547817637608081, 48.953386038302256 ], [ 2.548020714729523, 48.95456189870746 ], [ 2.547729704503925, 48.954703932381378 ], [ 2.547212451298234, 48.954963188475972 ], [ 2.546910755422728, 48.95513338375978 ], [ 2.54633037422985, 48.95560779218274 ], [ 2.546074178700711, 48.955864011011357 ], [ 2.545780467147283, 48.956226848328171 ], [ 2.545170592237601, 48.957461885464767 ], [ 2.545150292823865, 48.957579684477203 ], [ 2.540626839613941, 48.956053674085503 ], [ 2.54052839368575, 48.956048739322227 ], [ 2.539811914358669, 48.956210084047953 ], [ 2.538712660436489, 48.957242695420803 ], [ 2.539130220230792, 48.95735112696704 ], [ 2.539230027023598, 48.957370281366707 ], [ 2.539277215440827, 48.957337586025254 ], [ 2.539335818130239, 48.957356239444607 ], [ 2.540030633151273, 48.957536969715491 ], [ 2.540146100225617, 48.957607543536071 ], [ 2.540175611099265, 48.957667012794133 ], [ 2.540154113000833, 48.957718383578296 ], [ 2.539948745125355, 48.958088979964984 ], [ 2.539956550819424, 48.958114653216597 ], [ 2.539959190412229, 48.958183035306021 ], [ 2.539973766881727, 48.958256157284545 ], [ 2.539922744937008, 48.958268355024757 ], [ 2.539728262033774, 48.958248379040917 ], [ 2.537882273775892, 48.958971955530522 ], [ 2.538994394964453, 48.959290417305311 ], [ 2.540695826883939, 48.95978660852883 ], [ 2.541175188495057, 48.959773213634271 ], [ 2.541468446782919, 48.959598711652085 ], [ 2.541538590501088, 48.959545051763833 ], [ 2.542771906909266, 48.960783199862846 ], [ 2.544230066518333, 48.958920146826664 ], [ 2.545099314619073, 48.95772177064223 ], [ 2.545270117487359, 48.957630948314367 ], [ 2.545630245813352, 48.957754343896795 ], [ 2.547053160945565, 48.958224653308008 ], [ 2.549270038339806, 48.958947010815784 ], [ 2.549327626343942, 48.958908824677366 ], [ 2.5503575611508, 48.959244151052374 ], [ 2.550426389521977, 48.959157734499811 ], [ 2.550850310615598, 48.958596934171403 ], [ 2.551154082942674, 48.958195831357514 ], [ 2.551316362699305, 48.957974023422786 ], [ 2.551093083179671, 48.957901456916723 ], [ 2.551425954025689, 48.957458619124658 ], [ 2.551414403395603, 48.957131552986347 ], [ 2.551305524417277, 48.957126164293946 ], [ 2.551229987349629, 48.957113926462178 ], [ 2.551162005738978, 48.957102713126865 ], [ 2.551054820276752, 48.957076409043829 ], [ 2.550974770739593, 48.957061165368671 ], [ 2.550736290142803, 48.956997507552408 ], [ 2.55151034428527, 48.956011262706433 ], [ 2.552657947777777, 48.95551134364829 ], [ 2.552735785885093, 48.95547173440314 ], [ 2.553533340633052, 48.956317047136046 ], [ 2.553752806778861, 48.956481002101064 ], [ 2.553934039973946, 48.956604963918693 ], [ 2.554278901911883, 48.956789060471174 ], [ 2.554578838821104, 48.956919689103096 ], [ 2.558355172768849, 48.958176094971577 ], [ 2.561572210402771, 48.954738493706628 ], [ 2.56289216928982, 48.955273486641076 ], [ 2.563059180289496, 48.955088507888611 ], [ 2.564274909060834, 48.955575777103199 ], [ 2.564335022561112, 48.955585176132317 ], [ 2.564376098621676, 48.955377106504677 ], [ 2.56428688822702, 48.955010655769719 ], [ 2.564198941353651, 48.954674097330745 ], [ 2.564006072873738, 48.95404126689386 ], [ 2.563833973697303, 48.953728312171535 ], [ 2.563450247805377, 48.953306741106807 ], [ 2.563179576680403, 48.95302356327494 ], [ 2.563168078352293, 48.95304358794678 ], [ 2.562804200925986, 48.95348372143188 ], [ 2.561072727861425, 48.952846123431144 ], [ 2.559985316416375, 48.954165917232046 ], [ 2.55974696583006, 48.954093103709567 ], [ 2.559493814683821, 48.953998647822338 ], [ 2.55943680130257, 48.953957065431837 ], [ 2.559428898898465, 48.953923762171456 ], [ 2.559503446261485, 48.953827823010968 ], [ 2.5591304265512, 48.953696964672083 ], [ 2.557022077969589, 48.952905940356374 ], [ 2.556833472940497, 48.953134272013962 ], [ 2.556430997563572, 48.952878486942879 ], [ 2.555545548216204, 48.952317797097251 ], [ 2.554956127337782, 48.951949829508287 ], [ 2.555049676077025, 48.951840987858574 ], [ 2.555070704534657, 48.951828477421309 ], [ 2.554572909883097, 48.951430499065268 ], [ 2.553681978234454, 48.950729433960163 ], [ 2.553523354162804, 48.950784749868504 ], [ 2.553564751905624, 48.950543807227731 ], [ 2.553554189267059, 48.950540779091362 ], [ 2.553606452832986, 48.950267498130671 ], [ 2.55352492608158, 48.950249261720401 ], [ 2.553665458792976, 48.949913544439156 ], [ 2.553165568689927, 48.94982102190697 ], [ 2.553146170345276, 48.949790065279338 ], [ 2.553021497193227, 48.949699493665911 ], [ 2.552663649469742, 48.949964605361338 ], [ 2.552503479573486, 48.949936235759154 ], [ 2.55222116202871, 48.949881259480172 ], [ 2.552162528890537, 48.950085452677115 ], [ 2.551936658774157, 48.950247072385025 ], [ 2.551240243623597, 48.949775092103479 ], [ 2.5505832549104, 48.949320588463998 ], [ 2.549772667574044, 48.950026862733701 ], [ 2.550614747640674, 48.950555602637053 ], [ 2.550157828140052, 48.950876499693699 ], [ 2.550785110072339, 48.951353466257302 ], [ 2.550582842169701, 48.951471399568945 ], [ 2.550805273736537, 48.951638858831217 ], [ 2.550653208676332, 48.951730941834143 ], [ 2.550773504077866, 48.951814331853505 ], [ 2.550635129800316, 48.951897499716267 ], [ 2.55074341253219, 48.951970632992641 ], [ 2.550774997563027, 48.951991672943819 ], [ 2.551065468262412, 48.951988028683068 ], [ 2.551129762340612, 48.952015429864119 ], [ 2.550923484050512, 48.952159921460357 ], [ 2.550931735182115, 48.952241197799374 ], [ 2.551027998384163, 48.952329698551239 ], [ 2.550978491594539, 48.952407362347024 ], [ 2.550865726129284, 48.952475995368204 ], [ 2.550618192181163, 48.952577138595871 ], [ 2.550023952264135, 48.953126592596135 ], [ 2.550403319868066, 48.953360092890271 ], [ 2.55079012188971, 48.953502949501022 ], [ 2.551651634368247, 48.953762326014711 ], [ 2.55175345378259, 48.953511032044752 ], [ 2.552135568241008, 48.953635699376932 ], [ 2.552628763750091, 48.953804773272424 ], [ 2.55292238354096, 48.953475418559897 ], [ 2.553156132791778, 48.953559976221861 ], [ 2.553127049029623, 48.953599718430048 ], [ 2.553243150536467, 48.953643986762444 ], [ 2.55351507195417, 48.953335161215563 ], [ 2.553386460781544, 48.953279658754688 ], [ 2.553393454907989, 48.953230668197058 ], [ 2.553849405331904, 48.953058238335345 ], [ 2.554044348111458, 48.953110825467917 ], [ 2.555697095818913, 48.952905159362089 ], [ 2.556534538821427, 48.953479301886283 ], [ 2.556431781197876, 48.95359707851312 ], [ 2.558312086893455, 48.95430211995712 ], [ 2.558195279000366, 48.95451837701178 ], [ 2.558144419307621, 48.954628774877392 ], [ 2.558048703663959, 48.95485507209164 ], [ 2.557935183583496, 48.955040207678067 ], [ 2.557880028100456, 48.955121946973087 ], [ 2.557475419541948, 48.955647726597611 ], [ 2.556085599106408, 48.955118237084399 ], [ 2.555498986192069, 48.954895742959515 ], [ 2.555345025807108, 48.954858309862139 ], [ 2.55508607621314, 48.955158619162077 ], [ 2.555029374669045, 48.955202452407519 ], [ 2.555161016036808, 48.955455634797211 ], [ 2.555196223957562, 48.955491721174525 ], [ 2.554428412004626, 48.955856677638749 ], [ 2.554246774869286, 48.955948344616189 ], [ 2.554280397550294, 48.956077338435762 ], [ 2.553848623772171, 48.956269064855306 ], [ 2.55381000309478, 48.956224947666222 ], [ 2.553679768030543, 48.95628000982552 ], [ 2.55359093323854, 48.95630480828914 ], [ 2.553252177285181, 48.955938914440537 ], [ 2.552907512107198, 48.955557057245699 ], [ 2.5527212251407, 48.955374803197905 ], [ 2.552579623597488, 48.955188442241948 ], [ 2.551277305341392, 48.955750469139474 ], [ 2.551115182318694, 48.9556044078589 ], [ 2.551065106894356, 48.955534481939765 ], [ 2.551113988417113, 48.955477797182482 ], [ 2.551280848616274, 48.955230740212258 ], [ 2.551709055566696, 48.954663113962823 ], [ 2.550986247149217, 48.954402319573532 ], [ 2.551313763499603, 48.953979746252422 ], [ 2.551498823680343, 48.95374013994175 ], [ 2.551133478121107, 48.953638518340306 ] ] ] } },
{ "type": "Feature", "properties": { "code_qp": "QN09369N", "lib_qp": "L'Eglise" }, "geometry": { "type": "Polygon", "coordinates": [ [ [ 2.545040797870794, 48.922351401842668 ], [ 2.545713082347939, 48.923218378469159 ], [ 2.545960212759289, 48.923060849308172 ], [ 2.546017139175603, 48.923048004629528 ], [ 2.546243590197234, 48.92289485997992 ], [ 2.546648846149465, 48.922642614635294 ], [ 2.546654219866241, 48.922632190840211 ], [ 2.546255910923055, 48.922333635706181 ], [ 2.546232379843352, 48.922304813755368 ], [ 2.546244995157149, 48.92229553100929 ], [ 2.546558509762325, 48.922096857173521 ], [ 2.547004748681795, 48.922418831707787 ], [ 2.547560950476294, 48.922822858177703 ], [ 2.547688873391009, 48.922926215536791 ], [ 2.547520788950234, 48.92301725711711 ], [ 2.54769721891205, 48.923159731531698 ], [ 2.547737741312115, 48.923179379832902 ], [ 2.547921361678684, 48.923124370772271 ], [ 2.547766109884424, 48.922977374049744 ], [ 2.548600253629465, 48.922515571553085 ], [ 2.547881724020294, 48.921957743244327 ], [ 2.547025574338356, 48.921298753897176 ], [ 2.547037761385973, 48.921098195216175 ], [ 2.546755805030696, 48.92101254593549 ], [ 2.546040825572524, 48.920622034022763 ], [ 2.54587586963371, 48.920650363680785 ], [ 2.545620455017397, 48.920826081435457 ], [ 2.545808551562538, 48.92096614930005 ], [ 2.545804191997576, 48.9210278290441 ], [ 2.54570242779011, 48.921085362187434 ], [ 2.545448831767578, 48.920919427774272 ], [ 2.545234825364433, 48.921053066292977 ], [ 2.545053888657261, 48.921131155452976 ], [ 2.544731043180618, 48.921246273301165 ], [ 2.544875936162239, 48.921390720803601 ], [ 2.54486245303193, 48.921522962019331 ], [ 2.54481388497216, 48.921644181311379 ], [ 2.544575608923302, 48.92179940512834 ], [ 2.544977918765097, 48.922113192005874 ], [ 2.545095501597267, 48.922298761583477 ], [ 2.545040797870794, 48.922351401842668 ] ] ] } },
{ "type": "Feature", "properties": { "code_qp": "QN09370N", "lib_qp": "Les Renouillères" }, "geometry": { "type": "Polygon", "coordinates": [ [ [ 2.509966143058196, 48.866694964422919 ], [ 2.510739931150592, 48.866708015908294 ], [ 2.511019101012873, 48.866091108063245 ], [ 2.511107015568003, 48.865944678943734 ], [ 2.512075054846264, 48.86607280509164 ], [ 2.513183634257616, 48.866221223957616 ], [ 2.513298053242198, 48.866024400678342 ], [ 2.51268041922041, 48.865858253939628 ], [ 2.512682265051263, 48.86584897728229 ], [ 2.5128625920277, 48.865564223025608 ], [ 2.513178637188315, 48.865061842360994 ], [ 2.513301493216853, 48.865091355083777 ], [ 2.513376699112098, 48.864967160471437 ], [ 2.513381958018878, 48.864951259057435 ], [ 2.512772827298392, 48.864817641793039 ], [ 2.512067219875653, 48.864686775131403 ], [ 2.512401008700627, 48.864153025203009 ], [ 2.512432961158586, 48.864106017583119 ], [ 2.511953133198328, 48.864065764579522 ], [ 2.512020624283672, 48.86351866357937 ], [ 2.511072927690152, 48.863449083326977 ], [ 2.511002666249169, 48.863943511477821 ], [ 2.510767498892537, 48.863924964111526 ], [ 2.510605222574385, 48.863912872409507 ], [ 2.510634563304165, 48.86378585325285 ], [ 2.510515562793423, 48.863776795429615 ], [ 2.51072578582845, 48.86283339653594 ], [ 2.509633055833526, 48.862754172603765 ], [ 2.509681702861154, 48.862444511665075 ], [ 2.509237717682392, 48.86243350096462 ], [ 2.509168559335095, 48.862524349226085 ], [ 2.509206619909357, 48.862751464004873 ], [ 2.509164672963012, 48.86302035040837 ], [ 2.509004644669538, 48.86373688156359 ], [ 2.509520869161987, 48.863834161267853 ], [ 2.509798313727178, 48.863872969691556 ], [ 2.509755485169814, 48.864052515467485 ], [ 2.509747049276083, 48.864098526911356 ], [ 2.509261913894564, 48.864061722939496 ], [ 2.509243734330507, 48.864124316678655 ], [ 2.508973594557997, 48.864101183559434 ], [ 2.508960000341255, 48.864181179068289 ], [ 2.508905528275671, 48.864175152943872 ], [ 2.508852232768414, 48.864417483673343 ], [ 2.508753743306518, 48.864415918930135 ], [ 2.508719806173836, 48.864657168485138 ], [ 2.508391015088084, 48.864641892110292 ], [ 2.508355858125346, 48.86463942664723 ], [ 2.508308954061632, 48.865010570552748 ], [ 2.508202554414562, 48.8650426324064 ], [ 2.508122755100306, 48.865811923837242 ], [ 2.507853269471009, 48.865802244848062 ], [ 2.507821043254491, 48.866119245360792 ], [ 2.507955225333323, 48.866126225447992 ], [ 2.507929998033124, 48.866275402788055 ], [ 2.507908508797454, 48.866387007366669 ], [ 2.507923170407896, 48.866684809673579 ], [ 2.508665429835438, 48.866692501149565 ], [ 2.509307425743835, 48.866699777004079 ], [ 2.509966143058196, 48.866694964422919 ] ] ] } },
{ "type": "Feature", "properties": { "code_qp": "QN09401M", "lib_qp": "Pierre Et Marie Curie" }, "geometry": { "type": "Polygon", "coordinates": [ [ [ 2.37352111851206, 48.812385752074171 ], [ 2.372579014597833, 48.812614467874191 ], [ 2.372157340639709, 48.81301354948998 ], [ 2.37401334591069, 48.813766680716569 ], [ 2.373935557048731, 48.813868534955056 ], [ 2.373582515128771, 48.814323556127682 ], [ 2.374650317548338, 48.814814755361013 ], [ 2.375005855490003, 48.814424465489026 ], [ 2.37522006544003, 48.814204164151128 ], [ 2.375304881280554, 48.814131039595544 ], [ 2.37534859151321, 48.814120469976856 ], [ 2.375381255664472, 48.814127553288145 ], [ 2.375490880062331, 48.814164858993777 ], [ 2.375513145448417, 48.814137523883026 ], [ 2.375966905281166, 48.813623760003587 ], [ 2.376164562318347, 48.813707591308912 ], [ 2.376605739955798, 48.813281459560187 ], [ 2.376360453487293, 48.813165304880187 ], [ 2.376252823914609, 48.813094497285192 ], [ 2.376185586149448, 48.813024884919159 ], [ 2.376155178539812, 48.812947381030263 ], [ 2.376150100378208, 48.812917674858262 ], [ 2.376161324728244, 48.81288985611728 ], [ 2.376367869220873, 48.812666684400803 ], [ 2.376738339634785, 48.812837269484852 ], [ 2.376781342443565, 48.81281138558635 ], [ 2.376882164629077, 48.812710611792738 ], [ 2.37693415502445, 48.812726547592874 ], [ 2.377063873767489, 48.81258937292926 ], [ 2.377432103563507, 48.81220854658168 ], [ 2.377064191552879, 48.812033272487326 ], [ 2.376306420548802, 48.811667463594169 ], [ 2.375924566033255, 48.811759973311922 ], [ 2.375393398126434, 48.81219556731152 ], [ 2.375290282167245, 48.812279353553755 ], [ 2.374726676338056, 48.812031562632782 ], [ 2.374508656182738, 48.81208352285185 ], [ 2.374517443191715, 48.812113194561491 ], [ 2.374506282657696, 48.812135633384756 ], [ 2.374450757554719, 48.812167746882558 ], [ 2.37352111851206, 48.812385752074171 ] ] ] } },
{ "type": "Feature", "properties": { "code_qp": "QN09404M", "lib_qp": "Chantereine" }, "geometry": { "type": "Polygon", "coordinates": [ [ [ 2.42532298578528, 48.786794300981924 ], [ 2.425836084081763, 48.786740107901934 ], [ 2.425893392402655, 48.786562308061761 ], [ 2.426295830763781, 48.7860879562622 ], [ 2.426498434293005, 48.785851252105765 ], [ 2.426901552655278, 48.785381969052821 ], [ 2.427619497418012, 48.784542991858075 ], [ 2.427850339333851, 48.784267743740408 ], [ 2.427735089394107, 48.784247973918198 ], [ 2.427258691303826, 48.784147687479752 ], [ 2.426870832017147, 48.784109817433922 ], [ 2.426869331465966, 48.784104277937509 ], [ 2.426201985057443, 48.784040560862707 ], [ 2.425130125211568, 48.783942143567096 ], [ 2.424868893409101, 48.783986065282051 ], [ 2.424914738584686, 48.784376984314456 ], [ 2.424615204098175, 48.784509158205147 ], [ 2.424100982176868, 48.784784267371982 ], [ 2.424067188993187, 48.784787191302158 ], [ 2.423928426855872, 48.784880972880863 ], [ 2.423821726436028, 48.784960269030925 ], [ 2.423842042851979, 48.784962562346152 ], [ 2.42387003443219, 48.785005264640859 ], [ 2.424168772967052, 48.785254564505657 ], [ 2.424898023049955, 48.785716991915237 ], [ 2.424898192736479, 48.786082072134654 ], [ 2.425173457068976, 48.786312879640391 ], [ 2.425175401671587, 48.786324667035309 ], [ 2.425192931332019, 48.786323516234098 ], [ 2.42532298578528, 48.786794300981924 ] ] ] } },
{ "type": "Feature", "properties": { "code_qp": "QN09405M", "lib_qp": "Mont Mesly - La Habette - Coteaux Du Sud" }, "geometry": { "type": "Polygon", "coordinates": [ [ [ 2.472472555812109, 48.776819965277241 ], [ 2.472737841743303, 48.776500543302156 ], [ 2.473030422069408, 48.776184682130719 ], [ 2.473731928324916, 48.775458840469909 ], [ 2.471898551524911, 48.774513875481709 ], [ 2.471883844867516, 48.774753870457573 ], [ 2.468876340232356, 48.774670916814742 ], [ 2.468889094778501, 48.774438394936865 ], [ 2.468023049949291, 48.77435728582757 ], [ 2.468026571713185, 48.774285158676136 ], [ 2.468275749417448, 48.774156935953748 ], [ 2.468394730552165, 48.774020036144229 ], [ 2.468628645315662, 48.773828183311593 ], [ 2.468461929016711, 48.773809473949157 ], [ 2.468502247481664, 48.773581520401095 ], [ 2.468678506452472, 48.773607826598202 ], [ 2.468737792197973, 48.773521385243505 ], [ 2.46897915963463, 48.773142146871542 ], [ 2.468783506167792, 48.773129202697611 ], [ 2.468836385483155, 48.773047554754697 ], [ 2.468761134467157, 48.773043098402042 ], [ 2.468382756499232, 48.773013949617713 ], [ 2.468402330903523, 48.772948160147017 ], [ 2.467832069916123, 48.773249356298592 ], [ 2.467567780270791, 48.773233636293632 ], [ 2.467473407924263, 48.77325548504232 ], [ 2.466819656688939, 48.772698554649018 ], [ 2.466838426933067, 48.772545576750225 ], [ 2.46693347299523, 48.772428937455935 ], [ 2.46699353444136, 48.772371319653175 ], [ 2.467141007124117, 48.772264328673785 ], [ 2.467114486151196, 48.772256383790044 ], [ 2.467359202401329, 48.772191235695416 ], [ 2.46793205560029, 48.772032583679035 ], [ 2.468094011221741, 48.771990311213791 ], [ 2.468225521247955, 48.771943080713264 ], [ 2.468336142893417, 48.771897840071929 ], [ 2.468480459783819, 48.771806425575775 ], [ 2.468502909077883, 48.771805368759843 ], [ 2.469175630135068, 48.772197592506927 ], [ 2.469238137165731, 48.772237106579816 ], [ 2.4693491190365, 48.772340515602217 ], [ 2.469415805100915, 48.772431589333877 ], [ 2.469447058616246, 48.772494643396861 ], [ 2.469484052573169, 48.772577874638813 ], [ 2.469521046530092, 48.772746018140957 ], [ 2.469707008531744, 48.77276818445474 ], [ 2.469462058778981, 48.771940663126728 ], [ 2.470815830748586, 48.771813254157756 ], [ 2.472037150761446, 48.772215990719644 ], [ 2.472297112159061, 48.771827573304741 ], [ 2.472117884114744, 48.771756806520621 ], [ 2.472352677944785, 48.771518259912277 ], [ 2.472064505601291, 48.771440135148971 ], [ 2.472093383920004, 48.77140952175936 ], [ 2.471759659608358, 48.771332278774494 ], [ 2.471812324558988, 48.771247442657049 ], [ 2.471829591480075, 48.771153070248303 ], [ 2.471823155999529, 48.771116173212285 ], [ 2.471724537909827, 48.77104557781783 ], [ 2.470809902175727, 48.770669179397174 ], [ 2.470186397570582, 48.770562690004304 ], [ 2.469877351969437, 48.770522634873032 ], [ 2.46979974700572, 48.770528034929804 ], [ 2.4696825276529, 48.770554906751947 ], [ 2.469338514334837, 48.770702701516676 ], [ 2.468834036165304, 48.770644971417035 ], [ 2.468002610524486, 48.771148024924194 ], [ 2.468145323893885, 48.771570755066605 ], [ 2.467568056332274, 48.772002464551178 ], [ 2.466880217557064, 48.772191765355089 ], [ 2.465534943652633, 48.771884015308338 ], [ 2.465156937246696, 48.7726779367147 ], [ 2.465025693324058, 48.772650767519686 ], [ 2.46502260195381, 48.772660040968304 ], [ 2.464427413022127, 48.773903570538316 ], [ 2.464396566493848, 48.773984259509859 ], [ 2.464417675027714, 48.774044077543479 ], [ 2.464247605100841, 48.774562293677128 ], [ 2.46206723365697, 48.774208387726546 ], [ 2.462042489882918, 48.774251863330178 ], [ 2.462251214340741, 48.774310069845342 ], [ 2.46204952229143, 48.774607873301662 ], [ 2.462038065211174, 48.774604219844612 ], [ 2.461785300362044, 48.774957595143213 ], [ 2.461849537320008, 48.774981840588922 ], [ 2.461615460405059, 48.775288178862155 ], [ 2.461382197979926, 48.775552196845616 ], [ 2.461498665936031, 48.775553721832857 ], [ 2.461489966675322, 48.77572934469174 ], [ 2.462167593654342, 48.775752450062342 ], [ 2.461959576343095, 48.776179973134525 ], [ 2.462382781184518, 48.776192011676628 ], [ 2.462703229454731, 48.776205555033151 ], [ 2.462710685190471, 48.776057708404871 ], [ 2.462816484586638, 48.776063919294252 ], [ 2.462840043558776, 48.775799988777571 ], [ 2.462929643759554, 48.775801258609356 ], [ 2.462931570645592, 48.77581141726224 ], [ 2.463079940870537, 48.775814591840799 ], [ 2.463084758085632, 48.775773957219528 ], [ 2.463319838182298, 48.775779671465116 ], [ 2.463332362941546, 48.775667291182152 ], [ 2.463370059693411, 48.775669423224748 ], [ 2.46358229647038, 48.775674399943185 ], [ 2.463636374634484, 48.774935488868145 ], [ 2.463650355877519, 48.774860453913291 ], [ 2.463901553788846, 48.774977426384375 ], [ 2.463958999493117, 48.775023534722202 ], [ 2.464009636627243, 48.775069348085722 ], [ 2.464048973271036, 48.775113574110385 ], [ 2.464068642398785, 48.775156733351707 ], [ 2.464107049951572, 48.775658442967632 ], [ 2.464238427962169, 48.775657648662119 ], [ 2.464386179992136, 48.775622339679288 ], [ 2.464460203686476, 48.775591721261833 ], [ 2.464520381470904, 48.775559417482107 ], [ 2.46457350215433, 48.775518645006031 ], [ 2.46461704674119, 48.775477423196328 ], [ 2.464712446792266, 48.775343573075574 ], [ 2.464756870293043, 48.775217687524027 ], [ 2.464816260196967, 48.775210914734195 ], [ 2.464903467845607, 48.77520304964866 ], [ 2.465036461930524, 48.775359363918213 ], [ 2.465112948761216, 48.775563639698042 ], [ 2.465127038440555, 48.775681694802131 ], [ 2.465127038440554, 48.775790464427658 ], [ 2.46510489751588, 48.775915151269373 ], [ 2.465063900100894, 48.776077482425251 ], [ 2.465049956305473, 48.776272697923538 ], [ 2.465099705567563, 48.776459471663031 ], [ 2.465296694619935, 48.77646543775009 ], [ 2.465345991231931, 48.776452338396957 ], [ 2.465370639537929, 48.776433475322385 ], [ 2.465384951457541, 48.776405704672072 ], [ 2.465392902523991, 48.776251131903251 ], [ 2.465374615071154, 48.77620606992177 ], [ 2.46527721450713, 48.776135594997491 ], [ 2.465330486652352, 48.776098916559064 ], [ 2.46531776494603, 48.776092366835123 ], [ 2.465431491880941, 48.776009101872262 ], [ 2.465731743585012, 48.776052904400174 ], [ 2.465812684418211, 48.776114058650222 ], [ 2.466255366624626, 48.776190166986439 ], [ 2.466178059429855, 48.776232071617905 ], [ 2.466109411446192, 48.776281935973941 ], [ 2.466072321152226, 48.776315842933855 ], [ 2.466040177836228, 48.77636070331112 ], [ 2.46603861895036, 48.776368222584203 ], [ 2.466018993314287, 48.776602166689777 ], [ 2.466304066564509, 48.776608550360493 ], [ 2.466305450415239, 48.776692449957544 ], [ 2.466539321188478, 48.776697009714269 ], [ 2.466521184930086, 48.77696223783925 ], [ 2.466646768658228, 48.77696611313354 ], [ 2.466767163671672, 48.777028125450947 ], [ 2.467403764146773, 48.777045522749312 ], [ 2.46678194987886, 48.777905455057805 ], [ 2.46666109020425, 48.778091290842383 ], [ 2.466421215414627, 48.778459621302005 ], [ 2.465860784042752, 48.779337905560794 ], [ 2.465695528638223, 48.779681166121314 ], [ 2.465041692037703, 48.781006840039801 ], [ 2.464772153844824, 48.781562488158698 ], [ 2.464565229209011, 48.781983240172579 ], [ 2.464336511379792, 48.78244792909053 ], [ 2.46403557582359, 48.783035320222339 ], [ 2.463984473559329, 48.783141947811608 ], [ 2.463899017727304, 48.783373581069078 ], [ 2.465095619369625, 48.78373251070748 ], [ 2.46523505762135, 48.78372898373199 ], [ 2.465187192765356, 48.783487895891227 ], [ 2.465142975946542, 48.783229619044299 ], [ 2.465142249853273, 48.782961787155138 ], [ 2.465228353350641, 48.782588998639007 ], [ 2.465324998946501, 48.782419287474383 ], [ 2.465488088662333, 48.782029661848775 ], [ 2.465848840724321, 48.781546946372195 ], [ 2.466934467269517, 48.781577806961963 ], [ 2.466940524031638, 48.78152459372798 ], [ 2.466948550687958, 48.781436933590001 ], [ 2.466978058006059, 48.78110263227228 ], [ 2.466979381566344, 48.781028419192531 ], [ 2.467114161392913, 48.781031355117925 ], [ 2.467182970924047, 48.780135955913487 ], [ 2.468811352599333, 48.780183959399004 ], [ 2.468751661665552, 48.781279813671318 ], [ 2.468585323759847, 48.781278326479011 ], [ 2.468542441673689, 48.781977762189769 ], [ 2.469024299497343, 48.781982092958778 ], [ 2.469204311735838, 48.781985064871876 ], [ 2.469304551029194, 48.781985581956455 ], [ 2.469311058046334, 48.781946458329699 ], [ 2.469355571581404, 48.781330595534449 ], [ 2.47039015978239, 48.781367536336219 ], [ 2.471502748933126, 48.781363698296957 ], [ 2.471559592937766, 48.781371324972824 ], [ 2.471660470934747, 48.781179071910273 ], [ 2.471758519849425, 48.7810518995636 ], [ 2.472145533130522, 48.78054031880712 ], [ 2.472073372739912, 48.780504264236932 ], [ 2.472070038260603, 48.780466471695611 ], [ 2.472055366551638, 48.78043571030382 ], [ 2.472042028634398, 48.780418571805924 ], [ 2.472023355550263, 48.780404948893185 ], [ 2.47197625218593, 48.780383665272439 ], [ 2.471643891804791, 48.780327166384993 ], [ 2.471573461777063, 48.780205243037187 ], [ 2.471587529405111, 48.779943060011938 ], [ 2.470614829854716, 48.77991719134733 ], [ 2.470654920617398, 48.779316830897159 ], [ 2.470661414191634, 48.77930771473951 ], [ 2.470659560716115, 48.77928549971508 ], [ 2.471027427014619, 48.779292864074819 ], [ 2.471050516608231, 48.778979355227577 ], [ 2.471628293989322, 48.778997390858123 ], [ 2.472190270741066, 48.778928334499575 ], [ 2.472976190408689, 48.778783223769622 ], [ 2.473128488752538, 48.778746233340023 ], [ 2.473389267593899, 48.778648036073847 ], [ 2.473464143481433, 48.777570475003941 ], [ 2.472728701739249, 48.777214032565603 ], [ 2.472189616506855, 48.777178380118592 ], [ 2.472149609088603, 48.777177557116694 ], [ 2.472472555812109, 48.776819965277241 ] ] ] } },
{ "type": "Feature", "properties": { "code_qp": "QN09410M", "lib_qp": "Colonel Fabien" }, "geometry": { "type": "Polygon", "coordinates": [ [ [ 2.378040004702731, 48.783080732998876 ], [ 2.379109265274868, 48.783652517457348 ], [ 2.379321638236279, 48.783477692435184 ], [ 2.379292732849173, 48.783462758381958 ], [ 2.379501562096001, 48.783209559928636 ], [ 2.37999599957386, 48.783395446918881 ], [ 2.380849660607085, 48.782567020484827 ], [ 2.381228828900707, 48.782250171403618 ], [ 2.38111316869351, 48.782171872688856 ], [ 2.380445232009397, 48.781838037234145 ], [ 2.379992885933574, 48.782219424533906 ], [ 2.379970304510259, 48.782247057730281 ], [ 2.379515418005898, 48.78208475844071 ], [ 2.378951451488218, 48.781880789038382 ], [ 2.378256095620083, 48.781655209804619 ], [ 2.377779206110984, 48.781500452845734 ], [ 2.377313098332408, 48.781379753176196 ], [ 2.376732769560816, 48.781832072303793 ], [ 2.377647727317819, 48.782395673724324 ], [ 2.378340713604987, 48.782814709176932 ], [ 2.378040004702731, 48.783080732998876 ] ] ] } },
{ "type": "Feature", "properties": { "code_qp": "QN09428M", "lib_qp": "Quartier Est" }, "geometry": { "type": "Polygon", "coordinates": [ [ [ 2.418664840020196, 48.749150775281336 ], [ 2.418643675612698, 48.749025224650417 ], [ 2.418526737709235, 48.748717012105999 ], [ 2.418207006461612, 48.748135969074255 ], [ 2.417959584509263, 48.747760601473978 ], [ 2.417796877786361, 48.747610278783789 ], [ 2.417608566174323, 48.747470874660706 ], [ 2.417361520849624, 48.747340416016243 ], [ 2.417005507097815, 48.74721681073963 ], [ 2.417045914027389, 48.747098833465628 ], [ 2.417114039499432, 48.746998994645075 ], [ 2.417255162701987, 48.746863044136653 ], [ 2.41726797891925, 48.746715388440812 ], [ 2.41701176304108, 48.745656105173168 ], [ 2.416112400782953, 48.745722402149724 ], [ 2.415644759888051, 48.746368626357118 ], [ 2.414000727965586, 48.74595018875182 ], [ 2.411436495299041, 48.745306079506065 ], [ 2.411203359640933, 48.745706125663148 ], [ 2.408691956761013, 48.745076967835622 ], [ 2.40867499950209, 48.74510407360922 ], [ 2.408605844371818, 48.745202999417295 ], [ 2.408299826565255, 48.745105466166088 ], [ 2.408555731921938, 48.745328923184324 ], [ 2.408534737530353, 48.745372432411479 ], [ 2.408520069064732, 48.745408051984853 ], [ 2.408476673321596, 48.745625622432925 ], [ 2.408510138752788, 48.745830168453963 ], [ 2.408409130101298, 48.745844729939407 ], [ 2.408245316889861, 48.745800561837292 ], [ 2.407515034020257, 48.74572021162944 ], [ 2.407305758957095, 48.746475987496993 ], [ 2.407214287737437, 48.746795840849835 ], [ 2.40668810384429, 48.746606010266461 ], [ 2.406002987040734, 48.746365480061257 ], [ 2.404967574897325, 48.745999566766471 ], [ 2.404824162953753, 48.746212570524023 ], [ 2.404517639993964, 48.746318949287321 ], [ 2.404364378514069, 48.746552981773917 ], [ 2.404299847364638, 48.746744462088671 ], [ 2.40433814355857, 48.746837848025308 ], [ 2.402858126913401, 48.747546338446874 ], [ 2.402202585008181, 48.746414689981776 ], [ 2.402134849480444, 48.746203579349014 ], [ 2.402131416821938, 48.746042872010655 ], [ 2.402164961393471, 48.745911725873448 ], [ 2.40223851522336, 48.745762490711165 ], [ 2.402391653729278, 48.745596574418585 ], [ 2.402528808948474, 48.745442107634183 ], [ 2.402134861779152, 48.745360690763299 ], [ 2.402091040511869, 48.745470010347596 ], [ 2.401202352192023, 48.745898751860274 ], [ 2.400801931410327, 48.745822896790003 ], [ 2.400699538418323, 48.745986868815422 ], [ 2.400674671548837, 48.746003265988563 ], [ 2.400749040389434, 48.746118686615524 ], [ 2.40090724991639, 48.746207747933354 ], [ 2.40086336720553, 48.746322527528392 ], [ 2.400809245195469, 48.746393902942657 ], [ 2.399966733495747, 48.746239593543244 ], [ 2.401001133875934, 48.747651793665554 ], [ 2.401172227152475, 48.747952632519052 ], [ 2.401489066553478, 48.748545948312412 ], [ 2.40173475185287, 48.748523775022683 ], [ 2.404935417806618, 48.749220163544649 ], [ 2.405568670238872, 48.749320127164168 ], [ 2.406506002597173, 48.749455284977145 ], [ 2.406646624573983, 48.748925840307862 ], [ 2.406662928571294, 48.748855963944976 ], [ 2.406750657345294, 48.74852486934433 ], [ 2.407355064573471, 48.74858611054578 ], [ 2.407409128522781, 48.748566001502809 ], [ 2.407558593858123, 48.748555530670572 ], [ 2.40776342250775, 48.748567302198488 ], [ 2.409378763717788, 48.748746964968184 ], [ 2.409533360184426, 48.748170636430167 ], [ 2.407930908347568, 48.74797264448857 ], [ 2.407984422509095, 48.747804056675918 ], [ 2.408049172494517, 48.747753353181203 ], [ 2.408330539984835, 48.747612757934071 ], [ 2.408417165789277, 48.747432471324842 ], [ 2.408487621934709, 48.747444271731865 ], [ 2.408537204899301, 48.747277665589813 ], [ 2.408627429634163, 48.746933489591946 ], [ 2.40897604723125, 48.746970866852628 ], [ 2.409098910797518, 48.746474203948551 ], [ 2.409068617365691, 48.746437124422002 ], [ 2.409242626818722, 48.745782160232324 ], [ 2.410132962563392, 48.745899707359314 ], [ 2.410275228883758, 48.745872855067937 ], [ 2.41035108327479, 48.745856484042996 ], [ 2.41050515574766, 48.746040108734839 ], [ 2.410842371058334, 48.746426869266593 ], [ 2.411047980991656, 48.746655927776224 ], [ 2.411271858171042, 48.746996947427135 ], [ 2.411412251290767, 48.747240745493642 ], [ 2.411491682390088, 48.747408938785725 ], [ 2.411535744418822, 48.747540390359994 ], [ 2.411886687884587, 48.748153105584159 ], [ 2.412050895339993, 48.748304511556647 ], [ 2.412239633338173, 48.748589420154438 ], [ 2.412341771568896, 48.748764184151099 ], [ 2.412507737638627, 48.749048974723195 ], [ 2.412564811068935, 48.74918048972917 ], [ 2.412596402250733, 48.749264545877196 ], [ 2.412905782678802, 48.749793745539733 ], [ 2.413092493391607, 48.750168425343219 ], [ 2.410614474169547, 48.750815827722448 ], [ 2.410148523177857, 48.75070748952551 ], [ 2.410103786107177, 48.750766609329112 ], [ 2.408485442113145, 48.75038625010172 ], [ 2.407961816354623, 48.750262231908991 ], [ 2.40788721542927, 48.750273944956 ], [ 2.407720793321392, 48.750318294398305 ], [ 2.407625937966448, 48.750363004064802 ], [ 2.407311619568394, 48.751112265434934 ], [ 2.407330553572158, 48.751163993893776 ], [ 2.407409766018789, 48.751211321082977 ], [ 2.407342030670078, 48.751328884363346 ], [ 2.407974191816102, 48.751450250155912 ], [ 2.408754998661642, 48.751601170971277 ], [ 2.411053137423378, 48.752065523075451 ], [ 2.413295302190718, 48.752449547481326 ], [ 2.413762157282223, 48.751656934898953 ], [ 2.414718220642218, 48.751934902426818 ], [ 2.41660062928095, 48.752466664884075 ], [ 2.41809461028951, 48.750168141957033 ], [ 2.418402883511495, 48.749606040263586 ], [ 2.418539192090079, 48.749401283932919 ], [ 2.418613143451783, 48.749279776757582 ], [ 2.418664840020196, 48.749150775281336 ] ] ] } },
{ "type": "Feature", "properties": { "code_qp": "QN09430I", "lib_qp": "Rives De La Marne" }, "geometry": { "type": "Polygon", "coordinates": [ [ [ 2.471909196731171, 48.802071345001231 ], [ 2.472059593563932, 48.801550121454255 ], [ 2.472076478055488, 48.801361308940407 ], [ 2.472026485693011, 48.801189318114695 ], [ 2.471956442467612, 48.801063010194127 ], [ 2.471794353646541, 48.800814916200579 ], [ 2.471660729392285, 48.800599568477338 ], [ 2.471415680660327, 48.800200895237104 ], [ 2.471234183774385, 48.800053992551135 ], [ 2.470973100484828, 48.799942595882776 ], [ 2.470647441071476, 48.799885571976105 ], [ 2.470251652602469, 48.800734472410824 ], [ 2.470037894848702, 48.801152386802123 ], [ 2.469772933430766, 48.80171392842194 ], [ 2.469721860778431, 48.801879530490332 ], [ 2.469709773693123, 48.801943525674666 ], [ 2.46970459489048, 48.802184550452019 ], [ 2.469717218054224, 48.802336210348066 ], [ 2.469748203242407, 48.802526637806245 ], [ 2.469745633260931, 48.802779443377233 ], [ 2.469740304898877, 48.803492417259157 ], [ 2.469706605663518, 48.803592995147135 ], [ 2.46965403227284, 48.803674602222998 ], [ 2.469469549980933, 48.804009250046064 ], [ 2.469750597303972, 48.804088748816476 ], [ 2.4698237334739, 48.804126841919043 ], [ 2.46986309230349, 48.804179959574036 ], [ 2.469879775350171, 48.804373534048722 ], [ 2.469913303004788, 48.804503674157822 ], [ 2.46993666182818, 48.804534757885136 ], [ 2.470639830508777, 48.805280781874913 ], [ 2.470896654553222, 48.805601195967618 ], [ 2.471077806138436, 48.805863712373963 ], [ 2.47123207408956, 48.805944853542719 ], [ 2.47143778218599, 48.80473334031764 ], [ 2.471484044698993, 48.804338352454749 ], [ 2.471502807388025, 48.804002364718272 ], [ 2.471553572840577, 48.803314352765327 ], [ 2.471636024205786, 48.803020022649356 ], [ 2.471909196731171, 48.802071345001231 ] ] ] } },
{ "type": "Feature", "properties": { "code_qp": "QN09442N", "lib_qp": "Les Sorbiers - Lallier" }, "geometry": { "type": "Polygon", "coordinates": [ [ [ 2.355839839986839, 48.774879124190505 ], [ 2.355628049970873, 48.775089895892769 ], [ 2.355336043449192, 48.774961293680526 ], [ 2.354904043486125, 48.774746489975406 ], [ 2.354848187517087, 48.774714805186299 ], [ 2.354737182616593, 48.774640718616006 ], [ 2.354392148276205, 48.774913300741595 ], [ 2.353981999011853, 48.775233071947405 ], [ 2.353919140133337, 48.775290253755372 ], [ 2.353622184348577, 48.775570753419665 ], [ 2.35345822821069, 48.775752416737873 ], [ 2.353385326758349, 48.775807918856522 ], [ 2.353661071415628, 48.776126156768747 ], [ 2.354461437959316, 48.777082256194042 ], [ 2.354625470678516, 48.777373928124753 ], [ 2.354683447760303, 48.777480159652939 ], [ 2.354702537775037, 48.777512774550672 ], [ 2.35471597148911, 48.77754259386726 ], [ 2.354739303729342, 48.777606425782153 ], [ 2.354761221894406, 48.777694019810767 ], [ 2.354771312513887, 48.777794645274142 ], [ 2.355264986267441, 48.777898831778487 ], [ 2.356498413235255, 48.778124532920693 ], [ 2.356559925504955, 48.778133385424304 ], [ 2.356648305202802, 48.778133851345423 ], [ 2.356708403397336, 48.778112418965932 ], [ 2.356743165559362, 48.778063024598154 ], [ 2.356904252807762, 48.777546667738882 ], [ 2.35689576835677, 48.777505666177319 ], [ 2.356943139874815, 48.777482369820667 ], [ 2.356984855092197, 48.777405957694889 ], [ 2.357078891090704, 48.777375206440702 ], [ 2.357105548291965, 48.777309142518895 ], [ 2.357183821119043, 48.777078670012699 ], [ 2.35625606065944, 48.776652548562211 ], [ 2.356664737431462, 48.775525197495163 ], [ 2.357103642102467, 48.775708640958989 ], [ 2.357375196739773, 48.775826116609579 ], [ 2.358193542765485, 48.774996326788582 ], [ 2.358854952410211, 48.774304268007981 ], [ 2.359400970753442, 48.773733787712857 ], [ 2.361272718929395, 48.774535302741839 ], [ 2.36151040110236, 48.774262459020875 ], [ 2.360637691492637, 48.773887335773345 ], [ 2.36146408653292, 48.77306069869347 ], [ 2.361044772915941, 48.7728860016651 ], [ 2.360219611816868, 48.773693325365713 ], [ 2.35933097516563, 48.773332526442367 ], [ 2.359728679297469, 48.773028791041249 ], [ 2.360068452911225, 48.772797518674309 ], [ 2.360160157828946, 48.772726654280447 ], [ 2.360306465647668, 48.772584192737057 ], [ 2.359412340616337, 48.772201375083242 ], [ 2.359075814551504, 48.772059194935402 ], [ 2.358032919709655, 48.773118814999023 ], [ 2.357794209371984, 48.773363035707256 ], [ 2.357341559668627, 48.773828641172898 ], [ 2.357123663187858, 48.774040730473423 ], [ 2.356793969933877, 48.773898693520799 ], [ 2.356756690131306, 48.773936314158185 ], [ 2.355839839986839, 48.774879124190505 ] ] ] } },
{ "type": "Feature", "properties": { "code_qp": "QN07507I", "lib_qp": "Porte De Saint-Ouen - Porte Pouchet" }, "geometry": { "type": "Polygon", "coordinates": [ [ [ 2.328226744652762, 48.900276102073484 ], [ 2.328927297253268, 48.900290470511521 ], [ 2.328924519620731, 48.900410071393154 ], [ 2.329469709231089, 48.900418623370435 ], [ 2.329692070228279, 48.900419888333843 ], [ 2.329596453194047, 48.900164656594043 ], [ 2.329562710560719, 48.899898392894883 ], [ 2.329304463409084, 48.899128480505553 ], [ 2.329210443870024, 48.899007169871744 ], [ 2.329145673448203, 48.898882522002403 ], [ 2.328876592535599, 48.898130052180143 ], [ 2.329088692740932, 48.897947438538623 ], [ 2.328999947658825, 48.897623099604147 ], [ 2.328672596635678, 48.897616641615244 ], [ 2.327099207094741, 48.897577195048036 ], [ 2.32608827854144, 48.897559682783658 ], [ 2.325256501505196, 48.89754262648956 ], [ 2.324739433411509, 48.897540127633505 ], [ 2.324157923280619, 48.897533286101385 ], [ 2.324016521505048, 48.898128748144401 ], [ 2.323882903346767, 48.898688009281948 ], [ 2.323797813865971, 48.898737640764296 ], [ 2.323526978346283, 48.898723130922853 ], [ 2.323078307056501, 48.898720595793023 ], [ 2.323052281958141, 48.898680187293401 ], [ 2.322399586430174, 48.89884979528253 ], [ 2.322018550083247, 48.898954419059542 ], [ 2.321937457388885, 48.898861183706863 ], [ 2.320925689605655, 48.89846859149192 ], [ 2.321026557640962, 48.898673971441525 ], [ 2.320923520545281, 48.898634876334 ], [ 2.318909140085011, 48.899542808450221 ], [ 2.31859656838115, 48.89968693161677 ], [ 2.318974182428441, 48.899594742665229 ], [ 2.319292788203418, 48.899514897554347 ], [ 2.319892451947235, 48.899693752536628 ], [ 2.320255686411927, 48.899790027334802 ], [ 2.320994054595502, 48.900001149020405 ], [ 2.321705601230269, 48.900177002986148 ], [ 2.321788980716451, 48.900037828987585 ], [ 2.323055137533972, 48.900196131582526 ], [ 2.323060197031161, 48.900215415604571 ], [ 2.323334019719414, 48.900230066982772 ], [ 2.323436993193934, 48.900233299161584 ], [ 2.323733699371441, 48.900168366735699 ], [ 2.324669899370079, 48.900191347951136 ], [ 2.325622198904925, 48.900214331558679 ], [ 2.326778293041723, 48.90024169085946 ], [ 2.328226744652762, 48.900276102073484 ] ] ] } },
{ "type": "Feature", "properties": { "code_qp": "QN07509M", "lib_qp": "Porte Montmartre - Porte Des Poissonniers - Moskova" }, "geometry": { "type": "Polygon", "coordinates": [ [ [ 2.33303085361726, 48.896156405167183 ], [ 2.33307517878945, 48.896253464278516 ], [ 2.334109373359067, 48.897734770315274 ], [ 2.333491905739875, 48.897714643749424 ], [ 2.333484492243801, 48.897898211666202 ], [ 2.333860378804175, 48.898364653230225 ], [ 2.334202143071397, 48.898838701360773 ], [ 2.334436114927778, 48.899108646992786 ], [ 2.334770204668913, 48.89911075777745 ], [ 2.334679330457962, 48.900482056990228 ], [ 2.335474172305337, 48.900493146466424 ], [ 2.33548123451066, 48.900534914896589 ], [ 2.33575694655559, 48.900554805209559 ], [ 2.335741309600877, 48.900589771048082 ], [ 2.336751346516591, 48.90061410698253 ], [ 2.336759552643048, 48.900553684892678 ], [ 2.339077238805154, 48.900597276474095 ], [ 2.339077517077476, 48.90065658433371 ], [ 2.339828001747144, 48.900670371297828 ], [ 2.34018688945123, 48.900631259220809 ], [ 2.341945354556096, 48.900679989384521 ], [ 2.343349762487962, 48.900718141199334 ], [ 2.344721991933446, 48.90076334716921 ], [ 2.346127611464075, 48.900784842868788 ], [ 2.346138477198988, 48.900749920608042 ], [ 2.34751204670085, 48.900775288188711 ], [ 2.349111195910879, 48.900804866266469 ], [ 2.350973205916883, 48.900904969080663 ], [ 2.35191253608972, 48.9009274951554 ], [ 2.352586118940594, 48.900964144786798 ], [ 2.352705654781996, 48.900559305903506 ], [ 2.352905656738036, 48.899868816637429 ], [ 2.353041134351704, 48.899428774009046 ], [ 2.353245015238343, 48.899458733404202 ], [ 2.353262070821207, 48.899308600346856 ], [ 2.353304754911365, 48.899337206701453 ], [ 2.353372335445431, 48.898992053665481 ], [ 2.353329402807564, 48.898983476011239 ], [ 2.353386131019381, 48.898696685193656 ], [ 2.353425969675436, 48.898546675018359 ], [ 2.353648326087894, 48.898377619949663 ], [ 2.353664630714514, 48.898083934000844 ], [ 2.353800901768031, 48.897202075876379 ], [ 2.353967554306463, 48.897219901807716 ], [ 2.354241564290328, 48.89586204002844 ], [ 2.354484928795954, 48.895144075922651 ], [ 2.35464528581975, 48.894633749089245 ], [ 2.354693589513344, 48.894464740761507 ], [ 2.35456017474141, 48.894258011472822 ], [ 2.354553015315134, 48.894222920187616 ], [ 2.354520563452327, 48.894186023398028 ], [ 2.354465060799414, 48.894170701633612 ], [ 2.354045691169748, 48.894101673198712 ], [ 2.353974545269807, 48.894122988702335 ], [ 2.352867159417463, 48.894213821815512 ], [ 2.352034873338082, 48.894371231423435 ], [ 2.351430130231075, 48.894484820207964 ], [ 2.351497495390817, 48.894834022656134 ], [ 2.35104836561066, 48.894918386779409 ], [ 2.351170148943459, 48.895302956989283 ], [ 2.351603136614991, 48.895257151600333 ], [ 2.351714633982037, 48.895693154274291 ], [ 2.351298821149211, 48.895744316175488 ], [ 2.351346815380976, 48.895946379088173 ], [ 2.352531679783528, 48.89583599572871 ], [ 2.352588427711431, 48.89602080513847 ], [ 2.352878736681847, 48.896003754685623 ], [ 2.352731858068607, 48.896985810718363 ], [ 2.351668870554224, 48.897087932877113 ], [ 2.351860071541588, 48.897947353621063 ], [ 2.351022834789119, 48.897926535024936 ], [ 2.349651473665772, 48.897900641873143 ], [ 2.347205825769564, 48.897834715215687 ], [ 2.346365084532061, 48.897766274364066 ], [ 2.344704126691763, 48.897552849481713 ], [ 2.344369653978793, 48.897978327021221 ], [ 2.341530837142662, 48.897890877779361 ], [ 2.339171720781279, 48.897841002614349 ], [ 2.337428943926926, 48.897807091864848 ], [ 2.337933674683216, 48.897267599165922 ], [ 2.338312793333623, 48.896870067616653 ], [ 2.33303085361726, 48.896156405167183 ] ] ] } },
{ "type": "Feature", "properties": { "code_qp": "QN09207M", "lib_qp": "Abbé Grégoire - Mirabeau - Lincoln" }, "geometry": { "type": "Polygon", "coordinates": [ [ [ 2.313840782272971, 48.791068004089503 ], [ 2.313992664108481, 48.791361937705389 ], [ 2.314131914768029, 48.79156833832495 ], [ 2.314581592436419, 48.792322427365868 ], [ 2.314703553306332, 48.792317161169265 ], [ 2.314751539885169, 48.792416319679475 ], [ 2.314793130898157, 48.79248215493454 ], [ 2.315501021446229, 48.792353051000731 ], [ 2.315707204636999, 48.792830203281483 ], [ 2.315862917734406, 48.792813357704496 ], [ 2.316390191134889, 48.792711976584542 ], [ 2.316344540454904, 48.791874445683568 ], [ 2.317384022263849, 48.791757937601538 ], [ 2.317578051385282, 48.791765011361861 ], [ 2.318333838581105, 48.791621675541087 ], [ 2.318385281692287, 48.791744264301883 ], [ 2.318824377935711, 48.791652809320901 ], [ 2.318881252125626, 48.791618831136759 ], [ 2.318892965718212, 48.791586086952712 ], [ 2.318241704497575, 48.790121912432888 ], [ 2.318185844942319, 48.790078342890062 ], [ 2.318107181733362, 48.790052540105414 ], [ 2.316682326987319, 48.79035610563983 ], [ 2.316180899267504, 48.79042482502841 ], [ 2.31603716580284, 48.790197308340794 ], [ 2.314598576707966, 48.790514193154166 ], [ 2.314125597627321, 48.78953460629851 ], [ 2.314076974896455, 48.789541784268408 ], [ 2.314019461552362, 48.789538471312717 ], [ 2.313939613907129, 48.789517133187353 ], [ 2.313911696043275, 48.789494601753582 ], [ 2.313172304894415, 48.789722641525522 ], [ 2.313330665398368, 48.790038239048798 ], [ 2.313312761396087, 48.790198089831676 ], [ 2.313372620708955, 48.79028046129222 ], [ 2.313494262959952, 48.790299057063294 ], [ 2.313840782272971, 48.791068004089503 ] ] ] } },
{ "type": "Feature", "properties": { "code_qp": "QN09210M", "lib_qp": "Hauts d'Asnières" }, "geometry": { "type": "Polygon", "coordinates": [ [ [ 2.284613791603882, 48.926115447849817 ], [ 2.284114469785583, 48.926116386600995 ], [ 2.284032773322377, 48.925863695070859 ], [ 2.28403908254925, 48.925805901069985 ], [ 2.284123823844716, 48.924589518730173 ], [ 2.284261712109178, 48.924686627782435 ], [ 2.284445085999295, 48.924583565244724 ], [ 2.284403792586521, 48.924545773418536 ], [ 2.284570032971931, 48.924452297449953 ], [ 2.285095957476714, 48.924833613685941 ], [ 2.286164714242031, 48.922891871571238 ], [ 2.286029652705938, 48.922823243130729 ], [ 2.285940252153872, 48.922775476002144 ], [ 2.285873728335752, 48.922801724581383 ], [ 2.284551145663076, 48.924088238096751 ], [ 2.283715122991619, 48.923576866890656 ], [ 2.283194248305207, 48.923925103032531 ], [ 2.284081854595734, 48.924567467528142 ], [ 2.28402062089133, 48.925811846437192 ], [ 2.28396919488139, 48.925809116882419 ], [ 2.283183385144466, 48.925250000233369 ], [ 2.282365943478007, 48.925547609767527 ], [ 2.282374882053806, 48.925565830333149 ], [ 2.28209959248261, 48.925669550148399 ], [ 2.282061064931414, 48.925664474777378 ], [ 2.281758190021023, 48.925769239662614 ], [ 2.281185761071694, 48.926792849612802 ], [ 2.280959194234018, 48.927127580057309 ], [ 2.280281648216781, 48.927323066224574 ], [ 2.27913140445997, 48.927616239749703 ], [ 2.27850461380755, 48.927785300455398 ], [ 2.277223851424442, 48.928120038377521 ], [ 2.275384119297602, 48.92754665893041 ], [ 2.274528526178839, 48.927860844081998 ], [ 2.274751491048254, 48.927867718564087 ], [ 2.276862660551009, 48.928517533285707 ], [ 2.276749674484352, 48.928711843825994 ], [ 2.276651205895208, 48.928919564319955 ], [ 2.281322022358116, 48.92998016150905 ], [ 2.281553864937901, 48.930044310066528 ], [ 2.281334265747677, 48.930410521937844 ], [ 2.280996840520733, 48.930943484580595 ], [ 2.280733491158534, 48.931370323992098 ], [ 2.280530380991662, 48.931736632972267 ], [ 2.280632824678964, 48.931755776894903 ], [ 2.280751728216905, 48.931797668949102 ], [ 2.280913948057975, 48.93163150663343 ], [ 2.28098715159472, 48.931654957303564 ], [ 2.280854708925777, 48.931794653569405 ], [ 2.281286011324474, 48.931976487975803 ], [ 2.28110334705492, 48.932158878337461 ], [ 2.281276791352998, 48.932244697623013 ], [ 2.280803227392111, 48.93272630785706 ], [ 2.280425040259223, 48.932558113204131 ], [ 2.280408430614596, 48.932562857986568 ], [ 2.28030603472636, 48.93252348702012 ], [ 2.280302626641048, 48.932504088504267 ], [ 2.280041207300492, 48.932399572425979 ], [ 2.279800699639438, 48.932510762265494 ], [ 2.279693517480531, 48.932286059373972 ], [ 2.279872295580633, 48.93225201104265 ], [ 2.280025760415552, 48.932185946744589 ], [ 2.280161512970517, 48.932074501555135 ], [ 2.280029696818355, 48.93203586195753 ], [ 2.279889201028887, 48.931694690617761 ], [ 2.279895477025849, 48.931576854632823 ], [ 2.27935847441212, 48.931471376638399 ], [ 2.27935928698644, 48.93147360998244 ], [ 2.278405091589374, 48.931273809019906 ], [ 2.276343524465343, 48.930835364591722 ], [ 2.276496434002471, 48.931108122133331 ], [ 2.275632895867361, 48.931257084827138 ], [ 2.274624665391817, 48.931473945668721 ], [ 2.274441814242706, 48.931028413274504 ], [ 2.275576359263003, 48.930868140847274 ], [ 2.276074273544725, 48.930752458867282 ], [ 2.27577118881624, 48.930125905984013 ], [ 2.275117727771055, 48.929055805636828 ], [ 2.274570925293889, 48.929329748977473 ], [ 2.274383887255587, 48.929039051203929 ], [ 2.27358567392879, 48.928144809472947 ], [ 2.272764236552788, 48.928423112191467 ], [ 2.272881996856988, 48.928670271455928 ], [ 2.273001715359537, 48.929179068156394 ], [ 2.27295262555047, 48.929272027563123 ], [ 2.27301905485303, 48.929429172491872 ], [ 2.272845128385038, 48.929457157424338 ], [ 2.272945145583121, 48.929739937367152 ], [ 2.273231637085102, 48.929964311004504 ], [ 2.273445940657803, 48.93057236180185 ], [ 2.272633426631736, 48.930702818754597 ], [ 2.272633426127909, 48.930779001901392 ], [ 2.272733265305825, 48.931582527931653 ], [ 2.272815243383771, 48.932254422716404 ], [ 2.272740742005142, 48.932266213663191 ], [ 2.272954854112237, 48.933576787598362 ], [ 2.272999489898806, 48.933568468297736 ], [ 2.27375916596288, 48.933417524756628 ], [ 2.273849003193074, 48.933406673238778 ], [ 2.274155556719172, 48.933312490856842 ], [ 2.274290393723224, 48.933286549767374 ], [ 2.274279401005624, 48.933202163413164 ], [ 2.273849842703527, 48.932195957400403 ], [ 2.273835548135986, 48.932144600070892 ], [ 2.274373631524219, 48.932123578250604 ], [ 2.274537467868238, 48.932126755426786 ], [ 2.274867868164959, 48.933291140531502 ], [ 2.274882826772757, 48.933314061111609 ], [ 2.275154949464906, 48.933309651616604 ], [ 2.275481810226123, 48.933334639499336 ], [ 2.27610488387232, 48.933407438893632 ], [ 2.276249723140805, 48.933434958472255 ], [ 2.276484095586687, 48.933486329042459 ], [ 2.277035456278932, 48.933596918916713 ], [ 2.277224505556156, 48.93357592033702 ], [ 2.27786637988238, 48.933540692378664 ], [ 2.278075318898935, 48.93358555173544 ], [ 2.278329347266007, 48.933560436868234 ], [ 2.278659165285077, 48.933637512333142 ], [ 2.278926387767148, 48.933721477043477 ], [ 2.27906608428041, 48.933722317462617 ], [ 2.279221223969806, 48.9336699610134 ], [ 2.279397763900143, 48.933399730160076 ], [ 2.279320394837519, 48.933278757770012 ], [ 2.279674773383301, 48.933241526621785 ], [ 2.279711146476704, 48.933336213163699 ], [ 2.281179374249258, 48.933108858591289 ], [ 2.281630572273981, 48.933015582141579 ], [ 2.281779323620206, 48.933026162703911 ], [ 2.282308143660744, 48.932394390564106 ], [ 2.282469941660743, 48.932271461808639 ], [ 2.283044958464404, 48.931925256171859 ], [ 2.283196881446046, 48.931723013430926 ], [ 2.283348070452486, 48.931540250736099 ], [ 2.283706449753411, 48.931168031030396 ], [ 2.284367023501392, 48.930430181599675 ], [ 2.284439665051001, 48.930327561290454 ], [ 2.284446359665508, 48.930137527264002 ], [ 2.284493714433808, 48.929233700965824 ], [ 2.284613791603882, 48.926115447849817 ] ] ] } },
{ "type": "Feature", "properties": { "code_qp": "QN09212I", "lib_qp": "Petit Colombes" }, "geometry": { "type": "Polygon", "coordinates": [ [ [ 2.232295908194477, 48.920640773182299 ], [ 2.231899569065318, 48.920496154461055 ], [ 2.23068309753976, 48.919982940353776 ], [ 2.230499549488368, 48.919936787079408 ], [ 2.230110474387358, 48.919856948596212 ], [ 2.230022118930576, 48.919833885426037 ], [ 2.229809104489963, 48.919750682511356 ], [ 2.229695353857325, 48.919691497754201 ], [ 2.229426779873731, 48.919463403064988 ], [ 2.228661232926585, 48.919029245921863 ], [ 2.228407831993536, 48.918909800698628 ], [ 2.228040930785281, 48.918714086775829 ], [ 2.227816718273605, 48.918580216714169 ], [ 2.227559883763774, 48.918434541298019 ], [ 2.227584400473255, 48.918397293084176 ], [ 2.228161884123949, 48.918141661762476 ], [ 2.228907293377686, 48.917741754259758 ], [ 2.229050916709881, 48.917662069455524 ], [ 2.227777906022269, 48.916968743724091 ], [ 2.228419263030659, 48.916342986671886 ], [ 2.228699959614834, 48.916053221627394 ], [ 2.228352941117654, 48.915897442910868 ], [ 2.228056832291253, 48.91620877760969 ], [ 2.227952816581574, 48.916282106594402 ], [ 2.227914760577281, 48.916280064515242 ], [ 2.227848759045263, 48.916354372225847 ], [ 2.22706177980414, 48.91601999163688 ], [ 2.22713755723502, 48.91597656333952 ], [ 2.227239637830622, 48.915976800945948 ], [ 2.227286197477326, 48.915966325660136 ], [ 2.227876764390068, 48.915541197547022 ], [ 2.228520074085429, 48.915816048474369 ], [ 2.228901388855727, 48.91541512799283 ], [ 2.229220229897886, 48.91555881117327 ], [ 2.229409955678818, 48.915372966839797 ], [ 2.229574561533667, 48.915222039353687 ], [ 2.229752629573734, 48.915084677126487 ], [ 2.229812270796253, 48.915019419502372 ], [ 2.229901140421024, 48.914799438642198 ], [ 2.229353200445374, 48.914599191839457 ], [ 2.22920145415982, 48.914525370973742 ], [ 2.228923252566278, 48.914424646891618 ], [ 2.229728569656362, 48.913759840192334 ], [ 2.230443963855608, 48.913220369609313 ], [ 2.229967179887807, 48.913033828335202 ], [ 2.229162368037662, 48.912769400230374 ], [ 2.228002749315976, 48.912444260121362 ], [ 2.228976367034586, 48.911189976802419 ], [ 2.230333263351397, 48.911710776202284 ], [ 2.230829947117313, 48.911895433218234 ], [ 2.231191884914398, 48.912049837520861 ], [ 2.2314636154291, 48.912173666321543 ], [ 2.231669947309227, 48.912248455143441 ], [ 2.2321777848775, 48.911921974845647 ], [ 2.232225452339636, 48.911913612454583 ], [ 2.232274010876655, 48.911912542180019 ], [ 2.23245549652742, 48.911783097150376 ], [ 2.232277036025275, 48.911707463045161 ], [ 2.231943383940541, 48.911612099150354 ], [ 2.231449177344269, 48.911446145656519 ], [ 2.231425816318035, 48.911433083281501 ], [ 2.231377511843944, 48.911416104294922 ], [ 2.231672522648807, 48.911037035730502 ], [ 2.231648248806255, 48.910992228851505 ], [ 2.228913164144759, 48.909822647535108 ], [ 2.228285952291726, 48.909631877203367 ], [ 2.228038767140474, 48.91001599042076 ], [ 2.227495119285416, 48.910814680931438 ], [ 2.226654518045582, 48.912078973661913 ], [ 2.226358033905323, 48.912017050682266 ], [ 2.225844374072311, 48.912716166458445 ], [ 2.225691159419802, 48.912957694706122 ], [ 2.225665879628042, 48.913018772971895 ], [ 2.225798375210168, 48.913088255785823 ], [ 2.224761935962479, 48.914152870828197 ], [ 2.223904071475994, 48.915094952334734 ], [ 2.223923705776827, 48.915135085177511 ], [ 2.224004032696253, 48.915175611157267 ], [ 2.223992196153161, 48.9151892030835 ], [ 2.22328727257811, 48.91571871021646 ], [ 2.223102919075384, 48.915858748210034 ], [ 2.222533251101991, 48.91621555655486 ], [ 2.222222070382557, 48.916475740206216 ], [ 2.222519473781025, 48.916748375163991 ], [ 2.222717465059601, 48.916903681402019 ], [ 2.222716424449921, 48.91697335105119 ], [ 2.223220945636267, 48.917332672893394 ], [ 2.223677369907985, 48.917661343254288 ], [ 2.223726392101729, 48.917695288082633 ], [ 2.224078442761761, 48.917902974596799 ], [ 2.22431118528116, 48.918035166468307 ], [ 2.224214451181818, 48.918110884038789 ], [ 2.224196675297468, 48.918217450365297 ], [ 2.224228892870385, 48.918291955265495 ], [ 2.224275332587932, 48.918370314069186 ], [ 2.224355187785464, 48.918442841025282 ], [ 2.225133707866938, 48.918726281302156 ], [ 2.225213765055514, 48.918772774408723 ], [ 2.225739579390993, 48.918959674152937 ], [ 2.225949495872177, 48.919030231361397 ], [ 2.226186869679279, 48.919123777335493 ], [ 2.226704447053415, 48.919424493132787 ], [ 2.227466476264471, 48.919819795705017 ], [ 2.22892379658356, 48.920541946955034 ], [ 2.231543038201649, 48.921649254939751 ], [ 2.232039280409261, 48.921109486116301 ], [ 2.232084273980996, 48.920926298930524 ], [ 2.232295908194477, 48.920640773182299 ] ] ] } },
{ "type": "Feature", "properties": { "code_qp": "QN09301I", "lib_qp": "Secteur Gare - Aviatic" }, "geometry": { "type": "Polygon", "coordinates": [ [ [ 2.4256076579608, 48.933724300799611 ], [ 2.425354553739492, 48.93345056504576 ], [ 2.4255386173665, 48.933380065591422 ], [ 2.425467649682998, 48.933291697170873 ], [ 2.425574074725763, 48.932961254956062 ], [ 2.42608624855822, 48.932753696617155 ], [ 2.425839613603721, 48.932492478958999 ], [ 2.425441328396742, 48.932650544669919 ], [ 2.425038576826606, 48.932205085887773 ], [ 2.425359118293784, 48.931583835499389 ], [ 2.425252455872109, 48.931591681949463 ], [ 2.425095930084344, 48.931643123772552 ], [ 2.42504859492664, 48.931670619790957 ], [ 2.424340053853498, 48.931944492605489 ], [ 2.424345539834147, 48.931910588316804 ], [ 2.424462068033856, 48.931596277284243 ], [ 2.424371427335561, 48.931583427695273 ], [ 2.424586697547657, 48.931013969707294 ], [ 2.423288991810499, 48.930809493150903 ], [ 2.423246662397942, 48.93093428631397 ], [ 2.423247423604892, 48.930988247010035 ], [ 2.423310805134501, 48.931058706954147 ], [ 2.42335697537367, 48.931078715162222 ], [ 2.42338268003239, 48.931099525966211 ], [ 2.423833116002037, 48.931672312993179 ], [ 2.422911379752145, 48.932107115444907 ], [ 2.422185692118023, 48.931437763088958 ], [ 2.422040137561523, 48.931515882231032 ], [ 2.421638664247737, 48.931801627247971 ], [ 2.421026128185833, 48.932125390319982 ], [ 2.421285325987719, 48.932383955887026 ], [ 2.422330012798484, 48.93232382115459 ], [ 2.422401133580084, 48.932397803035315 ], [ 2.422241766179223, 48.932403806260609 ], [ 2.422266940568684, 48.932604812774073 ], [ 2.422628534779532, 48.932589626825155 ], [ 2.422684222460379, 48.933035015675792 ], [ 2.42294405777782, 48.933021695134592 ], [ 2.423084748441086, 48.933000929686074 ], [ 2.423323646003446, 48.933453152351539 ], [ 2.423647161471983, 48.934070306229572 ], [ 2.424561905682657, 48.933642568199296 ], [ 2.424933142593432, 48.933995334301457 ], [ 2.425162833584739, 48.933903893749751 ], [ 2.4256076579608, 48.933724300799611 ] ] ] } },
{ "type": "Feature", "properties": { "code_qp": "QN09304M", "lib_qp": "Quartier Avenir Parisien" }, "geometry": { "type": "Polygon", "coordinates": [ [ [ 2.423001378114869, 48.92228556586889 ], [ 2.42290344985783, 48.922008114355734 ], [ 2.422854070134834, 48.921909846559977 ], [ 2.422760174278989, 48.92176280793533 ], [ 2.422685932554442, 48.921687821634613 ], [ 2.422443257233706, 48.921544560442101 ], [ 2.421819048656543, 48.921227706078561 ], [ 2.421663009614038, 48.921148709201709 ], [ 2.421538246329146, 48.921077956742479 ], [ 2.421464719424606, 48.921023627844122 ], [ 2.420196487630357, 48.919843931111792 ], [ 2.419574824626245, 48.919220403318008 ], [ 2.418828703910338, 48.918461395448219 ], [ 2.418516646609826, 48.918155133724376 ], [ 2.418503893804572, 48.918099193240742 ], [ 2.418497044700476, 48.917856355733257 ], [ 2.418370332583711, 48.917850775591646 ], [ 2.418202962341171, 48.917811104145621 ], [ 2.418109259798494, 48.917758250183631 ], [ 2.417572497970042, 48.917924702348785 ], [ 2.416813262679209, 48.918177242830382 ], [ 2.417298154003176, 48.918619005394341 ], [ 2.417809906278956, 48.919093029514237 ], [ 2.417105458730292, 48.919497849409311 ], [ 2.416119465231295, 48.918382054735801 ], [ 2.415324048019273, 48.918627794832005 ], [ 2.415059556064719, 48.918729924525699 ], [ 2.414686900205484, 48.918861191203263 ], [ 2.414304756760735, 48.919014668834926 ], [ 2.413928603407298, 48.919189188536812 ], [ 2.413556681271918, 48.919389887965643 ], [ 2.414926823353057, 48.920492301909 ], [ 2.41514242738175, 48.920684666860581 ], [ 2.415427703901236, 48.920928308111847 ], [ 2.415701229957337, 48.921184582325182 ], [ 2.415964715175726, 48.921452564743028 ], [ 2.415985994486964, 48.921474317827773 ], [ 2.416265213541194, 48.921753760762861 ], [ 2.416465177029452, 48.922004448887961 ], [ 2.416877083840138, 48.922600722659318 ], [ 2.417003475200653, 48.922769648712801 ], [ 2.417278897098131, 48.923173974112615 ], [ 2.417532373514732, 48.923515763338976 ], [ 2.417638399692552, 48.923658305684604 ], [ 2.41785790738805, 48.923985978343197 ], [ 2.41780703410219, 48.924039055291296 ], [ 2.418328210909789, 48.924601638568497 ], [ 2.418464909940718, 48.924763409678285 ], [ 2.418502565092805, 48.924766617053344 ], [ 2.418566827409163, 48.924794550401444 ], [ 2.418578243817619, 48.924816456883214 ], [ 2.41860404965829, 48.924834483587979 ], [ 2.418611854320675, 48.924845719365116 ], [ 2.41866213088825, 48.924908671581989 ], [ 2.418756012494468, 48.925023345671001 ], [ 2.418809687900383, 48.925086314300515 ], [ 2.418859831540475, 48.925161210206312 ], [ 2.41937490119208, 48.925885835866644 ], [ 2.419554321007506, 48.92612367647699 ], [ 2.419604839289189, 48.926111238141075 ], [ 2.41967184972065, 48.926203851646065 ], [ 2.420799381457476, 48.92638267558803 ], [ 2.422016276592685, 48.925868071533607 ], [ 2.422572284395715, 48.925634611893791 ], [ 2.42356589630168, 48.925208215637824 ], [ 2.42329677744516, 48.924933042788581 ], [ 2.423242897691879, 48.924883089368322 ], [ 2.422650927847541, 48.924270458203019 ], [ 2.422707812163422, 48.924253918469951 ], [ 2.422656218169474, 48.924202481200474 ], [ 2.422601585218418, 48.924220526318543 ], [ 2.421935508425646, 48.923542894271982 ], [ 2.423438655432154, 48.923004213321093 ], [ 2.423094064580635, 48.922539617620195 ], [ 2.423023557880181, 48.922376493876584 ], [ 2.423001378114869, 48.92228556586889 ] ] ] } },
{ "type": "Feature", "properties": { "code_qp": "QN09306I", "lib_qp": "Quartiers Economie - Les Oiseaux" }, "geometry": { "type": "Polygon", "coordinates": [ [ [ 2.456460041283949, 48.935570641132337 ], [ 2.456883257263198, 48.935433178894222 ], [ 2.45699147457891, 48.935395899583604 ], [ 2.457240310270442, 48.935355652752925 ], [ 2.457371648388899, 48.935322184622109 ], [ 2.457560802465219, 48.93524948607903 ], [ 2.457639214124229, 48.935194698315136 ], [ 2.457704874249108, 48.935146580118769 ], [ 2.457797843073715, 48.935034441752805 ], [ 2.45783382992975, 48.934922645359578 ], [ 2.457883113280371, 48.934447600784523 ], [ 2.457898166163821, 48.93429306623284 ], [ 2.457879097651474, 48.934274854216042 ], [ 2.457766979619072, 48.934300183715145 ], [ 2.456720053762782, 48.932891078144124 ], [ 2.456715542833823, 48.932872994160562 ], [ 2.455584548586581, 48.932900488256394 ], [ 2.455502215444084, 48.931422652535552 ], [ 2.455595861132367, 48.931425099183734 ], [ 2.45575499640533, 48.93146569876879 ], [ 2.455823750091505, 48.931467823562912 ], [ 2.455872697697243, 48.931522423256226 ], [ 2.456026672786392, 48.93153037258066 ], [ 2.456028968865293, 48.931573884955583 ], [ 2.456180155326582, 48.931585446586567 ], [ 2.456284652106376, 48.931589545884691 ], [ 2.456394688605098, 48.931590045057241 ], [ 2.456747474217109, 48.931593457343283 ], [ 2.457276084371576, 48.93155416301358 ], [ 2.45773102845464, 48.931456077306919 ], [ 2.457992940598611, 48.931343964655561 ], [ 2.458039960676633, 48.931377721197784 ], [ 2.458402582618013, 48.931228916261794 ], [ 2.458859534238349, 48.930937342230138 ], [ 2.458879054313, 48.930912054223008 ], [ 2.45887726959107, 48.930819151333125 ], [ 2.458637830542827, 48.930828945442599 ], [ 2.458632630562109, 48.930799920637313 ], [ 2.458241818118447, 48.930816280380199 ], [ 2.458217305642266, 48.930792605996309 ], [ 2.45820583990144, 48.930572778534632 ], [ 2.458123502907287, 48.930554280438145 ], [ 2.45800297496804, 48.930504795659111 ], [ 2.457862815586489, 48.930416424041475 ], [ 2.457320149503265, 48.930713045518289 ], [ 2.457142489689273, 48.93066401422395 ], [ 2.457061758009949, 48.93062193442983 ], [ 2.456932174265026, 48.930766397689112 ], [ 2.456186132845104, 48.930507681726532 ], [ 2.456182435347194, 48.930525319644019 ], [ 2.45639152524651, 48.930893185883448 ], [ 2.456293581760717, 48.930860356648743 ], [ 2.455560188523686, 48.930643897387341 ], [ 2.455475310515208, 48.930668698832001 ], [ 2.455431358675462, 48.930694581879763 ], [ 2.455399565123745, 48.930734009385198 ], [ 2.455377057509144, 48.930797738097304 ], [ 2.455357260051078, 48.930983804758448 ], [ 2.455387302888317, 48.931243846132517 ], [ 2.455335787685408, 48.931387654878385 ], [ 2.455408058986595, 48.932743351434901 ], [ 2.455411031589024, 48.932859911857904 ], [ 2.455506729191179, 48.933041515896221 ], [ 2.454868442794846, 48.933044052042341 ], [ 2.454748478695072, 48.93295227372424 ], [ 2.454629630294798, 48.932927413625343 ], [ 2.453510021250176, 48.932909300162642 ], [ 2.452958681142908, 48.934444973144544 ], [ 2.455173670479092, 48.934000072724409 ], [ 2.455570312507137, 48.934552578946111 ], [ 2.455003729923286, 48.934862019223338 ], [ 2.454946066440837, 48.934936967217162 ], [ 2.455227412668227, 48.935053368343148 ], [ 2.45534266179888, 48.935126733645788 ], [ 2.455457394769401, 48.935248657483207 ], [ 2.455543977232057, 48.935337162060833 ], [ 2.455904797227191, 48.93553934670291 ], [ 2.455991429542746, 48.935609888988211 ], [ 2.456000731546832, 48.935635118169358 ], [ 2.456276714525445, 48.935609381395402 ], [ 2.456460041283949, 48.935570641132337 ] ] ] } },
{ "type": "Feature", "properties": { "code_qp": "QN09309M", "lib_qp": "Le Plateau - Les Malassis - La Noue" }, "geometry": { "type": "Polygon", "coordinates": [ [ [ 2.43643861268769, 48.876498842008218 ], [ 2.436090896393313, 48.875863032014124 ], [ 2.436161109755472, 48.875843408451985 ], [ 2.435494587907711, 48.874642064159978 ], [ 2.435410371606887, 48.874621353099656 ], [ 2.434803414370989, 48.874386541258239 ], [ 2.434486434308955, 48.874260515779341 ], [ 2.434339423898732, 48.874178930121545 ], [ 2.433947389016878, 48.873951457477681 ], [ 2.433671130969377, 48.873594329819838 ], [ 2.43344317278973, 48.873272160247659 ], [ 2.433049984439821, 48.872718331607089 ], [ 2.432876805567399, 48.87246314658001 ], [ 2.432449347999885, 48.871807306684623 ], [ 2.432346985732185, 48.871720323206375 ], [ 2.432230688857734, 48.871635894691039 ], [ 2.430820083894158, 48.871002083958935 ], [ 2.430209375879784, 48.870665636173577 ], [ 2.430251868288367, 48.870595067195637 ], [ 2.429739572353703, 48.86995021483682 ], [ 2.429457835154885, 48.869649071558342 ], [ 2.428524580683797, 48.868751422186683 ], [ 2.428392516371848, 48.868548724938563 ], [ 2.42830447349722, 48.868461854437989 ], [ 2.428624762408114, 48.868331802599535 ], [ 2.429817097350873, 48.868127594521091 ], [ 2.43004869700161, 48.868292997323486 ], [ 2.430240593855076, 48.868423578097172 ], [ 2.430631004694888, 48.868580274575734 ], [ 2.431458146304659, 48.868815318373507 ], [ 2.431881642808861, 48.868937192500645 ], [ 2.432113242459596, 48.869028597901178 ], [ 2.432364693508966, 48.869124355760725 ], [ 2.432504731902338, 48.869140050422139 ], [ 2.432570515819632, 48.869119393021116 ], [ 2.432640055057834, 48.869032406883221 ], [ 2.433824522052345, 48.867648250586591 ], [ 2.434168870316132, 48.867417634464807 ], [ 2.434219428663846, 48.86733530680219 ], [ 2.434419313267633, 48.867006758493829 ], [ 2.434658348907168, 48.866613284017014 ], [ 2.43487660548677, 48.866088115613856 ], [ 2.435260038848242, 48.865441715267167 ], [ 2.435967070034478, 48.864265649554973 ], [ 2.435555995969579, 48.86425453743751 ], [ 2.435558110106192, 48.86424275213804 ], [ 2.434900758109555, 48.864227854841154 ], [ 2.434898459020982, 48.864256676870127 ], [ 2.434284393904183, 48.864279987555257 ], [ 2.434129501660129, 48.864275323543126 ], [ 2.434120096638552, 48.864226787401662 ], [ 2.433118927894546, 48.864194918037562 ], [ 2.433104175659584, 48.863943094409301 ], [ 2.432712946768614, 48.863930486248805 ], [ 2.431942478676753, 48.863905862344843 ], [ 2.431404742603968, 48.863876284391473 ], [ 2.430084356564942, 48.863764243364095 ], [ 2.429497386234502, 48.863705507304971 ], [ 2.428753621748749, 48.863601044321484 ], [ 2.428669218783543, 48.863575773918356 ], [ 2.42788938981776, 48.863462336438275 ], [ 2.426273643073494, 48.863159152531694 ], [ 2.426105752375933, 48.863226828652145 ], [ 2.426045043085063, 48.863345584850883 ], [ 2.425965670847536, 48.863623099948249 ], [ 2.425526196275768, 48.864896931311449 ], [ 2.425478726530475, 48.865017056446874 ], [ 2.425292345946991, 48.86547160780659 ], [ 2.425967138521134, 48.86559365134994 ], [ 2.426916667550516, 48.865994566253548 ], [ 2.427985890182157, 48.866493771409601 ], [ 2.427753074701982, 48.866710215390952 ], [ 2.427213114830554, 48.867225094005967 ], [ 2.426572327014282, 48.867615383407831 ], [ 2.426795494665811, 48.868657090607336 ], [ 2.425556250887968, 48.868800555716355 ], [ 2.424273195420302, 48.868952971349493 ], [ 2.424058390245315, 48.868975528394571 ], [ 2.423321664919293, 48.869126629709996 ], [ 2.423020770134107, 48.869209056821603 ], [ 2.422537332872799, 48.869360391076775 ], [ 2.422865080073064, 48.869768251903373 ], [ 2.423520407251713, 48.869613157329475 ], [ 2.424149315506196, 48.871038818995395 ], [ 2.424626050545696, 48.872116004544658 ], [ 2.424709712179556, 48.87232981193393 ], [ 2.424802488586987, 48.872729121939955 ], [ 2.423386376227673, 48.873018011109515 ], [ 2.423068169403503, 48.873092625219122 ], [ 2.422648855139296, 48.873250432906438 ], [ 2.42202227272278, 48.873497417340992 ], [ 2.422269365093148, 48.874018663044289 ], [ 2.422712323366855, 48.874458645684868 ], [ 2.423238243209269, 48.875001220365519 ], [ 2.423685451212192, 48.875210772590584 ], [ 2.424282263915163, 48.875471383815203 ], [ 2.424667969078661, 48.875001681987086 ], [ 2.42544274935252, 48.874723167686845 ], [ 2.42630039534975, 48.87432065606437 ], [ 2.426902097038292, 48.874051901800648 ], [ 2.427328676593602, 48.873865840310742 ], [ 2.427662483687792, 48.8737351433358 ], [ 2.428662298992833, 48.87346713478793 ], [ 2.429536355238455, 48.873253277724778 ], [ 2.430342120051657, 48.873060528683297 ], [ 2.430588642458389, 48.873540969383754 ], [ 2.430932219604502, 48.874287227515772 ], [ 2.431121735855745, 48.874657359884552 ], [ 2.431436727387605, 48.874526696082121 ], [ 2.43156449218711, 48.874653117940269 ], [ 2.431598252476321, 48.874654588823368 ], [ 2.431757906610906, 48.874589818119162 ], [ 2.431648250901853, 48.874442513260455 ], [ 2.432759977686579, 48.873977945675399 ], [ 2.4330069940981, 48.87428316915873 ], [ 2.433600799354236, 48.875037594178437 ], [ 2.434182936012992, 48.875770336063731 ], [ 2.434329841069541, 48.875731652012604 ], [ 2.43462875450986, 48.87613812336285 ], [ 2.434763270192044, 48.876281136598969 ], [ 2.43474749832115, 48.876285627116189 ], [ 2.434905476781728, 48.87669554911043 ], [ 2.434911328347776, 48.876736161881688 ], [ 2.435060281501473, 48.877222280823467 ], [ 2.434872235939321, 48.877249036528852 ], [ 2.434761456070354, 48.877261782285665 ], [ 2.434777703112935, 48.877309405418394 ], [ 2.434505788347105, 48.877346999664617 ], [ 2.434007085636634, 48.877429232849117 ], [ 2.434065438270749, 48.877613059994665 ], [ 2.433979826159433, 48.877623712543695 ], [ 2.434211743491836, 48.878342427678085 ], [ 2.434294482269797, 48.878305506710682 ], [ 2.43435929483446, 48.878283321489405 ], [ 2.435136399770797, 48.877991013887218 ], [ 2.435244661664187, 48.877949791286639 ], [ 2.435069519420344, 48.877404945609342 ], [ 2.435058396942413, 48.877348500860506 ], [ 2.435204475228814, 48.877327075525287 ], [ 2.435038118719668, 48.876745228937281 ], [ 2.435034270701575, 48.876729730709577 ], [ 2.43643861268769, 48.876498842008218 ] ] ] } },
{ "type": "Feature", "properties": { "code_qp": "QN09316M", "lib_qp": "Branly - Boissière" }, "geometry": { "type": "Polygon", "coordinates": [ [ [ 2.465117901514889, 48.876871677752753 ], [ 2.464143914690784, 48.877013453118053 ], [ 2.462859193413998, 48.877209036116518 ], [ 2.463023225116694, 48.877535512609121 ], [ 2.462425382048923, 48.877609495163853 ], [ 2.462520347664563, 48.877988488578382 ], [ 2.462576856589115, 48.878208085992732 ], [ 2.462898929128075, 48.878178028845561 ], [ 2.463130255480535, 48.878538029818856 ], [ 2.464534707270786, 48.878366910812403 ], [ 2.46494412268772, 48.87805219279074 ], [ 2.464883305619503, 48.877954933731303 ], [ 2.464659956503768, 48.877467023168897 ], [ 2.464735284602849, 48.877392711391963 ], [ 2.464945127164576, 48.877300706181764 ], [ 2.465100491368929, 48.877236125500467 ], [ 2.465272669881116, 48.877167121392652 ], [ 2.465378659637, 48.877116590309818 ], [ 2.466131699343113, 48.876884303290687 ], [ 2.466787295241262, 48.876685774420636 ], [ 2.466780917574626, 48.876633518025507 ], [ 2.46713597132377, 48.876490885009019 ], [ 2.467215950442784, 48.876442010777644 ], [ 2.467448779822895, 48.876279599676003 ], [ 2.468215518292625, 48.875780624466188 ], [ 2.467270184120638, 48.874863965135553 ], [ 2.467159806264783, 48.874917557568658 ], [ 2.465830045843147, 48.873652472449884 ], [ 2.465296502281258, 48.873940900512359 ], [ 2.464711826385011, 48.874237261601436 ], [ 2.463726598372515, 48.874759146621741 ], [ 2.463534642882129, 48.874536065094411 ], [ 2.463220157457009, 48.874130583962639 ], [ 2.462991101911948, 48.873841805963714 ], [ 2.462658204240455, 48.873421951936713 ], [ 2.462354035686773, 48.873067533271211 ], [ 2.462277339144764, 48.873004940847146 ], [ 2.461782146617651, 48.872465645352499 ], [ 2.461726578201902, 48.872491924097773 ], [ 2.461414416043395, 48.872084754931905 ], [ 2.461272364496492, 48.871910645855941 ], [ 2.461155885182436, 48.871775570660162 ], [ 2.460938622883862, 48.871425480261287 ], [ 2.460729872829953, 48.870970462848838 ], [ 2.460314123948176, 48.870296122132274 ], [ 2.459810948781366, 48.869629274136159 ], [ 2.458981867294916, 48.870069588198561 ], [ 2.458639206423695, 48.87021412992793 ], [ 2.458007887684754, 48.870496687355981 ], [ 2.456745728515844, 48.869513963840276 ], [ 2.45592328863995, 48.868847010543831 ], [ 2.45582279872763, 48.868924797625297 ], [ 2.455646979277891, 48.869019297613072 ], [ 2.455412584402351, 48.869241101185317 ], [ 2.454840839419432, 48.869671936342648 ], [ 2.455122130073573, 48.869931871939109 ], [ 2.455437963614953, 48.86977289358969 ], [ 2.455804548333423, 48.87004855246127 ], [ 2.455764059038808, 48.8700748970546 ], [ 2.455846355773194, 48.870136618800039 ], [ 2.456792164370233, 48.869580081817787 ], [ 2.457269238548069, 48.869972775510405 ], [ 2.457676345437165, 48.870296007156014 ], [ 2.457972423174688, 48.870524567184894 ], [ 2.45836490207258, 48.870960804455393 ], [ 2.45868192229271, 48.870819385323209 ], [ 2.458810744451714, 48.870936799458782 ], [ 2.459054669332271, 48.870822090298184 ], [ 2.45934100576236, 48.871102971402131 ], [ 2.459663205910792, 48.870957645595816 ], [ 2.459873140398043, 48.871315071835205 ], [ 2.459527680075757, 48.871448709315182 ], [ 2.459868798570119, 48.871817591098676 ], [ 2.459764359531518, 48.871867537252861 ], [ 2.460058243003523, 48.87219496624629 ], [ 2.460774590247174, 48.871880852646996 ], [ 2.461806322134579, 48.873079355081714 ], [ 2.460555176734542, 48.873475917290612 ], [ 2.460045277058346, 48.873621765667217 ], [ 2.458929724862447, 48.874000563985895 ], [ 2.458326924081664, 48.874198460184587 ], [ 2.45876748457251, 48.875089087240582 ], [ 2.459257336348262, 48.874991303039764 ], [ 2.459316700467386, 48.874935447781262 ], [ 2.459326961597366, 48.874840600726493 ], [ 2.459117724511764, 48.874432519209904 ], [ 2.45972719805845, 48.874284254651364 ], [ 2.459858860484353, 48.874207040533449 ], [ 2.460842641549287, 48.873973981387863 ], [ 2.461564765040746, 48.875197615113663 ], [ 2.462363440058266, 48.874956970304055 ], [ 2.462628263816096, 48.874870283575845 ], [ 2.463500036264235, 48.874592033403601 ], [ 2.463532339417892, 48.874584182547061 ], [ 2.463882731366529, 48.87498353600386 ], [ 2.46402009897322, 48.875163739466601 ], [ 2.464502864461707, 48.875904660533806 ], [ 2.464932441868815, 48.876553507670558 ], [ 2.465117901514889, 48.876871677752753 ] ] ] } },
{ "type": "Feature", "properties": { "code_qp": "QN09333I", "lib_qp": "Méchin - Bocage" }, "geometry": { "type": "Polygon", "coordinates": [ [ [ 2.340824033413405, 48.935743754550067 ], [ 2.340853796268043, 48.93563449835748 ], [ 2.340940174931475, 48.935387671135473 ], [ 2.340985695879963, 48.935136102922463 ], [ 2.340995471835286, 48.935010258184498 ], [ 2.340989808165064, 48.934811486210037 ], [ 2.340947469930785, 48.934275295599477 ], [ 2.34085898483898, 48.933608430630912 ], [ 2.340779075947163, 48.933235674605065 ], [ 2.340688234317929, 48.932973481660341 ], [ 2.340261610940314, 48.932063759301293 ], [ 2.338886180001155, 48.932463552786871 ], [ 2.338656028826172, 48.932530630803129 ], [ 2.338530172615819, 48.93257953926355 ], [ 2.338126825177608, 48.932819980374163 ], [ 2.337493481009925, 48.933251728192303 ], [ 2.337547223534099, 48.933532619782959 ], [ 2.337577358236592, 48.933844821737551 ], [ 2.337604897434848, 48.934577007645309 ], [ 2.33754042550644, 48.93502988183166 ], [ 2.337532437413066, 48.935229479629925 ], [ 2.337565829610067, 48.93539334898729 ], [ 2.337677624147405, 48.935674316716998 ], [ 2.33860617901275, 48.935710266109851 ], [ 2.339072203611296, 48.935731910803078 ], [ 2.33898494064461, 48.936290577561216 ], [ 2.338930602027015, 48.936809162722021 ], [ 2.338858573725999, 48.937320468339202 ], [ 2.33882340389534, 48.937403006854638 ], [ 2.338726162037581, 48.937540115105882 ], [ 2.339332611994056, 48.937545466684135 ], [ 2.339296459659503, 48.936792311249938 ], [ 2.340550414263459, 48.936739848056419 ], [ 2.340812928047884, 48.936057843238096 ], [ 2.340854552521566, 48.935897997270438 ], [ 2.340824033413405, 48.935743754550067 ] ] ] } },
{ "type": "Feature", "properties": { "code_qp": "QN09335M", "lib_qp": "Centre Ville - Chatenay - Maroc - Poètes" }, "geometry": { "type": "Polygon", "coordinates": [ [ [ 2.379530010883841, 48.971501631392918 ], [ 2.379115396554393, 48.97069268300023 ], [ 2.378912454536349, 48.970298659775771 ], [ 2.378821966602615, 48.970098556567322 ], [ 2.378784035898651, 48.970004316821615 ], [ 2.378653338863156, 48.969775003865301 ], [ 2.378103627287025, 48.969893793549801 ], [ 2.377731355022761, 48.969980839189269 ], [ 2.377543494934524, 48.969631996912966 ], [ 2.377397899150033, 48.969429221624175 ], [ 2.377334876163828, 48.969339332720082 ], [ 2.377275779497868, 48.969239819444283 ], [ 2.377206846951467, 48.969079230294732 ], [ 2.374711788060269, 48.969669766096231 ], [ 2.37502934717898, 48.970399887754553 ], [ 2.374484574364981, 48.97055549293048 ], [ 2.37330384004396, 48.970898224295432 ], [ 2.372998752435989, 48.970428105055312 ], [ 2.372227158327581, 48.970645738697073 ], [ 2.372037534266124, 48.970409279172358 ], [ 2.371918626874737, 48.970443873640768 ], [ 2.371482639883706, 48.970014446904791 ], [ 2.371215177575277, 48.969767558930322 ], [ 2.370998369456891, 48.969510139488698 ], [ 2.370944466528448, 48.96944869297014 ], [ 2.37088947255487, 48.969365674735734 ], [ 2.370803680392325, 48.969118832024193 ], [ 2.370788471732237, 48.969022538977569 ], [ 2.370704762977315, 48.968872443688994 ], [ 2.370662168223737, 48.968887678407064 ], [ 2.370390324954996, 48.968976172549525 ], [ 2.370347928227751, 48.968945540216176 ], [ 2.370330660975476, 48.968915570698876 ], [ 2.37023990138758, 48.968828080276062 ], [ 2.370027543035268, 48.968526568214614 ], [ 2.369632694019304, 48.967935726398345 ], [ 2.369034662215211, 48.967024597074143 ], [ 2.367288110189646, 48.967479515269787 ], [ 2.367156759821497, 48.967325405170079 ], [ 2.366703712953676, 48.96695701183976 ], [ 2.366120574234783, 48.966501621810238 ], [ 2.365955534995185, 48.966260636359948 ], [ 2.365761055672352, 48.965941545304929 ], [ 2.365810252542665, 48.965932177719708 ], [ 2.366455536934615, 48.965795365143876 ], [ 2.367276194545433, 48.965623802686004 ], [ 2.367069584139151, 48.965276889429873 ], [ 2.367172786660235, 48.965265536852897 ], [ 2.367149266885869, 48.965164645245387 ], [ 2.367081289044328, 48.964934025509351 ], [ 2.367837015833222, 48.964848849964653 ], [ 2.367930412281892, 48.964853402372839 ], [ 2.367955925766183, 48.964809236624752 ], [ 2.368099764376301, 48.964778311885937 ], [ 2.368493796729005, 48.964746292924779 ], [ 2.36829641837406, 48.964160514524046 ], [ 2.367025234560912, 48.964287475988527 ], [ 2.366961086485527, 48.964223658551632 ], [ 2.366778192251458, 48.964311218001974 ], [ 2.366408113276892, 48.964352897916719 ], [ 2.365483227950362, 48.964783342926609 ], [ 2.365351461488574, 48.964837507765225 ], [ 2.363387635061297, 48.965607669530812 ], [ 2.363205188817375, 48.965689873458494 ], [ 2.362773710412841, 48.965322231883967 ], [ 2.362487459727416, 48.965030386041931 ], [ 2.361798587562288, 48.964442813848734 ], [ 2.361415908843858, 48.964137405454323 ], [ 2.361621656582526, 48.964003145652399 ], [ 2.361820223087106, 48.963913635164452 ], [ 2.362243549810528, 48.963725286578409 ], [ 2.362352146086778, 48.963674489480191 ], [ 2.361820664105193, 48.963198579320597 ], [ 2.361468071925342, 48.963385289038875 ], [ 2.361311263356429, 48.963205938801082 ], [ 2.360966715145056, 48.962840980087556 ], [ 2.360678406155705, 48.962525204815101 ], [ 2.360106759769736, 48.962830760654761 ], [ 2.360109695432636, 48.962870196640942 ], [ 2.359700591224109, 48.962893917721722 ], [ 2.359614544146494, 48.962936257450799 ], [ 2.359617881718036, 48.96294303304316 ], [ 2.359557656998109, 48.9629719950848 ], [ 2.359290293076899, 48.963014492387842 ], [ 2.359256862264046, 48.9629512412547 ], [ 2.359136600855706, 48.962716329253048 ], [ 2.359056674778648, 48.962539636879491 ], [ 2.359008778785673, 48.962262312180101 ], [ 2.358837650348233, 48.96088168425031 ], [ 2.358056016757998, 48.961191099031325 ], [ 2.357364515430489, 48.961454332802695 ], [ 2.356392911144293, 48.961516793337317 ], [ 2.355497885071373, 48.9615435043983 ], [ 2.354550323418533, 48.96153471032077 ], [ 2.354227082500374, 48.961741123373386 ], [ 2.354161368606591, 48.961804931763112 ], [ 2.35413639350777, 48.96187688127899 ], [ 2.353998546239008, 48.962165067888904 ], [ 2.354786345702284, 48.962648231489865 ], [ 2.35481149924386, 48.962631841543448 ], [ 2.355282702374297, 48.96296828996077 ], [ 2.355865163842648, 48.963416457381733 ], [ 2.355820651036722, 48.963430237781978 ], [ 2.354188334529373, 48.963593024664135 ], [ 2.355312398407539, 48.964758236149578 ], [ 2.356084012359658, 48.965615594509451 ], [ 2.356381167725937, 48.965915725933549 ], [ 2.357273931680152, 48.967298935563548 ], [ 2.357548022585395, 48.967999122989539 ], [ 2.357565211107803, 48.968043280537593 ], [ 2.357906621197233, 48.968933572423161 ], [ 2.360063007010114, 48.968294939762437 ], [ 2.361167941224445, 48.967963597824529 ], [ 2.362043817750588, 48.967711075841883 ], [ 2.36209739965994, 48.967797684270757 ], [ 2.362603099519093, 48.968598279056792 ], [ 2.363102608112903, 48.968471184436488 ], [ 2.363712531978568, 48.968297259110656 ], [ 2.364789698745994, 48.968004428082956 ], [ 2.365023191811658, 48.967942169738073 ], [ 2.365194532146661, 48.967908825844347 ], [ 2.365299665080951, 48.968225798762106 ], [ 2.365388387762547, 48.968469316031253 ], [ 2.365601357555411, 48.968421483580606 ], [ 2.367627770027463, 48.967905213360773 ], [ 2.367920067379728, 48.968241272691664 ], [ 2.368205881018465, 48.968549429047449 ], [ 2.3690926178165, 48.969537892903119 ], [ 2.36963302936024, 48.970140523861865 ], [ 2.368857848550364, 48.970423311479173 ], [ 2.368468479974288, 48.97054906397787 ], [ 2.368079462236224, 48.970074443564513 ], [ 2.367455145217249, 48.970279046716136 ], [ 2.367439310895197, 48.970315004363215 ], [ 2.367362208535129, 48.970324734265319 ], [ 2.367355091836775, 48.970347222449504 ], [ 2.367085338662528, 48.970407744979845 ], [ 2.367064709141479, 48.970374301969798 ], [ 2.366137483624273, 48.970630894367652 ], [ 2.365793901554198, 48.970559146535493 ], [ 2.365773004119033, 48.970444861118246 ], [ 2.36557554863541, 48.969815788575339 ], [ 2.36518900704949, 48.969948897677568 ], [ 2.365165525809736, 48.969910479637356 ], [ 2.36540247276374, 48.969839651237322 ], [ 2.365337298192728, 48.969713162225929 ], [ 2.363621339127135, 48.970209772414591 ], [ 2.364043328297904, 48.970885867752202 ], [ 2.364658124225437, 48.970731112462502 ], [ 2.364658173607604, 48.970817597740208 ], [ 2.364688066212321, 48.970868673743851 ], [ 2.365363395927232, 48.970672263616365 ], [ 2.365385821424805, 48.970705776745064 ], [ 2.365726688592261, 48.970603769788532 ], [ 2.366069946647397, 48.970676410247556 ], [ 2.366229664728601, 48.971191022327901 ], [ 2.366336728828851, 48.971553676654317 ], [ 2.366368905776171, 48.971759356939913 ], [ 2.366427258643864, 48.972053246635951 ], [ 2.366428163244952, 48.97218210197876 ], [ 2.366549701963054, 48.9722544234899 ], [ 2.366679438179824, 48.972410671406323 ], [ 2.366743770140125, 48.972508681837624 ], [ 2.366895680135325, 48.972885465416724 ], [ 2.366537604266248, 48.972991598562352 ], [ 2.366280762293751, 48.973069529001286 ], [ 2.366248669899754, 48.973473322063562 ], [ 2.366195127394676, 48.973718529865614 ], [ 2.366146456883235, 48.973925093664128 ], [ 2.367432431745589, 48.973481235428174 ], [ 2.368415140048795, 48.973144024066976 ], [ 2.368546031707002, 48.973072631113347 ], [ 2.368724714121251, 48.9730104998185 ], [ 2.370089296885726, 48.972783407147062 ], [ 2.370423760068144, 48.972677884725535 ], [ 2.371256677539915, 48.9724516473024 ], [ 2.371476738518496, 48.972362697997873 ], [ 2.371536899397329, 48.972339361286508 ], [ 2.371025278271516, 48.971753904404601 ], [ 2.371021188973405, 48.971694676106971 ], [ 2.371070388950594, 48.971686707679119 ], [ 2.371151252201658, 48.971664637728303 ], [ 2.372600080166388, 48.971116869093187 ], [ 2.373427660842324, 48.972100164800715 ], [ 2.373134902080718, 48.97218948096598 ], [ 2.373169753484409, 48.972298947920592 ], [ 2.373604495288701, 48.972263812008386 ], [ 2.375721930245121, 48.972059654494018 ], [ 2.375705323653154, 48.972017895570339 ], [ 2.376748910216266, 48.971875779814312 ], [ 2.379530010883841, 48.971501631392918 ] ] ] } },
{ "type": "Feature", "properties": { "code_qp": "QN09356I", "lib_qp": "Secteur Nord Pont-Yblon" }, "geometry": { "type": "Polygon", "coordinates": [ [ [ 2.458969348537116, 48.947181285718884 ], [ 2.455567020903155, 48.946391720600374 ], [ 2.455432328598866, 48.946379740265591 ], [ 2.452374134866181, 48.945650647328279 ], [ 2.452185748236666, 48.945989570040787 ], [ 2.451707184759627, 48.945875741502775 ], [ 2.451632472582145, 48.946016867380798 ], [ 2.451538630352676, 48.945994305264627 ], [ 2.451206989421402, 48.946585608892249 ], [ 2.449712542569705, 48.947262441397626 ], [ 2.448745320268053, 48.947552678528005 ], [ 2.448801745443368, 48.947401936796581 ], [ 2.448761035778272, 48.94727717039823 ], [ 2.448697084799742, 48.947188868534766 ], [ 2.448098901088613, 48.9463039443376 ], [ 2.448051243342893, 48.946304615196588 ], [ 2.447683107206353, 48.946502551976771 ], [ 2.446360864750284, 48.946880408584619 ], [ 2.446204555091625, 48.946644654674905 ], [ 2.44622166250491, 48.946587673921172 ], [ 2.447360398186177, 48.946278760393675 ], [ 2.447997672254703, 48.945993001118488 ], [ 2.448679692396703, 48.945668725046474 ], [ 2.450007063728104, 48.945059128811891 ], [ 2.448381332176694, 48.944588493327764 ], [ 2.448205357465616, 48.944534450210611 ], [ 2.447287605896211, 48.944279530695034 ], [ 2.447214534589548, 48.944419496184175 ], [ 2.447223622578402, 48.944948632878756 ], [ 2.447367578524462, 48.944914689092684 ], [ 2.44744248019656, 48.944993378794308 ], [ 2.447765248600727, 48.945455285180735 ], [ 2.447701298361748, 48.945481450679388 ], [ 2.448027022482937, 48.945948303558389 ], [ 2.447846453798823, 48.946032930944249 ], [ 2.447336511277533, 48.946253473965875 ], [ 2.446922545752796, 48.946373888776975 ], [ 2.446148753885718, 48.94656874540695 ], [ 2.446151367609314, 48.946643649095584 ], [ 2.446306372475219, 48.946888910490244 ], [ 2.445659386838875, 48.947053459157871 ], [ 2.445785693242213, 48.947241983078221 ], [ 2.445975384018699, 48.947378651202023 ], [ 2.445723080341939, 48.947864891868747 ], [ 2.445455086440316, 48.948069042318984 ], [ 2.445645961690781, 48.948158231788803 ], [ 2.445633191345043, 48.948291991317717 ], [ 2.444701547540476, 48.948615093528936 ], [ 2.444807692801572, 48.950429863573824 ], [ 2.44329779765462, 48.950455549479912 ], [ 2.442745044649259, 48.949776077867838 ], [ 2.442346082786512, 48.949279026539749 ], [ 2.444583162897697, 48.948498048256852 ], [ 2.444412672554265, 48.948238451774074 ], [ 2.443009792945596, 48.947493901600765 ], [ 2.442359630395374, 48.947149879053079 ], [ 2.442037769974553, 48.946966333578189 ], [ 2.44155184871556, 48.946699915531411 ], [ 2.440961224113025, 48.946326122326511 ], [ 2.440201057652923, 48.945902218477457 ], [ 2.439344506458973, 48.945466878744583 ], [ 2.439587931698779, 48.944978925254851 ], [ 2.439437806067644, 48.944726744000839 ], [ 2.439377482511576, 48.944626695039645 ], [ 2.439611222217497, 48.94456393518081 ], [ 2.439677058112628, 48.94457918719776 ], [ 2.439718291542157, 48.944580738495382 ], [ 2.439774108123982, 48.944568772237204 ], [ 2.439821909173372, 48.944535031382401 ], [ 2.439878559170221, 48.944637188814262 ], [ 2.440170104094119, 48.944569263675298 ], [ 2.440156592716869, 48.944536319125312 ], [ 2.440560225648493, 48.94445745795219 ], [ 2.439866261548873, 48.94288628991967 ], [ 2.438908629453202, 48.942737866459829 ], [ 2.438415591041042, 48.942586330475606 ], [ 2.437806555515794, 48.942350567487594 ], [ 2.43491284914549, 48.940926895621963 ], [ 2.43480254601607, 48.941026205835705 ], [ 2.43433255216017, 48.941189451691159 ], [ 2.432444412870525, 48.941702112743144 ], [ 2.432547262573653, 48.941835321745025 ], [ 2.432583707062495, 48.941949169695562 ], [ 2.432519760935277, 48.94205497770394 ], [ 2.433417912981269, 48.943081657022645 ], [ 2.433661397974916, 48.943404770671826 ], [ 2.433710478016827, 48.94340038927384 ], [ 2.436070076984927, 48.946076154805645 ], [ 2.436748318556313, 48.946838361394377 ], [ 2.437246673755467, 48.947394394536367 ], [ 2.437439215390937, 48.947632276821601 ], [ 2.437989446750357, 48.948250287787602 ], [ 2.438501984598489, 48.948826343420876 ], [ 2.438864878939029, 48.949221346843856 ], [ 2.439393874696976, 48.949803248977261 ], [ 2.440320044611076, 48.95085638633951 ], [ 2.440720556500681, 48.951304542750655 ], [ 2.441189255683228, 48.951838604741091 ], [ 2.441626357108692, 48.952338553445806 ], [ 2.442086127832181, 48.952841322893754 ], [ 2.442496692694643, 48.953316690345545 ], [ 2.44403838740093, 48.955137549692004 ], [ 2.445383577186353, 48.956647154923992 ], [ 2.446819142140873, 48.956064710471288 ], [ 2.446959197258387, 48.956003400133255 ], [ 2.447466897059376, 48.955792645271671 ], [ 2.447501910838754, 48.955693015390757 ], [ 2.447366306188827, 48.955647821384346 ], [ 2.447492833385815, 48.955588476203289 ], [ 2.447893345615054, 48.955122088189782 ], [ 2.448150385874791, 48.954829786317042 ], [ 2.447651938237374, 48.954667052297509 ], [ 2.447443079069755, 48.954415905234114 ], [ 2.447254215748245, 48.954172662855797 ], [ 2.447310799580779, 48.954148678848817 ], [ 2.447170179199082, 48.953968667954655 ], [ 2.446367695877417, 48.954260739817023 ], [ 2.445294233628284, 48.954663160354883 ], [ 2.445007767924022, 48.954765235469182 ], [ 2.444749699017143, 48.954872577987977 ], [ 2.443856184510664, 48.953714069448452 ], [ 2.443659464210742, 48.95376566060029 ], [ 2.443497132281815, 48.953513574071295 ], [ 2.443190984330175, 48.953070444503254 ], [ 2.445061936046465, 48.952503853683758 ], [ 2.445399640842558, 48.952425696537446 ], [ 2.446903907378149, 48.951857022833252 ], [ 2.447302474359536, 48.951826525118449 ], [ 2.448096667482621, 48.951630475430584 ], [ 2.447440093692816, 48.950380099815177 ], [ 2.452648279057468, 48.950296850643944 ], [ 2.454533034984565, 48.950246083795065 ], [ 2.456892212088995, 48.950133613008703 ], [ 2.459452934941531, 48.950069631602247 ], [ 2.458969348537116, 48.947181285718884 ] ] ] } },
{ "type": "Feature", "properties": { "code_qp": "QN09358I", "lib_qp": "Les Peupliers" }, "geometry": { "type": "Polygon", "coordinates": [ [ [ 2.568836782280215, 48.867471445593139 ], [ 2.568766626030666, 48.867499564765509 ], [ 2.567701964258553, 48.866009186574139 ], [ 2.567636151516976, 48.866117229578883 ], [ 2.567599953254766, 48.866210637770486 ], [ 2.567575131076714, 48.866406604867819 ], [ 2.567606834565415, 48.868335772917774 ], [ 2.567594033642827, 48.868756203620222 ], [ 2.567588289610507, 48.869182484312994 ], [ 2.56751181790732, 48.869226122415476 ], [ 2.567446418103958, 48.869269268900595 ], [ 2.567439590824574, 48.869840119423834 ], [ 2.567430382562235, 48.87120029610341 ], [ 2.567425069970136, 48.874399795712144 ], [ 2.567935781537286, 48.874367818527347 ], [ 2.567989725516152, 48.874363555891328 ], [ 2.568285803533479, 48.873393914196058 ], [ 2.568295242196323, 48.873311147776398 ], [ 2.568258342604233, 48.873223846317096 ], [ 2.568078087678225, 48.873150448637709 ], [ 2.567932689052271, 48.87314590976866 ], [ 2.567934765485894, 48.872895589456768 ], [ 2.567835656784366, 48.872762628496645 ], [ 2.567658383340236, 48.87269498955407 ], [ 2.567552733654783, 48.872668418840973 ], [ 2.567537822136031, 48.872381571559103 ], [ 2.567596930052388, 48.872334290120499 ], [ 2.568137451431364, 48.87229070520565 ], [ 2.568749167455, 48.871907517083372 ], [ 2.568990154335505, 48.871693907564037 ], [ 2.569064571409843, 48.871581530012136 ], [ 2.569299770345848, 48.871121844373157 ], [ 2.569373461066661, 48.870847812516516 ], [ 2.569503102035797, 48.870518069084497 ], [ 2.569743612981044, 48.870201490793889 ], [ 2.57032081752785, 48.869806212580706 ], [ 2.570400212319544, 48.869735249557749 ], [ 2.570468292091514, 48.869619961380444 ], [ 2.570528723417739, 48.869371776017566 ], [ 2.570440348780225, 48.869115362006895 ], [ 2.570318982585192, 48.868966656613402 ], [ 2.569733487817683, 48.868498116936117 ], [ 2.569394104663597, 48.868159644266612 ], [ 2.568836782280215, 48.867471445593139 ] ] ] } },
{ "type": "Feature", "properties": { "code_qp": "QN09403M", "lib_qp": "La Haie Griselle - La Hêtraie" }, "geometry": { "type": "Polygon", "coordinates": [ [ [ 2.501568213608162, 48.755392801101635 ], [ 2.501555198504955, 48.755351485016973 ], [ 2.501539496631896, 48.75531546788676 ], [ 2.501458507519005, 48.755302798769939 ], [ 2.501454675371003, 48.755357956754871 ], [ 2.50141382721741, 48.755398902274784 ], [ 2.501373978432902, 48.755422367240783 ], [ 2.501309990941627, 48.755435218981432 ], [ 2.501222373956836, 48.755428582316057 ], [ 2.501144210088157, 48.755402951563063 ], [ 2.500883389588546, 48.755173238316161 ], [ 2.500764590265542, 48.755032324342885 ], [ 2.50071280272935, 48.754908824371185 ], [ 2.500636202362782, 48.754816255989361 ], [ 2.500536269368132, 48.75473297990829 ], [ 2.500458288753391, 48.754696016760136 ], [ 2.500366355470052, 48.754681725325703 ], [ 2.500384965434755, 48.754655959252403 ], [ 2.500338209850311, 48.754644695367922 ], [ 2.500110863364426, 48.754597765552809 ], [ 2.500121331404814, 48.754578489828937 ], [ 2.500131266123812, 48.754581672189659 ], [ 2.50014790088821, 48.754538877256934 ], [ 2.500347333706446, 48.754575690463611 ], [ 2.500444920187645, 48.754407705699037 ], [ 2.500525241896006, 48.75419649263651 ], [ 2.500559117406717, 48.75407390660871 ], [ 2.500555863626711, 48.754050596211911 ], [ 2.500541874108279, 48.754037888252725 ], [ 2.500521166382303, 48.754027030181916 ], [ 2.500495103006475, 48.754021476073632 ], [ 2.500442818845582, 48.754013173373366 ], [ 2.5004469529333, 48.753995651967763 ], [ 2.500602119609209, 48.754016769982286 ], [ 2.500611384018172, 48.753991898375581 ], [ 2.500540081130359, 48.75396169264242 ], [ 2.500683118629191, 48.753528027457392 ], [ 2.500787736577451, 48.753543618295943 ], [ 2.500918526018209, 48.753459703951876 ], [ 2.501107509020729, 48.753549314715755 ], [ 2.501293696009292, 48.753002748682292 ], [ 2.501394324280109, 48.753017196354008 ], [ 2.501620187245589, 48.752383479619795 ], [ 2.501649536491781, 48.75231091562474 ], [ 2.501924276595139, 48.751529792747874 ], [ 2.501343943580785, 48.751443571007336 ], [ 2.50110421547313, 48.75214949119416 ], [ 2.501095655336157, 48.752163036430012 ], [ 2.501064838843054, 48.75218448304603 ], [ 2.501023750185584, 48.75220028580987 ], [ 2.500965541254168, 48.752211573495224 ], [ 2.500770370131185, 48.752178839200624 ], [ 2.500455357090582, 48.752125787022592 ], [ 2.500409193521031, 48.752107118187261 ], [ 2.500371932316364, 48.752084668583052 ], [ 2.50032865066419, 48.752048922717975 ], [ 2.500292537708933, 48.751992120185932 ], [ 2.50028314345495, 48.751951767577332 ], [ 2.500244137275602, 48.751860327273292 ], [ 2.499980958191209, 48.752173954830141 ], [ 2.499929736469295, 48.752222789413501 ], [ 2.499859078820033, 48.752255871043438 ], [ 2.499388692921931, 48.752729409872423 ], [ 2.498824389780757, 48.753276587520752 ], [ 2.498614753987444, 48.753508254638902 ], [ 2.498086183717615, 48.754028860331928 ], [ 2.497971466977304, 48.75410609345689 ], [ 2.497776922655699, 48.754336073937083 ], [ 2.497418414133504, 48.7542097494741 ], [ 2.497160326346656, 48.754089264916125 ], [ 2.496720831082488, 48.753911740421593 ], [ 2.496330263776464, 48.753787765304963 ], [ 2.494631667742109, 48.753219316556439 ], [ 2.494198790550202, 48.753763816564316 ], [ 2.494120712403927, 48.753852062159929 ], [ 2.493804217060996, 48.754240892469632 ], [ 2.494164033099459, 48.754368959634867 ], [ 2.494228888925254, 48.754288387042834 ], [ 2.494692901552505, 48.754452531952275 ], [ 2.494862540987074, 48.754499454678417 ], [ 2.495034868137852, 48.754541078347138 ], [ 2.495198974648299, 48.754570425875031 ], [ 2.495338490892483, 48.754588480525534 ], [ 2.495526752581079, 48.754606183275222 ], [ 2.495709656009279, 48.754615050579368 ], [ 2.495870313775045, 48.754617682113299 ], [ 2.496060027807838, 48.754609298306697 ], [ 2.496203047335634, 48.754591812615097 ], [ 2.496343388996857, 48.754576101707059 ], [ 2.496666645520878, 48.754517266427307 ], [ 2.497137283578482, 48.754680302708827 ], [ 2.496940751659976, 48.754894562495572 ], [ 2.496608206412391, 48.75528008484045 ], [ 2.496236402687656, 48.755702847049925 ], [ 2.49609339531259, 48.755865897129119 ], [ 2.495791694167608, 48.756200629673657 ], [ 2.495707304810147, 48.756302624657664 ], [ 2.495712424483662, 48.756353010926183 ], [ 2.495546525038774, 48.756474950580312 ], [ 2.495402027952137, 48.756608769641367 ], [ 2.494984284987817, 48.75702665762428 ], [ 2.494492964586778, 48.757556451942399 ], [ 2.4949042772971, 48.757621315620746 ], [ 2.495538546623325, 48.757244098742476 ], [ 2.49578129125517, 48.757428637805987 ], [ 2.495930665169062, 48.757336696424758 ], [ 2.496122969835943, 48.757366147225021 ], [ 2.496172325923103, 48.757396388543953 ], [ 2.497012799424739, 48.757540751726367 ], [ 2.49710360741937, 48.757625921361551 ], [ 2.497744232616318, 48.757734289010038 ], [ 2.497883300097771, 48.757348645746909 ], [ 2.497745333589754, 48.757209218818069 ], [ 2.497746706303502, 48.757150521363329 ], [ 2.497819494937019, 48.75701552077475 ], [ 2.497797649885206, 48.757003195025632 ], [ 2.497744769093883, 48.757026949333664 ], [ 2.497705113923513, 48.756987571509228 ], [ 2.498148986209867, 48.756758639639017 ], [ 2.498300742019465, 48.756905290651929 ], [ 2.498314508644077, 48.756954807500598 ], [ 2.499172326437491, 48.75775912564665 ], [ 2.499465565025245, 48.758009991954651 ], [ 2.500548567169683, 48.758176195928897 ], [ 2.500816737691796, 48.757452878115977 ], [ 2.500900325356088, 48.757525324799516 ], [ 2.500956867673035, 48.757562430016691 ], [ 2.501001232774815, 48.757573025257074 ], [ 2.500986584633356, 48.757615450742549 ], [ 2.500980742057848, 48.757639214126904 ], [ 2.500952970088604, 48.75763546083386 ], [ 2.500919947926115, 48.757749620418721 ], [ 2.500972726056612, 48.757759711580718 ], [ 2.500951682458778, 48.757814565464862 ], [ 2.500839866281829, 48.757802274421252 ], [ 2.500805319262843, 48.757912958039817 ], [ 2.500822064524717, 48.757913292461573 ], [ 2.5008126466946, 48.757940489254466 ], [ 2.501036532203556, 48.757973663574397 ], [ 2.501045879060321, 48.757950465278235 ], [ 2.501059258016661, 48.757952026798407 ], [ 2.501098107477624, 48.757837761617175 ], [ 2.501090652740831, 48.757832306326847 ], [ 2.501106089180063, 48.757789558000177 ], [ 2.501159439776277, 48.757788758520775 ], [ 2.501202677535249, 48.757671338475312 ], [ 2.501194805906457, 48.757669994247308 ], [ 2.501204271871273, 48.75764456767385 ], [ 2.501232523993403, 48.757576705886144 ], [ 2.500960621817812, 48.757535997427453 ], [ 2.500824511311297, 48.757419225613475 ], [ 2.50112908111716, 48.756586072731096 ], [ 2.500674366312838, 48.756512718352418 ], [ 2.500696164211122, 48.75648308550722 ], [ 2.500716619782997, 48.756464941614503 ], [ 2.500781997658134, 48.756434864948773 ], [ 2.500824749658983, 48.756421147638505 ], [ 2.500852750592551, 48.756390639473267 ], [ 2.500855766334142, 48.756292041616994 ], [ 2.500846718718142, 48.756194326927783 ], [ 2.500826103323689, 48.756110546242788 ], [ 2.500784024998489, 48.756044446547193 ], [ 2.500758885205088, 48.756013041675807 ], [ 2.500856226906119, 48.755985197823989 ], [ 2.500950887151269, 48.755970612714066 ], [ 2.500950856378908, 48.755960170331683 ], [ 2.500989058515573, 48.755955343589299 ], [ 2.501009824391232, 48.75595935362449 ], [ 2.501027546681036, 48.755945353566325 ], [ 2.501055592149457, 48.755949431784813 ], [ 2.501133351338808, 48.755913286998847 ], [ 2.501173926397902, 48.755869383160139 ], [ 2.501199991866696, 48.755875676438357 ], [ 2.501228742536878, 48.755881970132691 ], [ 2.501538358946033, 48.755448309173836 ], [ 2.501568213608162, 48.755392801101635 ] ] ] } },
{ "type": "Feature", "properties": { "code_qp": "QN09409M", "lib_qp": "Monmousseau" }, "geometry": { "type": "Polygon", "coordinates": [ [ [ 2.378622906897777, 48.809390582823745 ], [ 2.37837781757319, 48.809616849886261 ], [ 2.379419507629278, 48.810222612904809 ], [ 2.380005709769745, 48.810593046284822 ], [ 2.380135166899331, 48.810355378578173 ], [ 2.380241806802123, 48.810090600032076 ], [ 2.380378838941829, 48.80970891115318 ], [ 2.380434407521464, 48.809604812779746 ], [ 2.38047988469744, 48.809569437157762 ], [ 2.380705413713454, 48.809658410151421 ], [ 2.380934482935575, 48.809763834597234 ], [ 2.381426072418217, 48.80931279972517 ], [ 2.381563067350615, 48.809188270719098 ], [ 2.381646354624201, 48.809120310482577 ], [ 2.381957548487122, 48.80890122991007 ], [ 2.382505132718376, 48.808500252866004 ], [ 2.382698647647751, 48.808384993904859 ], [ 2.382908188886078, 48.808268873838855 ], [ 2.382965412110738, 48.808233968149388 ], [ 2.382861777545044, 48.808155121750268 ], [ 2.382801033405478, 48.808071623819188 ], [ 2.383389819238473, 48.807924968167526 ], [ 2.383762864605006, 48.807814486301382 ], [ 2.383978895389093, 48.80773823260477 ], [ 2.383826163950074, 48.807625104771205 ], [ 2.383777570072993, 48.807557983021724 ], [ 2.383914165170036, 48.807497162162541 ], [ 2.384110705801466, 48.807308139244036 ], [ 2.384202278151902, 48.807240511133905 ], [ 2.384274604941103, 48.807191002420829 ], [ 2.384371561787721, 48.807134138315732 ], [ 2.384499238828725, 48.807033786194424 ], [ 2.38440727956353, 48.806987172504236 ], [ 2.384443575155246, 48.806951195481169 ], [ 2.384505549811604, 48.806978949288833 ], [ 2.384647588169413, 48.80686273903342 ], [ 2.384797257612893, 48.806734655825586 ], [ 2.384834896070794, 48.806688989075582 ], [ 2.384903077167989, 48.806729094941623 ], [ 2.385325089070728, 48.806964460590585 ], [ 2.385505336498821, 48.80704893838714 ], [ 2.385704051647989, 48.807168427685689 ], [ 2.386211069749143, 48.80680416313006 ], [ 2.386692642083412, 48.807099127803752 ], [ 2.387255981585346, 48.806693117410042 ], [ 2.386577190612219, 48.806275920114807 ], [ 2.38645562611797, 48.806258515061401 ], [ 2.386127930524778, 48.806470856300109 ], [ 2.385347556504344, 48.80610299681171 ], [ 2.384954152619216, 48.805920033644739 ], [ 2.385581028901306, 48.805360922224047 ], [ 2.385610016524601, 48.805374711731055 ], [ 2.385983679453915, 48.804980709275689 ], [ 2.385336556142373, 48.80470988390892 ], [ 2.385042200959691, 48.805019212979232 ], [ 2.384767329183978, 48.80527310901364 ], [ 2.38448951384942, 48.805138246238251 ], [ 2.384540091198859, 48.805088934375981 ], [ 2.384252034314817, 48.804964446803844 ], [ 2.385054449213454, 48.804138538174321 ], [ 2.384043862098963, 48.803808706401853 ], [ 2.383361950839911, 48.803583617735768 ], [ 2.382899359768527, 48.80343033915652 ], [ 2.38280353468538, 48.803477736717497 ], [ 2.382344015867774, 48.803915753521537 ], [ 2.381796252289697, 48.804438479117735 ], [ 2.38173137445922, 48.80449675421648 ], [ 2.383011621541131, 48.805090304390916 ], [ 2.384176784912377, 48.805536702238761 ], [ 2.384391851178592, 48.805631296096458 ], [ 2.383345052083184, 48.806644922627449 ], [ 2.383306653784336, 48.806703701040327 ], [ 2.383537754572882, 48.807134030698876 ], [ 2.383566768583108, 48.807178625291812 ], [ 2.383502066197291, 48.807221937742185 ], [ 2.383038556676287, 48.807622337660639 ], [ 2.383419063893482, 48.807855001586923 ], [ 2.383437456058121, 48.807896248469461 ], [ 2.383299288100251, 48.807925464521325 ], [ 2.382856496385316, 48.807691231672436 ], [ 2.38198207461349, 48.807237782933797 ], [ 2.381057185141257, 48.806742914175423 ], [ 2.380582571039329, 48.807123294806694 ], [ 2.381617004615008, 48.807690433347005 ], [ 2.381657988412251, 48.807661344826457 ], [ 2.38253934314546, 48.808128083277943 ], [ 2.38236756778481, 48.8081827456827 ], [ 2.382250678522192, 48.808222187836591 ], [ 2.381906231342512, 48.808353248717516 ], [ 2.381543901611924, 48.808504695133109 ], [ 2.381310241336055, 48.808633974572878 ], [ 2.381074182241443, 48.808797998835466 ], [ 2.38094612690107, 48.8089354654281 ], [ 2.380766248893924, 48.809110691319859 ], [ 2.380558689133618, 48.809322382120747 ], [ 2.380470299099609, 48.809494088253871 ], [ 2.380427393162517, 48.809537989390464 ], [ 2.380294478821727, 48.809481547917379 ], [ 2.379130964279035, 48.808920137812869 ], [ 2.378622906897777, 48.809390582823745 ] ] ] } },
{ "type": "Feature", "properties": { "code_qp": "QN09424I", "lib_qp": "Le Bois L'Abbé" }, "geometry": { "type": "Polygon", "coordinates": [ [ [ 2.559708854490973, 48.805035225903374 ], [ 2.55927289403312, 48.804972480912788 ], [ 2.558652949030434, 48.804900718119555 ], [ 2.5580143686319, 48.804794145432275 ], [ 2.557886055501779, 48.804793670935659 ], [ 2.557667704559709, 48.804744230289892 ], [ 2.55771466498308, 48.804685908460826 ], [ 2.557749666102105, 48.804584291470334 ], [ 2.558070323649138, 48.803621462014902 ], [ 2.555469319918363, 48.803407725503568 ], [ 2.555413686341734, 48.803353329284803 ], [ 2.555369761548264, 48.803364256853925 ], [ 2.55544717593176, 48.801778967653995 ], [ 2.555857211198432, 48.801454097973334 ], [ 2.553960467484, 48.800406287798261 ], [ 2.55316663377806, 48.800296594731584 ], [ 2.552927402507469, 48.80070893124401 ], [ 2.552826483345398, 48.801048535568462 ], [ 2.552809004341122, 48.801179783228584 ], [ 2.552862790990809, 48.801354005063246 ], [ 2.552905306004933, 48.801547306721645 ], [ 2.552895720596657, 48.801706228476569 ], [ 2.552871182806583, 48.802027215074176 ], [ 2.552745969745284, 48.802339741307541 ], [ 2.552739780530253, 48.80242515194238 ], [ 2.552631029837444, 48.802406759200515 ], [ 2.552467896279746, 48.802380062955976 ], [ 2.551464617086137, 48.802203627097441 ], [ 2.551210388873669, 48.80216129422589 ], [ 2.549959727475606, 48.801938944040494 ], [ 2.549837439246732, 48.80191151297165 ], [ 2.549679438324592, 48.801819569658527 ], [ 2.549381958834254, 48.80195979324472 ], [ 2.549019849579213, 48.801679083919105 ], [ 2.54828793873597, 48.801100586284264 ], [ 2.548166183867525, 48.801410071761048 ], [ 2.546745828441652, 48.801157916981552 ], [ 2.546626476784115, 48.801330614804691 ], [ 2.546457222584248, 48.801550113949382 ], [ 2.5463129446855, 48.801742677659831 ], [ 2.546253029340371, 48.80187096799537 ], [ 2.546149106139462, 48.802078324739661 ], [ 2.546032171573416, 48.802528485923993 ], [ 2.545723588988798, 48.8037243686273 ], [ 2.54572896827108, 48.803888996856166 ], [ 2.545774705913074, 48.80395390969359 ], [ 2.546197645261523, 48.804322473019774 ], [ 2.546239174171701, 48.804401761514406 ], [ 2.546238485596798, 48.804480911325193 ], [ 2.54617278104159, 48.804520238105816 ], [ 2.545962230262921, 48.80462015985227 ], [ 2.545730515108069, 48.804743172354954 ], [ 2.54556544173503, 48.804860713461508 ], [ 2.545412839668024, 48.804992136857827 ], [ 2.545281114409263, 48.805141703112604 ], [ 2.545210644669354, 48.805262322528456 ], [ 2.545126459885722, 48.805508293087307 ], [ 2.545092600814768, 48.805668234465685 ], [ 2.545099828699819, 48.805776192566903 ], [ 2.545122116804115, 48.805873410050538 ], [ 2.545143512124891, 48.805918442300566 ], [ 2.545190245556109, 48.806023863347313 ], [ 2.545292196500262, 48.806199629574202 ], [ 2.545437683699789, 48.806379155146317 ], [ 2.545607813713948, 48.806545288937528 ], [ 2.54580366073359, 48.806678824261276 ], [ 2.545959904935275, 48.806766076254895 ], [ 2.546200079310585, 48.806860510707637 ], [ 2.546486621036801, 48.806947948958225 ], [ 2.546964855864798, 48.807069375625154 ], [ 2.547323247759278, 48.807191242388832 ], [ 2.547500971776176, 48.807267473558738 ], [ 2.548074166809196, 48.80758710865765 ], [ 2.54832197846453, 48.80769673647827 ], [ 2.549034993615328, 48.807955885031312 ], [ 2.549356336192632, 48.808065669297811 ], [ 2.549815311233667, 48.808178086383059 ], [ 2.549876571812847, 48.808102953080187 ], [ 2.550444969519336, 48.808210361860489 ], [ 2.550725731042026, 48.808245893945355 ], [ 2.55090817554263, 48.808256897079048 ], [ 2.551132812595207, 48.808249224038242 ], [ 2.551364564774038, 48.808392518449324 ], [ 2.551682620219387, 48.808346468383242 ], [ 2.552000746714583, 48.808292080695615 ], [ 2.552182820384834, 48.808402533917011 ], [ 2.552547250544198, 48.808345539206471 ], [ 2.552614745691842, 48.808324949211361 ], [ 2.552718109821913, 48.808291987823722 ], [ 2.552682520569011, 48.808026458809948 ], [ 2.55266004809722, 48.807948562312149 ], [ 2.553151894005311, 48.807751702216521 ], [ 2.553258642671428, 48.807814629019177 ], [ 2.553732289893015, 48.807470063319009 ], [ 2.554151855947358, 48.807975984432218 ], [ 2.554293361558827, 48.808033517505308 ], [ 2.554365067960457, 48.808039548542801 ], [ 2.554476243056816, 48.808077795994329 ], [ 2.554686613347311, 48.808076227049163 ], [ 2.556357303397719, 48.807835161192614 ], [ 2.557868649163798, 48.807550005220229 ], [ 2.558268620105262, 48.807432755604196 ], [ 2.55843821335269, 48.807504423732603 ], [ 2.558477309711522, 48.807566222919739 ], [ 2.558930098031544, 48.806672111808147 ], [ 2.558855921347867, 48.806644259505319 ], [ 2.558801534158104, 48.806607931573559 ], [ 2.558966778520142, 48.806470632613369 ], [ 2.55922892783209, 48.805978249668748 ], [ 2.559250492710416, 48.805756429262168 ], [ 2.559357948971695, 48.80573598276532 ], [ 2.559708854490973, 48.805035225903374 ] ] ] } },
{ "type": "Feature", "properties": { "code_qp": "QN09431M", "lib_qp": "Polognes-Centre Ville - Le Plateau - Saint-Martin" }, "geometry": { "type": "Polygon", "coordinates": [ [ [ 2.479480698650906, 48.747544646777257 ], [ 2.479764057967242, 48.746815831611151 ], [ 2.47955949870528, 48.746789373620203 ], [ 2.478958409181673, 48.746819981883021 ], [ 2.478691252999674, 48.746770078081227 ], [ 2.478123942120783, 48.746687541734062 ], [ 2.478214632167985, 48.746312207447545 ], [ 2.478288077185804, 48.746039100406961 ], [ 2.47823897136938, 48.74603562090266 ], [ 2.478114302599128, 48.746006803411184 ], [ 2.477974768273842, 48.745954100332291 ], [ 2.477901455824822, 48.745916710731876 ], [ 2.47756517339305, 48.745704061136578 ], [ 2.477031541100545, 48.745346452384645 ], [ 2.476782775247674, 48.745199654996696 ], [ 2.476548878215425, 48.745061011720757 ], [ 2.476405802710992, 48.744953348683445 ], [ 2.476212984941029, 48.744754524140873 ], [ 2.476147619262215, 48.744715090592059 ], [ 2.475830231670655, 48.74455711590695 ], [ 2.475578612672924, 48.744442434582567 ], [ 2.475993829667394, 48.74425549610541 ], [ 2.476421427006192, 48.744073774986823 ], [ 2.476535074591036, 48.743995121674018 ], [ 2.476856180616136, 48.743578963230078 ], [ 2.476016764984216, 48.743514041759134 ], [ 2.475063673139961, 48.743443066932556 ], [ 2.474885926925036, 48.743421007492785 ], [ 2.474790861319693, 48.743402150757504 ], [ 2.474744389830635, 48.743485207725868 ], [ 2.474739838557909, 48.743508716369661 ], [ 2.474794599274069, 48.74356205469558 ], [ 2.474828256843927, 48.743595478082064 ], [ 2.474858972033826, 48.743650485640281 ], [ 2.474859628418689, 48.743721534536931 ], [ 2.474826167555675, 48.74380323192252 ], [ 2.47473287311244, 48.743884666070819 ], [ 2.474672946390834, 48.744028323837625 ], [ 2.474668278511018, 48.744086769856693 ], [ 2.474506604790639, 48.744070764469512 ], [ 2.474116262526, 48.744061701041851 ], [ 2.47409475707096, 48.744153677383643 ], [ 2.473969538823713, 48.74432832034033 ], [ 2.473898464774966, 48.744417536436472 ], [ 2.473555011804183, 48.744525357238984 ], [ 2.473498868239827, 48.744552378586491 ], [ 2.473475984287703, 48.744584284781851 ], [ 2.473416798310323, 48.744946188121787 ], [ 2.473390039567162, 48.745185910164068 ], [ 2.472855082115129, 48.745203863859807 ], [ 2.47276063881693, 48.745583357725074 ], [ 2.472896792352862, 48.745684395492383 ], [ 2.472899191911808, 48.74589780880099 ], [ 2.472863383359803, 48.745956958442655 ], [ 2.47264990071501, 48.746138329655487 ], [ 2.472321707577446, 48.746196804896861 ], [ 2.472207299645181, 48.746194762673127 ], [ 2.472200860767005, 48.746027250844605 ], [ 2.472146959922828, 48.74602492013684 ], [ 2.472052262038579, 48.746017374600648 ], [ 2.471778406645646, 48.745986969011824 ], [ 2.471720370537257, 48.745982102608103 ], [ 2.471287576399835, 48.745987869632117 ], [ 2.471299898898943, 48.746073459701343 ], [ 2.471189849823793, 48.746068703657862 ], [ 2.47119380419547, 48.746057749938359 ], [ 2.471177572277777, 48.746057073630752 ], [ 2.471449244534607, 48.744986095742036 ], [ 2.4713759109471, 48.744978793303446 ], [ 2.4713385078539, 48.744946312984368 ], [ 2.471314936270168, 48.744991183693742 ], [ 2.471265779932537, 48.745008952812782 ], [ 2.471199038905079, 48.745019450391901 ], [ 2.47114020433157, 48.745053371724183 ], [ 2.471105445104883, 48.745129665673737 ], [ 2.471071617026264, 48.745242919493727 ], [ 2.470395911281688, 48.745134208138815 ], [ 2.470351280811812, 48.745247648376477 ], [ 2.47008198251935, 48.745210663342981 ], [ 2.470043859708921, 48.745247484717382 ], [ 2.469935761799148, 48.745210664305937 ], [ 2.469946061904498, 48.745190024440014 ], [ 2.469914721103511, 48.745187580479957 ], [ 2.469758288848606, 48.745377417570793 ], [ 2.469895996491372, 48.74542288188379 ], [ 2.469746444845703, 48.745628590203637 ], [ 2.469815628853063, 48.74567960344055 ], [ 2.469801255085835, 48.74569661998941 ], [ 2.470021778412908, 48.745741980492646 ], [ 2.470079836796859, 48.745615100259855 ], [ 2.470449654853187, 48.745705465345409 ], [ 2.470402129308076, 48.745809739633529 ], [ 2.470265319495653, 48.745783011451387 ], [ 2.470190132673591, 48.746094596504207 ], [ 2.470245798688474, 48.746104062770264 ], [ 2.470113225516292, 48.746498766171598 ], [ 2.469961510818745, 48.746917546625987 ], [ 2.469630874543308, 48.746903098181349 ], [ 2.469170756908996, 48.746876423523382 ], [ 2.46894613707643, 48.746828987204118 ], [ 2.46880249584793, 48.746777992842176 ], [ 2.468324921792733, 48.746531213624259 ], [ 2.468130463302974, 48.746432698428897 ], [ 2.468173147695319, 48.746347869096027 ], [ 2.468273230541936, 48.746264759699905 ], [ 2.468418807391201, 48.746120612449566 ], [ 2.469426893486379, 48.745142396084482 ], [ 2.469874259851307, 48.744722786321645 ], [ 2.470240802624737, 48.744361957306907 ], [ 2.470441482733106, 48.74414840359551 ], [ 2.470577560065232, 48.743943661703788 ], [ 2.470846507109894, 48.74357340171386 ], [ 2.470747723538457, 48.743524394590935 ], [ 2.470209034325639, 48.743075216622962 ], [ 2.471119854565829, 48.741558090884318 ], [ 2.471449499991081, 48.741099928137032 ], [ 2.471685960155738, 48.740848230561383 ], [ 2.47181719232791, 48.740745398012983 ], [ 2.469199645476624, 48.739827017709295 ], [ 2.468860218866737, 48.739649244196094 ], [ 2.468378550724687, 48.74003387482351 ], [ 2.468131547300038, 48.740252459527632 ], [ 2.467861327039498, 48.740525645545951 ], [ 2.467438897598262, 48.740325301873604 ], [ 2.466655254804073, 48.739892260925629 ], [ 2.465870270591842, 48.739459214008725 ], [ 2.466067897381469, 48.739335134229663 ], [ 2.466312273585928, 48.739219973238399 ], [ 2.466675853959198, 48.739015247964829 ], [ 2.46673956887824, 48.738968841134955 ], [ 2.466917914429879, 48.73885889924555 ], [ 2.466252001885955, 48.738495090294023 ], [ 2.466056796506374, 48.738254186887843 ], [ 2.466156985830152, 48.738217743720199 ], [ 2.466357442457517, 48.738068511602933 ], [ 2.468145761632477, 48.736767942714756 ], [ 2.4673717575768, 48.736477072521296 ], [ 2.465570655839261, 48.735475253241219 ], [ 2.463904765551587, 48.734546231300669 ], [ 2.464058592498662, 48.734436629126364 ], [ 2.465917975169893, 48.733164100327087 ], [ 2.465332390234271, 48.732801016684533 ], [ 2.465388508014958, 48.73276025475932 ], [ 2.46533921643781, 48.732725308383436 ], [ 2.465973381806538, 48.732303607779905 ], [ 2.465355690059964, 48.731904109838929 ], [ 2.464495190758581, 48.73248751655796 ], [ 2.464297633363427, 48.732365692194904 ], [ 2.463427596220308, 48.731803447436882 ], [ 2.462976674634777, 48.732110355689649 ], [ 2.462627752941649, 48.73234435712034 ], [ 2.462168025902011, 48.732046205502833 ], [ 2.461982742200576, 48.732047967777419 ], [ 2.461897726952368, 48.732011867634689 ], [ 2.460945052631392, 48.732677840306799 ], [ 2.46018743682394, 48.732149347961467 ], [ 2.460533328545206, 48.731906664292623 ], [ 2.460514048150891, 48.731893947266769 ], [ 2.460744494768631, 48.731733470235312 ], [ 2.46088863866897, 48.731632339163738 ], [ 2.460942731038866, 48.731666651918424 ], [ 2.461343785611431, 48.731394902145887 ], [ 2.460720280065023, 48.731037741051971 ], [ 2.46056490103179, 48.731013990451622 ], [ 2.459481070365502, 48.731785828732924 ], [ 2.460083964564082, 48.732185844100833 ], [ 2.461789089218997, 48.733258675361412 ], [ 2.461340582983989, 48.733590984705003 ], [ 2.461384011266854, 48.733613738608959 ], [ 2.461281052221073, 48.733723878033665 ], [ 2.461008074105695, 48.733864064569026 ], [ 2.460476871992415, 48.733952500974453 ], [ 2.460314748563683, 48.733838174330842 ], [ 2.459882081887478, 48.734133269745577 ], [ 2.459920645928888, 48.734162499709633 ], [ 2.459768772622343, 48.734267980444713 ], [ 2.459809512663389, 48.734294279123901 ], [ 2.459696767120454, 48.734380751788855 ], [ 2.459797629143873, 48.734444634902253 ], [ 2.459195510831171, 48.734869084320962 ], [ 2.459150907568835, 48.734893609602125 ], [ 2.459364213106044, 48.73504387363986 ], [ 2.459810108554958, 48.735266889643142 ], [ 2.4602388595588, 48.735455860026711 ], [ 2.460643984918784, 48.735703442773861 ], [ 2.461147141414942, 48.736010181907055 ], [ 2.461359370288885, 48.736190685404814 ], [ 2.461657056573866, 48.736727195102169 ], [ 2.461738815022677, 48.736843591124028 ], [ 2.462114604272998, 48.737243285634975 ], [ 2.462701458920039, 48.738050321711874 ], [ 2.464889948410769, 48.737490635418332 ], [ 2.465035349450531, 48.737731776463882 ], [ 2.465048570996343, 48.737769606619096 ], [ 2.465038433778234, 48.737828929348566 ], [ 2.464973171729436, 48.737830423155231 ], [ 2.464760554255513, 48.73787625331007 ], [ 2.465106535731029, 48.73849417276007 ], [ 2.465688333641125, 48.73834946685222 ], [ 2.46577245219948, 48.738481930774583 ], [ 2.465975694692401, 48.738692422880327 ], [ 2.465997891879534, 48.738728679459044 ], [ 2.464652095662763, 48.739095104366335 ], [ 2.46468956050935, 48.73916979874091 ], [ 2.46501739598043, 48.739823151507963 ], [ 2.464514718731661, 48.739908865547072 ], [ 2.465373537159498, 48.74043552693724 ], [ 2.46599094648632, 48.740773642863253 ], [ 2.46658521135763, 48.741103969294791 ], [ 2.466926061106203, 48.741268610649499 ], [ 2.466857164750254, 48.741361933962295 ], [ 2.466664006963132, 48.741632692720614 ], [ 2.466318244855149, 48.742067392157644 ], [ 2.466975849126746, 48.742259205297266 ], [ 2.467129097857602, 48.742301254278104 ], [ 2.467238855883517, 48.742337728591899 ], [ 2.467386312180365, 48.742415735865016 ], [ 2.467499707132264, 48.742498086393717 ], [ 2.467519602948866, 48.742545843222921 ], [ 2.467527202754639, 48.742600749656589 ], [ 2.467634606720237, 48.743405325793574 ], [ 2.467623290136408, 48.743448448029177 ], [ 2.467594247337114, 48.743495079946875 ], [ 2.467040237571771, 48.74407724726354 ], [ 2.466982311264752, 48.744157926640867 ], [ 2.467324843541113, 48.74430787218563 ], [ 2.466933728861633, 48.744571213755087 ], [ 2.466489361117037, 48.744858099814557 ], [ 2.465813213259072, 48.745260340801082 ], [ 2.465717172930274, 48.745336738398422 ], [ 2.465466485857405, 48.745767385840693 ], [ 2.465265930463735, 48.746047813491359 ], [ 2.46540937350874, 48.746170245746747 ], [ 2.466409928746485, 48.746729278717154 ], [ 2.466834486666094, 48.746243114611282 ], [ 2.466973689663012, 48.746321668059039 ], [ 2.467175479492745, 48.746070187138983 ], [ 2.467445283829531, 48.746153008658133 ], [ 2.467483016736121, 48.746128989506673 ], [ 2.46781187601106, 48.746251171738898 ], [ 2.468067543388345, 48.74637137024262 ], [ 2.468122715071851, 48.74639501856683 ], [ 2.468089401732104, 48.746421326559805 ], [ 2.467602342711682, 48.746843291055747 ], [ 2.467612956892981, 48.746941677212185 ], [ 2.467757788744004, 48.747035905217864 ], [ 2.467727405719355, 48.747059325806156 ], [ 2.467765679672313, 48.747079150729142 ], [ 2.467673537611345, 48.747152837979641 ], [ 2.468257958625128, 48.747317163312665 ], [ 2.468873161537228, 48.747596479277455 ], [ 2.46879511222262, 48.747759714548238 ], [ 2.46873904546515, 48.748179953754729 ], [ 2.468224165116945, 48.748150758715568 ], [ 2.467581968886607, 48.748112164959707 ], [ 2.467585274018636, 48.748289486332638 ], [ 2.46765865201121, 48.748385079121149 ], [ 2.467785807047241, 48.748504727968573 ], [ 2.467938401345191, 48.748579162039498 ], [ 2.468170305595039, 48.748623218348563 ], [ 2.468239828440629, 48.748641198216617 ], [ 2.469173315103811, 48.748697594225895 ], [ 2.469254630479818, 48.748241218621246 ], [ 2.468946515679166, 48.748218324351853 ], [ 2.468954106052849, 48.748180787898491 ], [ 2.468960870047977, 48.748110842942047 ], [ 2.469062774478541, 48.748117720551797 ], [ 2.469455945597897, 48.748151457304878 ], [ 2.469462728483963, 48.748169925950442 ], [ 2.469532399454828, 48.748173308580625 ], [ 2.469539603803146, 48.74815029245314 ], [ 2.469821434549646, 48.748159299281852 ], [ 2.46975466282698, 48.748729967760418 ], [ 2.471221029222866, 48.74880289680376 ], [ 2.471269391038593, 48.748343460991144 ], [ 2.472336417599533, 48.748391245446676 ], [ 2.472694656815528, 48.747922156274157 ], [ 2.472690092253356, 48.74747894942886 ], [ 2.473055281558294, 48.747461510973103 ], [ 2.473101549966692, 48.747460808534299 ], [ 2.47344438936178, 48.747450642770794 ], [ 2.473543746149329, 48.747442969852173 ], [ 2.473596379307439, 48.747430158408498 ], [ 2.473637097932246, 48.747491049279731 ], [ 2.473760262131997, 48.747551861007516 ], [ 2.474136916615251, 48.747558922411237 ], [ 2.474343671228495, 48.747552311986503 ], [ 2.474758424674918, 48.747564345505936 ], [ 2.47555145906704, 48.747551652497627 ], [ 2.4758941994643, 48.747551354977773 ], [ 2.476291153574441, 48.747570176851177 ], [ 2.476717673096526, 48.747611909114241 ], [ 2.47750653083472, 48.747757192931651 ], [ 2.47807941084331, 48.74786492059976 ], [ 2.478293525901375, 48.747909757356673 ], [ 2.478408319254253, 48.747929687883691 ], [ 2.478608517462362, 48.7478879442166 ], [ 2.478707759365959, 48.74782965754936 ], [ 2.478814872221236, 48.747640921681707 ], [ 2.478915884013824, 48.74744434716704 ], [ 2.479480698650906, 48.747544646777257 ] ] ] } },
{ "type": "Feature", "properties": { "code_qp": "QN09437M", "lib_qp": "Portes De Paris - Les Hautes-Noues" }, "geometry": { "type": "Polygon", "coordinates": [ [ [ 2.536032247153201, 48.830870069826751 ], [ 2.535936432617194, 48.830899155432142 ], [ 2.535742530330185, 48.830997097684879 ], [ 2.53436624037749, 48.831539637219976 ], [ 2.534228786038055, 48.831600721018788 ], [ 2.534434610481623, 48.831729446217814 ], [ 2.53480915974774, 48.831972087600924 ], [ 2.535989287197328, 48.832739139728041 ], [ 2.536741358342785, 48.83322245480764 ], [ 2.537698539800638, 48.833836864817407 ], [ 2.537915540565928, 48.833977747579354 ], [ 2.538275226765929, 48.834208637915836 ], [ 2.538504117984111, 48.834327996062399 ], [ 2.538861882310623, 48.834474955048051 ], [ 2.53914620244031, 48.834562798143637 ], [ 2.539603984876675, 48.834658675343739 ], [ 2.540002315048576, 48.834701722190168 ], [ 2.540522522362628, 48.83471346223282 ], [ 2.540837619364282, 48.834689982144795 ], [ 2.541256757828745, 48.83463323855343 ], [ 2.541711558994361, 48.834519543322138 ], [ 2.541921953159335, 48.834448402754866 ], [ 2.542247403554542, 48.834311162593764 ], [ 2.542537641201533, 48.834150378477531 ], [ 2.542602051846475, 48.834105653504459 ], [ 2.54294614893194, 48.83386145596549 ], [ 2.543540045671459, 48.833403261631382 ], [ 2.54356119783189, 48.833390989489395 ], [ 2.543892410602028, 48.833522945746829 ], [ 2.543874454786182, 48.833544065040563 ], [ 2.543943531067466, 48.833527336039737 ], [ 2.543964327610994, 48.833532676557688 ], [ 2.543979084208245, 48.833523008999137 ], [ 2.544058212803944, 48.833551300372349 ], [ 2.544046173212214, 48.83356339576261 ], [ 2.544060937630725, 48.833597690469198 ], [ 2.544058261353505, 48.833620511279179 ], [ 2.544409733510015, 48.833768635985287 ], [ 2.545322236774213, 48.834146781954061 ], [ 2.545882217036183, 48.834384807029508 ], [ 2.546390090286363, 48.83389694498613 ], [ 2.546259910949812, 48.833790427436021 ], [ 2.546066150734748, 48.833669185970884 ], [ 2.545850647489392, 48.833541553547647 ], [ 2.545658027568451, 48.833448186712168 ], [ 2.545405596205413, 48.833337518897274 ], [ 2.544963019480617, 48.833163149077109 ], [ 2.544635605500885, 48.833035574229413 ], [ 2.544174899496254, 48.832887023035781 ], [ 2.544274608777239, 48.832786279509683 ], [ 2.544511010770561, 48.832567288875104 ], [ 2.544462394471179, 48.83251914303807 ], [ 2.543363684844802, 48.831680437073622 ], [ 2.543929894509788, 48.831314498875585 ], [ 2.543761252582056, 48.831162908057415 ], [ 2.543537938923908, 48.830996572591999 ], [ 2.543284435416694, 48.830856211736943 ], [ 2.542605871264418, 48.830541121293138 ], [ 2.542522410122341, 48.830560961272809 ], [ 2.541261852825005, 48.830843577579444 ], [ 2.541269088039817, 48.83081309546786 ], [ 2.541334204973132, 48.830797854405091 ], [ 2.541335652016094, 48.83078547103819 ], [ 2.541632236916858, 48.830721793095549 ], [ 2.541440038238771, 48.830480053438755 ], [ 2.541756197561742, 48.830368126694893 ], [ 2.541455247934038, 48.829989712646316 ], [ 2.541334871056769, 48.829841771578081 ], [ 2.541042077542691, 48.829474947103151 ], [ 2.540865469393122, 48.829535493428828 ], [ 2.54087113008391, 48.829408048974734 ], [ 2.540697912945817, 48.829469162729993 ], [ 2.540750476838685, 48.829538676969328 ], [ 2.540456767518274, 48.829641324249636 ], [ 2.540266598321457, 48.829397376701564 ], [ 2.539480598867996, 48.829670200604667 ], [ 2.539318537083509, 48.829721754883522 ], [ 2.539228372414883, 48.829702056960073 ], [ 2.539157118749893, 48.829665537130573 ], [ 2.539067633999051, 48.829596607028662 ], [ 2.539167262156909, 48.829406558394382 ], [ 2.539253870725957, 48.829198622003965 ], [ 2.539228397617414, 48.829177008494575 ], [ 2.538746597854122, 48.829264680630821 ], [ 2.538769590738329, 48.829334312527067 ], [ 2.538779551993349, 48.829354486423725 ], [ 2.538767664542697, 48.829381316890746 ], [ 2.53874332357231, 48.829397340634991 ], [ 2.538715020118375, 48.82940516618271 ], [ 2.53873483253613, 48.829463485106579 ], [ 2.538623599962158, 48.829484725847934 ], [ 2.538625298169394, 48.82949739575956 ], [ 2.538505008490162, 48.829518636486512 ], [ 2.538364648328528, 48.829543599948856 ], [ 2.538298741507976, 48.829544137330593 ], [ 2.53786988734829, 48.829623400532292 ], [ 2.537782675224094, 48.829842599415258 ], [ 2.538214156216602, 48.829917291325465 ], [ 2.538186150998612, 48.830003512659857 ], [ 2.538227963766452, 48.830027271758475 ], [ 2.538652223293916, 48.829873419174916 ], [ 2.539131630780053, 48.830288929473625 ], [ 2.53881773294392, 48.830461577368794 ], [ 2.538972789444936, 48.830589271261815 ], [ 2.537818166155099, 48.831064761342752 ], [ 2.537352854311331, 48.830803184836029 ], [ 2.536846113500871, 48.830986246334454 ], [ 2.536518161898261, 48.831105611059655 ], [ 2.536807900448826, 48.831244389320126 ], [ 2.53672192393122, 48.831351973620279 ], [ 2.53630348694664, 48.831209554837905 ], [ 2.536271009470603, 48.831197954305232 ], [ 2.536264880665239, 48.831184237112311 ], [ 2.536303287845524, 48.831141471722042 ], [ 2.536302879258499, 48.831132057951976 ], [ 2.536250249716041, 48.831109106908301 ], [ 2.536245677075097, 48.831096016644551 ], [ 2.536324051706409, 48.831010096388326 ], [ 2.536032247153201, 48.830870069826751 ] ] ] } },
{ "type": "Feature", "properties": { "code_qp": "QN09438N", "lib_qp": "Fosse Rouge - Cité Verte" }, "geometry": { "type": "Polygon", "coordinates": [ [ [ 2.526918192570335, 48.776454930428542 ], [ 2.526934042154458, 48.776397591224949 ], [ 2.527061545034616, 48.776406717265182 ], [ 2.527098933658158, 48.776218396952864 ], [ 2.528645031933182, 48.776354487269046 ], [ 2.528688811707153, 48.776163368112606 ], [ 2.528692171250128, 48.776065282955912 ], [ 2.52879602023864, 48.776070597514973 ], [ 2.528878831391761, 48.775940126212902 ], [ 2.529074742551864, 48.775867428453644 ], [ 2.529357288614733, 48.775790148685743 ], [ 2.529773952710499, 48.77570658151852 ], [ 2.530092265921034, 48.775669970126756 ], [ 2.530444097162899, 48.775654189082474 ], [ 2.531377211784133, 48.775674459249863 ], [ 2.531565163742854, 48.775680101274027 ], [ 2.53146715763924, 48.775437332065493 ], [ 2.531350882814485, 48.775438510974766 ], [ 2.531272116091281, 48.775394875147882 ], [ 2.531102746702704, 48.775386035644253 ], [ 2.530786366191383, 48.77535781639731 ], [ 2.530522351377993, 48.775360399132055 ], [ 2.530180177689703, 48.775362426785627 ], [ 2.529871981711526, 48.775384545268857 ], [ 2.529575493029716, 48.775423166128256 ], [ 2.529370393854643, 48.775464858516976 ], [ 2.529110479476454, 48.775529088591071 ], [ 2.528502538904223, 48.775722895990171 ], [ 2.528111113036049, 48.775822100229121 ], [ 2.527834440792691, 48.775867718542322 ], [ 2.527474090260058, 48.775902487860357 ], [ 2.527142430080004, 48.775921314914768 ], [ 2.526859565599938, 48.775927972388601 ], [ 2.526657519542746, 48.775916876598451 ], [ 2.526482412959848, 48.775905780805857 ], [ 2.526209650782639, 48.775868055092808 ], [ 2.525773655187982, 48.775786757128479 ], [ 2.525036541048657, 48.775631178206204 ], [ 2.524328301282023, 48.775473857883895 ], [ 2.524179578557431, 48.775447275688428 ], [ 2.524089578726223, 48.775432071517415 ], [ 2.523741402692672, 48.775373868975933 ], [ 2.523707262592036, 48.775305710290318 ], [ 2.52348772161167, 48.775027336889814 ], [ 2.523533058971315, 48.775000308879761 ], [ 2.523512732609433, 48.77455116828434 ], [ 2.523667442620807, 48.774568972085419 ], [ 2.523827867156843, 48.774608851048825 ], [ 2.523909331221185, 48.774627160461229 ], [ 2.524024068563706, 48.774650065212427 ], [ 2.524200841073724, 48.774669196217779 ], [ 2.524718818501576, 48.774725153490685 ], [ 2.524713022526326, 48.774790588230523 ], [ 2.525320618718863, 48.774783375882855 ], [ 2.525361199307712, 48.77478253783714 ], [ 2.525293807556411, 48.774304857030543 ], [ 2.525237110222316, 48.773797957066719 ], [ 2.525165920453524, 48.773367317968599 ], [ 2.525146224923092, 48.773275480613066 ], [ 2.525000402397938, 48.772807873152502 ], [ 2.524948167463554, 48.772637181000547 ], [ 2.524948167463554, 48.772287188554792 ], [ 2.524887095840687, 48.77229379307547 ], [ 2.524853592828476, 48.77229951758909 ], [ 2.524784933293606, 48.772298663755613 ], [ 2.524780382542535, 48.772263534920974 ], [ 2.523071632847889, 48.772162768404101 ], [ 2.523009043729333, 48.772312527902116 ], [ 2.522969754130308, 48.772429830649877 ], [ 2.522954808469817, 48.772587429747269 ], [ 2.522913707903466, 48.772751184535309 ], [ 2.52284084780857, 48.772926019884942 ], [ 2.52279974724222, 48.773054067923781 ], [ 2.522751173845622, 48.773275688757707 ], [ 2.522816561110271, 48.773428975928823 ], [ 2.522888159366323, 48.773570160152431 ], [ 2.522907457279966, 48.773601955214509 ], [ 2.522943296262442, 48.773631024968047 ], [ 2.522991541046547, 48.773651010413779 ], [ 2.522973098345642, 48.77367432160851 ], [ 2.522704170820083, 48.773598038484757 ], [ 2.522580643812772, 48.77358119511311 ], [ 2.522346538336904, 48.773577030558833 ], [ 2.520671814632485, 48.773634689145283 ], [ 2.5206915242456, 48.774027906504863 ], [ 2.520380602890878, 48.77403326354105 ], [ 2.520385826343413, 48.774399293606471 ], [ 2.519566709145362, 48.774857705578427 ], [ 2.519527844404772, 48.774886012497319 ], [ 2.52004192734132, 48.77516464318299 ], [ 2.520546529949878, 48.775650292684787 ], [ 2.519671092094016, 48.776061857737069 ], [ 2.519895664488113, 48.776310418073123 ], [ 2.519971986693254, 48.776295748295993 ], [ 2.520080479140036, 48.776266027083985 ], [ 2.520263507234338, 48.776269214640308 ], [ 2.520250011748717, 48.776391783516473 ], [ 2.520206737673157, 48.776389974761699 ], [ 2.520042410176295, 48.776437955191469 ], [ 2.519887268653465, 48.776361305530529 ], [ 2.519860896605011, 48.776404526363841 ], [ 2.519843317722125, 48.776433067762973 ], [ 2.519807171278402, 48.776463169505234 ], [ 2.519764885756858, 48.776488341636664 ], [ 2.519700329651222, 48.776514241709165 ], [ 2.519876933175475, 48.776812516798628 ], [ 2.5202372278617, 48.776767968216504 ], [ 2.520263642041914, 48.776770234609785 ], [ 2.520254906093264, 48.776738484646103 ], [ 2.520337217366944, 48.776738815143872 ], [ 2.520509303977356, 48.776756632944675 ], [ 2.520619015366665, 48.776761103100206 ], [ 2.520785282535349, 48.776748673002189 ], [ 2.521055138140923, 48.776785016628331 ], [ 2.521295744038639, 48.776811167731168 ], [ 2.521449558263466, 48.776826896015223 ], [ 2.521665831373403, 48.7768469040724 ], [ 2.521751065581958, 48.776582962551771 ], [ 2.521636034840282, 48.776522733890808 ], [ 2.521639022914101, 48.776502386170712 ], [ 2.521642126073788, 48.776458268402877 ], [ 2.521334239384604, 48.776423620724678 ], [ 2.521441776296534, 48.776003445871353 ], [ 2.521137897127048, 48.775964119537697 ], [ 2.520926787769812, 48.775887968418623 ], [ 2.520697992112924, 48.775752522412041 ], [ 2.520607603402719, 48.775671221622289 ], [ 2.520621561194101, 48.775616386357257 ], [ 2.520728781157277, 48.775160231337367 ], [ 2.520677576300535, 48.775051604178422 ], [ 2.52164180619345, 48.775033851941103 ], [ 2.522416142720824, 48.775035833693089 ], [ 2.522280627833257, 48.775625531768817 ], [ 2.522728507345509, 48.775670468251249 ], [ 2.522710515778751, 48.775760502576269 ], [ 2.522861049226486, 48.775766551521237 ], [ 2.522874359150858, 48.775686620054167 ], [ 2.523317252279435, 48.775738217793432 ], [ 2.523298676294237, 48.775808447584026 ], [ 2.523399998329021, 48.775819479166984 ], [ 2.523393415974345, 48.775908607567693 ], [ 2.523520266143684, 48.775922962285136 ], [ 2.523484827483669, 48.776142943833598 ], [ 2.523472930015007, 48.776142308017981 ], [ 2.523463245706865, 48.776200708451874 ], [ 2.525290740928206, 48.776361587885887 ], [ 2.526803252785492, 48.776491996782383 ], [ 2.526865647922764, 48.77644946061492 ], [ 2.526918192570335, 48.776454930428542 ] ] ] } },
{ "type": "Feature", "properties": { "code_qp": "QN09439N", "lib_qp": "Grand Ensemble" }, "geometry": { "type": "Polygon", "coordinates": [ [ [ 2.427017736728743, 48.792345669967659 ], [ 2.426954241886571, 48.792508810460603 ], [ 2.426785703020547, 48.792810166935347 ], [ 2.426790234710023, 48.793356736428173 ], [ 2.426795066626371, 48.793425179050629 ], [ 2.426972360363765, 48.793432057655721 ], [ 2.426968529685197, 48.79350234401474 ], [ 2.426898575196448, 48.793561076748112 ], [ 2.426846898258443, 48.793713491068281 ], [ 2.426675447789696, 48.795056945188193 ], [ 2.426704318001051, 48.795111050538992 ], [ 2.426774708587391, 48.795140166826457 ], [ 2.428996801926087, 48.795413488203749 ], [ 2.429642329596444, 48.793692188575477 ], [ 2.429947447543127, 48.792824285871902 ], [ 2.430325910412048, 48.791895892270588 ], [ 2.430942459838369, 48.790353834447927 ], [ 2.430383822121463, 48.790335410160957 ], [ 2.430393386016682, 48.790243260134787 ], [ 2.43028160799132, 48.790240897311357 ], [ 2.430279945036062, 48.790269807513972 ], [ 2.429365150075397, 48.790232639799505 ], [ 2.429339823873156, 48.790554326415652 ], [ 2.428541220810398, 48.790516888540729 ], [ 2.428307210451842, 48.790290246172944 ], [ 2.427703431344907, 48.790569805191225 ], [ 2.42736441835444, 48.790246384142698 ], [ 2.42693259607299, 48.79048917247362 ], [ 2.426919179977618, 48.790607584560107 ], [ 2.427195049888712, 48.790815665279879 ], [ 2.427647254022953, 48.790613475365454 ], [ 2.427666743103516, 48.790603962509664 ], [ 2.42794557666204, 48.790477214976882 ], [ 2.42814001998997, 48.790643852470886 ], [ 2.428147851803568, 48.790813599372349 ], [ 2.428157299467163, 48.791057001446688 ], [ 2.428127610776659, 48.791333837855476 ], [ 2.428096111817543, 48.791333687118978 ], [ 2.428057361418719, 48.791331900638255 ], [ 2.428049601004728, 48.791376692377732 ], [ 2.428013045398514, 48.791395729795248 ], [ 2.427983583238384, 48.791430811467933 ], [ 2.427958861722485, 48.791475522012405 ], [ 2.427948678197089, 48.791520302141386 ], [ 2.427948151576383, 48.79156833055611 ], [ 2.427962233228879, 48.791610024770328 ], [ 2.427969256510153, 48.791632472823281 ], [ 2.427530744292403, 48.791625569939043 ], [ 2.4272959429752, 48.791382689212575 ], [ 2.427220882737274, 48.791377526385773 ], [ 2.427188202740628, 48.79176081673674 ], [ 2.427079166999986, 48.791760294064282 ], [ 2.427047102325528, 48.791988516191601 ], [ 2.427017736728743, 48.792345669967659 ] ] ] } },
{ "type": "Feature", "properties": { "code_qp": "QN09445N", "lib_qp": "Les Combattants" }, "geometry": { "type": "Polygon", "coordinates": [ [ [ 2.398107225198528, 48.796035283677156 ], [ 2.398693922640613, 48.795823091352382 ], [ 2.398454459409723, 48.795547681189859 ], [ 2.398394857218926, 48.795566170285994 ], [ 2.398368797489252, 48.79553368384331 ], [ 2.398298681213651, 48.795514547079577 ], [ 2.398502641147205, 48.795337699700646 ], [ 2.398646917714808, 48.795377095697148 ], [ 2.398693580637669, 48.795391128624132 ], [ 2.398717221115296, 48.795463665858144 ], [ 2.398706352846165, 48.795483297705736 ], [ 2.398729326300647, 48.795521380156273 ], [ 2.398906532922438, 48.795750775819656 ], [ 2.399025726151629, 48.795709634182401 ], [ 2.399967242560688, 48.79596211117785 ], [ 2.400007373526641, 48.795814684225299 ], [ 2.399031306721074, 48.795543288622177 ], [ 2.399185135041762, 48.7953078237136 ], [ 2.398683121588479, 48.79517481738538 ], [ 2.39904839959288, 48.794858464956583 ], [ 2.39956300564095, 48.794977160965054 ], [ 2.40016453737502, 48.794021734003742 ], [ 2.398781832343861, 48.793747976536345 ], [ 2.397278391058502, 48.795058845886039 ], [ 2.398107225198528, 48.796035283677156 ] ] ] } },
{ "type": "Feature", "properties": { "code_qp": "QN07501M", "lib_qp": "Bédier - Boutroux - Villa d'Este" }, "geometry": { "type": "Polygon", "coordinates": [ [ [ 2.372914834726489, 48.819720539060391 ], [ 2.370809827826036, 48.820762875123755 ], [ 2.370321970116603, 48.821011249813807 ], [ 2.369677969074525, 48.821311562870328 ], [ 2.369241717287458, 48.821575582323263 ], [ 2.369114580735068, 48.821585516215983 ], [ 2.367264955706377, 48.820972245553385 ], [ 2.36717524084727, 48.821101677110583 ], [ 2.36727623435976, 48.821125589861225 ], [ 2.366912974898277, 48.821779946900037 ], [ 2.366848857665708, 48.821769966888212 ], [ 2.36674325528974, 48.821809897945499 ], [ 2.366654257865193, 48.821925113039121 ], [ 2.366465675289967, 48.822305879224047 ], [ 2.366454259615784, 48.822329197034442 ], [ 2.366471344856662, 48.822364957522119 ], [ 2.366677243638876, 48.822481734565649 ], [ 2.366690179840462, 48.822618698608551 ], [ 2.36670582514481, 48.822773029931533 ], [ 2.366772465318943, 48.822815801160296 ], [ 2.367281980247017, 48.822531933442974 ], [ 2.369028986964858, 48.821661224832091 ], [ 2.369261852200373, 48.82160075392445 ], [ 2.369451215052529, 48.82163645853597 ], [ 2.373360369560142, 48.822902564041605 ], [ 2.374098695835894, 48.821887875187656 ], [ 2.372985890627726, 48.821616068102884 ], [ 2.373078758145185, 48.821449394778156 ], [ 2.37277449984347, 48.821377075424948 ], [ 2.372494185721963, 48.820840830033319 ], [ 2.372570634841904, 48.820815588647001 ], [ 2.372610417029879, 48.820825690804298 ], [ 2.3726046965442, 48.820843079007844 ], [ 2.372676036730734, 48.820864196457173 ], [ 2.37268532347433, 48.820847529142 ], [ 2.372806591655463, 48.820878738982223 ], [ 2.372797304945071, 48.82089540630637 ], [ 2.37286918381139, 48.82091199636465 ], [ 2.372880391934876, 48.820896232557736 ], [ 2.372997278954213, 48.820930162433257 ], [ 2.372985794275484, 48.820944840091386 ], [ 2.373059871293495, 48.820963419714353 ], [ 2.373073000808765, 48.820948559409736 ], [ 2.373188781719896, 48.820978144460284 ], [ 2.37318333799803, 48.820996618847907 ], [ 2.373255770305235, 48.821015380989856 ], [ 2.373266425155231, 48.820997444830986 ], [ 2.373346266684879, 48.821018734824307 ], [ 2.373359628641054, 48.820984861865966 ], [ 2.373523431296302, 48.821030334857141 ], [ 2.373506241247629, 48.821069100401168 ], [ 2.37342017300398, 48.821209331325164 ], [ 2.373659975549276, 48.821274286981442 ], [ 2.373669800515591, 48.821253092318493 ], [ 2.374751515222715, 48.821536794145658 ], [ 2.374474614241674, 48.821982666534922 ], [ 2.374957976057714, 48.822095096061382 ], [ 2.37526551057957, 48.821574909570131 ], [ 2.375754536676332, 48.821701826314545 ], [ 2.375445487777549, 48.822220889114597 ], [ 2.375928842306181, 48.822352410250211 ], [ 2.376561053683412, 48.82250601000009 ], [ 2.377358158923543, 48.822707258183279 ], [ 2.377442280497814, 48.822753970652549 ], [ 2.377864201933349, 48.8228776370199 ], [ 2.378790714447976, 48.821624606737664 ], [ 2.378416344041182, 48.821431778844001 ], [ 2.378152097740411, 48.821308934287202 ], [ 2.377470998021295, 48.821082453075341 ], [ 2.376657076445102, 48.820777428265366 ], [ 2.376283448730559, 48.820767767552049 ], [ 2.375887248298996, 48.820692432205178 ], [ 2.375232890409869, 48.820465943985539 ], [ 2.374068563020621, 48.820082941539795 ], [ 2.372914834726489, 48.819720539060391 ] ] ] } },
{ "type": "Feature", "properties": { "code_qp": "QN07502M", "lib_qp": "Chaufourniers" }, "geometry": { "type": "Polygon", "coordinates": [ [ [ 2.371014489495593, 48.877265095771584 ], [ 2.371507669857107, 48.877498551179549 ], [ 2.3716386386052, 48.877576967159705 ], [ 2.372005834313462, 48.877319025674083 ], [ 2.372195287287826, 48.87744518762107 ], [ 2.372188698604166, 48.877496344864667 ], [ 2.3720135824524, 48.878156915696955 ], [ 2.373116367647056, 48.878284270331406 ], [ 2.373171671695644, 48.878219592897338 ], [ 2.37407754156732, 48.877850192175273 ], [ 2.374050355357038, 48.877697493488711 ], [ 2.374043688785327, 48.877593627361328 ], [ 2.374046303987727, 48.877449205343261 ], [ 2.374079536919021, 48.877318284848855 ], [ 2.374144896076325, 48.877193345006447 ], [ 2.374207265418689, 48.877081126712234 ], [ 2.374007417485566, 48.877026135952676 ], [ 2.373963811593454, 48.876995744629781 ], [ 2.373781843223595, 48.876770308351354 ], [ 2.373287249818197, 48.876507851598127 ], [ 2.373232938905241, 48.876490165345629 ], [ 2.373173156412063, 48.876488692199153 ], [ 2.373134255153984, 48.876505890405781 ], [ 2.372897803316333, 48.876715795121285 ], [ 2.372871226857825, 48.876731897675981 ], [ 2.372820167886743, 48.876736270689747 ], [ 2.372772766067362, 48.876729061573435 ], [ 2.372027772415249, 48.876374797387435 ], [ 2.371014489495593, 48.877265095771584 ] ] ] } },
{ "type": "Feature", "properties": { "code_qp": "QN07504M", "lib_qp": "Oudiné - Chevaleret" }, "geometry": { "type": "Polygon", "coordinates": [ [ [ 2.37698606401252, 48.824604771288833 ], [ 2.376404593708038, 48.82440399924144 ], [ 2.376202688936066, 48.824532402739983 ], [ 2.376291763483946, 48.824560608035306 ], [ 2.376447036188004, 48.824593248431036 ], [ 2.376475452878395, 48.825009506763564 ], [ 2.376474205558537, 48.825023726245725 ], [ 2.376483616537095, 48.825137583193857 ], [ 2.376513761066524, 48.825139162960241 ], [ 2.376514707653037, 48.825240172378258 ], [ 2.376479592522811, 48.825305162076759 ], [ 2.376493013946291, 48.825308877462575 ], [ 2.376482575498061, 48.825376662524917 ], [ 2.376467647878227, 48.825459451692502 ], [ 2.376503097809966, 48.825467816463068 ], [ 2.37647332427117, 48.825525276445504 ], [ 2.376502311012161, 48.825533607516448 ], [ 2.376469548991194, 48.825795905984933 ], [ 2.376372807688965, 48.825985601736242 ], [ 2.375982909458752, 48.825884147171607 ], [ 2.375788525522227, 48.826463552369162 ], [ 2.37604665098781, 48.826499041728177 ], [ 2.375978454339073, 48.826706385004869 ], [ 2.377462322831393, 48.826399724799828 ], [ 2.377531587869402, 48.826373056010382 ], [ 2.377599972054246, 48.826239687836306 ], [ 2.377843067469555, 48.8262708273095 ], [ 2.378116664755941, 48.826273672970004 ], [ 2.378214870133073, 48.826168911450495 ], [ 2.378237059180886, 48.826114968135016 ], [ 2.37823600745329, 48.826022493862482 ], [ 2.37813573540221, 48.825036112288181 ], [ 2.3771227203277, 48.824707910285433 ], [ 2.37698606401252, 48.824604771288833 ] ] ] } },
{ "type": "Feature", "properties": { "code_qp": "QN07506M", "lib_qp": "Porte de Brançion - Périchaux" }, "geometry": { "type": "Polygon", "coordinates": [ [ [ 2.300276559536908, 48.82593200078967 ], [ 2.300737744407532, 48.826815558328811 ], [ 2.300353726814589, 48.826891856950169 ], [ 2.300368764645051, 48.826960432029139 ], [ 2.300249646378577, 48.826972187299553 ], [ 2.300150669654362, 48.826996512522967 ], [ 2.300122677047701, 48.827028437066645 ], [ 2.300113407541831, 48.827070528724555 ], [ 2.30020410921933, 48.827446541144347 ], [ 2.298091710942078, 48.827669795537687 ], [ 2.298114714882303, 48.827793015706106 ], [ 2.298172599088453, 48.828019410605222 ], [ 2.299312125218451, 48.827861340400723 ], [ 2.299823444612977, 48.828893077180879 ], [ 2.301412205104683, 48.82855753856731 ], [ 2.303478131317985, 48.828115649195404 ], [ 2.303370905097945, 48.827678153914164 ], [ 2.301720650331653, 48.82632560806038 ], [ 2.301247341820114, 48.825920541358137 ], [ 2.301225441706114, 48.825822711429794 ], [ 2.301246853969666, 48.825740460372465 ], [ 2.301265185279201, 48.825671601379788 ], [ 2.300915939674451, 48.825751936444313 ], [ 2.300293955924911, 48.825832590734969 ], [ 2.300276559536908, 48.82593200078967 ] ] ] } },
{ "type": "Feature", "properties": { "code_qp": "QN09315M", "lib_qp": "Trois Communes - Fabien" }, "geometry": { "type": "Polygon", "coordinates": [ [ [ 2.461707694822993, 48.878730836278095 ], [ 2.461661417101024, 48.87856838835944 ], [ 2.46146306304908, 48.878451170471998 ], [ 2.461453329253491, 48.878345010038103 ], [ 2.461424806773573, 48.878111210307381 ], [ 2.461314899443398, 48.877702296788833 ], [ 2.460785219774681, 48.877785269356949 ], [ 2.460529028968278, 48.877824041414669 ], [ 2.46038338836306, 48.877602452449771 ], [ 2.460080600871179, 48.877654325419996 ], [ 2.459046131353348, 48.875667183100603 ], [ 2.456101505640096, 48.87633310246904 ], [ 2.454742435541858, 48.876625663806699 ], [ 2.453862749737342, 48.875734344911514 ], [ 2.453621820194749, 48.875442201639139 ], [ 2.452985235239407, 48.874924030837526 ], [ 2.452292883556854, 48.874418835056453 ], [ 2.452162022103067, 48.874359053250707 ], [ 2.452018395747755, 48.87433696845833 ], [ 2.451857607574608, 48.874328068199937 ], [ 2.451535846166231, 48.874328634065613 ], [ 2.451183019374672, 48.874341300098351 ], [ 2.448760019966606, 48.874495220792909 ], [ 2.449078965058884, 48.874949991512992 ], [ 2.448987420193479, 48.874976102136067 ], [ 2.449062062444654, 48.875084241076848 ], [ 2.449001118322071, 48.875143510306131 ], [ 2.449442948376072, 48.875785326520003 ], [ 2.449059449031394, 48.875917230931613 ], [ 2.448839095679105, 48.875996822979985 ], [ 2.449128527901606, 48.876397617671358 ], [ 2.448287140638342, 48.876759475001457 ], [ 2.448063146596446, 48.876526185725979 ], [ 2.448177930905481, 48.876478467775648 ], [ 2.448057337588348, 48.876350520771226 ], [ 2.447826196366455, 48.876094202080736 ], [ 2.447592506332194, 48.875811492428078 ], [ 2.447254992829851, 48.875400758441451 ], [ 2.447120092272386, 48.875284834460473 ], [ 2.447016630171134, 48.87518708338402 ], [ 2.446228593190951, 48.875821009536956 ], [ 2.445543345472667, 48.875471960187284 ], [ 2.445240210867247, 48.875340528526209 ], [ 2.444859601149891, 48.875135900493959 ], [ 2.445325278382633, 48.874761002677587 ], [ 2.444850466462593, 48.874485104308832 ], [ 2.443504954718219, 48.875470240298952 ], [ 2.443891620050232, 48.87565374510713 ], [ 2.444456006626599, 48.875941801419827 ], [ 2.444763716313647, 48.87614712304925 ], [ 2.444902820442352, 48.87625570497778 ], [ 2.445102704073669, 48.876419259670072 ], [ 2.444828710060392, 48.876629044268157 ], [ 2.444899888096511, 48.876667923190475 ], [ 2.44459191633194, 48.876912484536241 ], [ 2.445085842289942, 48.877179075553016 ], [ 2.445962293084492, 48.87764427527852 ], [ 2.446126849860955, 48.877730085047062 ], [ 2.446503740503146, 48.877874458765625 ], [ 2.44664727905003, 48.877915832451869 ], [ 2.446747848921574, 48.87785244979284 ], [ 2.447219775257122, 48.8776985141008 ], [ 2.447979352797296, 48.877407124725096 ], [ 2.449314142395132, 48.876847975693607 ], [ 2.449327245342989, 48.87692558667203 ], [ 2.449360998421251, 48.87709818592743 ], [ 2.449352106364656, 48.877354264078953 ], [ 2.447691825063538, 48.877970075079091 ], [ 2.447973068566488, 48.878291773136624 ], [ 2.447708383782415, 48.878394648664319 ], [ 2.447563085901585, 48.878455656303103 ], [ 2.447633509843395, 48.878497180263075 ], [ 2.447628564551857, 48.878550162007926 ], [ 2.446841497785571, 48.878917800686729 ], [ 2.446795173730025, 48.878877110433059 ], [ 2.446139742237757, 48.879196925773556 ], [ 2.446152704834281, 48.879214573612217 ], [ 2.44613610656435, 48.879225102991263 ], [ 2.44633383249967, 48.879398461278207 ], [ 2.444805156588973, 48.880140344401177 ], [ 2.444605941192781, 48.879961872222118 ], [ 2.444739806892657, 48.879897328551763 ], [ 2.444422737741383, 48.879623125211609 ], [ 2.444277894418933, 48.879503915546984 ], [ 2.444311756269419, 48.879479979757988 ], [ 2.444156668082777, 48.879362408882493 ], [ 2.443367821633826, 48.880048000223177 ], [ 2.44411158502225, 48.880677193191971 ], [ 2.444594075837037, 48.881094312919487 ], [ 2.445087976202095, 48.88085278267851 ], [ 2.445228410975649, 48.880974861914666 ], [ 2.445283920395616, 48.880944589497531 ], [ 2.445473864722066, 48.881123012023799 ], [ 2.445498750665004, 48.881110883902764 ], [ 2.445634980771952, 48.881248247867532 ], [ 2.445590975851698, 48.881265897537382 ], [ 2.44584002482486, 48.881514243977485 ], [ 2.445702011475922, 48.881576246669596 ], [ 2.445905796487432, 48.881787280231727 ], [ 2.446376297247378, 48.881599243271353 ], [ 2.446809453177245, 48.88141287676514 ], [ 2.447050795672341, 48.881275419467613 ], [ 2.446985370693171, 48.881154695285822 ], [ 2.446983460870492, 48.881076445361487 ], [ 2.4470599487731, 48.88042297801266 ], [ 2.447077247932298, 48.88029785034847 ], [ 2.447152154314309, 48.880213857830185 ], [ 2.447445378117176, 48.879821307680992 ], [ 2.447508802649476, 48.879627346388972 ], [ 2.447443252263804, 48.87943893985809 ], [ 2.447870696153831, 48.879226725507756 ], [ 2.448058243804392, 48.879074118113557 ], [ 2.448244729735525, 48.878849226594816 ], [ 2.448378152072287, 48.878702392433645 ], [ 2.448711309135101, 48.878847202267309 ], [ 2.448905232923022, 48.8787960565964 ], [ 2.44898104951776, 48.878926824282772 ], [ 2.449142196376189, 48.878998616755041 ], [ 2.449377515968775, 48.878672299210116 ], [ 2.450535678387272, 48.878582212302419 ], [ 2.451233307491345, 48.87853566022207 ], [ 2.453316521785836, 48.87839461032631 ], [ 2.45529045126218, 48.878258809324073 ], [ 2.45706959796792, 48.878143581637822 ], [ 2.457303606840548, 48.878104847573468 ], [ 2.457437620408665, 48.87807750257155 ], [ 2.457471744951066, 48.878151523788823 ], [ 2.457584386927146, 48.878327542790117 ], [ 2.457866143097124, 48.878668998775055 ], [ 2.458279461653359, 48.878686289271343 ], [ 2.459081366638968, 48.878745810904945 ], [ 2.459157601879201, 48.878721098666112 ], [ 2.459284810921726, 48.878466047020893 ], [ 2.459991045184669, 48.87837759098403 ], [ 2.460031084226564, 48.878544717822457 ], [ 2.459851191938062, 48.878735742900737 ], [ 2.459927861268074, 48.878951386932478 ], [ 2.460462199824501, 48.878892573917909 ], [ 2.460563772440844, 48.87888044643632 ], [ 2.461707694822993, 48.878730836278095 ] ] ] } },
{ "type": "Feature", "properties": { "code_qp": "QN09330M", "lib_qp": "Orgemont" }, "geometry": { "type": "Polygon", "coordinates": [ [ [ 2.295561763759365, 48.95385983324676 ], [ 2.294925211296119, 48.953777849077653 ], [ 2.294926914246906, 48.953735638050233 ], [ 2.295007037519447, 48.953254848567809 ], [ 2.293548497556098, 48.953197696936051 ], [ 2.293514107597735, 48.953195627395687 ], [ 2.293506322481026, 48.953159587045853 ], [ 2.292330834328841, 48.952997507583838 ], [ 2.29236712369805, 48.952615541310543 ], [ 2.291610542105646, 48.952546271439935 ], [ 2.291233187771912, 48.953213298185688 ], [ 2.291215368069174, 48.953246980497013 ], [ 2.29245218130591, 48.953391055134716 ], [ 2.292938863874815, 48.953443323558595 ], [ 2.29289569932771, 48.954107631034354 ], [ 2.292832546694036, 48.955236736841485 ], [ 2.29231574313934, 48.955226808149803 ], [ 2.292058372484997, 48.955232168245907 ], [ 2.291946197236333, 48.955245011180722 ], [ 2.29111728628905, 48.955389357065869 ], [ 2.291036032820951, 48.955399700325536 ], [ 2.290738639838818, 48.955377254536074 ], [ 2.29020152528578, 48.955312031408795 ], [ 2.29013655139418, 48.955567859416135 ], [ 2.290052888479728, 48.955897470136314 ], [ 2.289987411429991, 48.956092232365265 ], [ 2.289897790089056, 48.956254456049855 ], [ 2.289756160826246, 48.956425387717729 ], [ 2.289637191295079, 48.956538903449911 ], [ 2.289512924953242, 48.956637074816491 ], [ 2.289393057426069, 48.956715502460803 ], [ 2.289269265361018, 48.956781307879474 ], [ 2.289192806261421, 48.956815349020481 ], [ 2.289144950583218, 48.956902706828082 ], [ 2.288764677840997, 48.957572997512969 ], [ 2.288738664436599, 48.957629227695044 ], [ 2.288517854523251, 48.958009049765863 ], [ 2.288287647236619, 48.958405342384879 ], [ 2.288918368664887, 48.95946441493497 ], [ 2.288898713770851, 48.95953797985549 ], [ 2.288951943843103, 48.959541804156643 ], [ 2.289754512455096, 48.960872193732627 ], [ 2.289803672010875, 48.960946324057439 ], [ 2.289861740214853, 48.961151082142806 ], [ 2.29003387448882, 48.961422266351676 ], [ 2.290185714806728, 48.961570089327495 ], [ 2.290310881485324, 48.961769067997771 ], [ 2.29066779558375, 48.961971171884727 ], [ 2.290761251913203, 48.961955935819319 ], [ 2.291182937058571, 48.961853170140998 ], [ 2.291530933103664, 48.961732424472501 ], [ 2.291701172842978, 48.961936396719096 ], [ 2.292001421106327, 48.961836449020723 ], [ 2.29217398381005, 48.962111671567776 ], [ 2.292505802809602, 48.96265319188818 ], [ 2.295009930839297, 48.961670036842726 ], [ 2.293661968492332, 48.961022655931764 ], [ 2.294466397310696, 48.960837925366341 ], [ 2.295400164417744, 48.96054518175761 ], [ 2.296118933487026, 48.960291079749901 ], [ 2.296514013061012, 48.960134632419738 ], [ 2.296961760265483, 48.959924985865101 ], [ 2.297391022389638, 48.959702949075101 ], [ 2.297356913031206, 48.959664154190655 ], [ 2.297050207485397, 48.959688671362372 ], [ 2.296802409343743, 48.959494243322546 ], [ 2.2970204918974, 48.959324914481449 ], [ 2.297031075638456, 48.959210151053327 ], [ 2.297051891831035, 48.958289222192448 ], [ 2.297611669362301, 48.958286405494675 ], [ 2.297749108373616, 48.958221556407487 ], [ 2.297879058225246, 48.95820524022097 ], [ 2.298212829549265, 48.958203088101627 ], [ 2.29876786748673, 48.958205326356385 ], [ 2.299095807307016, 48.958190176508182 ], [ 2.299422451545787, 48.958019723390066 ], [ 2.299799001653251, 48.957753511704091 ], [ 2.29991312054408, 48.957785755848903 ], [ 2.300361597257494, 48.957452178764022 ], [ 2.300697953877805, 48.957149584078088 ], [ 2.301048440807929, 48.956751244167194 ], [ 2.30136144769456, 48.956297293058064 ], [ 2.301431898883776, 48.956154200992977 ], [ 2.301607184869137, 48.955896857055954 ], [ 2.301714435253915, 48.955807110046152 ], [ 2.301218901001339, 48.955796696167411 ], [ 2.301516573375919, 48.954373979131873 ], [ 2.301456138979215, 48.954274703763396 ], [ 2.301309677868336, 48.954224398562552 ], [ 2.301107284437609, 48.954175791155755 ], [ 2.30089824724251, 48.954152752441566 ], [ 2.300562519301073, 48.954140904148531 ], [ 2.299166343957916, 48.95418670774103 ], [ 2.298781106276347, 48.954199746574545 ], [ 2.296893520724507, 48.954032212659151 ], [ 2.295561763759365, 48.95385983324676 ] ] ] } },
{ "type": "Feature", "properties": { "code_qp": "QN09332M", "lib_qp": "Thorez-Géraux" }, "geometry": { "type": "Polygon", "coordinates": [ [ [ 2.334713805543628, 48.942250189798983 ], [ 2.335397505552637, 48.942749426807694 ], [ 2.336267891349992, 48.943362515492971 ], [ 2.336974202597541, 48.94282985895267 ], [ 2.337225732917366, 48.942588449275057 ], [ 2.337411291952042, 48.942383532355514 ], [ 2.337823905516339, 48.941928975272248 ], [ 2.336457639714379, 48.941479873897073 ], [ 2.336603281931728, 48.941278640482636 ], [ 2.337773862992131, 48.94164753979495 ], [ 2.338107407822897, 48.941193650075363 ], [ 2.338140064395737, 48.941203083842368 ], [ 2.338194849731362, 48.941129358789404 ], [ 2.338178550894092, 48.9411223287157 ], [ 2.338228624628701, 48.941050890989032 ], [ 2.338127166707634, 48.941015820866163 ], [ 2.338216628874626, 48.940889660590948 ], [ 2.338294797623255, 48.940910141273633 ], [ 2.338383156112001, 48.940768047922113 ], [ 2.338358794916388, 48.940761501902379 ], [ 2.338521311448607, 48.940541118734217 ], [ 2.338564949986635, 48.940469780221967 ], [ 2.338839380409146, 48.940544649117435 ], [ 2.33899548720313, 48.940304050918023 ], [ 2.337640650762407, 48.93993410619067 ], [ 2.337894253982857, 48.939545230580855 ], [ 2.338849713422415, 48.939800476025219 ], [ 2.339038253334009, 48.939495871590694 ], [ 2.338506499708604, 48.939359043197335 ], [ 2.338554416652118, 48.939272942016039 ], [ 2.338449486414127, 48.939239975810089 ], [ 2.338506786675143, 48.939152384184283 ], [ 2.338460174000186, 48.939135933370814 ], [ 2.338505524360782, 48.939067553827044 ], [ 2.338521891235817, 48.939069186396132 ], [ 2.338525549705037, 48.939057639759767 ], [ 2.33851275305538, 48.939051400163933 ], [ 2.338529551355458, 48.939019105754468 ], [ 2.338436188967143, 48.938996999070433 ], [ 2.338441066944335, 48.938981603557615 ], [ 2.33821942484391, 48.938921774754633 ], [ 2.337874670612995, 48.939475849537679 ], [ 2.337368341918475, 48.940261908537657 ], [ 2.337052525313706, 48.94019731584968 ], [ 2.336851751792698, 48.940153022447284 ], [ 2.33682600106815, 48.940152879977319 ], [ 2.336723667672034, 48.940283404332014 ], [ 2.33680298575053, 48.940305434609307 ], [ 2.336690934067257, 48.940463665501944 ], [ 2.336816144090058, 48.940499284857026 ], [ 2.33655415993378, 48.940866744551414 ], [ 2.336196708252728, 48.940803692719086 ], [ 2.336090934923018, 48.941011115435934 ], [ 2.335934214127902, 48.941202684909456 ], [ 2.335923727604381, 48.941277276305627 ], [ 2.335774213109423, 48.941392801672727 ], [ 2.335665383325657, 48.941481648508983 ], [ 2.33553686748931, 48.941608386908172 ], [ 2.335501896613486, 48.941633809670883 ], [ 2.335314922377334, 48.941761791659779 ], [ 2.334713805543628, 48.942250189798983 ] ] ] } },
{ "type": "Feature", "properties": { "code_qp": "QN09348M", "lib_qp": "Quartier Politique De La Ville" }, "geometry": { "type": "Polygon", "coordinates": [ [ [ 2.334046657337501, 48.956152936457812 ], [ 2.334269192145016, 48.956040726946462 ], [ 2.33430152683596, 48.956057878606678 ], [ 2.335756854918818, 48.955377086959381 ], [ 2.335711519139879, 48.955336929725817 ], [ 2.335972612417292, 48.95521544199746 ], [ 2.336272565801675, 48.955476684025427 ], [ 2.33616156325652, 48.95552816428021 ], [ 2.33623994277233, 48.95559947761781 ], [ 2.336637071482768, 48.95533119520347 ], [ 2.337672276496902, 48.954671431518321 ], [ 2.338362910262801, 48.954223185912944 ], [ 2.338534599816333, 48.954485031987168 ], [ 2.338678707495603, 48.954459028800201 ], [ 2.339850461025405, 48.954258247264768 ], [ 2.341396093372076, 48.953987600299982 ], [ 2.341486850957253, 48.953933178634031 ], [ 2.343731135730267, 48.953767363456151 ], [ 2.343801105238687, 48.954116476821206 ], [ 2.34403192912598, 48.954869523502545 ], [ 2.34448079810035, 48.956200207958808 ], [ 2.344491312731258, 48.956342332078002 ], [ 2.344417589391386, 48.956341049522209 ], [ 2.344361413999621, 48.956354226011953 ], [ 2.344306375459679, 48.956389001955792 ], [ 2.344271508927198, 48.956444553409206 ], [ 2.344276388901707, 48.956492239587448 ], [ 2.344288454281187, 48.956509398886112 ], [ 2.343699741047958, 48.95652235400653 ], [ 2.343657995300244, 48.956531508478463 ], [ 2.343602603321727, 48.956537113453685 ], [ 2.343564020939721, 48.956565677060112 ], [ 2.34351237361094, 48.956978158958272 ], [ 2.342998503789433, 48.956951328175343 ], [ 2.342807707123741, 48.956979694368798 ], [ 2.342004170090939, 48.957455907306624 ], [ 2.341915034588433, 48.957607310048218 ], [ 2.341858686440716, 48.958481990835281 ], [ 2.341878895815928, 48.958601306943713 ], [ 2.342547980320868, 48.959755058291542 ], [ 2.3418317799425, 48.95975157596083 ], [ 2.34197493557818, 48.96007228732126 ], [ 2.340869668084161, 48.960040127608927 ], [ 2.339658101769428, 48.960006711962116 ], [ 2.340107122770887, 48.960754167649242 ], [ 2.340738194011688, 48.961802312418278 ], [ 2.341001247013038, 48.962246679955399 ], [ 2.34113173030434, 48.962217041361363 ], [ 2.341657970796326, 48.963193711349319 ], [ 2.342517950268007, 48.962961751828011 ], [ 2.342756484895382, 48.963437714388654 ], [ 2.342367369406608, 48.963534595477817 ], [ 2.341826568662228, 48.963677821859605 ], [ 2.341918088004789, 48.963864639815213 ], [ 2.341688551493487, 48.963932798099805 ], [ 2.341782781158007, 48.964135282728023 ], [ 2.341198514338682, 48.96428957738236 ], [ 2.34148343332566, 48.964751903111662 ], [ 2.341374162548645, 48.964768315189374 ], [ 2.341482185341206, 48.965236977679254 ], [ 2.341430522446593, 48.965245626597643 ], [ 2.341470405032481, 48.96531016045369 ], [ 2.341622748556996, 48.965278839488811 ], [ 2.341599800737506, 48.96516258947414 ], [ 2.342981432210199, 48.967159012181718 ], [ 2.343414404221816, 48.967789344982705 ], [ 2.344101973379457, 48.967567724499801 ], [ 2.343817115651468, 48.967109545270965 ], [ 2.344688063609615, 48.966848823778591 ], [ 2.344681376819223, 48.966651660446821 ], [ 2.344606006867113, 48.966080381343595 ], [ 2.34438448095141, 48.965312578553849 ], [ 2.34532656335877, 48.96521604278152 ], [ 2.345360216792187, 48.965203733147966 ], [ 2.345149245625371, 48.964429897565424 ], [ 2.345808434683962, 48.964363471184143 ], [ 2.347292649058629, 48.964221393703902 ], [ 2.346759196525283, 48.962841077967589 ], [ 2.346162793735057, 48.96113590876616 ], [ 2.345899509026467, 48.960405938076093 ], [ 2.345432063757791, 48.960153290579463 ], [ 2.345330057116902, 48.960152722915005 ], [ 2.345031567453778, 48.959830329913189 ], [ 2.342635918047017, 48.95976447860766 ], [ 2.342273469674503, 48.959150597974705 ], [ 2.342344093566915, 48.959143839206959 ], [ 2.342357106507698, 48.958974161042626 ], [ 2.342494734372374, 48.958973642425505 ], [ 2.342507880484765, 48.958700572711628 ], [ 2.342921471414928, 48.958641572724126 ], [ 2.342820643973667, 48.958337247414548 ], [ 2.345010817934496, 48.958032692413987 ], [ 2.344658392773568, 48.956953867312073 ], [ 2.344526306533493, 48.95664519593609 ], [ 2.344489589318857, 48.956586932976478 ], [ 2.344564959144373, 48.956564872256187 ], [ 2.344625535287105, 48.956525631918169 ], [ 2.344643946433997, 48.956473562326835 ], [ 2.344642877912425, 48.956451078344188 ], [ 2.344634945888362, 48.956430348191788 ], [ 2.344624962219649, 48.956407295909877 ], [ 2.344994562466668, 48.956355719410737 ], [ 2.344989686227488, 48.95588136691228 ], [ 2.344956311033635, 48.955515837399886 ], [ 2.344952066306393, 48.955177108308924 ], [ 2.344903599176703, 48.954668278869597 ], [ 2.344914561233542, 48.954420506826814 ], [ 2.345016746882417, 48.954163756625704 ], [ 2.345042637665495, 48.954054627536749 ], [ 2.345045232482368, 48.953840548207502 ], [ 2.345077227108131, 48.953331979968262 ], [ 2.344334449685072, 48.953403567044056 ], [ 2.34363026283128, 48.953480643120756 ], [ 2.342309069698522, 48.953583079979509 ], [ 2.34012988802749, 48.953748293428916 ], [ 2.340058394535718, 48.953750425086064 ], [ 2.341463007874237, 48.952268704353287 ], [ 2.342046149034681, 48.952581675017733 ], [ 2.343026969252475, 48.951793770430328 ], [ 2.342965721612245, 48.951608321096337 ], [ 2.342481838428582, 48.950138052385917 ], [ 2.342384230344794, 48.949856724583384 ], [ 2.34225627361477, 48.94946476832672 ], [ 2.342196284596084, 48.949281018923408 ], [ 2.342233144461371, 48.94925606173409 ], [ 2.343254988357246, 48.948457716156973 ], [ 2.344030848442931, 48.94791237607938 ], [ 2.344755694805774, 48.947431961143515 ], [ 2.346694591188314, 48.948632299240948 ], [ 2.34667575440194, 48.948969048198521 ], [ 2.347273222221982, 48.948911559994428 ], [ 2.3484844500133, 48.948794876658027 ], [ 2.348427057838864, 48.948525318923657 ], [ 2.348348463938737, 48.948215624925027 ], [ 2.348160462832709, 48.947712890394861 ], [ 2.347874885209118, 48.947437803490786 ], [ 2.347826909818648, 48.947431240893707 ], [ 2.347669067767353, 48.947431240893714 ], [ 2.347469531589297, 48.94745079993821 ], [ 2.347326580297556, 48.947499697515866 ], [ 2.347329964594435, 48.947524165603056 ], [ 2.346519545086376, 48.94769304622055 ], [ 2.34653648440124, 48.948071887471905 ], [ 2.346527517132925, 48.948137940983507 ], [ 2.345946253407277, 48.947770314635221 ], [ 2.345980465237212, 48.947745936197208 ], [ 2.345012464951546, 48.947181013750686 ], [ 2.3433936298198, 48.948326047473671 ], [ 2.342155710634901, 48.949280130266565 ], [ 2.341921284886729, 48.949464269879215 ], [ 2.34143161681565, 48.949790306099139 ], [ 2.340699328639559, 48.950317779526365 ], [ 2.340196957517695, 48.950681704818905 ], [ 2.339571296115175, 48.951141422385227 ], [ 2.339357748180467, 48.951296122087953 ], [ 2.338785509694237, 48.95171325262249 ], [ 2.338166877384053, 48.952151562770048 ], [ 2.337262315612781, 48.952781682925725 ], [ 2.336050542754533, 48.953569097571453 ], [ 2.335223001591185, 48.954112087661279 ], [ 2.334502222976532, 48.954578396530898 ], [ 2.333751358111979, 48.955062845814133 ], [ 2.333488474485061, 48.955254331268769 ], [ 2.33341725932801, 48.955307531618345 ], [ 2.334046657337501, 48.956152936457812 ] ] ] } },
{ "type": "Feature", "properties": { "code_qp": "QN09360I", "lib_qp": "Mont d'Est - Palacio" }, "geometry": { "type": "Polygon", "coordinates": [ [ [ 2.545739896504041, 48.838435414229686 ], [ 2.544283572214428, 48.838421764569354 ], [ 2.543359826604941, 48.83842454444202 ], [ 2.543267052993063, 48.838439482806251 ], [ 2.543194644895828, 48.83861548621595 ], [ 2.543119971886224, 48.838740201746724 ], [ 2.542997405387321, 48.838892632099451 ], [ 2.542931379053763, 48.838963424903397 ], [ 2.542620340320342, 48.839318384056867 ], [ 2.542197915115133, 48.839791619434614 ], [ 2.542103093678197, 48.839882083621724 ], [ 2.541953591200827, 48.839996642381749 ], [ 2.541858501039703, 48.840120377661371 ], [ 2.541807147318584, 48.84022630059394 ], [ 2.541776127555525, 48.840345807812739 ], [ 2.54177292298635, 48.840399740298217 ], [ 2.541784631987139, 48.840464543681129 ], [ 2.541829795076375, 48.840595118678188 ], [ 2.541914616993038, 48.840709668028609 ], [ 2.542564415402152, 48.841498181565782 ], [ 2.542967958677362, 48.841939515933227 ], [ 2.543156288284563, 48.841905155327346 ], [ 2.543352532207307, 48.841899601967697 ], [ 2.545690482830921, 48.841916592358025 ], [ 2.545697324202854, 48.840973220243619 ], [ 2.545662589081319, 48.840932844281454 ], [ 2.545620166513173, 48.840916257452974 ], [ 2.545535736093277, 48.840910535239743 ], [ 2.545436341550829, 48.840894951408572 ], [ 2.545387720446063, 48.840854225811647 ], [ 2.54536903325131, 48.840810084915923 ], [ 2.54537231960237, 48.839497044135911 ], [ 2.545481999854132, 48.839417426005568 ], [ 2.545731494444047, 48.839399471199251 ], [ 2.545725279257566, 48.839186830521221 ], [ 2.545739896504041, 48.838435414229686 ] ] ] } },
{ "type": "Feature", "properties": { "code_qp": "QN09371N", "lib_qp": "La Fourche/Canal de l'Ourcq" }, "geometry": { "type": "Polygon", "coordinates": [ [ [ 2.496160032182012, 48.908988344245721 ], [ 2.495993867127432, 48.908970055680896 ], [ 2.494937297177263, 48.908034586928565 ], [ 2.493609212996789, 48.907856721165466 ], [ 2.493486005030078, 48.908215948684649 ], [ 2.493980155906489, 48.908284355522724 ], [ 2.493908218326494, 48.908496712683025 ], [ 2.494359354285529, 48.90856314001315 ], [ 2.494268530465493, 48.90881765445922 ], [ 2.494078502513913, 48.909383572440888 ], [ 2.493649561544314, 48.909319094300926 ], [ 2.493532948474647, 48.909672275972454 ], [ 2.492731290806423, 48.909533016587751 ], [ 2.492619716167801, 48.909493450255262 ], [ 2.492363136006676, 48.909266070101886 ], [ 2.492525436110832, 48.908771664636063 ], [ 2.492757084472521, 48.908043434356905 ], [ 2.49285109052673, 48.9077908479671 ], [ 2.492283296589075, 48.907704888196307 ], [ 2.492227979946887, 48.907863677181822 ], [ 2.490742408639125, 48.908833295491583 ], [ 2.490875872463423, 48.908867516680445 ], [ 2.491156782038637, 48.908946462303177 ], [ 2.49227080976424, 48.90919564313554 ], [ 2.492163466953565, 48.909414557335879 ], [ 2.491974668972199, 48.909744860900688 ], [ 2.490971327353487, 48.909547962348178 ], [ 2.491068642191426, 48.909678349298424 ], [ 2.491148693194329, 48.909773848503775 ], [ 2.491235754633539, 48.910052732785829 ], [ 2.491238867235333, 48.910094523172802 ], [ 2.492624440562837, 48.910634218917153 ], [ 2.493003949766155, 48.910196524026141 ], [ 2.49343173998819, 48.910364393777861 ], [ 2.493579273607816, 48.910391077818957 ], [ 2.493735844103123, 48.910403344379269 ], [ 2.493980822667767, 48.91037652802121 ], [ 2.494136262197556, 48.910337178214185 ], [ 2.494520306122312, 48.910293510276119 ], [ 2.495038785283845, 48.91039027613629 ], [ 2.495931197912648, 48.91063912342748 ], [ 2.496692238443178, 48.910906683383189 ], [ 2.497835049644498, 48.911433693191263 ], [ 2.497221481226516, 48.911980104457896 ], [ 2.497506477546519, 48.912140416070109 ], [ 2.497995490043495, 48.912534279894544 ], [ 2.498316278094717, 48.912834080661362 ], [ 2.498464894235134, 48.912785417704889 ], [ 2.498903312599191, 48.91257427059081 ], [ 2.498919023588014, 48.912588261988439 ], [ 2.499242791956201, 48.912424828543436 ], [ 2.498934685067395, 48.912163244901798 ], [ 2.499395958209656, 48.911876564532371 ], [ 2.500006857244299, 48.911146856379311 ], [ 2.499436409183077, 48.910898665364023 ], [ 2.499336687405104, 48.911020511756732 ], [ 2.498908613488725, 48.910856830871552 ], [ 2.498989067363827, 48.910751964708354 ], [ 2.499091044964116, 48.910630100421741 ], [ 2.498688161327393, 48.910486519720322 ], [ 2.498619835659173, 48.910565463470952 ], [ 2.498204030665893, 48.910415181542092 ], [ 2.498284091612987, 48.910328481188557 ], [ 2.497947242469857, 48.910206380409761 ], [ 2.498065966165461, 48.910066405729978 ], [ 2.49817532918785, 48.910105214212756 ], [ 2.498442331037784, 48.909779264238338 ], [ 2.498238436211001, 48.909701709637453 ], [ 2.498544800735419, 48.90933854824646 ], [ 2.498606527152785, 48.909227990725263 ], [ 2.498143076923312, 48.909194913739185 ], [ 2.498026594809119, 48.90932510363524 ], [ 2.497584029682812, 48.90920436435264 ], [ 2.497417495610505, 48.90940369267188 ], [ 2.497839057340343, 48.90955029137745 ], [ 2.497556178444222, 48.909885744412406 ], [ 2.49741362018884, 48.909834175178247 ], [ 2.497233955392338, 48.910051366483032 ], [ 2.497466084405318, 48.910273597153399 ], [ 2.497636028234531, 48.910073361645345 ], [ 2.497813265405531, 48.910133289072014 ], [ 2.49757560505762, 48.910409979720612 ], [ 2.498181187944798, 48.911032111465659 ], [ 2.497511724064194, 48.910730830149312 ], [ 2.497033047787432, 48.91052805901996 ], [ 2.496284595564858, 48.910277152560752 ], [ 2.497023796550041, 48.909928997762137 ], [ 2.497045808755318, 48.909845172348554 ], [ 2.497200830457888, 48.909653183995722 ], [ 2.497076323267401, 48.909603702945844 ], [ 2.4969222174531, 48.90955352090095 ], [ 2.496900583238677, 48.909570413455995 ], [ 2.496854591394028, 48.909592545902221 ], [ 2.496760334343008, 48.909508595627756 ], [ 2.496822500072182, 48.909451993398044 ], [ 2.496775264461369, 48.909429773905231 ], [ 2.496579298792547, 48.909489807752827 ], [ 2.496232732804045, 48.909204817300441 ], [ 2.496367898729253, 48.909147835515753 ], [ 2.496419624315078, 48.909069679779293 ], [ 2.496160032182012, 48.908988344245721 ] ] ] } },
{ "type": "Feature", "properties": { "code_qp": "QN09407I", "lib_qp": "Gagarine" }, "geometry": { "type": "Polygon", "coordinates": [ [ [ 2.394815495517821, 48.810448077809539 ], [ 2.392744133318161, 48.809433492461977 ], [ 2.392109430872185, 48.809116860983472 ], [ 2.39201148190793, 48.809067208161366 ], [ 2.391802780060453, 48.809289386386901 ], [ 2.391719871588819, 48.809357625427921 ], [ 2.391625677683365, 48.809303951090811 ], [ 2.391352536699844, 48.809149950403835 ], [ 2.391039297536598, 48.808979594751349 ], [ 2.390698804281129, 48.808788874190128 ], [ 2.390607005724222, 48.808735015125222 ], [ 2.390284877509191, 48.809005422528656 ], [ 2.390223998805511, 48.809086067545778 ], [ 2.390107523853106, 48.80938315568843 ], [ 2.390005851223067, 48.809576925821744 ], [ 2.389851080922783, 48.809771282868653 ], [ 2.38973546179249, 48.809874129233087 ], [ 2.38964341280483, 48.809945608339902 ], [ 2.388618814343197, 48.810577137558482 ], [ 2.389403561453654, 48.81098518048492 ], [ 2.38935558420008, 48.811027102178294 ], [ 2.389258802753984, 48.811107584777091 ], [ 2.389218350685852, 48.811087379408242 ], [ 2.388359167602875, 48.811840282699158 ], [ 2.388950010107805, 48.8121109983461 ], [ 2.388602077314328, 48.812441761192815 ], [ 2.389097430560609, 48.812670407314315 ], [ 2.389376465811852, 48.812391480621571 ], [ 2.390356809739194, 48.811478000731491 ], [ 2.390831755733448, 48.811731554835703 ], [ 2.391767022978078, 48.812220175963063 ], [ 2.392663958198191, 48.812702167767355 ], [ 2.392719190075009, 48.812645982688117 ], [ 2.393139775556807, 48.812207696027244 ], [ 2.393869131720615, 48.811432081472013 ], [ 2.393808565156373, 48.811397372188651 ], [ 2.39471820481638, 48.810405013809664 ], [ 2.394815495517821, 48.810448077809539 ] ] ] } },
{ "type": "Feature", "properties": { "code_qp": "QN09429I", "lib_qp": "Quartier Sud" }, "geometry": { "type": "Polygon", "coordinates": [ [ [ 2.408725911011331, 48.751623968287753 ], [ 2.408605715724027, 48.751899381849285 ], [ 2.40847280551933, 48.751872686235053 ], [ 2.408048772019603, 48.75279311855823 ], [ 2.408872580704216, 48.752957418278221 ], [ 2.408883420310838, 48.752954412080712 ], [ 2.409018959388526, 48.752978552630275 ], [ 2.40916591389804, 48.752676192171187 ], [ 2.409305215917672, 48.752367668495182 ], [ 2.409433272906902, 48.752097868756408 ], [ 2.410729775865411, 48.752359402157808 ], [ 2.410994540339738, 48.752306008747404 ], [ 2.410927156626007, 48.752533573615622 ], [ 2.410705624758103, 48.753240321746006 ], [ 2.410259110521759, 48.754597145408034 ], [ 2.410897162597265, 48.754710940417894 ], [ 2.411592865120688, 48.75489694682647 ], [ 2.411886167250665, 48.754459462315289 ], [ 2.412186556034333, 48.75399594641879 ], [ 2.413379168608845, 48.75434808683432 ], [ 2.413520756138225, 48.754378474165229 ], [ 2.415085604926282, 48.754814252890718 ], [ 2.416573708764713, 48.752486808369085 ], [ 2.413777964708429, 48.751682536772798 ], [ 2.413741031075981, 48.751798481040893 ], [ 2.413667824754743, 48.75197146848285 ], [ 2.413334256186881, 48.752494919562167 ], [ 2.412207620647403, 48.752304251494486 ], [ 2.411105341742078, 48.752098546030503 ], [ 2.40971372189088, 48.751822398179513 ], [ 2.408725911011331, 48.751623968287753 ] ] ] } },
{ "type": "Feature", "properties": { "code_qp": "QN07512I", "lib_qp": "Porte De La Chapelle - Charles Hermite" }, "geometry": { "type": "Polygon", "coordinates": [ [ [ 2.374102570955368, 48.898755311719938 ], [ 2.371400669229427, 48.898693432778565 ], [ 2.371001822343531, 48.898715228601255 ], [ 2.370240865890578, 48.898717202110625 ], [ 2.36306776959416, 48.898601626268096 ], [ 2.362225657255269, 48.898573254794272 ], [ 2.360712072531373, 48.898636854728565 ], [ 2.359381116561418, 48.898581962896721 ], [ 2.359353005304677, 48.899394070109786 ], [ 2.359418784062155, 48.899937917499336 ], [ 2.359645853079612, 48.900625966409216 ], [ 2.359676871389965, 48.901050177756353 ], [ 2.359589907793469, 48.901491675542054 ], [ 2.361102404153264, 48.901523643180532 ], [ 2.361390033840125, 48.901523684041251 ], [ 2.361666596555454, 48.901502761593939 ], [ 2.36188442443784, 48.901469580658983 ], [ 2.362011482950168, 48.901450847021572 ], [ 2.362115657009611, 48.90145140188919 ], [ 2.362185678338384, 48.901466705964012 ], [ 2.362221309170053, 48.901516168555865 ], [ 2.362209107855908, 48.901587773180815 ], [ 2.36217245255627, 48.90162191966207 ], [ 2.362290032025003, 48.901637476929906 ], [ 2.362293322220562, 48.901689543554951 ], [ 2.362397763842546, 48.901691406076004 ], [ 2.362478734723427, 48.901691090541817 ], [ 2.363557313669495, 48.901715913517059 ], [ 2.36358819413561, 48.901140186007979 ], [ 2.364682216405189, 48.901020939300977 ], [ 2.370209514968967, 48.900991149120877 ], [ 2.370281372449015, 48.899703826508294 ], [ 2.374066820166741, 48.899801031043204 ], [ 2.374102570955368, 48.898755311719938 ] ] ] } },
{ "type": "Feature", "properties": { "code_qp": "QN09219N", "lib_qp": "Les Blagis" }, "geometry": { "type": "Polygon", "coordinates": [ [ [ 2.303024296570379, 48.784630195308878 ], [ 2.302755625627553, 48.784206623782751 ], [ 2.30341904006778, 48.784060999729 ], [ 2.304142768877138, 48.783911597475402 ], [ 2.303944766722946, 48.78349241692883 ], [ 2.303654821818428, 48.78355338941342 ], [ 2.303768324524731, 48.783798248717247 ], [ 2.303621787153646, 48.783807213878006 ], [ 2.303610475679188, 48.7838576318915 ], [ 2.303639284787244, 48.783936876294035 ], [ 2.303256139435932, 48.784022605016183 ], [ 2.303245132087639, 48.784013698750059 ], [ 2.303155381431275, 48.784039525049124 ], [ 2.303076601369558, 48.784030878277115 ], [ 2.302968352295828, 48.784000904375112 ], [ 2.303101453554695, 48.78362755879003 ], [ 2.302688554611771, 48.783712280613706 ], [ 2.302460554794564, 48.783760118215774 ], [ 2.30248242117346, 48.783801537406724 ], [ 2.302349480603071, 48.783822453312432 ], [ 2.302346664824645, 48.783842000922043 ], [ 2.302123906036361, 48.783874312604823 ], [ 2.302123293712905, 48.783894899125016 ], [ 2.302155702728152, 48.783892600056937 ], [ 2.302279311868765, 48.784204676868065 ], [ 2.30225728266676, 48.784201981594883 ], [ 2.301801387884435, 48.784279292390238 ], [ 2.301681474297014, 48.784250223357759 ], [ 2.301640263422949, 48.784263754324719 ], [ 2.301245719580415, 48.784330436025797 ], [ 2.301230951052193, 48.784356434038045 ], [ 2.30119352814722, 48.784384935358048 ], [ 2.301367343514285, 48.784896116061688 ], [ 2.302980859270198, 48.784637851461078 ], [ 2.303038056664399, 48.784744329522766 ], [ 2.303223740613079, 48.78515358793711 ], [ 2.303101276977252, 48.785344173941354 ], [ 2.302976228996978, 48.785379411026597 ], [ 2.302862179231168, 48.785596128134344 ], [ 2.302091404243113, 48.785957511398195 ], [ 2.302057619450381, 48.785867247887566 ], [ 2.301961620078863, 48.785634910439597 ], [ 2.301888839874228, 48.785589447005648 ], [ 2.301720965882922, 48.785548707211419 ], [ 2.30140086088291, 48.785503097168061 ], [ 2.300295067891888, 48.7853707674169 ], [ 2.299918225077215, 48.785369021204744 ], [ 2.299380656297897, 48.785389369578375 ], [ 2.298881775930763, 48.785424240535214 ], [ 2.298419797557628, 48.785457924827028 ], [ 2.297875471828624, 48.78546021351174 ], [ 2.297803633039853, 48.78572121574318 ], [ 2.297763533625014, 48.785718414971001 ], [ 2.297681373157397, 48.78593862049815 ], [ 2.297892534981242, 48.785977476012171 ], [ 2.297753470623196, 48.786024652136675 ], [ 2.297755961858189, 48.786034499584382 ], [ 2.297345090163252, 48.786088563070919 ], [ 2.29714281247102, 48.78606752441042 ], [ 2.296645266190648, 48.785995227180905 ], [ 2.296557656500585, 48.786046840853267 ], [ 2.296424971252969, 48.786084634132386 ], [ 2.296290144501082, 48.786105310726143 ], [ 2.296135026214846, 48.786283682783676 ], [ 2.297578889792147, 48.786748906929077 ], [ 2.29778300137795, 48.786846385415807 ], [ 2.297973828482596, 48.787008443480751 ], [ 2.298134575791003, 48.78665819906368 ], [ 2.298147548875647, 48.786627342300129 ], [ 2.298265251530568, 48.78664670577546 ], [ 2.298271250827395, 48.786623484901483 ], [ 2.298358385671213, 48.786639359589174 ], [ 2.298361751824597, 48.786635064573744 ], [ 2.29848739828383, 48.786656492649499 ], [ 2.298444903159534, 48.786793593618917 ], [ 2.298332043820245, 48.787133644514093 ], [ 2.29879228554219, 48.786960480826217 ], [ 2.298872616025457, 48.786948546722563 ], [ 2.298982220038162, 48.786462481166787 ], [ 2.299055710215055, 48.786159874096803 ], [ 2.29985116083064, 48.786261376684642 ], [ 2.299854287067848, 48.786214428706458 ], [ 2.299919509580731, 48.786234985855309 ], [ 2.29989341953682, 48.786784209184788 ], [ 2.300644380896834, 48.786669091845482 ], [ 2.301707126899808, 48.786198814388406 ], [ 2.302460506677316, 48.785820557282833 ], [ 2.302884572386507, 48.785641375009959 ], [ 2.30308007964158, 48.785550697329285 ], [ 2.303271560548456, 48.785587970057144 ], [ 2.303658786082305, 48.785695013341261 ], [ 2.304012960631283, 48.786389188824486 ], [ 2.304275625757429, 48.786814781150142 ], [ 2.304336382380906, 48.787240390008677 ], [ 2.30420132017028, 48.787389448251744 ], [ 2.303944792852521, 48.787370132757879 ], [ 2.303757360710532, 48.787356171270623 ], [ 2.303747836347235, 48.787422298764731 ], [ 2.303402860881764, 48.787356303530494 ], [ 2.303354102037394, 48.787604638067883 ], [ 2.303053523558292, 48.787543436004803 ], [ 2.303048232791035, 48.787558717842813 ], [ 2.301943697561492, 48.787323447960738 ], [ 2.301158968722895, 48.78857998135004 ], [ 2.301507873540852, 48.788596238714895 ], [ 2.301850975514509, 48.788627290754256 ], [ 2.301945329252462, 48.788780620394142 ], [ 2.302024056737468, 48.788892088620457 ], [ 2.302368380335844, 48.788915237698276 ], [ 2.302398876087543, 48.788877029331843 ], [ 2.302486672194607, 48.788784292185717 ], [ 2.302624048016435, 48.788840903098759 ], [ 2.301995305139609, 48.789534089852538 ], [ 2.301660317184867, 48.789899230778325 ], [ 2.301663707144035, 48.790009128299523 ], [ 2.30188285772021, 48.790038705066166 ], [ 2.302205315284771, 48.789674109119488 ], [ 2.303211485488516, 48.788595689419481 ], [ 2.304255260466393, 48.787406460530839 ], [ 2.304390234253749, 48.787245048093958 ], [ 2.304375500139948, 48.786925035297635 ], [ 2.306395887261612, 48.787095933763808 ], [ 2.307273066285773, 48.787169541412887 ], [ 2.308440147674417, 48.787272992224409 ], [ 2.308834969724002, 48.787305954728183 ], [ 2.309321867322628, 48.787344451359161 ], [ 2.309266679630283, 48.787718986465627 ], [ 2.310137483567367, 48.787800875930131 ], [ 2.311185523670965, 48.787376543082516 ], [ 2.311245718953316, 48.787207113998193 ], [ 2.312238836171886, 48.787245073553208 ], [ 2.312263279818142, 48.787235850973843 ], [ 2.312873387601682, 48.788047564646931 ], [ 2.313317616633165, 48.788641974355052 ], [ 2.312312536467685, 48.788949000215091 ], [ 2.312281544496927, 48.788958600528815 ], [ 2.312450803093353, 48.789313067554666 ], [ 2.313833839597638, 48.789368520682274 ], [ 2.313937108699868, 48.789272850053287 ], [ 2.314124259049811, 48.789269887980154 ], [ 2.314273419535189, 48.789355376675999 ], [ 2.315452571336097, 48.789029850320581 ], [ 2.315014580109906, 48.788492984528915 ], [ 2.313673325310899, 48.786754591065467 ], [ 2.312504619661573, 48.787147679298904 ], [ 2.312380069340764, 48.787179190062481 ], [ 2.312319558249164, 48.787084432861327 ], [ 2.312121177320369, 48.787146660265719 ], [ 2.311282751388764, 48.787106719345189 ], [ 2.311155210347977, 48.78711984021534 ], [ 2.311180511694497, 48.787205423196596 ], [ 2.310877612683097, 48.787211560931553 ], [ 2.310750749952379, 48.787217414655181 ], [ 2.310745370313843, 48.78735492930165 ], [ 2.31041962129879, 48.787339042151203 ], [ 2.310402551972531, 48.787624928678817 ], [ 2.31036813685662, 48.787627574844748 ], [ 2.310322571479639, 48.78757233573176 ], [ 2.310329920598551, 48.787525155934148 ], [ 2.31035825003373, 48.787408423856427 ], [ 2.310315295862037, 48.787405059125021 ], [ 2.310314133135502, 48.787379685730365 ], [ 2.309923854331547, 48.787355606528884 ], [ 2.309913259216196, 48.787047953346296 ], [ 2.309914881020788, 48.786712574744293 ], [ 2.309869143171156, 48.786713836885227 ], [ 2.309381056406137, 48.786763221311404 ], [ 2.309307600882398, 48.787298802496018 ], [ 2.307185427705688, 48.787140408302854 ], [ 2.307124600443228, 48.787011340519541 ], [ 2.307200663705712, 48.78683365711931 ], [ 2.307183414531201, 48.786787598812211 ], [ 2.307073407462084, 48.786332899075653 ], [ 2.307025747972151, 48.786334078544165 ], [ 2.306243986687966, 48.786372288933769 ], [ 2.305246873855999, 48.786412920791641 ], [ 2.305324550620134, 48.786719781169978 ], [ 2.305201905088299, 48.786727538525412 ], [ 2.305202698466315, 48.786709590806588 ], [ 2.304789912018255, 48.786746473536738 ], [ 2.304412163887589, 48.786712728691242 ], [ 2.304419428757521, 48.786769937790901 ], [ 2.304275464865384, 48.786709559177808 ], [ 2.304092991955433, 48.786356553507026 ], [ 2.303742018142962, 48.785654965580449 ], [ 2.303365525045903, 48.785547717624077 ], [ 2.303302507014203, 48.785352462105436 ], [ 2.303230821346635, 48.785337915609929 ], [ 2.303301876611918, 48.78519503925628 ], [ 2.303219036085444, 48.785028937097302 ], [ 2.303024296570379, 48.784630195308878 ] ] ] } },
{ "type": "Feature", "properties": { "code_qp": "QN09305I", "lib_qp": "Quartiers La Muette - Village Parisien" }, "geometry": { "type": "Polygon", "coordinates": [ [ [ 2.468848631117661, 48.918954502362546 ], [ 2.468936871168141, 48.918636258766895 ], [ 2.468407955123194, 48.918318429456562 ], [ 2.467957595876297, 48.917923442059752 ], [ 2.467595523251541, 48.91757020356718 ], [ 2.467433654588438, 48.917422514249566 ], [ 2.465848215413371, 48.915914018110513 ], [ 2.465799840052411, 48.915744084245119 ], [ 2.466661220477745, 48.915528190194948 ], [ 2.468385002341653, 48.914711563181285 ], [ 2.468415755460824, 48.914720775314258 ], [ 2.468221648948074, 48.914462940656882 ], [ 2.468205847646491, 48.914462255399755 ], [ 2.467701369478875, 48.914425843615042 ], [ 2.467527063159892, 48.914393600920711 ], [ 2.467459177840698, 48.914361814891564 ], [ 2.46739159001857, 48.914298567440476 ], [ 2.467259504992561, 48.914139711560061 ], [ 2.466742978122857, 48.914032374136802 ], [ 2.466128818787545, 48.913617213305216 ], [ 2.466013549733005, 48.913503480144406 ], [ 2.465943588170794, 48.913456435521368 ], [ 2.465517709705526, 48.913195350392627 ], [ 2.465259632675901, 48.913124539294763 ], [ 2.465109235980735, 48.913092149018453 ], [ 2.464951162833588, 48.913041610295714 ], [ 2.464791023305537, 48.912972935212508 ], [ 2.464688800576496, 48.912900477286755 ], [ 2.46308123024007, 48.913629302945957 ], [ 2.463218538982166, 48.913788370977514 ], [ 2.463314612056448, 48.913909856244032 ], [ 2.463710047492702, 48.914064516161808 ], [ 2.46403724012265, 48.914223347946006 ], [ 2.464226104506602, 48.914298837765699 ], [ 2.465125419486319, 48.913887393018349 ], [ 2.465553782057027, 48.913669796206598 ], [ 2.466113962289405, 48.914102587394616 ], [ 2.466695968331656, 48.914558732000188 ], [ 2.466425096026694, 48.91473342275367 ], [ 2.466291916862095, 48.914815690023005 ], [ 2.466096949327182, 48.91496021222558 ], [ 2.465855379336713, 48.915048532412513 ], [ 2.465380885441037, 48.915182604966034 ], [ 2.465521928537974, 48.915399976600078 ], [ 2.465777667521733, 48.915875938644049 ], [ 2.465686010653871, 48.915898003234858 ], [ 2.464993827839444, 48.916203378863067 ], [ 2.464049546513623, 48.916605631456484 ], [ 2.464287776650217, 48.916885887594923 ], [ 2.461419656769532, 48.918022170549158 ], [ 2.460874038818119, 48.9173897829371 ], [ 2.460369895275615, 48.917584900705869 ], [ 2.460351115998748, 48.917570506587126 ], [ 2.459422228908232, 48.91792922436283 ], [ 2.459318156753162, 48.917968004366521 ], [ 2.458476577415469, 48.918294917854979 ], [ 2.457296347574041, 48.91873295278107 ], [ 2.457068281312586, 48.918816596877484 ], [ 2.456416091849993, 48.919061272345417 ], [ 2.455684420801973, 48.9184756060015 ], [ 2.455174781427708, 48.918064802798149 ], [ 2.455117971561124, 48.918013301878581 ], [ 2.45334300958606, 48.91893845422544 ], [ 2.452125421014995, 48.919505126598018 ], [ 2.451396595334284, 48.91984608341977 ], [ 2.454311746007425, 48.92123799650193 ], [ 2.455219106963896, 48.921005344343939 ], [ 2.456718116039728, 48.920634222334101 ], [ 2.455644218117691, 48.919393685478894 ], [ 2.45706028635239, 48.918895786675719 ], [ 2.457754921188046, 48.919454348839778 ], [ 2.458663373612951, 48.919131954923195 ], [ 2.459199815432543, 48.91976853915164 ], [ 2.459765688415166, 48.919567553786614 ], [ 2.460312383005952, 48.919351489971859 ], [ 2.460552696094997, 48.91925608589596 ], [ 2.460774855716604, 48.919231266923745 ], [ 2.460954698386733, 48.919215511245085 ], [ 2.461196820590831, 48.919199895095694 ], [ 2.461475071525461, 48.919213728945614 ], [ 2.461882634964426, 48.919255132504738 ], [ 2.462192548090565, 48.91924032599357 ], [ 2.46235810196041, 48.919299202732176 ], [ 2.462929927980953, 48.919952407310646 ], [ 2.46483124274591, 48.91929967234028 ], [ 2.464235088122473, 48.918700141721722 ], [ 2.4653506491868, 48.918328189037076 ], [ 2.466438995050459, 48.919354573578474 ], [ 2.4668831395594, 48.919271337588299 ], [ 2.467394702859248, 48.919183647669826 ], [ 2.468848631117661, 48.918954502362546 ] ] ] } },
{ "type": "Feature", "properties": { "code_qp": "QN09320M", "lib_qp": "Béthisy" }, "geometry": { "type": "Polygon", "coordinates": [ [ [ 2.454169785373405, 48.888739902805597 ], [ 2.453745636814516, 48.888985370459807 ], [ 2.453507080495815, 48.889135933589323 ], [ 2.453508657761959, 48.889143138912644 ], [ 2.453226496418104, 48.889344191485996 ], [ 2.452877375122706, 48.88962768346412 ], [ 2.452883189127073, 48.889679451250842 ], [ 2.453245769491288, 48.889957193606541 ], [ 2.453067613350145, 48.890039120602573 ], [ 2.452997856711661, 48.890057682189351 ], [ 2.45287603013541, 48.890103001475374 ], [ 2.452793313825819, 48.890056747636073 ], [ 2.451124327865553, 48.888800939398685 ], [ 2.450842400844247, 48.888631417480596 ], [ 2.450687349927442, 48.888720017925607 ], [ 2.450710537349221, 48.888735522856372 ], [ 2.450627674273171, 48.888787205072212 ], [ 2.45041358823497, 48.888915251481123 ], [ 2.450390374086249, 48.888898291710753 ], [ 2.450163391298758, 48.889005986155162 ], [ 2.450029265106151, 48.88903566568564 ], [ 2.449952345934286, 48.88916512679149 ], [ 2.449995800222152, 48.889251558298369 ], [ 2.450086019961065, 48.889332045141451 ], [ 2.450202081546625, 48.889428281817409 ], [ 2.450171129348332, 48.889454569180451 ], [ 2.449862897040318, 48.889608901162269 ], [ 2.449779068169939, 48.889558022539639 ], [ 2.449654272011084, 48.889584522604792 ], [ 2.449506400388361, 48.889656216059684 ], [ 2.449445042363347, 48.889661475684683 ], [ 2.449138882149604, 48.889796577496668 ], [ 2.449636416184383, 48.89014639176996 ], [ 2.45010528445288, 48.890455017150686 ], [ 2.450434175662831, 48.890684969511078 ], [ 2.450498281335208, 48.890755218354002 ], [ 2.450510193949422, 48.890792619219049 ], [ 2.450074958696668, 48.890876852976625 ], [ 2.450149983845483, 48.891069679113379 ], [ 2.449606122816823, 48.891267746377494 ], [ 2.449780960530199, 48.891572670693769 ], [ 2.44892851978814, 48.891777516488951 ], [ 2.44918402960678, 48.89233469169266 ], [ 2.449291449914354, 48.892315152309152 ], [ 2.449433479072713, 48.892521468213147 ], [ 2.449522571313655, 48.892500869231682 ], [ 2.449588836591376, 48.892577468090273 ], [ 2.449646788190536, 48.892647394414794 ], [ 2.450079087123342, 48.89252726951274 ], [ 2.450396089494923, 48.892444998129562 ], [ 2.451218837522251, 48.892252129201992 ], [ 2.451251720686788, 48.892314199878662 ], [ 2.451522382491055, 48.892249097042679 ], [ 2.451628557796862, 48.89241843999352 ], [ 2.451991794442314, 48.892347266632612 ], [ 2.451974618512099, 48.892278098429763 ], [ 2.452546015766075, 48.892113897765853 ], [ 2.452520669253974, 48.892081445015563 ], [ 2.452290605681994, 48.891752404640577 ], [ 2.452438301300737, 48.891697645437198 ], [ 2.452710324277142, 48.891589559531894 ], [ 2.452848732156317, 48.891751876441106 ], [ 2.453387088692315, 48.891436317508337 ], [ 2.453783631204547, 48.891748773374665 ], [ 2.453981705699093, 48.891882160794211 ], [ 2.454363354329401, 48.89216061838669 ], [ 2.455046202383073, 48.891889935477685 ], [ 2.45504794289449, 48.89185577128125 ], [ 2.454588253026958, 48.891470570749966 ], [ 2.454739156750974, 48.891387616384634 ], [ 2.455385049808549, 48.890996165091195 ], [ 2.456335841457563, 48.890375960300453 ], [ 2.455455007153723, 48.889707351466335 ], [ 2.455294753187765, 48.889612291593863 ], [ 2.454987792550351, 48.889391373719285 ], [ 2.454723651671295, 48.889268050919121 ], [ 2.454651532608984, 48.88920638772543 ], [ 2.454762046480573, 48.889146284307685 ], [ 2.454169785373405, 48.888739902805597 ] ] ] } },
{ "type": "Feature", "properties": { "code_qp": "QN09334I", "lib_qp": "Paul-Cachin" }, "geometry": { "type": "Polygon", "coordinates": [ [ [ 2.326892233717317, 48.920676264526634 ], [ 2.327758586461961, 48.921429343015618 ], [ 2.327785689800723, 48.92144568787937 ], [ 2.327831969298191, 48.921453134720942 ], [ 2.327868916195543, 48.921445253676858 ], [ 2.328328288111797, 48.921169039364614 ], [ 2.328346364899481, 48.921141265978122 ], [ 2.328352329524921, 48.921103534184844 ], [ 2.32832994194184, 48.920934347354631 ], [ 2.328692569436446, 48.920916447528988 ], [ 2.328763243418039, 48.92090393671598 ], [ 2.328834050562115, 48.920881099037622 ], [ 2.328909420291775, 48.920807944015365 ], [ 2.328933191756867, 48.920787427411973 ], [ 2.329230506874372, 48.920666467182265 ], [ 2.32975083159292, 48.920485457580327 ], [ 2.329464093459337, 48.92017082628044 ], [ 2.329359118536841, 48.920068678852289 ], [ 2.329210448848531, 48.919943521782265 ], [ 2.329136228768092, 48.919892067274333 ], [ 2.328371693861655, 48.919391364050263 ], [ 2.328159209101989, 48.919255282829461 ], [ 2.328015381189427, 48.919192429782363 ], [ 2.32794928605288, 48.919237912680956 ], [ 2.327001323392718, 48.91871650351154 ], [ 2.325451531265527, 48.919762569785185 ], [ 2.325608563620448, 48.919846820345924 ], [ 2.325516960192977, 48.919907300569648 ], [ 2.326085760266912, 48.920148003214877 ], [ 2.326297715668136, 48.920266656571592 ], [ 2.326362158179549, 48.920300980126058 ], [ 2.326892233717317, 48.920676264526634 ] ] ] } },
{ "type": "Feature", "properties": { "code_qp": "QN09347M", "lib_qp": "Centre Elargi" }, "geometry": { "type": "Polygon", "coordinates": [ [ [ 2.397399017740185, 48.953132887997313 ], [ 2.397018905948792, 48.952941574960846 ], [ 2.396702996353257, 48.952839805514799 ], [ 2.396132102187049, 48.95258681265031 ], [ 2.395913114540185, 48.952480872787412 ], [ 2.395797344264633, 48.952404740090557 ], [ 2.395680790526294, 48.952311918095965 ], [ 2.395598183454807, 48.952219650174186 ], [ 2.395360017553192, 48.952100393074176 ], [ 2.395282873682491, 48.951961686391208 ], [ 2.395249613427339, 48.95185886101612 ], [ 2.395223186894369, 48.951873856204898 ], [ 2.395141283749011, 48.951591539865362 ], [ 2.39504406300086, 48.95161623067321 ], [ 2.394733028114146, 48.951777804234069 ], [ 2.393916581488785, 48.951358832573234 ], [ 2.393499856719894, 48.951145736607636 ], [ 2.393325950163991, 48.951286132131372 ], [ 2.393095684564489, 48.951493976706885 ], [ 2.39273159801904, 48.95180237558624 ], [ 2.391845144598153, 48.951360837384087 ], [ 2.391759729319483, 48.951311169068248 ], [ 2.391415011462392, 48.951126718686801 ], [ 2.391267463913259, 48.951007217435937 ], [ 2.391096082806225, 48.950848055836936 ], [ 2.390737512618128, 48.950584934353415 ], [ 2.390872099740241, 48.950472029602601 ], [ 2.390546069971024, 48.950204946540694 ], [ 2.390267205091092, 48.950388798033643 ], [ 2.390021006488221, 48.950254583961339 ], [ 2.390184597500967, 48.950109095477742 ], [ 2.390584168613358, 48.949753986010641 ], [ 2.389658637425444, 48.949280023073143 ], [ 2.389335616822988, 48.949123850930853 ], [ 2.388821523172985, 48.948822712637039 ], [ 2.388686175386169, 48.949171059595272 ], [ 2.388217147464726, 48.949014139799637 ], [ 2.387457183224797, 48.948763880081174 ], [ 2.386326260864355, 48.948389608095901 ], [ 2.386186674833033, 48.949181833104205 ], [ 2.386125500709705, 48.949482968417918 ], [ 2.386097597464687, 48.949671478257009 ], [ 2.385969264557388, 48.949786843235522 ], [ 2.385792197021697, 48.949750864622608 ], [ 2.38513112932571, 48.949537942118162 ], [ 2.384520945189148, 48.949412508308463 ], [ 2.384554701525452, 48.949329043926518 ], [ 2.384846572558303, 48.948892594636703 ], [ 2.385080840102178, 48.948596151731486 ], [ 2.385073209791671, 48.948549337834585 ], [ 2.384087376250168, 48.947399511464781 ], [ 2.383964717906979, 48.947267583675611 ], [ 2.383737695196194, 48.946952579280179 ], [ 2.383619222267396, 48.946812568330571 ], [ 2.383401333947674, 48.946534473163972 ], [ 2.383125603335653, 48.946184139713175 ], [ 2.383145386635138, 48.946094312246771 ], [ 2.383063855820534, 48.946029355334225 ], [ 2.382704688083165, 48.945759315620116 ], [ 2.382024337011098, 48.946946446263745 ], [ 2.381865956401366, 48.947176735943849 ], [ 2.381659809273532, 48.947519208002177 ], [ 2.381224039114231, 48.947425239007543 ], [ 2.380267084534093, 48.947240275071195 ], [ 2.379748655411576, 48.947153217252861 ], [ 2.379689328937511, 48.947204163516858 ], [ 2.379630611112905, 48.947204760745009 ], [ 2.378226336364055, 48.946950909696604 ], [ 2.378294757106558, 48.94675445313824 ], [ 2.375747371995197, 48.946268045980837 ], [ 2.375539725167677, 48.946755672163412 ], [ 2.375446160045485, 48.947027226445357 ], [ 2.375256664449372, 48.94762215582606 ], [ 2.375166036103682, 48.947662687429165 ], [ 2.374698861258222, 48.947579038947737 ], [ 2.373356847064542, 48.947305120010718 ], [ 2.373316927826684, 48.947418375738131 ], [ 2.373251132625112, 48.947658000787712 ], [ 2.373059312633872, 48.948237564677136 ], [ 2.373489526988123, 48.948263716455564 ], [ 2.373478570474998, 48.949584624067057 ], [ 2.373487086135887, 48.950589509624045 ], [ 2.37347506118851, 48.951091098620338 ], [ 2.373480542749769, 48.952588423907898 ], [ 2.373477212234847, 48.953189910156347 ], [ 2.373705547357999, 48.953759040308803 ], [ 2.373728259230551, 48.953826280392548 ], [ 2.373710589371882, 48.953991407195275 ], [ 2.374568944612355, 48.954285416370837 ], [ 2.375014889211009, 48.954446005824721 ], [ 2.375203975694048, 48.95450454089795 ], [ 2.375527293399898, 48.954643818736727 ], [ 2.376239777719978, 48.954935208385244 ], [ 2.376898360033549, 48.95424422543384 ], [ 2.377282052995823, 48.954282364049796 ], [ 2.377327012215592, 48.954292924746404 ], [ 2.377827110935514, 48.954431047827221 ], [ 2.37787405104965, 48.954439039494112 ], [ 2.377926950609673, 48.954440603518158 ], [ 2.378035170871275, 48.95440501976821 ], [ 2.378071857919477, 48.954451682457133 ], [ 2.378157105029329, 48.95454148129356 ], [ 2.378420982519633, 48.954857591564974 ], [ 2.378456087989387, 48.954889256918804 ], [ 2.378569966466868, 48.954958193345675 ], [ 2.379281747183947, 48.955257208795047 ], [ 2.379246207749499, 48.955316055721163 ], [ 2.378602024584256, 48.955955628936387 ], [ 2.378558109568471, 48.956179324160388 ], [ 2.378475197395599, 48.95649094350069 ], [ 2.37847602582444, 48.956504577077006 ], [ 2.378442316316213, 48.956613075082046 ], [ 2.378881664005084, 48.956756538378492 ], [ 2.379250366722679, 48.956870859606305 ], [ 2.379234267065619, 48.957089087455472 ], [ 2.379180757499908, 48.957326421611263 ], [ 2.379082693194575, 48.95753273772624 ], [ 2.37884743150955, 48.958056055051699 ], [ 2.380304546566932, 48.958209442203703 ], [ 2.38049090207891, 48.957718461154265 ], [ 2.382017001214862, 48.957854927857525 ], [ 2.38206253365143, 48.9579806797679 ], [ 2.38223524627336, 48.95801916209259 ], [ 2.38237929474827, 48.957984113902633 ], [ 2.382708051488942, 48.957514750239461 ], [ 2.382947489760358, 48.957168700787626 ], [ 2.383044188723092, 48.956961473435328 ], [ 2.38353106362899, 48.957015224965225 ], [ 2.383631905903379, 48.95703194095853 ], [ 2.383721797868114, 48.957050381130806 ], [ 2.384467333250613, 48.957288023262898 ], [ 2.384664908154937, 48.957349856761979 ], [ 2.38519838551248, 48.957057588913827 ], [ 2.386230701580343, 48.956558271092149 ], [ 2.387671502770251, 48.955858582751041 ], [ 2.388073119240413, 48.955675148664405 ], [ 2.388459033157605, 48.955511711785107 ], [ 2.388859200345353, 48.955356668437808 ], [ 2.389226460205404, 48.955221637296347 ], [ 2.389962584262765, 48.954991717648994 ], [ 2.391377054026989, 48.954610136821358 ], [ 2.391500560803751, 48.954615225859264 ], [ 2.39163810011806, 48.954577070085755 ], [ 2.391639628206611, 48.954543096342114 ], [ 2.392597734483243, 48.954320264932285 ], [ 2.394266962055624, 48.953910733907293 ], [ 2.396234674157697, 48.953427932381949 ], [ 2.397399017740185, 48.953132887997313 ] ] ] } },
{ "type": "Feature", "properties": { "code_qp": "QN09350I", "lib_qp": "Montceleux - Pont Blanc" }, "geometry": { "type": "Polygon", "coordinates": [ [ [ 2.537924175956681, 48.94434414397908 ], [ 2.533202838825941, 48.944941952150813 ], [ 2.533196342486916, 48.945291576809865 ], [ 2.533130679323703, 48.945986131551329 ], [ 2.532990690911636, 48.947254614826363 ], [ 2.532964283790127, 48.947460450133534 ], [ 2.53292723944307, 48.947631167350963 ], [ 2.532875494807176, 48.947766756049489 ], [ 2.531785029100875, 48.948330833523556 ], [ 2.531914937009375, 48.948458136639381 ], [ 2.531927848102639, 48.948541802142245 ], [ 2.53190637328296, 48.948650536068854 ], [ 2.53179549471804, 48.948836255486135 ], [ 2.531624885456854, 48.948980368243525 ], [ 2.531448236504882, 48.949190995224335 ], [ 2.531206980244116, 48.949601026657099 ], [ 2.531151052271368, 48.949745581638318 ], [ 2.531139418676319, 48.94991105034228 ], [ 2.531262187743331, 48.950139892047268 ], [ 2.531487787858588, 48.950266722392804 ], [ 2.531914698206095, 48.950304119331321 ], [ 2.532120934950258, 48.95029701448172 ], [ 2.532315233215213, 48.9502528276006 ], [ 2.532420990368091, 48.950181279559537 ], [ 2.532477539757499, 48.950121264086668 ], [ 2.532580188449183, 48.950091082312667 ], [ 2.532729194909148, 48.950031588093722 ], [ 2.53304053634871, 48.950017034125395 ], [ 2.535233610169434, 48.950009788957864 ], [ 2.535448411600957, 48.949984423999545 ], [ 2.535697778072007, 48.949886484035567 ], [ 2.535829858534003, 48.949771875855049 ], [ 2.535901648002765, 48.949663319966902 ], [ 2.535994938493538, 48.949328293073648 ], [ 2.536096813732823, 48.949192470993971 ], [ 2.536772109584172, 48.949189287333944 ], [ 2.538471679471157, 48.947671902928896 ], [ 2.538401395640933, 48.947285924687023 ], [ 2.538983881669904, 48.946737197369316 ], [ 2.539606780983197, 48.946133830137455 ], [ 2.539887071941831, 48.945860508861912 ], [ 2.540111124801729, 48.94559655368483 ], [ 2.540349040775729, 48.945280065876617 ], [ 2.540490421619879, 48.945061547363728 ], [ 2.540758948903159, 48.94458027076314 ], [ 2.540834867612912, 48.944410255404122 ], [ 2.540896768721483, 48.944251592552206 ], [ 2.540963200528092, 48.944053796631408 ], [ 2.541009270824388, 48.943843680093011 ], [ 2.539370447804863, 48.944055478100239 ], [ 2.537924175956681, 48.94434414397908 ] ] ] } },
{ "type": "Feature", "properties": { "code_qp": "QN09355M", "lib_qp": "Les Beaudottes Savigny" }, "geometry": { "type": "Polygon", "coordinates": [ [ [ 2.52341684622175, 48.950342631149198 ], [ 2.523747631483496, 48.950235444714352 ], [ 2.524428688911122, 48.949811835981912 ], [ 2.524522266320695, 48.94972608594027 ], [ 2.524657191887984, 48.949550297894241 ], [ 2.524833465612993, 48.949107840592269 ], [ 2.524942276554357, 48.948930621176686 ], [ 2.525022796650966, 48.948661932475027 ], [ 2.525157342069916, 48.94726992009835 ], [ 2.525281984412909, 48.946878340777111 ], [ 2.525226226422925, 48.946805101658434 ], [ 2.5251625030058, 48.9466366512777 ], [ 2.525116303528385, 48.946459830080002 ], [ 2.525107373585671, 48.946216680113615 ], [ 2.525153074181044, 48.945306227386169 ], [ 2.525209655870551, 48.944332867872426 ], [ 2.524836031090187, 48.944638957604958 ], [ 2.524757890709057, 48.944642379048958 ], [ 2.524125731782407, 48.945126215218387 ], [ 2.523566406738305, 48.944807840423451 ], [ 2.521430500855196, 48.94606223099089 ], [ 2.521360174512179, 48.946118683175449 ], [ 2.5172687560835, 48.94455218121994 ], [ 2.517539642738082, 48.94431952207853 ], [ 2.517866759823788, 48.944052647021877 ], [ 2.519070121693173, 48.943181871687536 ], [ 2.519450404881332, 48.942918412109208 ], [ 2.519653569872268, 48.942790103369489 ], [ 2.520632929315748, 48.942086965618202 ], [ 2.521169493266165, 48.942389777981013 ], [ 2.522336389624357, 48.941450540426558 ], [ 2.522684475498117, 48.941682258272259 ], [ 2.523070909206969, 48.94137868545954 ], [ 2.523229794648596, 48.941471070398144 ], [ 2.523661191969474, 48.94112417306583 ], [ 2.523683008859144, 48.941091264557116 ], [ 2.523880964491338, 48.941048493448044 ], [ 2.523404308166453, 48.939854309283945 ], [ 2.523621488047875, 48.939627222115149 ], [ 2.524979362166588, 48.939376856598123 ], [ 2.525130237068667, 48.939194297616908 ], [ 2.525281262102609, 48.93922176329923 ], [ 2.525523497284107, 48.93876323792577 ], [ 2.525591218947754, 48.938682824459718 ], [ 2.525666754649512, 48.938694800941583 ], [ 2.525721452916301, 48.938646894996879 ], [ 2.526567973711863, 48.938308130218253 ], [ 2.52712797977662, 48.93794712077726 ], [ 2.527005559846184, 48.937876971720264 ], [ 2.527065467471717, 48.937834197856731 ], [ 2.527174864005298, 48.937906057926561 ], [ 2.527276469915938, 48.937832686101338 ], [ 2.526687788962928, 48.937572421013094 ], [ 2.526870116518895, 48.937392769443598 ], [ 2.526961280296878, 48.937312353769698 ], [ 2.526931208451543, 48.937287504050076 ], [ 2.526944487738636, 48.937248250712592 ], [ 2.526008297998647, 48.937021453047159 ], [ 2.525437288653687, 48.936973476485932 ], [ 2.524731685102551, 48.93714541236578 ], [ 2.524096080657387, 48.93752302342677 ], [ 2.523573843341954, 48.938391030167217 ], [ 2.523418926699587, 48.938627098089441 ], [ 2.523186785411853, 48.938640328139222 ], [ 2.523004782679604, 48.938582613939083 ], [ 2.52293706101596, 48.938661316639688 ], [ 2.522796408329928, 48.938767393996315 ], [ 2.523067294984508, 48.939402142500441 ], [ 2.5229422703747, 48.939441493220095 ], [ 2.523093341778216, 48.939477422111054 ], [ 2.523224585289856, 48.939816669776995 ], [ 2.523300120991614, 48.939857731055888 ], [ 2.52058083572833, 48.94204761698419 ], [ 2.520505300026572, 48.94208696561823 ], [ 2.519544930355953, 48.942806728880498 ], [ 2.51900370555434, 48.942556274336056 ], [ 2.518357925961508, 48.942156352376948 ], [ 2.514421745586144, 48.945194063138977 ], [ 2.513406949083123, 48.944596230422484 ], [ 2.512988729918239, 48.94418824587607 ], [ 2.512693516390088, 48.943667151852246 ], [ 2.514335641640433, 48.942527997131123 ], [ 2.512853423717835, 48.941530205499497 ], [ 2.512090788770108, 48.941518086450202 ], [ 2.51106984198525, 48.942055361476449 ], [ 2.51148806115013, 48.942362373180401 ], [ 2.512183042997656, 48.942414888151099 ], [ 2.512472106243973, 48.943828731976552 ], [ 2.513013331045586, 48.944507362785629 ], [ 2.513536105001688, 48.9447093344587 ], [ 2.514347942204107, 48.945246575130113 ], [ 2.514809213341846, 48.945476819361559 ], [ 2.515178230252034, 48.945658590372858 ], [ 2.515276634761421, 48.945860557386567 ], [ 2.515584148853244, 48.946026169727958 ], [ 2.51539964039815, 48.946236213858107 ], [ 2.515350438143457, 48.94630488193966 ], [ 2.517244724949101, 48.946773438091448 ], [ 2.517066366775844, 48.947015792995302 ], [ 2.517373880867668, 48.947157166145736 ], [ 2.517306227767468, 48.947415676013335 ], [ 2.517017164521151, 48.948183119293319 ], [ 2.516871107499493, 48.948211594799879 ], [ 2.516365153944099, 48.948311048558288 ], [ 2.516095828030811, 48.948434326313169 ], [ 2.515883631856705, 48.948509364797459 ], [ 2.515679597073911, 48.948605842682895 ], [ 2.515377625595377, 48.94866480129879 ], [ 2.513678115528737, 48.94819668308417 ], [ 2.513569217439652, 48.948160279766086 ], [ 2.513270069226431, 48.948031368491598 ], [ 2.513058150626258, 48.947915409463363 ], [ 2.512505066357558, 48.947639778517058 ], [ 2.512005544741962, 48.947329307884324 ], [ 2.511317864571088, 48.946848992212679 ], [ 2.509510102594266, 48.945561948769779 ], [ 2.50842086368994, 48.944764210838386 ], [ 2.507106751050232, 48.945386754008481 ], [ 2.506610356212616, 48.945271291216706 ], [ 2.506533304132077, 48.945764659930227 ], [ 2.50537888734696, 48.946419960972698 ], [ 2.505304685851171, 48.946472709609992 ], [ 2.505250844331404, 48.946533651795576 ], [ 2.505232478425335, 48.946597405794243 ], [ 2.505240377622341, 48.946630729167239 ], [ 2.505279445178346, 48.946683945202125 ], [ 2.505796954635827, 48.947106924605357 ], [ 2.504994297849017, 48.947524463134478 ], [ 2.504861838872074, 48.947671398968616 ], [ 2.504429317741031, 48.947887469184749 ], [ 2.504733701437158, 48.948121449222 ], [ 2.506037010892324, 48.949171508644376 ], [ 2.50479398612805, 48.949794333954507 ], [ 2.505709371461948, 48.950574953678448 ], [ 2.506991823511558, 48.949924538442673 ], [ 2.507434071856475, 48.950252997118369 ], [ 2.507862467292267, 48.950271946705108 ], [ 2.507849231938023, 48.9505252466125 ], [ 2.508243241818728, 48.950547334169116 ], [ 2.508211587913328, 48.950901558066072 ], [ 2.509095820380893, 48.951197842652185 ], [ 2.509057845047603, 48.951531483566242 ], [ 2.50945125697285, 48.951830891559638 ], [ 2.509301532019732, 48.952014374793585 ], [ 2.509431642991781, 48.95212588300204 ], [ 2.50952026646062, 48.952338440238314 ], [ 2.509352599863027, 48.952386867833965 ], [ 2.509329280116347, 48.952471051916874 ], [ 2.510004310812113, 48.953559794311026 ], [ 2.510119548356256, 48.95361363998461 ], [ 2.510392578675798, 48.953776112994802 ], [ 2.511848963612394, 48.952652773342443 ], [ 2.512269844190114, 48.953218429343075 ], [ 2.512860157317964, 48.953032233160414 ], [ 2.51297638808198, 48.953194739148415 ], [ 2.513054473906523, 48.953170943595865 ], [ 2.51309216487142, 48.953220309485452 ], [ 2.513446654030556, 48.953105501434592 ], [ 2.513498273239422, 48.953113663943476 ], [ 2.513587285419207, 48.953085730827127 ], [ 2.513552746388082, 48.953043570146555 ], [ 2.513977495714046, 48.952903945454018 ], [ 2.514717191179354, 48.9538941221154 ], [ 2.515690928136725, 48.953585112231913 ], [ 2.515661481048205, 48.953522043424734 ], [ 2.51572853683837, 48.953389362583586 ], [ 2.516021102869364, 48.953454821091754 ], [ 2.516125151749069, 48.953253895369421 ], [ 2.516161134303368, 48.953260018850251 ], [ 2.516176653423133, 48.953228080474915 ], [ 2.516706268030847, 48.953347073282956 ], [ 2.516626874538924, 48.953519637373859 ], [ 2.516613983831936, 48.953585243818843 ], [ 2.516643657833114, 48.953624027941615 ], [ 2.516725323135333, 48.953651329480728 ], [ 2.516861481815166, 48.953693251276555 ], [ 2.517026189356136, 48.953746969277667 ], [ 2.517052859431123, 48.953708640135112 ], [ 2.517733699025702, 48.953882673294373 ], [ 2.517665158126921, 48.954026700277225 ], [ 2.51896286581055, 48.954572798810197 ], [ 2.519589469310963, 48.954298570633 ], [ 2.519982360480198, 48.953856750128743 ], [ 2.519987271619814, 48.953647125893063 ], [ 2.521330403014313, 48.952368744617701 ], [ 2.519910448191296, 48.951714205983563 ], [ 2.520517783684715, 48.950508046423167 ], [ 2.520749905791464, 48.950563093113061 ], [ 2.521126121790567, 48.949777598822557 ], [ 2.52341684622175, 48.950342631149198 ] ] ] } },
{ "type": "Feature", "properties": { "code_qp": "QN09362I", "lib_qp": "Champy - Hauts Bâtons" }, "geometry": { "type": "Polygon", "coordinates": [ [ [ 2.577466851646199, 48.848149401982354 ], [ 2.578166926264531, 48.84696456740587 ], [ 2.578582863427294, 48.846245178206843 ], [ 2.578708428457458, 48.846265334197099 ], [ 2.579106807724068, 48.84554091315762 ], [ 2.579134208729002, 48.845234643053203 ], [ 2.579109041510856, 48.845123606177836 ], [ 2.579147687482961, 48.844722712446725 ], [ 2.57913870131643, 48.844656044892083 ], [ 2.579099701190515, 48.844595644487974 ], [ 2.579037371582058, 48.844554053587409 ], [ 2.578914962699429, 48.844521246435747 ], [ 2.578616559506675, 48.844352928647659 ], [ 2.578210712283694, 48.844160833990657 ], [ 2.578174626202077, 48.844088048770203 ], [ 2.578122016564348, 48.844044683959986 ], [ 2.57821935592869, 48.843950444979768 ], [ 2.577885661574392, 48.843785573028917 ], [ 2.577790289103785, 48.843773438201886 ], [ 2.577707655604354, 48.843767501080251 ], [ 2.577695443438112, 48.84386719444835 ], [ 2.577541610740281, 48.843851596756735 ], [ 2.577615787706815, 48.843469231257998 ], [ 2.577537944699986, 48.843464844589668 ], [ 2.577546353036837, 48.843398447566258 ], [ 2.577258571174383, 48.843376730947661 ], [ 2.577269031402173, 48.843324854207381 ], [ 2.577295147989812, 48.843164024965859 ], [ 2.576999607377057, 48.843141528811088 ], [ 2.577029461021052, 48.842976034058559 ], [ 2.577057145997375, 48.842827796513497 ], [ 2.576807332577499, 48.842806866659018 ], [ 2.576678262573641, 48.842761439156561 ], [ 2.576527097683007, 48.842751914297821 ], [ 2.576211040668722, 48.842748086257522 ], [ 2.576013399984844, 48.842754589706956 ], [ 2.575821309856481, 48.842752101073515 ], [ 2.575720224642021, 48.842785014777363 ], [ 2.575651696848834, 48.84316790883171 ], [ 2.576147907020958, 48.843212043253409 ], [ 2.576147053806264, 48.843268704339756 ], [ 2.576240131518656, 48.843276213959541 ], [ 2.57618648793626, 48.843562060749413 ], [ 2.575666703946795, 48.844021264262373 ], [ 2.575593686012081, 48.844099420215628 ], [ 2.575418359765446, 48.844046639750601 ], [ 2.574795450376492, 48.843905921212354 ], [ 2.574358509636948, 48.843850401368393 ], [ 2.574089633759106, 48.843820672609169 ], [ 2.574081181551637, 48.843882101712751 ], [ 2.573983874395198, 48.844499029195262 ], [ 2.57396240548398, 48.844604035661689 ], [ 2.573661987162696, 48.844913800173046 ], [ 2.573690148006352, 48.845004252162298 ], [ 2.573412133442171, 48.845274283656948 ], [ 2.572758922471535, 48.845835840770391 ], [ 2.573960215095934, 48.846403132880425 ], [ 2.574163832664555, 48.846497371399877 ], [ 2.574658890224073, 48.846780628299577 ], [ 2.575162267298003, 48.847045927568196 ], [ 2.575398284515011, 48.847178067493473 ], [ 2.576464310475882, 48.847795203940223 ], [ 2.576521345515484, 48.847821495712701 ], [ 2.576713809418238, 48.847897036128892 ], [ 2.577109589235636, 48.848042995751051 ], [ 2.577466851646199, 48.848149401982354 ] ] ] } },
{ "type": "Feature", "properties": { "code_qp": "QN09364M", "lib_qp": "Marnaudes - Bois-Perrier" }, "geometry": { "type": "Polygon", "coordinates": [ [ [ 2.491037972260393, 48.87921743533046 ], [ 2.490541196157757, 48.879597503970345 ], [ 2.490364633967884, 48.879496870551456 ], [ 2.489441557724669, 48.880218887991489 ], [ 2.489371174506349, 48.880174708166678 ], [ 2.4887315721124, 48.880561116167236 ], [ 2.488617817230387, 48.880431430365341 ], [ 2.488017819468571, 48.8798841528628 ], [ 2.486758692850964, 48.879956479139587 ], [ 2.485431361629118, 48.879798697175964 ], [ 2.485616850566028, 48.878895355310391 ], [ 2.485752638123107, 48.87836466947855 ], [ 2.485194514234585, 48.878302571069632 ], [ 2.484883625201652, 48.878743067009772 ], [ 2.484495648946742, 48.879173182639519 ], [ 2.483649775950883, 48.880140291419046 ], [ 2.483243140614235, 48.880597764105232 ], [ 2.482868289551771, 48.881013753116385 ], [ 2.481724432068066, 48.882302208679945 ], [ 2.481588391285232, 48.882456218958055 ], [ 2.481578084357398, 48.882442397536643 ], [ 2.481287807997234, 48.882748821905885 ], [ 2.481301527677807, 48.882769546527925 ], [ 2.480952122175538, 48.883174139542781 ], [ 2.481585144637096, 48.884934944874345 ], [ 2.482359558020673, 48.884819115537312 ], [ 2.483252215657954, 48.884682907764812 ], [ 2.48581775670554, 48.884281279919826 ], [ 2.485614408854203, 48.883636573803592 ], [ 2.485578267726707, 48.883506400229095 ], [ 2.486960746350827, 48.883299940281603 ], [ 2.487616850602703, 48.883140298797798 ], [ 2.488376578338402, 48.883910539529694 ], [ 2.489180911169202, 48.883764066656958 ], [ 2.490008816898038, 48.883529475966384 ], [ 2.491206010818854, 48.883172826155771 ], [ 2.491636397056187, 48.883041191882882 ], [ 2.491236763529838, 48.88260868308646 ], [ 2.490463302737501, 48.882043702898635 ], [ 2.491360750843411, 48.881499030591016 ], [ 2.491677713023147, 48.881305205538006 ], [ 2.491630565023115, 48.881270004203536 ], [ 2.491257479255112, 48.881022718317112 ], [ 2.492576631053613, 48.879964449583369 ], [ 2.492006388840636, 48.879683445133502 ], [ 2.491037972260393, 48.87921743533046 ] ] ] } },
{ "type": "Feature", "properties": { "code_qp": "QN09366N", "lib_qp": "Cité du Nord - Butte" }, "geometry": { "type": "Polygon", "coordinates": [ [ [ 2.426000421654264, 48.929993834521021 ], [ 2.42646007307755, 48.93028908698502 ], [ 2.426795850754251, 48.930468728619523 ], [ 2.426999875684392, 48.930565102233395 ], [ 2.427644159417138, 48.930704040330319 ], [ 2.428460023816091, 48.930791802796719 ], [ 2.429020075166152, 48.930794472454508 ], [ 2.429620379000895, 48.930820540299827 ], [ 2.429822920437029, 48.930855902459093 ], [ 2.430863391818096, 48.930458003570124 ], [ 2.430578626255268, 48.930085303203121 ], [ 2.430252105919237, 48.929665985022815 ], [ 2.430093406565407, 48.929522493567902 ], [ 2.429546807809913, 48.928776036308179 ], [ 2.429043953647882, 48.928043560606064 ], [ 2.427703683566043, 48.926284849774085 ], [ 2.427649365652064, 48.926192498045317 ], [ 2.427206649088268, 48.926254208291198 ], [ 2.426444982939536, 48.926332958166498 ], [ 2.426500614524855, 48.926079082336592 ], [ 2.42642874579353, 48.926048566230222 ], [ 2.426381488426276, 48.926181793643394 ], [ 2.426331681139944, 48.926226813390208 ], [ 2.426160171810546, 48.926288657365149 ], [ 2.426038479757151, 48.926332734765161 ], [ 2.425705935547017, 48.926565148377534 ], [ 2.425582087038204, 48.927023457185527 ], [ 2.425423926795744, 48.927424813946857 ], [ 2.42527723359993, 48.92763130710216 ], [ 2.425158810906473, 48.927808774663589 ], [ 2.425054090845863, 48.928010864451757 ], [ 2.424986665326249, 48.928430109248836 ], [ 2.425031374612228, 48.928696422255449 ], [ 2.42419809064615, 48.928455697774673 ], [ 2.424211150253192, 48.928389614074149 ], [ 2.423664803879498, 48.928189900311494 ], [ 2.423266943156353, 48.92857014858243 ], [ 2.422659677452043, 48.92955869744393 ], [ 2.422481580205373, 48.929864796700151 ], [ 2.422446866855233, 48.929938465935102 ], [ 2.422519726959722, 48.930038616834274 ], [ 2.423024093531394, 48.930138525048854 ], [ 2.423046166657712, 48.930053917566227 ], [ 2.423232448904331, 48.930090788591308 ], [ 2.423494731548295, 48.929785688529378 ], [ 2.423449057828867, 48.929775024635141 ], [ 2.423559778002316, 48.929637462199764 ], [ 2.423226244323395, 48.929538378505505 ], [ 2.423460963619555, 48.929177443472668 ], [ 2.423755892263438, 48.929263575832778 ], [ 2.424068930119033, 48.928827585984024 ], [ 2.424163576848331, 48.928550689977882 ], [ 2.425060053883885, 48.928788647134986 ], [ 2.425221303731977, 48.929057049268437 ], [ 2.425428754261371, 48.929130031697746 ], [ 2.425404177980971, 48.929423973017769 ], [ 2.426000421654264, 48.929993834521021 ] ] ] } },
{ "type": "Feature", "properties": { "code_qp": "QN09375N", "lib_qp": "Benoni" }, "geometry": { "type": "Polygon", "coordinates": [ [ [ 2.518578479167993, 48.874442526605563 ], [ 2.518922572502565, 48.874957262023599 ], [ 2.51902673262783, 48.875107838414031 ], [ 2.519003940224837, 48.875248861920156 ], [ 2.518906704921206, 48.875365687504384 ], [ 2.518638306073738, 48.875441447767791 ], [ 2.518492364547912, 48.875256513299647 ], [ 2.518307285230325, 48.874993318013935 ], [ 2.517574401892125, 48.875057771989084 ], [ 2.517378208462754, 48.875064564664918 ], [ 2.517221238607523, 48.875066957900493 ], [ 2.516989949917539, 48.875094165496776 ], [ 2.516240963544301, 48.8751781640429 ], [ 2.516142605262174, 48.87519172981672 ], [ 2.515862265234413, 48.875125559432931 ], [ 2.515842409683955, 48.875078347824484 ], [ 2.515561827997615, 48.875026148062325 ], [ 2.515505621924809, 48.875014867551208 ], [ 2.515426767079527, 48.874986785005433 ], [ 2.515555333293404, 48.875478158725592 ], [ 2.515791046932013, 48.876347951989047 ], [ 2.515823437494742, 48.876473619648621 ], [ 2.515912118259199, 48.876463974596433 ], [ 2.516392559097143, 48.87644002797235 ], [ 2.516402983392946, 48.876436262955636 ], [ 2.516539126592003, 48.876580972091567 ], [ 2.517067419034508, 48.877213861638516 ], [ 2.517302667298872, 48.877498075943024 ], [ 2.517196781848822, 48.877532464222909 ], [ 2.516987600280558, 48.877609420532359 ], [ 2.516714925907217, 48.877697052957757 ], [ 2.516705672415697, 48.87769501701446 ], [ 2.516341506599148, 48.87724583131147 ], [ 2.516202761423495, 48.877281672803569 ], [ 2.515809481774218, 48.877433524838196 ], [ 2.515749896911184, 48.877478235872182 ], [ 2.515738056402076, 48.877603792829397 ], [ 2.51599798044759, 48.877948600929521 ], [ 2.516200491239596, 48.877864409356938 ], [ 2.516408788988643, 48.877790978410474 ], [ 2.516422820997178, 48.877795677127665 ], [ 2.516609843962963, 48.877739567520706 ], [ 2.516690991133765, 48.877716684980186 ], [ 2.51688244428122, 48.877657111304622 ], [ 2.517074819722954, 48.87759289900648 ], [ 2.517333397276828, 48.877504582645017 ], [ 2.517347005553484, 48.877481366782213 ], [ 2.517305650954705, 48.877442319137849 ], [ 2.517091808523539, 48.877178262848034 ], [ 2.516584005071473, 48.876587017730643 ], [ 2.51646023962641, 48.876438172129902 ], [ 2.516868533020732, 48.87636714316821 ], [ 2.517610772033948, 48.876235144618008 ], [ 2.518059656209237, 48.876149938351524 ], [ 2.518112514937745, 48.876131333187011 ], [ 2.518327556754302, 48.876093269647612 ], [ 2.518251172028305, 48.875953521640945 ], [ 2.518378697011757, 48.875792170263736 ], [ 2.518493691412079, 48.875679127347382 ], [ 2.518542548729301, 48.875607729231504 ], [ 2.51873312628632, 48.875661144575233 ], [ 2.518808464399918, 48.875528463885409 ], [ 2.519036074493346, 48.875263346123482 ], [ 2.519040027842968, 48.875181772654848 ], [ 2.519073012781856, 48.875175537403841 ], [ 2.519342272127427, 48.875578872858682 ], [ 2.51947563281417, 48.875775612196293 ], [ 2.519486679932509, 48.875770250181347 ], [ 2.519616186161293, 48.875977882923706 ], [ 2.519915684595861, 48.875887242114125 ], [ 2.520259159067041, 48.876429299648613 ], [ 2.520155030789744, 48.876472671960926 ], [ 2.520003427557306, 48.876528099734927 ], [ 2.520084305167342, 48.876657628312742 ], [ 2.520171015344853, 48.876616659546244 ], [ 2.52060139975781, 48.876439444069668 ], [ 2.520926137521929, 48.876325321158987 ], [ 2.521098700572053, 48.876264129401797 ], [ 2.52170735127227, 48.876083023916088 ], [ 2.522080567380377, 48.875972697859147 ], [ 2.522378790669247, 48.875877122807573 ], [ 2.522550715106892, 48.875813464894222 ], [ 2.522727289363277, 48.875745481971833 ], [ 2.522890936263153, 48.875637482374991 ], [ 2.522857635643884, 48.875618314002054 ], [ 2.522859965189048, 48.875616039009735 ], [ 2.522805583779955, 48.875503892635813 ], [ 2.522836035552467, 48.875384672209265 ], [ 2.522236480252941, 48.875206015200604 ], [ 2.521565762100348, 48.8749973096647 ], [ 2.520702693465401, 48.874691019836966 ], [ 2.520479704350392, 48.874571522448385 ], [ 2.520337893956156, 48.874491089004991 ], [ 2.520117638233672, 48.87441945556693 ], [ 2.519916174906014, 48.874368531540959 ], [ 2.51953527458738, 48.87436497531575 ], [ 2.519124017377623, 48.874411757107602 ], [ 2.518691218083973, 48.874440022095065 ], [ 2.518578479167993, 48.874442526605563 ] ] ] } },
{ "type": "Feature", "properties": { "code_qp": "QN09413M", "lib_qp": "Péri - Schuman Bergonié Martinets" }, "geometry": { "type": "Polygon", "coordinates": [ [ [ 2.344106383226208, 48.805825990907749 ], [ 2.343266231414403, 48.806250555749415 ], [ 2.343515467618659, 48.806523561003353 ], [ 2.344412000357023, 48.806163286142393 ], [ 2.345437372342202, 48.807265877519633 ], [ 2.345479262999368, 48.807315051765208 ], [ 2.345481683719847, 48.80777967971278 ], [ 2.345469980816628, 48.807889981700868 ], [ 2.345409658707544, 48.807922142806788 ], [ 2.345322834259001, 48.807980250076071 ], [ 2.345276243272215, 48.807992428095012 ], [ 2.345116007732115, 48.808052118987256 ], [ 2.345127921883656, 48.808059091575373 ], [ 2.345002565305927, 48.808157149244906 ], [ 2.344938341864984, 48.808270792988445 ], [ 2.344924175886084, 48.808329918652014 ], [ 2.344926112920953, 48.808389051606241 ], [ 2.344946815416336, 48.808453478666273 ], [ 2.344978256895474, 48.808514375992694 ], [ 2.345045427744874, 48.8085810003126 ], [ 2.345044792582565, 48.808590591529494 ], [ 2.345159485956819, 48.808686735096003 ], [ 2.345243335848167, 48.808753736659561 ], [ 2.345259775463683, 48.808738657582047 ], [ 2.345292315992003, 48.808771273205686 ], [ 2.345418495037131, 48.808685989655224 ], [ 2.345382412307705, 48.808656338844237 ], [ 2.345578722098401, 48.808515179055952 ], [ 2.345550990920734, 48.808503552424355 ], [ 2.345536666909826, 48.80849393867031 ], [ 2.345467394911644, 48.808425435985342 ], [ 2.345441078615564, 48.808385774476797 ], [ 2.345557441555039, 48.808318288113782 ], [ 2.3458774528079, 48.808132014755572 ], [ 2.345577730352239, 48.807859699108413 ], [ 2.345674089979924, 48.807734410767395 ], [ 2.346322194795928, 48.807390555732027 ], [ 2.346344507973772, 48.807416272481859 ], [ 2.346288725029161, 48.807447867327824 ], [ 2.346384671693894, 48.807519874111769 ], [ 2.346584374635608, 48.80740598578349 ], [ 2.346671850829561, 48.807367816007471 ], [ 2.347115334032175, 48.80728907317728 ], [ 2.347588799473617, 48.806990795482903 ], [ 2.348838717477296, 48.806225673419625 ], [ 2.348665212060051, 48.805914076360388 ], [ 2.348629087456073, 48.805833490048315 ], [ 2.348433999774769, 48.805412683385406 ], [ 2.348478763434659, 48.805381669437459 ], [ 2.34879450009175, 48.805205813736407 ], [ 2.349487967900211, 48.805712304523396 ], [ 2.34933845257746, 48.805809451100913 ], [ 2.349646839830933, 48.805922515163161 ], [ 2.350323436338585, 48.805488235601786 ], [ 2.350313867264713, 48.805480073590935 ], [ 2.350375706528248, 48.805438841671567 ], [ 2.350355910678136, 48.805429182865872 ], [ 2.350562425162028, 48.805282754261441 ], [ 2.34953869237565, 48.804337438791926 ], [ 2.349135473307189, 48.804574595417606 ], [ 2.348564493509168, 48.804137546077555 ], [ 2.348718812373498, 48.804060590151565 ], [ 2.348714403263088, 48.804047522152395 ], [ 2.349003199994907, 48.80392410199233 ], [ 2.348747471591159, 48.803680164782634 ], [ 2.348676925824607, 48.803671452717438 ], [ 2.347620189773856, 48.804137896795325 ], [ 2.347837016749763, 48.804318985261347 ], [ 2.347691876493592, 48.804386521277024 ], [ 2.347875745817046, 48.804613704722122 ], [ 2.348331496460882, 48.805378730261779 ], [ 2.348246559101115, 48.805656455243778 ], [ 2.347726526567631, 48.805925309036496 ], [ 2.347781820033871, 48.805967669912633 ], [ 2.347913629568775, 48.806077085060238 ], [ 2.346715696735806, 48.806874932639843 ], [ 2.346394178583901, 48.806972608994755 ], [ 2.344974632876994, 48.805445651493798 ], [ 2.345037797784056, 48.805351612479228 ], [ 2.345783965038098, 48.804980491672183 ], [ 2.346244049447257, 48.804755115932998 ], [ 2.345908090960192, 48.804230756994393 ], [ 2.34596473881059, 48.804212154906573 ], [ 2.346737228699196, 48.803895678589747 ], [ 2.34631479090152, 48.803446701275291 ], [ 2.345887366588634, 48.803652122158091 ], [ 2.345356986468246, 48.803909453998266 ], [ 2.344426349064435, 48.804353869914245 ], [ 2.344602883836193, 48.804664244657523 ], [ 2.344748590623465, 48.804931143389091 ], [ 2.344982650814227, 48.805286619489507 ], [ 2.344748616842606, 48.805416119699977 ], [ 2.344800749317704, 48.80547185302607 ], [ 2.344106383226208, 48.805825990907749 ] ] ] } },
{ "type": "Feature", "properties": { "code_qp": "QN09418M", "lib_qp": "Lebon - Hochart - Mermoz (Lozaits Sud)" }, "geometry": { "type": "Polygon", "coordinates": [ [ [ 2.361936768566335, 48.779650112298178 ], [ 2.361444144918537, 48.780958509093807 ], [ 2.361227614450754, 48.780895130423964 ], [ 2.360918557644593, 48.780481808307528 ], [ 2.360810662610004, 48.780799315060115 ], [ 2.360114329470543, 48.780633742390883 ], [ 2.35918189166755, 48.780409420934944 ], [ 2.358509473056597, 48.780228524032758 ], [ 2.357569342911906, 48.782494746735928 ], [ 2.357900155250036, 48.782960494282641 ], [ 2.357939671695288, 48.782987036553976 ], [ 2.35799342210804, 48.782985562082196 ], [ 2.358094131582523, 48.782954515219849 ], [ 2.358204572081681, 48.782904519179844 ], [ 2.358421086703228, 48.783041300311801 ], [ 2.358465208508881, 48.783108334551279 ], [ 2.358508495255512, 48.783170890566971 ], [ 2.358574920193944, 48.783214575368717 ], [ 2.358644527936935, 48.783256426173338 ], [ 2.358722124349919, 48.78329491022879 ], [ 2.358822630180844, 48.783324222517948 ], [ 2.358916384552876, 48.78334088796101 ], [ 2.359069197644355, 48.783343477794702 ], [ 2.359089141636951, 48.783381845636164 ], [ 2.360114534252281, 48.783327311176009 ], [ 2.362027332011823, 48.783265540019173 ], [ 2.362008442386719, 48.782959098652697 ], [ 2.361189635885363, 48.78297693024043 ], [ 2.361269735190827, 48.782566099931685 ], [ 2.3606792830945, 48.782577669008681 ], [ 2.360857129668574, 48.781702332621435 ], [ 2.361037871927355, 48.78085410646775 ], [ 2.361177298446593, 48.780894923550719 ], [ 2.361206427649687, 48.780902100614412 ], [ 2.361347919149272, 48.781142672579328 ], [ 2.361754714165476, 48.781035772972288 ], [ 2.361957481000468, 48.781088921029195 ], [ 2.361911381907682, 48.781356109719695 ], [ 2.362309430675013, 48.781386320106606 ], [ 2.362331044422572, 48.781319045394952 ], [ 2.362406462314584, 48.781325831889703 ], [ 2.36242855791174, 48.781380049330451 ], [ 2.363348014037151, 48.781600742863752 ], [ 2.363650086968404, 48.781665277754414 ], [ 2.363667362338759, 48.781622041582004 ], [ 2.363936759808935, 48.781675846997842 ], [ 2.363931968266602, 48.781742588159027 ], [ 2.364057712534051, 48.781762150500846 ], [ 2.364065452722796, 48.78174548425946 ], [ 2.364131881079214, 48.781761633236727 ], [ 2.364861255545597, 48.781880872441043 ], [ 2.366033170277417, 48.782053852462724 ], [ 2.366184305472357, 48.782075718213221 ], [ 2.367086403417761, 48.782157734538458 ], [ 2.367102412512343, 48.781598690553629 ], [ 2.367174941640285, 48.780976495939314 ], [ 2.36724652363979, 48.779894878653415 ], [ 2.367209622387466, 48.779424763418618 ], [ 2.364288360950456, 48.778347582753206 ], [ 2.363860441794643, 48.779214216833843 ], [ 2.363910036254699, 48.779224990416751 ], [ 2.363930797534255, 48.779249521678274 ], [ 2.364656726412506, 48.779395293735334 ], [ 2.364265761813782, 48.780263461938553 ], [ 2.361936768566335, 48.779650112298178 ] ] ] } },
{ "type": "Feature", "properties": { "code_qp": "QN09419M", "lib_qp": "Lozaits Nord - Grimau - Armand Gouret" }, "geometry": { "type": "Polygon", "coordinates": [ [ [ 2.352598342866954, 48.787000465571495 ], [ 2.352843867036234, 48.787092476777332 ], [ 2.352841936860504, 48.787124802207884 ], [ 2.352686701075747, 48.787557716872151 ], [ 2.352523409413672, 48.788023428642042 ], [ 2.352885155514799, 48.788078944420434 ], [ 2.352837472859461, 48.78822445016305 ], [ 2.354015649095599, 48.788481427785065 ], [ 2.354057153934996, 48.788234252674705 ], [ 2.354157617936409, 48.787374965322023 ], [ 2.354237687923796, 48.787302114419276 ], [ 2.354389616563757, 48.786327037614406 ], [ 2.354464123286695, 48.785791889490781 ], [ 2.357086892998434, 48.785595575979983 ], [ 2.357158893235689, 48.78643170508024 ], [ 2.35714805334218, 48.786592341973822 ], [ 2.357542302685812, 48.786589184583811 ], [ 2.357632726657592, 48.78658692932175 ], [ 2.357718096137335, 48.786619783043612 ], [ 2.357813203758171, 48.786633779913721 ], [ 2.357908475122955, 48.786632484077678 ], [ 2.358076006628648, 48.786624393709374 ], [ 2.358859329415723, 48.78656744671801 ], [ 2.358915218687685, 48.786578323598448 ], [ 2.358955497386358, 48.786604831139016 ], [ 2.359012885623319, 48.786697779661239 ], [ 2.359064013054922, 48.786746621853958 ], [ 2.359184290201894, 48.786816524816956 ], [ 2.359229038182606, 48.786830250478303 ], [ 2.359563401613121, 48.786836140670005 ], [ 2.359526271746735, 48.787124287698916 ], [ 2.360451936461781, 48.787167360544721 ], [ 2.360456557383548, 48.787046882860544 ], [ 2.361877108080079, 48.787086995645318 ], [ 2.361903629313593, 48.78693989067979 ], [ 2.360430355205075, 48.785985845924749 ], [ 2.360286239101517, 48.785862753328978 ], [ 2.359065242994642, 48.784559907660395 ], [ 2.358369495318294, 48.783778885105278 ], [ 2.358195179519699, 48.783513580633077 ], [ 2.3581232204456, 48.7835119221509 ], [ 2.357631860678653, 48.782829223669893 ], [ 2.357517308578069, 48.78267504182152 ], [ 2.35740422469311, 48.782669381202986 ], [ 2.357301669693429, 48.78354695363803 ], [ 2.356649967908759, 48.783570729941808 ], [ 2.356025788035922, 48.783594651026561 ], [ 2.356138916724329, 48.783202058345481 ], [ 2.354964911998958, 48.783193426605557 ], [ 2.354588712922074, 48.784203787674095 ], [ 2.354566834174316, 48.784631455726782 ], [ 2.354460441963722, 48.785561610769818 ], [ 2.354444016450503, 48.785679326456062 ], [ 2.354353553691253, 48.786281442488182 ], [ 2.354239462123174, 48.786921216330299 ], [ 2.354172204958927, 48.787274578665411 ], [ 2.354068358809564, 48.787355568350705 ], [ 2.352862393714323, 48.787071768972659 ], [ 2.352635047102752, 48.786975643831923 ], [ 2.352435295840739, 48.786929089163905 ], [ 2.352435822541795, 48.786886651161275 ], [ 2.35230891083042, 48.786269560225598 ], [ 2.35208542297954, 48.786287548086563 ], [ 2.351946729676369, 48.785634519857311 ], [ 2.351657997097268, 48.785659860534352 ], [ 2.351195727797232, 48.784108445687352 ], [ 2.350999466511018, 48.78416247226437 ], [ 2.351057714091349, 48.784357477508692 ], [ 2.35073461314225, 48.784393616022555 ], [ 2.351017815507517, 48.785352349273857 ], [ 2.351120421653285, 48.785709107036013 ], [ 2.35091376835043, 48.785726173621853 ], [ 2.351028318267936, 48.786106237665699 ], [ 2.351198233501776, 48.786650872280163 ], [ 2.351469629976903, 48.786726174276744 ], [ 2.352166772286388, 48.786897396644726 ], [ 2.352210359703655, 48.786905133997394 ], [ 2.352394895678882, 48.786952343966199 ], [ 2.352598342866954, 48.787000465571495 ] ] ] } },
{ "type": "Feature", "properties": { "code_qp": "QN09423I", "lib_qp": "Les Mordacs" }, "geometry": { "type": "Polygon", "coordinates": [ [ [ 2.534891199517712, 48.811509623070627 ], [ 2.53655863047265, 48.811357722633879 ], [ 2.53656803201453, 48.811002067641709 ], [ 2.536605630516964, 48.810543698761506 ], [ 2.536579206030004, 48.810435095692831 ], [ 2.536687798861703, 48.810435732431877 ], [ 2.536971889794131, 48.810431304055136 ], [ 2.537281449100528, 48.809903316945778 ], [ 2.537543143138472, 48.809955886236978 ], [ 2.539002265592964, 48.809921638142306 ], [ 2.53901012805039, 48.809870625297322 ], [ 2.53919387329123, 48.809855927407533 ], [ 2.539163434045125, 48.810265233720607 ], [ 2.539139893741045, 48.81089508914318 ], [ 2.539163492919765, 48.810959427715417 ], [ 2.539722992697509, 48.810841160645943 ], [ 2.539715194534697, 48.810857319335845 ], [ 2.541019357218754, 48.810576213981221 ], [ 2.541089664155989, 48.810557408176621 ], [ 2.541160138866588, 48.81051952727109 ], [ 2.54142725304522, 48.810429755037923 ], [ 2.541708976452799, 48.810311880631389 ], [ 2.541948611590625, 48.81019614310182 ], [ 2.542412102208392, 48.809931576599709 ], [ 2.542529047595417, 48.809863930426928 ], [ 2.542507420435071, 48.809643029399567 ], [ 2.542673928828851, 48.809500867517443 ], [ 2.542326561126248, 48.808938053043313 ], [ 2.542014348347768, 48.808432963215694 ], [ 2.540355025269761, 48.808537950366798 ], [ 2.540228699775176, 48.80864107795778 ], [ 2.539345486747132, 48.808276005122735 ], [ 2.539404586224359, 48.80821418135686 ], [ 2.539425839564038, 48.807862703511226 ], [ 2.539567766290416, 48.806712757292004 ], [ 2.539582787202817, 48.806424358166879 ], [ 2.539599235714193, 48.80607152852496 ], [ 2.537505806978818, 48.805986598678466 ], [ 2.537501699576985, 48.806010725626486 ], [ 2.537239779415827, 48.806003959573893 ], [ 2.537237948864083, 48.805967079407637 ], [ 2.53594549687576, 48.805903158582282 ], [ 2.535891723082955, 48.805945809670504 ], [ 2.536119545426183, 48.806798134782042 ], [ 2.535670634189932, 48.807079566001725 ], [ 2.53472300217562, 48.807199059413747 ], [ 2.53475144927966, 48.807312011496073 ], [ 2.534308031831423, 48.807325849292276 ], [ 2.534342877536614, 48.807546803883973 ], [ 2.532897817764037, 48.80758007711399 ], [ 2.532915490302275, 48.807685943368874 ], [ 2.532990922715652, 48.807683119036177 ], [ 2.532989264802059, 48.807729268231164 ], [ 2.532949475833836, 48.807732031097608 ], [ 2.532949136109431, 48.807769967804681 ], [ 2.532923113556241, 48.807768865031179 ], [ 2.53294073600124, 48.807885694621696 ], [ 2.531925869779452, 48.80790118069639 ], [ 2.531926798559313, 48.8081258941938 ], [ 2.532295036806813, 48.808120526037847 ], [ 2.532296134420984, 48.808162359434434 ], [ 2.532522949167483, 48.808161301048735 ], [ 2.532524064403095, 48.808201188970472 ], [ 2.53235910334116, 48.80820248933275 ], [ 2.532358743559813, 48.808242614677511 ], [ 2.533403273361821, 48.808245723312709 ], [ 2.534444472318986, 48.808250755388812 ], [ 2.534368054208026, 48.807737321697864 ], [ 2.535784040286905, 48.807702945022832 ], [ 2.535693262553239, 48.807447754124183 ], [ 2.535734889946307, 48.807443798452546 ], [ 2.535680208624564, 48.807278752046606 ], [ 2.535632384734982, 48.807278566285767 ], [ 2.535718270680562, 48.80720816035025 ], [ 2.536085237382525, 48.807052052069643 ], [ 2.536183104714247, 48.807046171757335 ], [ 2.536454206744161, 48.808065728995778 ], [ 2.537422163549358, 48.808024975470964 ], [ 2.538397875289514, 48.807971843470646 ], [ 2.538424042948137, 48.807941038731684 ], [ 2.538606030075659, 48.808012753431214 ], [ 2.538326466659583, 48.808334125641309 ], [ 2.538280913099126, 48.808404991343579 ], [ 2.537946165169939, 48.809009335169677 ], [ 2.5377303370854, 48.809025427785251 ], [ 2.53634897743576, 48.809083258698621 ], [ 2.536262160275345, 48.809086862691998 ], [ 2.536242130145942, 48.80902063671715 ], [ 2.53613515399236, 48.809018748110148 ], [ 2.535357264349786, 48.809033432358412 ], [ 2.534650880367216, 48.810536835601198 ], [ 2.534651679871837, 48.810841742970112 ], [ 2.534793318946567, 48.811203735541611 ], [ 2.534891199517712, 48.811509623070627 ] ] ] } },
{ "type": "Feature", "properties": { "code_qp": "QN09426I", "lib_qp": "La Redoute (Le Fort-Michelet)" }, "geometry": { "type": "Polygon", "coordinates": [ [ [ 2.47676388057114, 48.85041905984852 ], [ 2.476667261771809, 48.850508303839554 ], [ 2.476592559340362, 48.850567074868678 ], [ 2.476522727753614, 48.850518625599548 ], [ 2.476431655060794, 48.850564439082191 ], [ 2.476207075572004, 48.850691530293247 ], [ 2.476027507289361, 48.850539795934793 ], [ 2.475916598021233, 48.850596157815843 ], [ 2.47574448974881, 48.850456373981345 ], [ 2.475443351678884, 48.850616045986307 ], [ 2.475611521132127, 48.850749688287578 ], [ 2.475673186391375, 48.850721912378205 ], [ 2.475867557157485, 48.85088013408177 ], [ 2.476180228769604, 48.850729316413457 ], [ 2.476200290396733, 48.8507378167184 ], [ 2.476225940404245, 48.850722350545027 ], [ 2.476218069126317, 48.850713941382651 ], [ 2.476321411399367, 48.850656310408645 ], [ 2.476430114622191, 48.850591617758454 ], [ 2.47654451116528, 48.850592508303663 ], [ 2.476541431272337, 48.85067697425324 ], [ 2.476547612402605, 48.850738057856631 ], [ 2.476578425269155, 48.850792245112416 ], [ 2.4766361349618, 48.850840339132723 ], [ 2.476719262403966, 48.850865157714303 ], [ 2.477517717122784, 48.850997030387326 ], [ 2.477576555363902, 48.851005251906969 ], [ 2.477613150490738, 48.851025981507426 ], [ 2.477619086654472, 48.851050457019831 ], [ 2.477631248958547, 48.851068851362228 ], [ 2.477627737515052, 48.851111632264953 ], [ 2.477612359744157, 48.851413173030735 ], [ 2.477590353101678, 48.851666330611828 ], [ 2.477556554141953, 48.851777703557914 ], [ 2.477659236127433, 48.851854002814527 ], [ 2.477947254943583, 48.851856817938632 ], [ 2.478192663341487, 48.851745842014346 ], [ 2.478239300802455, 48.851713436962633 ], [ 2.478394857849852, 48.851597954059628 ], [ 2.478846951404803, 48.851606766807542 ], [ 2.478838321354801, 48.851633120849002 ], [ 2.478799745546089, 48.851790706828467 ], [ 2.478961819703795, 48.851718436310982 ], [ 2.479003944544592, 48.851719418360368 ], [ 2.479114640457187, 48.851688392679073 ], [ 2.479379532708958, 48.851558340195005 ], [ 2.479454050402477, 48.85142130211733 ], [ 2.479580146734562, 48.851316125480082 ], [ 2.479648704714484, 48.851282066887471 ], [ 2.479874267769216, 48.851037763928915 ], [ 2.479860110081252, 48.85099556447598 ], [ 2.479861920962219, 48.850520879996125 ], [ 2.479964165598129, 48.850254073146004 ], [ 2.48000725136526, 48.850035730211388 ], [ 2.479996179162063, 48.849980140296367 ], [ 2.479396761135461, 48.849874803153519 ], [ 2.479410704506236, 48.849837717239566 ], [ 2.478802234081084, 48.849704108142042 ], [ 2.478752226199699, 48.849813789464001 ], [ 2.47873122738473, 48.849792712639925 ], [ 2.478702183017367, 48.849771633133997 ], [ 2.478628338515266, 48.849740904481813 ], [ 2.478590078752653, 48.849726427360025 ], [ 2.478549133246458, 48.84971724286374 ], [ 2.478487045681136, 48.849706212476498 ], [ 2.478419596018084, 48.849704008247315 ], [ 2.478370464881289, 48.849703918166853 ], [ 2.478321333997514, 48.849714420565711 ], [ 2.478283367619974, 48.84972210091491 ], [ 2.478249228639494, 48.849697847772795 ], [ 2.478215142684535, 48.849697699126601 ], [ 2.478054875109808, 48.849778696681575 ], [ 2.478028878601758, 48.849791307219725 ], [ 2.477493049928357, 48.850069693860085 ], [ 2.477361842609584, 48.850128348117778 ], [ 2.477269074362606, 48.850138740401455 ], [ 2.477171058437153, 48.850130223419534 ], [ 2.476974054958156, 48.85009188126147 ], [ 2.476942718067085, 48.850204759668436 ], [ 2.476897941981907, 48.850291262645896 ], [ 2.47676388057114, 48.85041905984852 ] ] ] } },
{ "type": "Feature", "properties": { "code_qp": "QN09427M", "lib_qp": "Les Larris - Jean Zay" }, "geometry": { "type": "Polygon", "coordinates": [ [ [ 2.478588063228095, 48.856689909288619 ], [ 2.478646417570577, 48.856644993270464 ], [ 2.478738864147041, 48.856468438170211 ], [ 2.478801053417427, 48.856419426989213 ], [ 2.478910891799803, 48.856388484185231 ], [ 2.479096750849528, 48.856373580115097 ], [ 2.4792777250773, 48.856371227282104 ], [ 2.479368393054179, 48.856352768021338 ], [ 2.479430733190551, 48.856309045290764 ], [ 2.47945488196853, 48.856274588680584 ], [ 2.479470014883016, 48.85618981250294 ], [ 2.479472837836044, 48.855984181501988 ], [ 2.479496836337849, 48.855903355997675 ], [ 2.479601007573456, 48.855844447174057 ], [ 2.479749803349398, 48.855829672286099 ], [ 2.479964994030005, 48.855833445998108 ], [ 2.480063323825458, 48.855814085988342 ], [ 2.480145743978679, 48.855759123815758 ], [ 2.480264536855544, 48.855591024170337 ], [ 2.48031120111792, 48.855556147140568 ], [ 2.480438300460834, 48.855523427041888 ], [ 2.480719806561116, 48.855494522870899 ], [ 2.481463024671328, 48.855456897773962 ], [ 2.481788256249082, 48.855447957550219 ], [ 2.482043557165422, 48.855510593392978 ], [ 2.482073045856653, 48.856255263918001 ], [ 2.482083748304093, 48.856487137770706 ], [ 2.482091730258245, 48.856506569077368 ], [ 2.482106097775715, 48.856521799015233 ], [ 2.482118868902357, 48.856537028948409 ], [ 2.482135631006073, 48.85654805751782 ], [ 2.482151594914374, 48.856558560915062 ], [ 2.48222098531255, 48.856606923875745 ], [ 2.482553832982738, 48.856601672197591 ], [ 2.483222181703438, 48.856596496381641 ], [ 2.483228699894759, 48.856559966058136 ], [ 2.483252272140916, 48.856414210335295 ], [ 2.483285336810164, 48.856364898093155 ], [ 2.48332688575248, 48.856324478079529 ], [ 2.483425952016906, 48.856246681636968 ], [ 2.483576301896395, 48.856153481576555 ], [ 2.483688382084463, 48.856114613235647 ], [ 2.483798720313163, 48.856102793751518 ], [ 2.484099495560049, 48.856107617725726 ], [ 2.484171488609422, 48.856093800744929 ], [ 2.484234170664121, 48.856065644645483 ], [ 2.484285161271101, 48.85602978405926 ], [ 2.484322929429751, 48.855980208131491 ], [ 2.484333404951331, 48.855706540187313 ], [ 2.483992531800631, 48.855707823538964 ], [ 2.483982431792013, 48.855667951259306 ], [ 2.483957732292605, 48.855645911907715 ], [ 2.483926320633031, 48.855629555700673 ], [ 2.483898234159216, 48.855619130212972 ], [ 2.483914321828178, 48.855329463278892 ], [ 2.482831659579703, 48.855339181214887 ], [ 2.482302762617644, 48.855345840766972 ], [ 2.482052211433773, 48.855191719195787 ], [ 2.481796693535923, 48.855152479051938 ], [ 2.481536671797653, 48.855137159236257 ], [ 2.48151141721003, 48.855161051902833 ], [ 2.481474328512415, 48.85517137226001 ], [ 2.481274668063436, 48.855176743989773 ], [ 2.481258951804626, 48.854778968996655 ], [ 2.481523006631869, 48.854769477008361 ], [ 2.481523806876503, 48.854779414375919 ], [ 2.481802359194977, 48.854776956185155 ], [ 2.481774808544066, 48.853955285885839 ], [ 2.481228587109225, 48.853967101858125 ], [ 2.481242643334486, 48.854331125611324 ], [ 2.480968730840445, 48.854338635001845 ], [ 2.480969610835102, 48.854278375125773 ], [ 2.480915806492538, 48.854278224889363 ], [ 2.480920589865297, 48.854248762234192 ], [ 2.480103229868145, 48.854255674880051 ], [ 2.480081498777043, 48.854555925162629 ], [ 2.479499694275204, 48.854565581966298 ], [ 2.479516163495002, 48.854958150195088 ], [ 2.479245104433914, 48.854963404793651 ], [ 2.479240246906612, 48.854889903723269 ], [ 2.4792405387252, 48.854858446028594 ], [ 2.478428973959969, 48.854880392685132 ], [ 2.478445513134931, 48.855260173858341 ], [ 2.478171564842201, 48.855262026043334 ], [ 2.478162423902879, 48.855107662049448 ], [ 2.478054590619795, 48.855117333993007 ], [ 2.477252040321002, 48.855133779830744 ], [ 2.476886426304341, 48.855133827832141 ], [ 2.476635538901619, 48.855145308960999 ], [ 2.476590132311057, 48.855188278760949 ], [ 2.47660950663674, 48.855577170483024 ], [ 2.476615455772619, 48.85565246059199 ], [ 2.47642326059874, 48.855655208164933 ], [ 2.476411566094797, 48.855846533239237 ], [ 2.476418089563949, 48.855898007700759 ], [ 2.476422220370286, 48.856207936925031 ], [ 2.476434194955158, 48.856603163276944 ], [ 2.476455573404039, 48.856679416575588 ], [ 2.476497234211747, 48.856714514402434 ], [ 2.476559739186392, 48.856739579492832 ], [ 2.476831060651894, 48.856750192909551 ], [ 2.477283555205068, 48.856739602982984 ], [ 2.47775496820531, 48.856741661296816 ], [ 2.478493384280061, 48.856710314635528 ], [ 2.478588063228095, 48.856689909288619 ] ] ] } },
{ "type": "Feature", "properties": { "code_qp": "QN09444N", "lib_qp": "Vercors - Chastenet" }, "geometry": { "type": "Polygon", "coordinates": [ [ [ 2.357464093992473, 48.803312784763861 ], [ 2.357725565112438, 48.80406598098611 ], [ 2.357253884615753, 48.804789599290167 ], [ 2.35690942943907, 48.804775749661957 ], [ 2.356867597515824, 48.804899248399899 ], [ 2.358497777286923, 48.80502968018525 ], [ 2.358635557308445, 48.804394460131796 ], [ 2.358711573872043, 48.804065894877965 ], [ 2.358619528987616, 48.803767482074079 ], [ 2.358488115091445, 48.803499535917155 ], [ 2.358331308345007, 48.803306296170639 ], [ 2.358056470316751, 48.80307316254973 ], [ 2.357873244964581, 48.802960709474497 ], [ 2.357700796678683, 48.80287342491296 ], [ 2.357220216570489, 48.802653868639887 ], [ 2.357286897735351, 48.80258952198777 ], [ 2.357945916470958, 48.801834250736043 ], [ 2.357814944165467, 48.801777760883496 ], [ 2.357773457138201, 48.801754743594721 ], [ 2.357779916475174, 48.801746380367007 ], [ 2.356754615836475, 48.801460736042493 ], [ 2.355707381240318, 48.801163033290244 ], [ 2.35557879449513, 48.801129225286196 ], [ 2.3557975195351, 48.801517475379157 ], [ 2.356089477657977, 48.801872317567316 ], [ 2.356380155395382, 48.802140022798568 ], [ 2.356767522155779, 48.802409553142503 ], [ 2.356711628388155, 48.802463593388843 ], [ 2.356406567661804, 48.803029672999635 ], [ 2.356617763549278, 48.803298220478112 ], [ 2.356728720512765, 48.803418352914207 ], [ 2.357464093992473, 48.803312784763861 ] ] ] } },
{ "type": "Feature", "properties": { "code_qp": "QN07513M", "lib_qp": "Stalingrad Riquet" }, "geometry": { "type": "Polygon", "coordinates": [ [ [ 2.366747361205235, 48.886631836047655 ], [ 2.367060378875093, 48.887331581414976 ], [ 2.367263836126865, 48.8878362342518 ], [ 2.36743936842253, 48.888302420915707 ], [ 2.367655524293456, 48.88888241261963 ], [ 2.368098058088561, 48.889693819715745 ], [ 2.368610829351165, 48.890831514793433 ], [ 2.371668893754575, 48.890285513504132 ], [ 2.371776994255835, 48.89027365084992 ], [ 2.371756841251389, 48.890239645540873 ], [ 2.372262438317644, 48.889948500783987 ], [ 2.372805209128122, 48.890376219657377 ], [ 2.372120413644426, 48.890762196849941 ], [ 2.371991878716601, 48.890816525510324 ], [ 2.372247722281633, 48.89134678058204 ], [ 2.374700052516982, 48.890909877638045 ], [ 2.374564104110469, 48.890529492660328 ], [ 2.374492951165398, 48.890461321879755 ], [ 2.374431156315454, 48.890470038947377 ], [ 2.374208048008428, 48.890513680714236 ], [ 2.374191950998652, 48.890458961085891 ], [ 2.373812812306926, 48.890669104970002 ], [ 2.373399514728522, 48.890350479567317 ], [ 2.372970881037343, 48.890492910822559 ], [ 2.372678914426792, 48.890262559510639 ], [ 2.372874352559077, 48.890172804720024 ], [ 2.372837312912774, 48.890069553142773 ], [ 2.372816129640977, 48.890070489348837 ], [ 2.372772084155031, 48.8899397623222 ], [ 2.372792917072684, 48.889937452352839 ], [ 2.372760394630844, 48.889835112506354 ], [ 2.372501882097143, 48.889779019560102 ], [ 2.372798463199449, 48.889614761623839 ], [ 2.372897180041416, 48.889640515473971 ], [ 2.373005039455732, 48.889584792858905 ], [ 2.373065767650407, 48.889562520335957 ], [ 2.373136930739033, 48.889547566392778 ], [ 2.373402359453525, 48.889748390357127 ], [ 2.373883353914894, 48.889584869461743 ], [ 2.37362956417254, 48.889382093083761 ], [ 2.373314575651774, 48.889130816780501 ], [ 2.37329283102051, 48.88908663348532 ], [ 2.373307096284622, 48.889040378683539 ], [ 2.373481324533972, 48.888801733174553 ], [ 2.373328800096576, 48.888660816595987 ], [ 2.373813881060441, 48.888506286108274 ], [ 2.373996348183799, 48.888437180977576 ], [ 2.372215054999881, 48.886949830067891 ], [ 2.370749104358383, 48.885748865489489 ], [ 2.369252444746262, 48.886522943811535 ], [ 2.36832080658361, 48.88563437978145 ], [ 2.3696207953626, 48.884970016406172 ], [ 2.368973712976865, 48.884473250169435 ], [ 2.368959149723352, 48.884461416873819 ], [ 2.368908346480743, 48.884410383019173 ], [ 2.368590451046221, 48.884169180404356 ], [ 2.368234867204406, 48.884244036509713 ], [ 2.366893911897584, 48.884331872624564 ], [ 2.364825876168549, 48.884467818369721 ], [ 2.365827206115393, 48.885568139376488 ], [ 2.367414613333739, 48.884875326136218 ], [ 2.367626439056774, 48.88506910871407 ], [ 2.36787622032676, 48.88524162143046 ], [ 2.368374430992408, 48.885698507170503 ], [ 2.366524157282501, 48.886383976097484 ], [ 2.366531948807785, 48.886394677000219 ], [ 2.366537683790268, 48.886382809859413 ], [ 2.366747361205235, 48.886631836047655 ] ] ] } },
{ "type": "Feature", "properties": { "code_qp": "QN07521N", "lib_qp": "Falguière" }, "geometry": { "type": "Polygon", "coordinates": [ [ [ 2.31197798544525, 48.836284046570881 ], [ 2.31242197682488, 48.836044613804326 ], [ 2.311783188062672, 48.835397977269132 ], [ 2.311557526804601, 48.835536348478165 ], [ 2.312082993961619, 48.835963198717572 ], [ 2.311777655254614, 48.836130351817268 ], [ 2.311667949925846, 48.836014790241244 ], [ 2.311569687594233, 48.836064380585668 ], [ 2.311211341285679, 48.835730966783167 ], [ 2.310813908842841, 48.835960729348251 ], [ 2.311092392166572, 48.836176250924289 ], [ 2.311074641693101, 48.836187644034908 ], [ 2.311150759131336, 48.836257266624706 ], [ 2.311348064912421, 48.836437338676724 ], [ 2.310702976769415, 48.836746575949036 ], [ 2.310770406526099, 48.836855652911311 ], [ 2.310711078304706, 48.836876532146071 ], [ 2.31084118198439, 48.837085809542508 ], [ 2.310921781740317, 48.837060493899578 ], [ 2.311007740991593, 48.837154394244685 ], [ 2.310896510224036, 48.837186376047939 ], [ 2.310982923455942, 48.837331103669818 ], [ 2.311700621233813, 48.837063080512181 ], [ 2.312162834328273, 48.836895491222393 ], [ 2.312243827843998, 48.836861925021537 ], [ 2.312241703497473, 48.836755480962779 ], [ 2.312428613323201, 48.836619946334608 ], [ 2.31197798544525, 48.836284046570881 ] ] ] } },
{ "type": "Feature", "properties": { "code_qp": "QN09206M", "lib_qp": "Le Parc" }, "geometry": { "type": "Polygon", "coordinates": [ [ [ 2.227130021866967, 48.893565810789688 ], [ 2.22710874753313, 48.893331886226953 ], [ 2.227147210342488, 48.893067784190855 ], [ 2.227262111030575, 48.892639559372441 ], [ 2.227530004745134, 48.892228984203797 ], [ 2.227833566767209, 48.891928610582596 ], [ 2.228222412457944, 48.891685927572354 ], [ 2.228801573253422, 48.891442088634605 ], [ 2.229106621782085, 48.891320267690297 ], [ 2.230088925379589, 48.891120845711058 ], [ 2.230125629126924, 48.889758148607569 ], [ 2.22859811757003, 48.888337532521248 ], [ 2.225062232075704, 48.885852358716456 ], [ 2.224526635973053, 48.885896113541435 ], [ 2.222638603136714, 48.88605905419741 ], [ 2.221731274824831, 48.886111312058667 ], [ 2.22162483910724, 48.886056208786712 ], [ 2.221571429490949, 48.885903509676766 ], [ 2.221553220047308, 48.885672822996696 ], [ 2.22128843030468, 48.885685893919309 ], [ 2.219380570277139, 48.885835082129255 ], [ 2.220563892183583, 48.886680213965015 ], [ 2.217983247034134, 48.886891817376394 ], [ 2.21780524004352, 48.88694012014237 ], [ 2.216625779504441, 48.887651884893188 ], [ 2.216463528162176, 48.887921515526735 ], [ 2.215101565667676, 48.889068242753687 ], [ 2.215070765972241, 48.889094804228982 ], [ 2.215051341410989, 48.889151808731548 ], [ 2.215059525133672, 48.889198480004531 ], [ 2.215577308060524, 48.889536336407801 ], [ 2.216506779037692, 48.889999954284683 ], [ 2.216740081657974, 48.889986517525614 ], [ 2.216830141911408, 48.890033356137998 ], [ 2.216905698869552, 48.890349929886966 ], [ 2.217297187324382, 48.890353417641911 ], [ 2.218763619720225, 48.890245743902149 ], [ 2.21900673459393, 48.890185300768891 ], [ 2.219224552453391, 48.890109257659226 ], [ 2.219459137794776, 48.889945776584035 ], [ 2.21965328509103, 48.889713269936571 ], [ 2.21971325089566, 48.889669599685952 ], [ 2.221140785464387, 48.889596029394347 ], [ 2.221080990394899, 48.890180788079803 ], [ 2.221109767146424, 48.890329929830223 ], [ 2.221192405149895, 48.890386234830373 ], [ 2.221325509203108, 48.890589782060182 ], [ 2.2213869821444, 48.890617387376764 ], [ 2.221452397429692, 48.89065726080333 ], [ 2.22153866312816, 48.890682306677725 ], [ 2.2216458401948, 48.890688444516009 ], [ 2.222713495367676, 48.890611042475406 ], [ 2.222683361009566, 48.890418707471937 ], [ 2.222665629698705, 48.890362820926725 ], [ 2.222592572504039, 48.890282090168107 ], [ 2.222558847908719, 48.890192092782392 ], [ 2.222537458643767, 48.89010489602996 ], [ 2.222548827908752, 48.890034235318126 ], [ 2.222560222528751, 48.889961874416109 ], [ 2.222608820616035, 48.889884654001044 ], [ 2.22252575327086, 48.889507317144329 ], [ 2.222546684055863, 48.889487048844636 ], [ 2.22393378118451, 48.889415730664311 ], [ 2.223959966517094, 48.889581525974016 ], [ 2.224701743330236, 48.889533838636602 ], [ 2.224734127829735, 48.889718171450447 ], [ 2.224791788512235, 48.889771771139259 ], [ 2.224833805042071, 48.889834615434012 ], [ 2.224877313436953, 48.889932473365562 ], [ 2.225010089632172, 48.889909946435324 ], [ 2.225075459851296, 48.890004735144913 ], [ 2.225117544813201, 48.890037723578082 ], [ 2.2253058782696, 48.890316934403423 ], [ 2.225458549587564, 48.890480790109571 ], [ 2.225520930900247, 48.890515857628749 ], [ 2.225608315951318, 48.890539620278979 ], [ 2.225695747595112, 48.890544847840971 ], [ 2.225784769365743, 48.890536692701488 ], [ 2.226009735264331, 48.890482336023602 ], [ 2.226051882561037, 48.890487524221378 ], [ 2.226084638377135, 48.890502995873952 ], [ 2.226201434765776, 48.890647257802485 ], [ 2.225429673742334, 48.891558792224544 ], [ 2.22569693029463, 48.892171678439254 ], [ 2.224445880454346, 48.892573565870599 ], [ 2.225062076153716, 48.893449603855508 ], [ 2.225161690007266, 48.893467456308109 ], [ 2.225479025742703, 48.893363197119029 ], [ 2.225533131438031, 48.893439900525188 ], [ 2.22569196590109, 48.89344533080564 ], [ 2.225748265622262, 48.893484583835018 ], [ 2.225832334612574, 48.893598513595343 ], [ 2.225927953459963, 48.893738143560753 ], [ 2.226065959993432, 48.893879121187823 ], [ 2.226780809341093, 48.893640865341446 ], [ 2.227130021866967, 48.893565810789688 ] ] ] } },
{ "type": "Feature", "properties": { "code_qp": "QN09208M", "lib_qp": "Luth-Fossé" }, "geometry": { "type": "Polygon", "coordinates": [ [ [ 2.284404725828636, 48.930587024558307 ], [ 2.283542604669195, 48.931589968960758 ], [ 2.2829301877405, 48.93228272612474 ], [ 2.282486009091227, 48.9327808248363 ], [ 2.281914077158107, 48.933394514773006 ], [ 2.282097819587644, 48.9334870400493 ], [ 2.282848176580849, 48.933503999448511 ], [ 2.283550295082186, 48.933512354469272 ], [ 2.284850315402548, 48.933539512080301 ], [ 2.285973893812897, 48.933554522750995 ], [ 2.285972608962476, 48.933494950691447 ], [ 2.286935832350101, 48.933512806221756 ], [ 2.286953590183191, 48.933751169444243 ], [ 2.286961088246443, 48.933817704529396 ], [ 2.286825095620711, 48.933922171934007 ], [ 2.286793953820018, 48.934046656234351 ], [ 2.285877453421191, 48.934951286586745 ], [ 2.28578369353801, 48.935042152197319 ], [ 2.285022499271089, 48.93474117717868 ], [ 2.284651315247469, 48.935129593484959 ], [ 2.285598969975806, 48.935326405871926 ], [ 2.290517355168834, 48.936293412771199 ], [ 2.292045960293549, 48.936601657963543 ], [ 2.292167798721982, 48.936609996252635 ], [ 2.2924991736169, 48.936130590946277 ], [ 2.292707531674259, 48.935883867328897 ], [ 2.293198581326655, 48.934987066965306 ], [ 2.293409722919573, 48.934612225842535 ], [ 2.293341718231807, 48.934510704106721 ], [ 2.293060503692452, 48.934626789051109 ], [ 2.293048021232655, 48.934617018908483 ], [ 2.292895954007385, 48.93466737481581 ], [ 2.293005368213871, 48.93388779703227 ], [ 2.292879307812559, 48.933881166147906 ], [ 2.292870314799629, 48.933924054818576 ], [ 2.292497194486124, 48.93415041354767 ], [ 2.292179657896955, 48.933922748221249 ], [ 2.291509790944392, 48.934324658714736 ], [ 2.291989562540077, 48.934450085619517 ], [ 2.292168198407066, 48.934610440673602 ], [ 2.292174809070949, 48.934897219460652 ], [ 2.291972905100937, 48.93490156772436 ], [ 2.291354710777569, 48.934904840158133 ], [ 2.289336218718487, 48.934433689654306 ], [ 2.28926698890773, 48.934396570154725 ], [ 2.289232541841613, 48.932459961495468 ], [ 2.289323194496983, 48.931898315287889 ], [ 2.287372236760058, 48.931315672730847 ], [ 2.287071583851013, 48.931162895402231 ], [ 2.286753455048483, 48.931058149735264 ], [ 2.286800924676044, 48.930816018415669 ], [ 2.28698377939295, 48.930819876935743 ], [ 2.287188435177467, 48.929386003482968 ], [ 2.287076944936467, 48.929390881160721 ], [ 2.287087498286958, 48.92923441363947 ], [ 2.287926526707651, 48.929219662688311 ], [ 2.2889511503055, 48.929276999955327 ], [ 2.289276889430766, 48.92928585840324 ], [ 2.289476759348699, 48.928967056925728 ], [ 2.289122917007119, 48.928861066610395 ], [ 2.289350047623932, 48.928547275220716 ], [ 2.288122470777427, 48.928427470353874 ], [ 2.288256957531733, 48.927925055361804 ], [ 2.286815801215082, 48.927583686474655 ], [ 2.285967895880953, 48.927366351192859 ], [ 2.28583522629377, 48.927229808374285 ], [ 2.285828077598707, 48.927137994490735 ], [ 2.286031897818741, 48.926379065533951 ], [ 2.286182594123382, 48.925814443912934 ], [ 2.286283761182015, 48.925488825156648 ], [ 2.286910857328091, 48.924367752230893 ], [ 2.286915649696518, 48.924324838611255 ], [ 2.286895028817149, 48.924295626055567 ], [ 2.28683051381135, 48.924248144258982 ], [ 2.285871754196986, 48.923994131464866 ], [ 2.284826881075339, 48.925876660593694 ], [ 2.28476050758846, 48.92611729420242 ], [ 2.284703091718234, 48.92647087727876 ], [ 2.284653624586483, 48.927928187114517 ], [ 2.284660626736358, 48.928795033789427 ], [ 2.284621638526539, 48.929337116493151 ], [ 2.28461116576758, 48.929945859878721 ], [ 2.28457848777574, 48.930181845382414 ], [ 2.284624781177927, 48.930331725835508 ], [ 2.284616360491436, 48.930485435312058 ], [ 2.284404725828636, 48.930587024558307 ] ] ] } },
{ "type": "Feature", "properties": { "code_qp": "QN09313I", "lib_qp": "Marnaudes - Fosse Aux Bergers - La Sablière" }, "geometry": { "type": "Polygon", "coordinates": [ [ [ 2.493972538200744, 48.886601974899762 ], [ 2.493864561530825, 48.886520779816649 ], [ 2.49380196113108, 48.886473495392373 ], [ 2.493082448545811, 48.885808485083373 ], [ 2.492585254197913, 48.885920739309242 ], [ 2.492326237981344, 48.88597574260033 ], [ 2.492016350919232, 48.886046712567691 ], [ 2.49165047335252, 48.886113398265707 ], [ 2.491102927184919, 48.886229748023638 ], [ 2.490156602500692, 48.8863889012787 ], [ 2.489046237340046, 48.886592659679636 ], [ 2.48732556622509, 48.886928924607147 ], [ 2.486973972480291, 48.886991464417548 ], [ 2.486958945744373, 48.887103165113615 ], [ 2.487327436103682, 48.888185885034105 ], [ 2.487362461832823, 48.888420599477236 ], [ 2.487424828401112, 48.888645020672726 ], [ 2.48755010687837, 48.889048244274804 ], [ 2.487709373160924, 48.889363870503765 ], [ 2.487809420989737, 48.889630323773098 ], [ 2.487977644211088, 48.889992733298364 ], [ 2.488191190547095, 48.89040496402982 ], [ 2.488247571254894, 48.890494750884514 ], [ 2.488482415096005, 48.890946180785093 ], [ 2.488661885062214, 48.891330483938731 ], [ 2.488966291713649, 48.891988272681061 ], [ 2.489714441206911, 48.891818844802131 ], [ 2.489829737525051, 48.891740578944066 ], [ 2.490642111284412, 48.891193546405567 ], [ 2.49059271648075, 48.891113842419195 ], [ 2.489887165101009, 48.889803450622253 ], [ 2.490124860965216, 48.889755913991294 ], [ 2.489913236529039, 48.889313216711244 ], [ 2.489570093823223, 48.888601859683618 ], [ 2.490073899431816, 48.888596821737593 ], [ 2.489727094684587, 48.887872625086146 ], [ 2.490061268250214, 48.887802806852044 ], [ 2.489968911180306, 48.88763797203454 ], [ 2.491737952338233, 48.887015720597468 ], [ 2.491813159524815, 48.887104176257743 ], [ 2.491938444167992, 48.887232719968878 ], [ 2.492065798522298, 48.887313556483477 ], [ 2.492185842370885, 48.887342649215711 ], [ 2.493523708273204, 48.887679024163262 ], [ 2.493769931646462, 48.887830227680034 ], [ 2.492551744319659, 48.888233915529831 ], [ 2.49291957011916, 48.888715351066509 ], [ 2.492958185307034, 48.888812635024138 ], [ 2.493363607509856, 48.889471757829469 ], [ 2.493430170418041, 48.889498128502275 ], [ 2.493492974312418, 48.889491185288399 ], [ 2.494619617572054, 48.889201239119949 ], [ 2.494675611875629, 48.889186825631434 ], [ 2.494806114660751, 48.889370830692386 ], [ 2.494868974398819, 48.889511159197113 ], [ 2.495502339428592, 48.889320712267789 ], [ 2.494880590576032, 48.888581560721526 ], [ 2.494741819738604, 48.888407395175498 ], [ 2.494726076024124, 48.888341687853803 ], [ 2.494474647736014, 48.888275692583932 ], [ 2.493988115866619, 48.8879383697629 ], [ 2.494684161789448, 48.887714746868738 ], [ 2.494875064631485, 48.887660657666302 ], [ 2.494948207792095, 48.88737594083009 ], [ 2.493762604055883, 48.887784614518118 ], [ 2.49352006540151, 48.887650743567782 ], [ 2.492158580890355, 48.88730987074824 ], [ 2.493613866390774, 48.886745570189603 ], [ 2.493972538200744, 48.886601974899762 ] ] ] } },
{ "type": "Feature", "properties": { "code_qp": "QN09328M", "lib_qp": "Franc Moisin - Cosmonautes - Cristino Garcia - Landy" }, "geometry": { "type": "Polygon", "coordinates": [ [ [ 2.417826743976494, 48.923982684694849 ], [ 2.417706201339746, 48.923779747881973 ], [ 2.417295579540033, 48.92321503504683 ], [ 2.416899295694677, 48.922653956831859 ], [ 2.416716562624645, 48.922379610898965 ], [ 2.416509051602754, 48.922104847183149 ], [ 2.41643788187522, 48.92201402083689 ], [ 2.416290032706774, 48.921800711844519 ], [ 2.415261289940245, 48.920810981260722 ], [ 2.414907109310644, 48.920502311162799 ], [ 2.413487215090527, 48.919386843894266 ], [ 2.412692804656153, 48.91976482177234 ], [ 2.411340076850274, 48.920443417594313 ], [ 2.410926243343426, 48.920665633369651 ], [ 2.410565978018652, 48.920829203886505 ], [ 2.410370468934187, 48.920669212676984 ], [ 2.409194080754762, 48.919626508374186 ], [ 2.409446232726033, 48.919532435254013 ], [ 2.410145571871218, 48.9189891162316 ], [ 2.410597325081318, 48.918622614078238 ], [ 2.411174758499667, 48.918177749066359 ], [ 2.411491667329126, 48.917943074856161 ], [ 2.411573277851746, 48.918003161116502 ], [ 2.411669839278189, 48.918067031943089 ], [ 2.413305258750509, 48.91933230197192 ], [ 2.413998638687473, 48.91899485314039 ], [ 2.414050689843696, 48.919050336765352 ], [ 2.414377938752395, 48.918906763226282 ], [ 2.414328334521304, 48.918864975804652 ], [ 2.413244460893713, 48.917769810180673 ], [ 2.413185264958957, 48.917711135185336 ], [ 2.412812495354671, 48.917857638465755 ], [ 2.412628538869746, 48.917662645824223 ], [ 2.411686812625887, 48.918048179592709 ], [ 2.411482501038436, 48.917906736406444 ], [ 2.411196369159831, 48.918133977786326 ], [ 2.409790411127438, 48.916977430353299 ], [ 2.409710113849946, 48.916929388328967 ], [ 2.409560255192456, 48.917033780708891 ], [ 2.409274543101641, 48.917236509815609 ], [ 2.409094830193071, 48.917378519820574 ], [ 2.409018542302174, 48.917413867593559 ], [ 2.408787901865002, 48.917522236151186 ], [ 2.408489100433219, 48.917667447328526 ], [ 2.407665059289886, 48.918039409604454 ], [ 2.40771118462233, 48.918088949365796 ], [ 2.407286819449335, 48.918296721445898 ], [ 2.407211449108007, 48.918397338959466 ], [ 2.406988863347914, 48.918599796217535 ], [ 2.406798317998933, 48.918721934975174 ], [ 2.406522551624282, 48.918758440697069 ], [ 2.406433439120474, 48.918751687355332 ], [ 2.40616504868877, 48.918718797915837 ], [ 2.405848828172568, 48.918779179171366 ], [ 2.405520180037631, 48.918840259951779 ], [ 2.405299226743645, 48.918899126461611 ], [ 2.404194453029251, 48.919297993639447 ], [ 2.403799678226827, 48.919481047310093 ], [ 2.403689633347331, 48.919652728738619 ], [ 2.402630595403811, 48.918243191240506 ], [ 2.402160143844811, 48.91822479598158 ], [ 2.402061419933363, 48.917965295353206 ], [ 2.403599703186635, 48.9176046284595 ], [ 2.403863156200063, 48.917493114286415 ], [ 2.406084443132488, 48.916616623660609 ], [ 2.40608245972444, 48.916614684508907 ], [ 2.405709741336876, 48.916332253836281 ], [ 2.405119516102662, 48.915800542922746 ], [ 2.404327041422229, 48.915062777881907 ], [ 2.403579036312236, 48.914371982954556 ], [ 2.403190337027453, 48.914001336230001 ], [ 2.403048712225828, 48.913857636566 ], [ 2.402778015983142, 48.913548737630947 ], [ 2.401490072454572, 48.91235522782187 ], [ 2.400532366925338, 48.911493972090462 ], [ 2.400403371959697, 48.911345579496192 ], [ 2.399927371130619, 48.910914978022554 ], [ 2.399737383289969, 48.910989769544855 ], [ 2.398747021984596, 48.911369425887379 ], [ 2.398723592327523, 48.911367376589226 ], [ 2.397906065905654, 48.911682249299439 ], [ 2.397612167434706, 48.911295487981405 ], [ 2.399461055479986, 48.910530432919288 ], [ 2.398737861316206, 48.909852550715264 ], [ 2.397929746975191, 48.910176713439085 ], [ 2.397542497600302, 48.910334143306464 ], [ 2.39698986554465, 48.910560170986997 ], [ 2.39604664706687, 48.909467667471581 ], [ 2.394971986925067, 48.908402427865717 ], [ 2.39460097031253, 48.908043521997335 ], [ 2.396341212778168, 48.907589231852576 ], [ 2.394534517186945, 48.905897450565128 ], [ 2.393872444168273, 48.905348215346294 ], [ 2.393719980372742, 48.905192300224996 ], [ 2.393123580552484, 48.904658678621999 ], [ 2.392571744974773, 48.904153289196628 ], [ 2.390778658554711, 48.902535806700563 ], [ 2.390399547375884, 48.902173119892382 ], [ 2.390001305291306, 48.901816767494935 ], [ 2.389350747720862, 48.901224396427871 ], [ 2.389265392805966, 48.901175398396951 ], [ 2.389066492628674, 48.901153696228953 ], [ 2.388168165121035, 48.901332564708483 ], [ 2.385536391707586, 48.90183349597531 ], [ 2.385311167576958, 48.901845846147289 ], [ 2.384781345022161, 48.902236122972916 ], [ 2.384154583744035, 48.902405558827361 ], [ 2.383363817902556, 48.90264027636735 ], [ 2.383543613244298, 48.903223484235205 ], [ 2.383019386706201, 48.903745865419353 ], [ 2.38227686304496, 48.904456942563456 ], [ 2.381782317400893, 48.904936595375403 ], [ 2.381622173770917, 48.905095842104842 ], [ 2.380652685152237, 48.906040683885969 ], [ 2.380195010646581, 48.906481733593338 ], [ 2.381111505674564, 48.90639720895031 ], [ 2.381768593124012, 48.90804452117537 ], [ 2.381918725123914, 48.908518165529586 ], [ 2.381997604876446, 48.908514536424576 ], [ 2.382163489435964, 48.908482937839253 ], [ 2.382628417067668, 48.908439573137848 ], [ 2.382577308458441, 48.908308336279461 ], [ 2.383283663881864, 48.908244121294338 ], [ 2.383337167940665, 48.908375370182021 ], [ 2.383654710626779, 48.908341957641447 ], [ 2.383615344860113, 48.90828370032078 ], [ 2.383960695275041, 48.908230247128849 ], [ 2.383989983595988, 48.908385041073849 ], [ 2.384181799550192, 48.908359201463668 ], [ 2.384413253260979, 48.909131240422703 ], [ 2.384834226236145, 48.909086609986083 ], [ 2.384834956843649, 48.909128683011524 ], [ 2.385006350229232, 48.910094526156279 ], [ 2.385057614170315, 48.910465190747402 ], [ 2.385058740277771, 48.910572499830288 ], [ 2.385062873668706, 48.910830522327103 ], [ 2.384970151392864, 48.910963963767124 ], [ 2.383468119742855, 48.912453588071571 ], [ 2.38245461119741, 48.912195388837233 ], [ 2.381671822866625, 48.912237990784107 ], [ 2.381222779070848, 48.911051944524772 ], [ 2.381945852190638, 48.910926809824034 ], [ 2.382593773074412, 48.910824036649984 ], [ 2.382462021015949, 48.910312550903015 ], [ 2.38240072921577, 48.910074818508292 ], [ 2.382157769275163, 48.90936816212583 ], [ 2.381874739711093, 48.908507090568726 ], [ 2.3796422529856, 48.908661603535663 ], [ 2.378503622357471, 48.908735106495335 ], [ 2.37827281657156, 48.908734616755737 ], [ 2.378022205005744, 48.908623169405224 ], [ 2.377652283587551, 48.908981873442315 ], [ 2.376089623098616, 48.910622176950106 ], [ 2.375444149205392, 48.911314875149181 ], [ 2.375013634284734, 48.911830623623025 ], [ 2.37487910549171, 48.912011588263788 ], [ 2.374528373700736, 48.912587105040657 ], [ 2.373925899255986, 48.913558798775959 ], [ 2.373263405284121, 48.913327917697174 ], [ 2.372210144692629, 48.91504691000668 ], [ 2.3720604483989, 48.915151061487258 ], [ 2.371982544306019, 48.91525795611286 ], [ 2.371896932580976, 48.915258998593337 ], [ 2.371354930577315, 48.915286385889978 ], [ 2.368258993777265, 48.915348636556381 ], [ 2.368139734145701, 48.914503951570779 ], [ 2.368011446611359, 48.913724825240955 ], [ 2.367852921237848, 48.913737041337257 ], [ 2.367756657875709, 48.913240874071846 ], [ 2.36633873021175, 48.91337582135565 ], [ 2.366547930929996, 48.914486032634493 ], [ 2.366465482287504, 48.9144901237459 ], [ 2.366259284726966, 48.914503558686732 ], [ 2.366365812376171, 48.915385533564482 ], [ 2.364323601138036, 48.915419252041694 ], [ 2.364082023259623, 48.915423371196056 ], [ 2.362906899544309, 48.91542903642744 ], [ 2.362827581120939, 48.916517327094141 ], [ 2.364586698315002, 48.916667975148826 ], [ 2.364699961220249, 48.916667669307856 ], [ 2.365152333754909, 48.916608020894564 ], [ 2.365267264201135, 48.917812789413681 ], [ 2.365303347238118, 48.917875048445815 ], [ 2.366337789040776, 48.917865232293138 ], [ 2.366675036865824, 48.91785172919753 ], [ 2.366986089297254, 48.917847349380054 ], [ 2.36693944158923, 48.91824423769549 ], [ 2.369427079122453, 48.918234533818541 ], [ 2.369663486934223, 48.9178414382637 ], [ 2.369911987984976, 48.9174475824422 ], [ 2.370825950802333, 48.917700128734964 ], [ 2.370927441326264, 48.917535583904659 ], [ 2.37127898149021, 48.91759314619987 ], [ 2.371358549648633, 48.917585923274977 ], [ 2.371377388497624, 48.917607594517193 ], [ 2.37140860752046, 48.917620357500859 ], [ 2.371497119611496, 48.917635212446562 ], [ 2.371804927046871, 48.917684482442894 ], [ 2.372314357914727, 48.917759094602481 ], [ 2.372776115799276, 48.917826267817439 ], [ 2.372920264764813, 48.91786659513491 ], [ 2.372987550679765, 48.917830968129572 ], [ 2.373030062682568, 48.917814997824721 ], [ 2.373551970551767, 48.917647760322211 ], [ 2.373709354515396, 48.917608125461875 ], [ 2.373773439887985, 48.917611152947359 ], [ 2.374780272991996, 48.917740525375571 ], [ 2.374732674647974, 48.917841895964983 ], [ 2.374650435349436, 48.918098662620359 ], [ 2.374531832948557, 48.918657409004481 ], [ 2.374470659047506, 48.918793370431665 ], [ 2.375846011124777, 48.919464136139197 ], [ 2.376288948439771, 48.919016718889218 ], [ 2.376814537420967, 48.919314535788864 ], [ 2.376975354740011, 48.919381647226672 ], [ 2.378030940985604, 48.919109407428991 ], [ 2.378276942825572, 48.919161179522646 ], [ 2.378182314095087, 48.919312244189285 ], [ 2.377992296227748, 48.91957825973234 ], [ 2.377579213907437, 48.920202576360609 ], [ 2.37738093439369, 48.920588020121848 ], [ 2.377075253476659, 48.920940888562853 ], [ 2.376777834206041, 48.921130893613835 ], [ 2.376009501090266, 48.921320897941932 ], [ 2.375431185841833, 48.921196038036243 ], [ 2.37434064851622, 48.921011461951871 ], [ 2.373390559179511, 48.920913744925173 ], [ 2.372960953566387, 48.920881172540419 ], [ 2.371738229898276, 48.920897458735425 ], [ 2.371457333920464, 48.921201466734409 ], [ 2.37034690201848, 48.920957155360099 ], [ 2.370200547432668, 48.9209553700762 ], [ 2.36977538205357, 48.921331261657862 ], [ 2.368487030815678, 48.922467492617656 ], [ 2.367914867602149, 48.922236903462782 ], [ 2.367583151689139, 48.92273071723411 ], [ 2.367494288797159, 48.92285524126676 ], [ 2.367433936563557, 48.922992525658607 ], [ 2.367390675367379, 48.923072321959602 ], [ 2.366995295729764, 48.923714138133057 ], [ 2.366233407656766, 48.924818627863104 ], [ 2.365922390831561, 48.925303820562213 ], [ 2.365791396420918, 48.925525249219511 ], [ 2.365658060732213, 48.92571698322719 ], [ 2.365369793038167, 48.926076978100852 ], [ 2.365254688717976, 48.926226548561594 ], [ 2.364964953736291, 48.926484900091779 ], [ 2.364643935196325, 48.92673321077875 ], [ 2.364497991593736, 48.92683764870592 ], [ 2.364172125491475, 48.92703466191174 ], [ 2.363824685415036, 48.927211789637461 ], [ 2.363636653315117, 48.927297123296242 ], [ 2.363453225506043, 48.927365449717009 ], [ 2.363199774243077, 48.927458672111449 ], [ 2.362580678658253, 48.926995772290645 ], [ 2.362641351528724, 48.926321932209369 ], [ 2.36151271233777, 48.92628396991244 ], [ 2.359964583966292, 48.926227558849334 ], [ 2.358139956228334, 48.926158660205374 ], [ 2.358142577819912, 48.926032919935004 ], [ 2.357561401423549, 48.92593333598812 ], [ 2.357178332358552, 48.92587613381037 ], [ 2.357148908043721, 48.926654789709012 ], [ 2.357186657970505, 48.926818259581815 ], [ 2.357289280205536, 48.926854991474215 ], [ 2.357669660646539, 48.926877656528553 ], [ 2.357880578127999, 48.926863007219602 ], [ 2.358182839706838, 48.926820443349335 ], [ 2.358397188474449, 48.926848561920892 ], [ 2.358470349916555, 48.926906009828848 ], [ 2.358507846098832, 48.926972485307573 ], [ 2.358467742915781, 48.927117443853632 ], [ 2.358406756623709, 48.92740240942554 ], [ 2.358406220850007, 48.927445726648173 ], [ 2.360145434525412, 48.927492897183342 ], [ 2.36012336980427, 48.927923959320538 ], [ 2.360727381460312, 48.928709460550529 ], [ 2.360897677433146, 48.928780786943378 ], [ 2.360998630026262, 48.928733630222766 ], [ 2.3611367474768, 48.928823401846863 ], [ 2.361389335192213, 48.928925465162422 ], [ 2.361648931987672, 48.929014982389134 ], [ 2.362038150155718, 48.929132239992818 ], [ 2.362063524301674, 48.929211273385945 ], [ 2.362149288045647, 48.929248023130185 ], [ 2.363983739127296, 48.92971805183663 ], [ 2.365308767660977, 48.929939881210764 ], [ 2.365375525786043, 48.929970046213398 ], [ 2.365522339082229, 48.930018478757098 ], [ 2.365789128490242, 48.930079249469628 ], [ 2.366589241899682, 48.930164411813529 ], [ 2.367050677239594, 48.930205979726203 ], [ 2.367141563934597, 48.930195587314742 ], [ 2.367522576786244, 48.930076631780345 ], [ 2.36863968639978, 48.929680626284053 ], [ 2.369980450733152, 48.929189466999198 ], [ 2.370484795325174, 48.929016750486433 ], [ 2.370867373384991, 48.928868579954596 ], [ 2.371604782942757, 48.928607167424438 ], [ 2.371952688679365, 48.92850466460213 ], [ 2.374711794857947, 48.927754710625663 ], [ 2.375104482509832, 48.927684812161438 ], [ 2.375281040113884, 48.927972597447706 ], [ 2.375666550391851, 48.928600528751922 ], [ 2.37665724082906, 48.930210901111344 ], [ 2.377644363940155, 48.931893206790839 ], [ 2.377559671828571, 48.931910404443705 ], [ 2.3780378229304, 48.932901605058426 ], [ 2.378149969599291, 48.932871555526155 ], [ 2.378371479560336, 48.932839434689889 ], [ 2.37846847975266, 48.932830943121019 ], [ 2.378531200606856, 48.932836669493909 ], [ 2.378735212879385, 48.932898871504008 ], [ 2.378871323919642, 48.932931061013804 ], [ 2.379001002824179, 48.932929925468848 ], [ 2.379687662627207, 48.932805797297306 ], [ 2.379778346383556, 48.93298431987202 ], [ 2.37981460755904, 48.933033970048015 ], [ 2.379882432289159, 48.93307118453798 ], [ 2.379990217426665, 48.933074450848387 ], [ 2.380325378548025, 48.93300962275206 ], [ 2.381648521205688, 48.93273588507197 ], [ 2.383310996900474, 48.932391037208724 ], [ 2.383740270662511, 48.93228128964121 ], [ 2.384132641257907, 48.932738785975488 ], [ 2.384181309044328, 48.932710638415678 ], [ 2.384381215528845, 48.932577743811983 ], [ 2.384396845598368, 48.932580824117082 ], [ 2.38453740619344, 48.932493250559482 ], [ 2.38449191981855, 48.932312060826128 ], [ 2.385441956548599, 48.932221076049125 ], [ 2.385842476875729, 48.932538179666466 ], [ 2.386045873562308, 48.932424865039188 ], [ 2.386193973101016, 48.93236716646998 ], [ 2.386534769967006, 48.932287964916419 ], [ 2.386661955609083, 48.93226614273739 ], [ 2.386737270211142, 48.932476966439616 ], [ 2.386850602792324, 48.932821064429582 ], [ 2.386955861821736, 48.933156137038537 ], [ 2.387088786309079, 48.933702571345307 ], [ 2.390316084390131, 48.933806653410144 ], [ 2.392411809456514, 48.933890132941123 ], [ 2.394140313621256, 48.93397786567531 ], [ 2.394347996411501, 48.933831564112104 ], [ 2.39452286627131, 48.933686305044873 ], [ 2.394575925640157, 48.933624506302884 ], [ 2.395302845524073, 48.933842428816753 ], [ 2.396700062147613, 48.933945729685661 ], [ 2.396766315942559, 48.93392721664366 ], [ 2.396856260198596, 48.933881815999179 ], [ 2.396946199005105, 48.933982758565406 ], [ 2.397049627833323, 48.934073814047601 ], [ 2.397273104779936, 48.93421695394953 ], [ 2.3973364295692, 48.934225461046836 ], [ 2.39750027535252, 48.934248077298463 ], [ 2.397675031837334, 48.934255267510402 ], [ 2.397752144392558, 48.934214628243417 ], [ 2.398041160424548, 48.934164356842672 ], [ 2.398485866898435, 48.934142571230666 ], [ 2.399884656944419, 48.934343671712732 ], [ 2.40046887451995, 48.934359219228021 ], [ 2.400515991289068, 48.934427306877744 ], [ 2.401155459597578, 48.934220636066797 ], [ 2.400339389583335, 48.933149826001156 ], [ 2.400499249785192, 48.933108641792494 ], [ 2.400084027276507, 48.932776530329015 ], [ 2.399260422762667, 48.932117732699794 ], [ 2.398905132257775, 48.93191721101627 ], [ 2.398409445651366, 48.931582882112643 ], [ 2.397248322806942, 48.930840516523958 ], [ 2.396794688568538, 48.930529793237206 ], [ 2.396705569999531, 48.930447513156786 ], [ 2.39658598702204, 48.930284127624887 ], [ 2.396546501635625, 48.930158936935001 ], [ 2.396528711918722, 48.930045526416826 ], [ 2.396612083259446, 48.929564831215032 ], [ 2.396626100544042, 48.929180904246451 ], [ 2.39671472041672, 48.926363882247259 ], [ 2.396423637452771, 48.92627967815821 ], [ 2.396307297950948, 48.926306966501265 ], [ 2.395538285171379, 48.926482951423168 ], [ 2.395342483056768, 48.926537728547487 ], [ 2.394061098621706, 48.926996179775571 ], [ 2.393250108679013, 48.927256478135895 ], [ 2.392956359116611, 48.926934845101385 ], [ 2.392315209299398, 48.926089854407302 ], [ 2.390183164781498, 48.926698621888519 ], [ 2.389160320619534, 48.926987490988388 ], [ 2.388298706581925, 48.927255586114711 ], [ 2.38573375850942, 48.927996072229973 ], [ 2.385688966071332, 48.927946430381049 ], [ 2.385341346223635, 48.928027380700563 ], [ 2.385230746250499, 48.92759688976961 ], [ 2.384981395119671, 48.926869899230915 ], [ 2.384949900434513, 48.926765410880762 ], [ 2.384803835712523, 48.926652246157516 ], [ 2.384704398861909, 48.926519556056149 ], [ 2.384317467072585, 48.925772049026911 ], [ 2.384299885908305, 48.925757568229955 ], [ 2.384651362903384, 48.925695520366467 ], [ 2.384655681863007, 48.925447338044115 ], [ 2.384631824690885, 48.92527185361913 ], [ 2.384562035215386, 48.925055875548637 ], [ 2.384353328413642, 48.925049202645866 ], [ 2.384251784399555, 48.924634103537244 ], [ 2.384289222755036, 48.924584833029279 ], [ 2.384273831047755, 48.924500229432269 ], [ 2.384196931008825, 48.924425183974066 ], [ 2.384116561817016, 48.924412193409076 ], [ 2.384021530058937, 48.924140999804415 ], [ 2.384139328453135, 48.924104746888531 ], [ 2.384217120089563, 48.924083649989122 ], [ 2.384260980686733, 48.924076326717262 ], [ 2.384184242875003, 48.923879699428092 ], [ 2.384109225317639, 48.923862225496627 ], [ 2.38409356569883, 48.923821050905765 ], [ 2.383945129986681, 48.923812868671774 ], [ 2.383887222004791, 48.923705815832854 ], [ 2.383714846952957, 48.923147833229692 ], [ 2.383661764552087, 48.92305999775882 ], [ 2.383730045797462, 48.92299488756381 ], [ 2.383775559700072, 48.922913570073085 ], [ 2.383801367079119, 48.922795433042538 ], [ 2.383650944580606, 48.922592323592596 ], [ 2.383600289334216, 48.922490422977958 ], [ 2.383371416170242, 48.921765316768024 ], [ 2.384093569687013, 48.921627861513862 ], [ 2.384727271644481, 48.921469238772893 ], [ 2.385392649366201, 48.921321453087764 ], [ 2.385772298123936, 48.92202086415957 ], [ 2.385903421467626, 48.922272433925599 ], [ 2.386187551333617, 48.922341742611643 ], [ 2.386302357309602, 48.922149818032921 ], [ 2.386334358665301, 48.922075817216601 ], [ 2.386537358627427, 48.92212103995903 ], [ 2.386696358480002, 48.921836240825961 ], [ 2.387317124990579, 48.921989324078126 ], [ 2.387775468612183, 48.921904878385142 ], [ 2.387162243200512, 48.920352842611251 ], [ 2.386937679129356, 48.919746659533807 ], [ 2.385852783510649, 48.919766351073683 ], [ 2.385852299332873, 48.919807375972297 ], [ 2.385768500299323, 48.919806946403511 ], [ 2.38588410737968, 48.920510527151414 ], [ 2.384435417634515, 48.920717697773519 ], [ 2.384369884206892, 48.920461861497827 ], [ 2.384274781924542, 48.920037028804785 ], [ 2.384094619473977, 48.919355301127652 ], [ 2.384249506673584, 48.919349973020637 ], [ 2.385548626543538, 48.919315857295302 ], [ 2.385676915322819, 48.919284311608443 ], [ 2.386461670989591, 48.91924397943724 ], [ 2.386911655040019, 48.919161097093884 ], [ 2.387309483580451, 48.919103695833513 ], [ 2.388177184734479, 48.919074773285331 ], [ 2.389233516574167, 48.918992137341043 ], [ 2.38962964101405, 48.918992137341085 ], [ 2.389797274620667, 48.918972051329426 ], [ 2.389931450111103, 48.919219385858881 ], [ 2.390385718436347, 48.919942169480663 ], [ 2.390460967221141, 48.920059322481826 ], [ 2.390565612919597, 48.920119817853944 ], [ 2.390640404315046, 48.92017384940057 ], [ 2.391552036677095, 48.92143685513598 ], [ 2.391169815630196, 48.921868613894574 ], [ 2.39123776588012, 48.921968674861823 ], [ 2.391555602611812, 48.922227498683903 ], [ 2.391695653061332, 48.922332355903499 ], [ 2.392224264138488, 48.92253192276231 ], [ 2.392323040364092, 48.922577073189814 ], [ 2.392676748586569, 48.922337332710562 ], [ 2.393084841563077, 48.922249456109185 ], [ 2.393147831315729, 48.92218665628873 ], [ 2.393265762556672, 48.922135180454262 ], [ 2.393465206872895, 48.922023759736341 ], [ 2.393619365411356, 48.921945641408236 ], [ 2.393828091559124, 48.921859514598559 ], [ 2.394466440451744, 48.921738082554938 ], [ 2.394634067772495, 48.921736421912144 ], [ 2.395750732701245, 48.921821203524885 ], [ 2.3971710862991, 48.921956944354889 ], [ 2.39826180759553, 48.922044280647228 ], [ 2.398081267658763, 48.921608103143704 ], [ 2.397350272041528, 48.920153873955684 ], [ 2.396912154098298, 48.919220887894028 ], [ 2.396980557158039, 48.919204154558138 ], [ 2.396260807723256, 48.918342013771436 ], [ 2.396167654917455, 48.918337473535132 ], [ 2.393780174492983, 48.918391827679748 ], [ 2.393820314534847, 48.918257223577257 ], [ 2.393948998616174, 48.918137662472134 ], [ 2.394179213785752, 48.918026417519947 ], [ 2.393937059611349, 48.917689855506836 ], [ 2.393537053472094, 48.916923248447318 ], [ 2.393011362778597, 48.917070767231365 ], [ 2.392908900222186, 48.917082831053314 ], [ 2.39248863330597, 48.915839458333494 ], [ 2.39268468503494, 48.915800793232961 ], [ 2.39327192222389, 48.915659458102162 ], [ 2.393304793880866, 48.915725339952132 ], [ 2.395922773974947, 48.915051096105913 ], [ 2.396309984921422, 48.915606273338867 ], [ 2.396654481839358, 48.916022594444676 ], [ 2.396966449003624, 48.916419865380433 ], [ 2.397179309427286, 48.916661752977674 ], [ 2.394193609071291, 48.918047696420864 ], [ 2.393951394873899, 48.918151430016479 ], [ 2.393844486538496, 48.91826229848899 ], [ 2.393826946889721, 48.918369324751239 ], [ 2.396262430128886, 48.918318105540948 ], [ 2.398083980479762, 48.918299773056162 ], [ 2.399865757581538, 48.918235897798212 ], [ 2.400896326479954, 48.91824718452618 ], [ 2.398789765526825, 48.918779557967419 ], [ 2.399440866898051, 48.919716046984654 ], [ 2.399699352886977, 48.920077672987951 ], [ 2.40085837070828, 48.921661125714877 ], [ 2.401176319361356, 48.921560874879077 ], [ 2.402202999185648, 48.92123438345817 ], [ 2.402183521873974, 48.921294141470916 ], [ 2.40186678813031, 48.921638207830753 ], [ 2.401765334791675, 48.921718572991871 ], [ 2.401626356534462, 48.921780421273922 ], [ 2.40207523425231, 48.922336342462486 ], [ 2.401686256528177, 48.922500509138914 ], [ 2.401284024488544, 48.92269773825214 ], [ 2.402092753411941, 48.923670535369524 ], [ 2.402207526715078, 48.923639746748854 ], [ 2.402713689768424, 48.924285326584766 ], [ 2.40179352809329, 48.924532307672699 ], [ 2.401024303408097, 48.92472991518499 ], [ 2.40061280349669, 48.924829457457079 ], [ 2.400682366486443, 48.925027051201589 ], [ 2.400761116866629, 48.925186341904457 ], [ 2.400905742950486, 48.925188851061499 ], [ 2.401109371982284, 48.925163802124636 ], [ 2.402265188100248, 48.924934853023096 ], [ 2.402538781578103, 48.924878666478193 ], [ 2.402799791446681, 48.92484938452354 ], [ 2.404284514943099, 48.924854967417623 ], [ 2.4049353877095, 48.924865404765825 ], [ 2.405333286334652, 48.924915040681512 ], [ 2.408071664544638, 48.925208287387299 ], [ 2.408263936261954, 48.925221819888087 ], [ 2.4083935645065, 48.925223361040523 ], [ 2.409475964122739, 48.925195369102674 ], [ 2.411085721694048, 48.925143092648121 ], [ 2.412971412030372, 48.92508465586149 ], [ 2.413612672862957, 48.925065565216123 ], [ 2.413737028183527, 48.925051788661484 ], [ 2.414876532159888, 48.924818692181255 ], [ 2.415099716875681, 48.924775598798384 ], [ 2.417480262164937, 48.924092514568976 ], [ 2.417745816542938, 48.924021842257282 ], [ 2.417826743976494, 48.923982684694849 ] ] ] } },
{ "type": "Feature", "properties": { "code_qp": "QN09352I", "lib_qp": "Tremblay Grand Ensemble" }, "geometry": { "type": "Polygon", "coordinates": [ [ [ 2.572658360842046, 48.951153381140536 ], [ 2.572681014464348, 48.951055441154551 ], [ 2.572583601748334, 48.950612659720541 ], [ 2.572465224139446, 48.950064595573373 ], [ 2.572067119384973, 48.949993923434675 ], [ 2.571025015397615, 48.949706048239442 ], [ 2.56990233239729, 48.949417847837921 ], [ 2.569863025543162, 48.949385344325435 ], [ 2.569820237979692, 48.949275488530247 ], [ 2.569833257738309, 48.949166221443562 ], [ 2.569629264642679, 48.948264917955989 ], [ 2.569590171691122, 48.948202734145354 ], [ 2.569518114606098, 48.948168299988176 ], [ 2.569255172945398, 48.948098108987281 ], [ 2.568267377179632, 48.94785356329065 ], [ 2.566922571285826, 48.947522276146898 ], [ 2.566555682070802, 48.947390323729401 ], [ 2.565286414480128, 48.949547785518526 ], [ 2.565197815926766, 48.949694946129057 ], [ 2.564385199386471, 48.951026487005777 ], [ 2.56324566337823, 48.952910795217626 ], [ 2.564040545792496, 48.95373298855759 ], [ 2.564243494835016, 48.954291348555181 ], [ 2.564495038515068, 48.955245133295193 ], [ 2.564590982170349, 48.955409991128356 ], [ 2.56447926994976, 48.955578368017228 ], [ 2.564507150715059, 48.955666416227182 ], [ 2.564219074358912, 48.955861178286057 ], [ 2.564095177175189, 48.956040250665588 ], [ 2.567612164233237, 48.957473414905067 ], [ 2.567760728390787, 48.957534574037354 ], [ 2.567849025209056, 48.957447514574135 ], [ 2.567897676758482, 48.957341089076579 ], [ 2.567884805981846, 48.957246459126232 ], [ 2.567784601457261, 48.957201228919288 ], [ 2.567278228839031, 48.956998518844436 ], [ 2.567581687125416, 48.956597295450649 ], [ 2.567690495074638, 48.956456034025827 ], [ 2.567719961087112, 48.956401408180568 ], [ 2.567666780866068, 48.956395329937884 ], [ 2.567965172354886, 48.955994245455635 ], [ 2.568277102364593, 48.955474728689197 ], [ 2.568464487197041, 48.955425974914441 ], [ 2.568398371292926, 48.955323146566485 ], [ 2.568976125756081, 48.955166558881359 ], [ 2.569409029754207, 48.954433681504604 ], [ 2.569088664856437, 48.954352746968837 ], [ 2.568786874378609, 48.953315381195409 ], [ 2.568728279913636, 48.953233471356683 ], [ 2.568568519529365, 48.953165830165851 ], [ 2.569634697363849, 48.951421692790291 ], [ 2.570009254746062, 48.951514410134699 ], [ 2.571113231716247, 48.951802823867709 ], [ 2.571267145337205, 48.951802185932848 ], [ 2.571375307314465, 48.951765688793074 ], [ 2.57250512804017, 48.951274461054595 ], [ 2.57256750007268, 48.951242088999102 ], [ 2.572634847325905, 48.951187472659221 ], [ 2.572658360842046, 48.951153381140536 ] ] ] } },
{ "type": "Feature", "properties": { "code_qp": "QN09367N", "lib_qp": "Paul Vaillant-Couturier Allende-Neruda" }, "geometry": { "type": "Polygon", "coordinates": [ [ [ 2.44613062779342, 48.924365174500167 ], [ 2.446652990281094, 48.924924611421169 ], [ 2.446767894262481, 48.925049311771112 ], [ 2.447468259888559, 48.924768229233614 ], [ 2.44754273796565, 48.924719833083152 ], [ 2.447628360045127, 48.92478289294845 ], [ 2.447647722690979, 48.924767957209703 ], [ 2.448813126754203, 48.924158977699946 ], [ 2.449324961442872, 48.923882338968845 ], [ 2.449525036949929, 48.923782015882772 ], [ 2.450280059151066, 48.923392945613635 ], [ 2.452654543440223, 48.922550370751694 ], [ 2.452310809134798, 48.922379884368759 ], [ 2.45297416905309, 48.921923563511129 ], [ 2.452056796499856, 48.921310180959303 ], [ 2.451431616491509, 48.920794904315223 ], [ 2.450995204580241, 48.921019763240999 ], [ 2.450997283150728, 48.921025408982516 ], [ 2.450619747348703, 48.921288658955675 ], [ 2.449636825167065, 48.920678176410213 ], [ 2.449190855119609, 48.92099739157981 ], [ 2.449041943609936, 48.921127749006921 ], [ 2.448816874194574, 48.921365508545293 ], [ 2.45011356696489, 48.921897788090561 ], [ 2.449823699085041, 48.922214903475258 ], [ 2.450024716953273, 48.922371178384097 ], [ 2.449822677672794, 48.922735382495851 ], [ 2.449589404420343, 48.922761461974751 ], [ 2.449686815230558, 48.922819955954587 ], [ 2.448917302204997, 48.922905361603917 ], [ 2.449030361552374, 48.922995408971587 ], [ 2.448595607281681, 48.923197742290498 ], [ 2.44810824684326, 48.922737749635679 ], [ 2.447783548651472, 48.922439465457629 ], [ 2.447707877965648, 48.922482121601043 ], [ 2.447298488098268, 48.922729032091503 ], [ 2.446875663137164, 48.922945639345819 ], [ 2.446330649064428, 48.923215794982447 ], [ 2.445790126519426, 48.923513183403863 ], [ 2.446598592474748, 48.924078380573896 ], [ 2.44613062779342, 48.924365174500167 ] ] ] } },
{ "type": "Feature", "properties": { "code_qp": "QN09368N", "lib_qp": "Quartier Pasteur" }, "geometry": { "type": "Polygon", "coordinates": [ [ [ 2.466730522441982, 48.943608578616562 ], [ 2.466697880557784, 48.943646097270303 ], [ 2.46653875137232, 48.943723814391888 ], [ 2.46712041444966, 48.94429926614567 ], [ 2.467544796570597, 48.944101275390153 ], [ 2.468174649141139, 48.94364580301135 ], [ 2.468562740118947, 48.943386725124689 ], [ 2.468117389816544, 48.942956318565543 ], [ 2.467453502930771, 48.943266267819837 ], [ 2.466850888750995, 48.942743408043313 ], [ 2.468157973612831, 48.941913746196967 ], [ 2.468411606778153, 48.941745446287499 ], [ 2.469044541156061, 48.94135021879751 ], [ 2.469073944183509, 48.941367480936549 ], [ 2.470248274002732, 48.94217409081827 ], [ 2.471950290538908, 48.94109267093355 ], [ 2.472022470280995, 48.941143597116366 ], [ 2.472489910572524, 48.941465629537639 ], [ 2.47347146639337, 48.9408347995833 ], [ 2.473260249091723, 48.940687113131261 ], [ 2.473689702865514, 48.940410456634893 ], [ 2.473421635323825, 48.940182391408491 ], [ 2.475234744637478, 48.939025228916449 ], [ 2.476134733162341, 48.939748673838608 ], [ 2.47671416262699, 48.939466889872605 ], [ 2.4743508063796, 48.937745274401152 ], [ 2.474054304690362, 48.937807930078499 ], [ 2.473751268683341, 48.937830964290335 ], [ 2.471826064996522, 48.939626371199907 ], [ 2.471289522065882, 48.93988785107878 ], [ 2.470554207706317, 48.940352563241376 ], [ 2.469599414430018, 48.940962209496902 ], [ 2.468996354288325, 48.941318305419436 ], [ 2.467489948805342, 48.94229372719731 ], [ 2.467184879772579, 48.94249544936784 ], [ 2.466812654345039, 48.942717760036686 ], [ 2.466571485152821, 48.942872186591295 ], [ 2.466169057275379, 48.943118730124993 ], [ 2.466216412765869, 48.943169072286388 ], [ 2.466640757260437, 48.943557660398511 ], [ 2.466730522441982, 48.943608578616562 ] ] ] } },
{ "type": "Feature", "properties": { "code_qp": "QN09373N", "lib_qp": "Jaurès-Séverine" }, "geometry": { "type": "Polygon", "coordinates": [ [ [ 2.408347620337958, 48.880472619401182 ], [ 2.408272521378251, 48.880484940851403 ], [ 2.407459190693868, 48.880646844140749 ], [ 2.407455311464695, 48.8806552153317 ], [ 2.407474537076513, 48.880667633799312 ], [ 2.407738490562008, 48.880726943431512 ], [ 2.407815030424623, 48.880877228622488 ], [ 2.407729767559477, 48.880975371370241 ], [ 2.407880636590799, 48.881298683757031 ], [ 2.407744977187744, 48.881398979157915 ], [ 2.407611597309915, 48.881509893572471 ], [ 2.407405486356812, 48.881661173009064 ], [ 2.4072667969932, 48.881730850094897 ], [ 2.407244869227493, 48.881911934111145 ], [ 2.407244869227493, 48.881911934111145 ], [ 2.407136227241638, 48.881910781452362 ], [ 2.407111132245956, 48.882236457350274 ], [ 2.407066962489208, 48.882259894911918 ], [ 2.407042641061615, 48.882400222539367 ], [ 2.406976929346516, 48.882512069854734 ], [ 2.406985684418086, 48.882616960390372 ], [ 2.40715466068121, 48.882673599787012 ], [ 2.407329025747468, 48.882680677643677 ], [ 2.407844850332208, 48.882547891793287 ], [ 2.407944464682632, 48.882576513883933 ], [ 2.408277871809162, 48.882805422855377 ], [ 2.408492846844271, 48.882908554300272 ], [ 2.408195708363886, 48.883645593736929 ], [ 2.407966201924185, 48.884262630080691 ], [ 2.408052116751346, 48.884276896120063 ], [ 2.408308216665557, 48.884313260262324 ], [ 2.40838566710223, 48.884098212718598 ], [ 2.408402272481156, 48.884053866652238 ], [ 2.408451641943115, 48.884057305191376 ], [ 2.408503961173485, 48.884056924755122 ], [ 2.408557299936521, 48.88405207688335 ], [ 2.408742684750884, 48.884021685374002 ], [ 2.408828982358039, 48.884015083374578 ], [ 2.408793334835078, 48.883997656480474 ], [ 2.408677013589293, 48.884003471253642 ], [ 2.408671404287048, 48.883985553752957 ], [ 2.40905834650552, 48.882970058282538 ], [ 2.40908848418588, 48.88293097747632 ], [ 2.409140480507689, 48.882914608599023 ], [ 2.409434118139885, 48.882885923080501 ], [ 2.409547207469308, 48.882849526686115 ], [ 2.409563993755921, 48.882805314011222 ], [ 2.409825144562459, 48.882790826843845 ], [ 2.409889810496029, 48.882769078622687 ], [ 2.409918371445469, 48.882747375883554 ], [ 2.409970390333627, 48.882738943934903 ], [ 2.41025330758147, 48.882715418451184 ], [ 2.41033045254331, 48.882734627962641 ], [ 2.410382257707338, 48.882764595576113 ], [ 2.410600393800725, 48.882723131301915 ], [ 2.410430992743154, 48.882186181991742 ], [ 2.41019411054051, 48.881259744680776 ], [ 2.410040022720907, 48.881065152754751 ], [ 2.409815886596194, 48.880941870343811 ], [ 2.409586855081467, 48.880924996841209 ], [ 2.409393077975426, 48.880951841215669 ], [ 2.409136962339683, 48.881017377521744 ], [ 2.408867687526657, 48.881031444347293 ], [ 2.408572096105937, 48.880942572640159 ], [ 2.408341202919859, 48.880730054517208 ], [ 2.408347620337958, 48.880472619401182 ] ] ] } },
{ "type": "Feature", "properties": { "code_qp": "QN09411M", "lib_qp": "Centre Ville : Defresne - Vilmorin - Robespierre" }, "geometry": { "type": "Polygon", "coordinates": [ [ [ 2.388823705245669, 48.792627226602434 ], [ 2.388752483469769, 48.792898479038229 ], [ 2.388494930438744, 48.793460533998918 ], [ 2.38890131200783, 48.793541448523754 ], [ 2.388864754124242, 48.793685722938505 ], [ 2.388803214273413, 48.793735600047711 ], [ 2.388688033943163, 48.794107064939929 ], [ 2.389115180376995, 48.794209853900192 ], [ 2.388955181430791, 48.794741254490653 ], [ 2.389408781115819, 48.794800779843165 ], [ 2.389373109511768, 48.794978937271509 ], [ 2.390402638901393, 48.795130867030714 ], [ 2.390414237012012, 48.795052473171573 ], [ 2.390510590957015, 48.794701762595508 ], [ 2.390606751058928, 48.794422774206502 ], [ 2.391448892277062, 48.794590181798775 ], [ 2.391567515423112, 48.794323144139227 ], [ 2.392111961427108, 48.794447471079756 ], [ 2.392448281219429, 48.793869436461421 ], [ 2.392940665784129, 48.792925919243821 ], [ 2.391468803052188, 48.792831443871151 ], [ 2.391325785687, 48.792776858845841 ], [ 2.391766591106807, 48.791733247924803 ], [ 2.392576731462506, 48.79190865522002 ], [ 2.393423282620709, 48.792105050694623 ], [ 2.393608791219933, 48.791880278088719 ], [ 2.393828188294951, 48.791667918059922 ], [ 2.394379905939294, 48.791115806057476 ], [ 2.394754062730802, 48.791256270355312 ], [ 2.395153767341782, 48.790541163831143 ], [ 2.393236139569002, 48.790059199401249 ], [ 2.393112874004907, 48.790036536191046 ], [ 2.392528989595915, 48.7898856131484 ], [ 2.392553348012267, 48.789833513172553 ], [ 2.392200451850279, 48.78975738119555 ], [ 2.391903663550653, 48.790229382298982 ], [ 2.391885718211603, 48.790230291738034 ], [ 2.391880196568819, 48.790237567250067 ], [ 2.391923217979335, 48.790382149034272 ], [ 2.391923217979333, 48.79066165931939 ], [ 2.391922430044645, 48.790722239325163 ], [ 2.391436418015358, 48.790999118019108 ], [ 2.391344850531579, 48.791051709330283 ], [ 2.391144538173669, 48.791205993289694 ], [ 2.391046628263328, 48.791176098821083 ], [ 2.39079084253238, 48.791088751378133 ], [ 2.390802374608534, 48.79106646705872 ], [ 2.390751871654988, 48.791047590343993 ], [ 2.391106536941379, 48.790598811864548 ], [ 2.389434999038448, 48.790294616791527 ], [ 2.388808548665139, 48.790205055806382 ], [ 2.38859364007012, 48.79018956965426 ], [ 2.387724272253743, 48.79126613480485 ], [ 2.388256990833212, 48.791452348212182 ], [ 2.38804062329063, 48.791720852834978 ], [ 2.388115225942377, 48.791925981621432 ], [ 2.38879664698068, 48.791799637172652 ], [ 2.388836292025276, 48.79178634893038 ], [ 2.388910310397619, 48.791742655055366 ], [ 2.389056419911452, 48.791704731496587 ], [ 2.389134079220355, 48.791698825489675 ], [ 2.389270017846805, 48.791714813666658 ], [ 2.389472949612153, 48.791747842656726 ], [ 2.389450802032196, 48.792066714373298 ], [ 2.389246625522956, 48.792051886476678 ], [ 2.389235337206935, 48.792534488553812 ], [ 2.389208698393737, 48.792640968281212 ], [ 2.388823705245669, 48.792627226602434 ] ] ] } },
{ "type": "Feature", "properties": { "code_qp": "QN09415I", "lib_qp": "Jardins Parisiens" }, "geometry": { "type": "Polygon", "coordinates": [ [ [ 2.349405476271611, 48.777998270187631 ], [ 2.348705056543961, 48.776808397551221 ], [ 2.348660853818456, 48.776762637938191 ], [ 2.348685771082513, 48.776718355259348 ], [ 2.348663012095165, 48.776674916046218 ], [ 2.348967732890088, 48.776526794817698 ], [ 2.348545063541542, 48.776138815066254 ], [ 2.348126766746669, 48.775752824535338 ], [ 2.348534033314454, 48.775577282620809 ], [ 2.347800820055729, 48.774932683005424 ], [ 2.347359458078403, 48.775080938142942 ], [ 2.346437915459699, 48.775202719367378 ], [ 2.346464386580743, 48.775468667473213 ], [ 2.346573612332449, 48.776284133558029 ], [ 2.346790020675679, 48.778075853395528 ], [ 2.349405476271611, 48.777998270187631 ] ] ] } },
{ "type": "Feature", "properties": { "code_qp": "QN09416I", "lib_qp": "Jardins Parisiens - Stade" }, "geometry": { "type": "Polygon", "coordinates": [ [ [ 2.344996851048632, 48.771922231801113 ], [ 2.344819221417426, 48.771948769149795 ], [ 2.344395946738275, 48.772020514104987 ], [ 2.343726350003736, 48.772145037048126 ], [ 2.342609588859563, 48.772291433418957 ], [ 2.342645539333583, 48.772333358294716 ], [ 2.342675634445243, 48.772415594106086 ], [ 2.343144278780843, 48.773533382513122 ], [ 2.342612210493269, 48.773642195924587 ], [ 2.342806575630711, 48.774214167610033 ], [ 2.342984771934389, 48.774793167460999 ], [ 2.343352127683166, 48.77488028468003 ], [ 2.343455450132521, 48.774911653384322 ], [ 2.342880862727409, 48.775969151966763 ], [ 2.343106491446805, 48.775929077201049 ], [ 2.343891795869553, 48.775703134793794 ], [ 2.344745131784383, 48.775478461592009 ], [ 2.345335781655071, 48.775365674991043 ], [ 2.345544357797432, 48.775335350789945 ], [ 2.345393597735526, 48.774044857691372 ], [ 2.345365108024251, 48.774003483259463 ], [ 2.345176931819529, 48.774010400802986 ], [ 2.345126271399884, 48.773582806052019 ], [ 2.345067138299723, 48.773485625339845 ], [ 2.345160374734859, 48.77330756596092 ], [ 2.345137999768387, 48.7732259074388 ], [ 2.345139760045271, 48.773176064125813 ], [ 2.345069010252911, 48.772939573516474 ], [ 2.345054390910753, 48.772715505733821 ], [ 2.345026055463213, 48.772389148230275 ], [ 2.344996851048632, 48.771922231801113 ] ] ] } },
{ "type": "Feature", "properties": { "code_qp": "QN09421M", "lib_qp": "Les Quatre Cités" }, "geometry": { "type": "Polygon", "coordinates": [ [ [ 2.51411655805827, 48.826196755642513 ], [ 2.514162300692497, 48.826315962096629 ], [ 2.514349350404084, 48.826292318631417 ], [ 2.514992801411942, 48.826250942540291 ], [ 2.515812553500274, 48.826199061540599 ], [ 2.515744795595352, 48.825888253529342 ], [ 2.515719953187812, 48.825568607571284 ], [ 2.515600537137963, 48.825524414895817 ], [ 2.515501580288849, 48.825471238600784 ], [ 2.51451447338947, 48.825605786977405 ], [ 2.514225077966727, 48.824648941032443 ], [ 2.51587667558658, 48.82452869827614 ], [ 2.515885817120338, 48.824488215711554 ], [ 2.515980710779147, 48.824480565719362 ], [ 2.5160388089376, 48.823948888404452 ], [ 2.516118209754157, 48.823148174274493 ], [ 2.516201055807119, 48.822450401136678 ], [ 2.516064441037615, 48.822446941658704 ], [ 2.51592782626811, 48.822464239046298 ], [ 2.515785957084391, 48.822471157999729 ], [ 2.515686123214369, 48.822481536427944 ], [ 2.515575780515922, 48.822516131173359 ], [ 2.515083193042614, 48.822612913020613 ], [ 2.514612550993339, 48.821399562610651 ], [ 2.514241967621226, 48.821420813801161 ], [ 2.512916235493247, 48.821416878396242 ], [ 2.510809480891337, 48.821412108926523 ], [ 2.510950009948864, 48.820850002946578 ], [ 2.511187083256058, 48.819884622125542 ], [ 2.513322653764971, 48.819544015111312 ], [ 2.514737276423296, 48.819309266246876 ], [ 2.514621190103329, 48.819082812683597 ], [ 2.513015927579817, 48.819340981342997 ], [ 2.51309508214984, 48.819554765416122 ], [ 2.511190665121928, 48.819850664852673 ], [ 2.511303312556702, 48.819394290575929 ], [ 2.511618043072688, 48.818042848772677 ], [ 2.511895220492849, 48.816888504737634 ], [ 2.511991782362335, 48.81642637257989 ], [ 2.511901773515961, 48.816411025263363 ], [ 2.511808437031196, 48.816384548073472 ], [ 2.511635463923382, 48.816400888363589 ], [ 2.511462677405616, 48.816455736609711 ], [ 2.511051461307659, 48.816739148908972 ], [ 2.510932468603555, 48.816793531027201 ], [ 2.510829389333737, 48.81706403609688 ], [ 2.510070775512109, 48.817821548674708 ], [ 2.510036002871136, 48.817781643795641 ], [ 2.508938996780453, 48.818899312353516 ], [ 2.508509816653564, 48.819371177911492 ], [ 2.508209808985099, 48.819798270212694 ], [ 2.507855338399967, 48.820339055101989 ], [ 2.507758412763898, 48.820456789862156 ], [ 2.507699219550963, 48.820584533353916 ], [ 2.507728546074515, 48.820742293390559 ], [ 2.507747378908246, 48.820855167754281 ], [ 2.50777844480277, 48.820905750132191 ], [ 2.507784590109805, 48.820968982163045 ], [ 2.508030408444824, 48.821000717495238 ], [ 2.508442515653526, 48.821045146926423 ], [ 2.508794373270314, 48.821084816028211 ], [ 2.509281189972993, 48.821140352717997 ], [ 2.509251778542354, 48.821227623882798 ], [ 2.509231618410521, 48.821304117788593 ], [ 2.509167628375435, 48.821297095845424 ], [ 2.508961237424847, 48.822197645184787 ], [ 2.508589734008762, 48.822159332336675 ], [ 2.50830812797299, 48.823421574713926 ], [ 2.508412372333669, 48.824814335030297 ], [ 2.50847162219298, 48.82483617947571 ], [ 2.50930349021772, 48.824767525472353 ], [ 2.509670839345454, 48.824736319076088 ], [ 2.51002964548063, 48.82471551618476 ], [ 2.509893833149229, 48.825273826752252 ], [ 2.509740794728555, 48.825904780293619 ], [ 2.509922968970464, 48.825929147884949 ], [ 2.509983693717766, 48.825963034047028 ], [ 2.510002778638347, 48.826044513039477 ], [ 2.509925377703687, 48.826441389854701 ], [ 2.509921211356783, 48.826524920800857 ], [ 2.509939719242583, 48.826565804317077 ], [ 2.509980225740382, 48.826608039968505 ], [ 2.5100308547503, 48.826635530566769 ], [ 2.510090962475686, 48.8266600392624 ], [ 2.510186718681131, 48.826680542612799 ], [ 2.510373129185766, 48.826685218757994 ], [ 2.512930142883915, 48.826352694638004 ], [ 2.51411655805827, 48.826196755642513 ] ] ] } },
{ "type": "Feature", "properties": { "code_qp": "QN09433M", "lib_qp": "Centre Ville" }, "geometry": { "type": "Polygon", "coordinates": [ [ [ 2.446820144191709, 48.735979393522101 ], [ 2.446789902674592, 48.736892703070971 ], [ 2.448679045057827, 48.73671224243477 ], [ 2.449356883080831, 48.736661000009725 ], [ 2.449222820690792, 48.735467035537496 ], [ 2.449980591041252, 48.735430950539978 ], [ 2.450346535687246, 48.735413747891961 ], [ 2.450055636191403, 48.735018453828701 ], [ 2.449687267862295, 48.734492386659781 ], [ 2.449412829750456, 48.734082773721774 ], [ 2.449627206717611, 48.734018457607959 ], [ 2.450809495053843, 48.733669958914533 ], [ 2.451101816733726, 48.734008933431397 ], [ 2.451125912533334, 48.734062870302594 ], [ 2.451365687742329, 48.734572967204045 ], [ 2.451429392025951, 48.734722557899815 ], [ 2.451559096359532, 48.734671896647363 ], [ 2.452177802047514, 48.734392283135463 ], [ 2.45262627223451, 48.73418557156262 ], [ 2.452348940538022, 48.733908283078271 ], [ 2.452148373930077, 48.733714891596101 ], [ 2.451771130868064, 48.733364502375231 ], [ 2.452036726833856, 48.733273874771569 ], [ 2.451946220404644, 48.733158926245473 ], [ 2.452003308864225, 48.733142625469895 ], [ 2.451948177165846, 48.733062313788871 ], [ 2.451650053423263, 48.732783491612366 ], [ 2.451496437399543, 48.73268077073611 ], [ 2.451434995890382, 48.732626139027353 ], [ 2.451390188215691, 48.732578069878393 ], [ 2.451300460895503, 48.7324721584001 ], [ 2.45132778460792, 48.732463277404889 ], [ 2.451202303348686, 48.732275563524738 ], [ 2.450811162638138, 48.732406755472169 ], [ 2.451219878773337, 48.732944021193894 ], [ 2.451202961736349, 48.733024001052925 ], [ 2.45116201186329, 48.733050695794418 ], [ 2.450696352836289, 48.733054334467163 ], [ 2.450654137965758, 48.732967885640512 ], [ 2.450549276623414, 48.73281709027362 ], [ 2.450084915352782, 48.732237516146434 ], [ 2.449748998308052, 48.731818704627599 ], [ 2.449304325991145, 48.73198250374417 ], [ 2.449310348295192, 48.731992401999342 ], [ 2.449247298481165, 48.732012197427522 ], [ 2.449255309521217, 48.732019946201916 ], [ 2.448836808785367, 48.732178737499808 ], [ 2.4491607652343, 48.732564378183802 ], [ 2.448229732413149, 48.732555074420404 ], [ 2.448042546109889, 48.732073426877285 ], [ 2.447759632438096, 48.731360613053553 ], [ 2.447601869936069, 48.731076429228153 ], [ 2.447500026973378, 48.73091448456556 ], [ 2.447811781960243, 48.730811534317617 ], [ 2.448699874802965, 48.730518580610763 ], [ 2.448828738704422, 48.730677492025201 ], [ 2.44898726597438, 48.730870336270421 ], [ 2.449578705083197, 48.730664746625543 ], [ 2.449006010179966, 48.730027613994956 ], [ 2.448658099737824, 48.729585618448468 ], [ 2.449230089184044, 48.729363461323196 ], [ 2.449192473595967, 48.729320999504239 ], [ 2.449050757981844, 48.729221419230292 ], [ 2.449007884401286, 48.729148474314471 ], [ 2.449015678597223, 48.729110998094733 ], [ 2.448829582241746, 48.728989437118514 ], [ 2.448506542307954, 48.728743103694015 ], [ 2.448401194825535, 48.728676043627878 ], [ 2.448322694450245, 48.728640597097645 ], [ 2.448253659087581, 48.728614206699298 ], [ 2.448196657297768, 48.728603144456564 ], [ 2.44814778816811, 48.728597521850745 ], [ 2.448139183232453, 48.728527913650971 ], [ 2.448110986939525, 48.728475025473458 ], [ 2.448025092862185, 48.728371206567026 ], [ 2.447946102904277, 48.728254791321191 ], [ 2.447930251844202, 48.728212451307932 ], [ 2.447935923314791, 48.7281890991786 ], [ 2.448009160839669, 48.728077904982449 ], [ 2.448013495936817, 48.728053640026339 ], [ 2.447886405744848, 48.727824513907748 ], [ 2.447829255094736, 48.72772167397833 ], [ 2.44785555086202, 48.7276667550883 ], [ 2.447879085811653, 48.727586804989478 ], [ 2.44793113770238, 48.72752800227147 ], [ 2.447976821906666, 48.72749919219509 ], [ 2.448183727797198, 48.727387065667614 ], [ 2.447892254139253, 48.727056475076147 ], [ 2.447819481489465, 48.727072150219371 ], [ 2.447640564238192, 48.727112352571368 ], [ 2.447607627970721, 48.727092946681864 ], [ 2.447601291150026, 48.727048848124916 ], [ 2.447518567876805, 48.72690006211451 ], [ 2.44748382503633, 48.726842340363987 ], [ 2.447480041662581, 48.726814427442733 ], [ 2.447491132121728, 48.726794689180743 ], [ 2.447410096840016, 48.726743957654392 ], [ 2.447217239358856, 48.726596453120472 ], [ 2.44694252659228, 48.726348735861592 ], [ 2.446827929533074, 48.726259154216848 ], [ 2.446666793586451, 48.726168320535805 ], [ 2.446487238835709, 48.726076780589587 ], [ 2.44621219444301, 48.725990971124851 ], [ 2.446140302052652, 48.725974436690912 ], [ 2.446084643958506, 48.725966973822516 ], [ 2.446003123548559, 48.725963006657693 ], [ 2.446015451205879, 48.72550992101413 ], [ 2.445821559078222, 48.725328491083715 ], [ 2.445324571741777, 48.725464256317323 ], [ 2.445087475342582, 48.725516219734111 ], [ 2.44493194446433, 48.725568562053631 ], [ 2.444862985591954, 48.725659099834488 ], [ 2.444820669931188, 48.725705643649341 ], [ 2.444775710367881, 48.725792186133162 ], [ 2.444740114456631, 48.725887984289962 ], [ 2.444724658474412, 48.725941549977534 ], [ 2.444715484411374, 48.726021880035439 ], [ 2.444712481615811, 48.726076458866508 ], [ 2.444726650720664, 48.726154711865476 ], [ 2.444776743027985, 48.726290595803462 ], [ 2.444834530494535, 48.726386310254284 ], [ 2.445064061128916, 48.726735198883105 ], [ 2.445298216095932, 48.727058333930195 ], [ 2.445597903493538, 48.727459673794336 ], [ 2.445583905137784, 48.727465863512833 ], [ 2.445621361484831, 48.727512168247003 ], [ 2.445635367689543, 48.72751215774958 ], [ 2.445816447322802, 48.727760166203097 ], [ 2.445807123127076, 48.72776635066613 ], [ 2.44588829519073, 48.727879555720754 ], [ 2.445908531207295, 48.727877474808601 ], [ 2.446113016069531, 48.728153265491635 ], [ 2.446487639741699, 48.728653390998943 ], [ 2.446632795009359, 48.728839649989098 ], [ 2.446863417435151, 48.729078954077558 ], [ 2.447010977147315, 48.729143684923542 ], [ 2.447070656204941, 48.729222018804201 ], [ 2.447075901733249, 48.729298099026316 ], [ 2.447053919792058, 48.729374053110128 ], [ 2.447020090904336, 48.729425934643352 ], [ 2.4470513195993, 48.72955756491973 ], [ 2.446936058949126, 48.72964745841454 ], [ 2.446924304957984, 48.729757484849564 ], [ 2.446935674154966, 48.730078691872457 ], [ 2.446907993469816, 48.730510290847995 ], [ 2.446861926865908, 48.731023331721168 ], [ 2.446857464969161, 48.731134223084055 ], [ 2.44682861453513, 48.732306296027986 ], [ 2.446791610418063, 48.733006404247583 ], [ 2.446846347765808, 48.733115394920318 ], [ 2.446839018407825, 48.734117927622513 ], [ 2.446828771863564, 48.735294962328943 ], [ 2.446820144191709, 48.735979393522101 ] ] ] } },
{ "type": "Feature", "properties": { "code_qp": "QN09435I", "lib_qp": "HBM - Les Tours" }, "geometry": { "type": "Polygon", "coordinates": [ [ [ 2.457394730639448, 48.744267770991115 ], [ 2.457887230472101, 48.745193209964839 ], [ 2.458383076715002, 48.746141034750288 ], [ 2.458346822822214, 48.746192720866013 ], [ 2.459076344304514, 48.745934493741551 ], [ 2.459153265364866, 48.746046789231997 ], [ 2.459253055930255, 48.746154055307009 ], [ 2.459318839957468, 48.74622063922935 ], [ 2.459437182949431, 48.746313024091791 ], [ 2.459545123596456, 48.746378278060504 ], [ 2.459619588166561, 48.746409231435216 ], [ 2.459694101558766, 48.746435474777961 ], [ 2.459809591163576, 48.746459548364747 ], [ 2.459857225848563, 48.746463661000973 ], [ 2.459971956006367, 48.746463165412713 ], [ 2.460077029979369, 48.746454239769342 ], [ 2.460182103306769, 48.746431164207124 ], [ 2.460222807889465, 48.746416043540407 ], [ 2.460534178447034, 48.7463165186061 ], [ 2.460833173069118, 48.746204524866634 ], [ 2.460262520001125, 48.745532311049963 ], [ 2.459694674500991, 48.74489582800728 ], [ 2.459448372142021, 48.744608567754042 ], [ 2.45939727547594, 48.744556524063313 ], [ 2.459360775998376, 48.744470397401194 ], [ 2.459247753482291, 48.743864622974591 ], [ 2.45912090786678, 48.7434333579465 ], [ 2.459008078317488, 48.743174667901691 ], [ 2.458805911399384, 48.742870500264495 ], [ 2.458622416844689, 48.742701208257522 ], [ 2.458540445662966, 48.74262557561525 ], [ 2.458499864490003, 48.742500762589692 ], [ 2.458071442332982, 48.741983444226676 ], [ 2.457825553821343, 48.741658499874973 ], [ 2.457665841038819, 48.741436393841084 ], [ 2.457462942410864, 48.741086915151818 ], [ 2.457307931503845, 48.740755317054521 ], [ 2.456868969364461, 48.740849880544879 ], [ 2.456376522392543, 48.74095126423213 ], [ 2.456091240588976, 48.740403158352137 ], [ 2.455056273177714, 48.740702668310909 ], [ 2.454805074598529, 48.739940981496694 ], [ 2.454783583793842, 48.739869016702364 ], [ 2.454684312523374, 48.739648457148313 ], [ 2.452581797112041, 48.740205511220907 ], [ 2.452506921743735, 48.740515548185805 ], [ 2.452378962065418, 48.740960666949285 ], [ 2.452268172270144, 48.741338743427093 ], [ 2.453997932959552, 48.741416142718784 ], [ 2.455121774925114, 48.741463669251793 ], [ 2.45510194801092, 48.742041464637339 ], [ 2.456349139756313, 48.742042440196613 ], [ 2.456412999990975, 48.742236144552905 ], [ 2.456622929627267, 48.742589168493275 ], [ 2.456612471800609, 48.742786382297631 ], [ 2.45693904901821, 48.743399019268466 ], [ 2.457257248006718, 48.743995793847496 ], [ 2.457323139917199, 48.744132026921889 ], [ 2.457394730639448, 48.744267770991115 ] ] ] } },
{ "type": "Feature", "properties": { "code_qp": "QN09201M", "lib_qp": "Université I" }, "geometry": { "type": "Polygon", "coordinates": [ [ [ 2.216818449014771, 48.900357360295871 ], [ 2.216741381236337, 48.900406818325706 ], [ 2.216660869299861, 48.900454652621015 ], [ 2.216662354624959, 48.900657193100237 ], [ 2.218092204384513, 48.900657501311358 ], [ 2.218496339608631, 48.900667668423559 ], [ 2.218489035054011, 48.900545645129313 ], [ 2.218439128712486, 48.900522731383994 ], [ 2.218478549959876, 48.899722617317813 ], [ 2.218483549702758, 48.899085288927438 ], [ 2.218663835846456, 48.899095500498966 ], [ 2.218654532773854, 48.899650678092499 ], [ 2.21898659761112, 48.899657037803749 ], [ 2.218975178636188, 48.898895744172712 ], [ 2.218678170190659, 48.898901336249544 ], [ 2.218657413775187, 48.899066846994174 ], [ 2.218358482229041, 48.899048331751302 ], [ 2.218198818501989, 48.899033736718863 ], [ 2.218049207698497, 48.899063865869415 ], [ 2.217579856991745, 48.899184799634014 ], [ 2.217579868363579, 48.899639950062586 ], [ 2.217113647296423, 48.899657985560012 ], [ 2.217114279749028, 48.900223445063872 ], [ 2.216876847989087, 48.900215869289404 ], [ 2.216863865675025, 48.900319689619792 ], [ 2.216818449014771, 48.900357360295871 ] ] ] } },
{ "type": "Feature", "properties": { "code_qp": "QN09211M", "lib_qp": "Agnettes" }, "geometry": { "type": "Polygon", "coordinates": [ [ [ 2.294845156960077, 48.921930853907824 ], [ 2.294907765676092, 48.921426689690854 ], [ 2.294952933474701, 48.921113992371644 ], [ 2.294977045993812, 48.920978056976871 ], [ 2.295010619885662, 48.920814934267767 ], [ 2.295027091116219, 48.920732794739294 ], [ 2.294765036650585, 48.920719768375122 ], [ 2.293270640145638, 48.919898626460245 ], [ 2.292121792156985, 48.919269553791771 ], [ 2.291532810445441, 48.918944685749636 ], [ 2.291416178494701, 48.918973084980209 ], [ 2.291120657759531, 48.919115761808868 ], [ 2.290842212796596, 48.919345077371766 ], [ 2.290600106501667, 48.919235306545374 ], [ 2.290002327603458, 48.919560129183679 ], [ 2.289981748723899, 48.919553192295155 ], [ 2.288927921328584, 48.920420306711186 ], [ 2.287752378370008, 48.921416122993655 ], [ 2.288401781416149, 48.921756377736955 ], [ 2.288618013775464, 48.921808268773653 ], [ 2.288641776353579, 48.921895706977551 ], [ 2.288375082628218, 48.922143305900541 ], [ 2.287493895954277, 48.921721144625756 ], [ 2.287403491930282, 48.921810949293544 ], [ 2.287353725495535, 48.922970094050399 ], [ 2.287400713823491, 48.923043753631525 ], [ 2.287362993597114, 48.923098809715547 ], [ 2.287180924799453, 48.923251200081573 ], [ 2.28752222678337, 48.923427158655173 ], [ 2.287990474208495, 48.923716772756762 ], [ 2.288984325499332, 48.924290130319157 ], [ 2.289571399545447, 48.924642221800809 ], [ 2.290459753921165, 48.924579166149897 ], [ 2.291290802252298, 48.924600215239302 ], [ 2.293096376473394, 48.924609931879161 ], [ 2.293096406644986, 48.923901119296829 ], [ 2.29312773188395, 48.923843837563737 ], [ 2.293501741223444, 48.923117852821363 ], [ 2.293771526908819, 48.922596291951095 ], [ 2.293832252430776, 48.922545373407971 ], [ 2.293969247790038, 48.92250661319428 ], [ 2.294403278458459, 48.922502889170396 ], [ 2.294816613383634, 48.92251521303713 ], [ 2.294845156960077, 48.921930853907824 ] ] ] } },
{ "type": "Feature", "properties": { "code_qp": "QN09217M", "lib_qp": "Audra - Musiciens" }, "geometry": { "type": "Polygon", "coordinates": [ [ [ 2.247176998838011, 48.926680988360168 ], [ 2.247026474418481, 48.927283015200167 ], [ 2.246830463205522, 48.928117895465313 ], [ 2.247879604353592, 48.928197752326582 ], [ 2.248554509177504, 48.928243985187784 ], [ 2.249194229389742, 48.928311232909529 ], [ 2.249693211155289, 48.928380582027756 ], [ 2.250457676808912, 48.928473047368925 ], [ 2.251116588627518, 48.92856130958026 ], [ 2.25122853966466, 48.92821666577494 ], [ 2.251250929872089, 48.92805485048472 ], [ 2.251659941327265, 48.928042262002755 ], [ 2.252002963625658, 48.928011133034907 ], [ 2.25215070782144, 48.927987773990445 ], [ 2.251985909081113, 48.927678293525801 ], [ 2.251818538578925, 48.927662820234588 ], [ 2.251740643842778, 48.927464269556403 ], [ 2.251704947550508, 48.927271340355652 ], [ 2.251562264872439, 48.926665167592354 ], [ 2.250557484845582, 48.926704601097455 ], [ 2.250606556159959, 48.927263715519764 ], [ 2.248553568963283, 48.927249601845205 ], [ 2.24840300036822, 48.927091541988865 ], [ 2.248395367260935, 48.926138731633948 ], [ 2.247327080266245, 48.926158589874355 ], [ 2.247226255119791, 48.926657129895396 ], [ 2.247176998838011, 48.926680988360168 ] ] ] } },
{ "type": "Feature", "properties": { "code_qp": "QN09324I", "lib_qp": "Quatre Chemins" }, "geometry": { "type": "Polygon", "coordinates": [ [ [ 2.398944267305446, 48.906959264050521 ], [ 2.398505533151604, 48.906658764619841 ], [ 2.398367232743718, 48.906561960972802 ], [ 2.397805542329345, 48.906046412790701 ], [ 2.401047305769755, 48.904716311416536 ], [ 2.398168656599263, 48.902606307821372 ], [ 2.397753892475496, 48.902297905560793 ], [ 2.398013214339189, 48.90218918846444 ], [ 2.397827034290489, 48.902006549082664 ], [ 2.397093085080453, 48.901466291587369 ], [ 2.397990555472027, 48.901021944069939 ], [ 2.397260836349513, 48.900411995240752 ], [ 2.397392406564642, 48.899418233533183 ], [ 2.39678171605779, 48.899371082543098 ], [ 2.396986235281136, 48.899147231324385 ], [ 2.394016455983231, 48.899327513861259 ], [ 2.392817058712155, 48.900048539363958 ], [ 2.391432622589526, 48.900831451544427 ], [ 2.38947452237086, 48.901149296298257 ], [ 2.39028565774925, 48.901925690233249 ], [ 2.392130879170658, 48.903551566317645 ], [ 2.393187434363299, 48.904605159761175 ], [ 2.393547198808334, 48.904939144879947 ], [ 2.393719644745708, 48.905115426068328 ], [ 2.394406935882867, 48.905724127864808 ], [ 2.397309131951735, 48.908389027374298 ], [ 2.398136880123798, 48.909130615217144 ], [ 2.398537273971466, 48.909525032132869 ], [ 2.400754128967383, 48.908433228447386 ], [ 2.400581602736522, 48.908274018590056 ], [ 2.400457683007148, 48.908343142682 ], [ 2.400191009465013, 48.908172884853656 ], [ 2.399818772650664, 48.907893782736835 ], [ 2.40005650784572, 48.907758144468325 ], [ 2.399137232781759, 48.907102061221053 ], [ 2.398944267305446, 48.906959264050521 ] ] ] } },
{ "type": "Feature", "properties": { "code_qp": "QN09346M", "lib_qp": "Pasteur - Arago - Zola" }, "geometry": { "type": "Polygon", "coordinates": [ [ [ 2.326352047562536, 48.901521960136854 ], [ 2.326167553837444, 48.901498733244907 ], [ 2.326063039953369, 48.901532132851429 ], [ 2.325681631778086, 48.901706594928271 ], [ 2.325622392515494, 48.901734485164269 ], [ 2.325370112872287, 48.9018233693089 ], [ 2.324731921761983, 48.902163741197548 ], [ 2.323874746877794, 48.902642285600635 ], [ 2.323739800738431, 48.902687584776999 ], [ 2.323844709626661, 48.90291949444493 ], [ 2.323981916338725, 48.903224199035144 ], [ 2.324167200218136, 48.903634200791309 ], [ 2.324196778660208, 48.903711496461057 ], [ 2.324239023270279, 48.903771097105675 ], [ 2.324540844453674, 48.904184865125607 ], [ 2.324737833244333, 48.904457597313225 ], [ 2.325972919212774, 48.903791390361008 ], [ 2.326506198190128, 48.903502273834086 ], [ 2.3267696834407, 48.9033539286633 ], [ 2.3267661190086, 48.903346673546949 ], [ 2.327024065086863, 48.903202215671577 ], [ 2.327168903442234, 48.903371722689002 ], [ 2.328721603079309, 48.904507141404835 ], [ 2.329714113093447, 48.903236645066499 ], [ 2.329933407634702, 48.902957459962984 ], [ 2.330340761299794, 48.902382138751243 ], [ 2.329830554119123, 48.901947290066488 ], [ 2.330014245770266, 48.901840100665815 ], [ 2.330395457279691, 48.901783243874121 ], [ 2.330147433462875, 48.901053468446236 ], [ 2.329865863473962, 48.901051542192675 ], [ 2.329150260187925, 48.901443707142576 ], [ 2.32908428868857, 48.901471898108127 ], [ 2.329036556411083, 48.901482643748658 ], [ 2.328965507701486, 48.901489449231597 ], [ 2.327614013813931, 48.901462989322397 ], [ 2.327551332849393, 48.901458142629586 ], [ 2.327496991801665, 48.901442545533662 ], [ 2.327410300027022, 48.901394396730858 ], [ 2.327279305072217, 48.901291138890507 ], [ 2.32715246899249, 48.90118340407512 ], [ 2.327083301344977, 48.901154239128587 ], [ 2.326379416989202, 48.901494073403775 ], [ 2.326352047562536, 48.901521960136854 ] ] ] } },
{ "type": "Feature", "properties": { "code_qp": "QN09353M", "lib_qp": "Duclos-Sausset" }, "geometry": { "type": "Polygon", "coordinates": [ [ [ 2.502841375180574, 48.954482508246556 ], [ 2.501995799302839, 48.953899612563035 ], [ 2.501916912974026, 48.953812031365587 ], [ 2.502475486739718, 48.953445510891619 ], [ 2.502624520850583, 48.953101209654236 ], [ 2.502631312747798, 48.952917099844214 ], [ 2.502569766449152, 48.952373581977447 ], [ 2.502519594606063, 48.952316283394033 ], [ 2.50243674206446, 48.952272775103864 ], [ 2.50151490982815, 48.952005459098253 ], [ 2.500105435903028, 48.951474418791882 ], [ 2.499269922879243, 48.951178692126874 ], [ 2.498901118008734, 48.951053042393134 ], [ 2.497705540405619, 48.950578630231711 ], [ 2.497454501142741, 48.950558699101734 ], [ 2.497240065003175, 48.950565888009073 ], [ 2.496531412435998, 48.950710396683867 ], [ 2.496292600655652, 48.950695888460103 ], [ 2.496116857662368, 48.950654699368158 ], [ 2.495906987588481, 48.950613344946092 ], [ 2.495734774958616, 48.950490313918031 ], [ 2.495538213048734, 48.95034561406915 ], [ 2.495312748843744, 48.950081177738419 ], [ 2.494837647157994, 48.949657426257851 ], [ 2.493858891152756, 48.948933884069461 ], [ 2.493209080328302, 48.948503992272563 ], [ 2.493163130129548, 48.94845793016723 ], [ 2.493162360848252, 48.948409938598857 ], [ 2.493029670722576, 48.948281102943255 ], [ 2.492912067985023, 48.948160105978197 ], [ 2.492482515110218, 48.947408317911759 ], [ 2.492381342889383, 48.947281994282335 ], [ 2.492242625947661, 48.947224736951846 ], [ 2.490912571566224, 48.948090488981812 ], [ 2.489766856615019, 48.948808626528368 ], [ 2.488984580174888, 48.949310864825314 ], [ 2.487642230150812, 48.950216657036137 ], [ 2.488947377523615, 48.951059606581744 ], [ 2.491426577714353, 48.951073034268227 ], [ 2.490493056575491, 48.952842615390821 ], [ 2.490525013464437, 48.952940547389701 ], [ 2.492855319698796, 48.954441700109179 ], [ 2.492878869249536, 48.954506055355402 ], [ 2.493096533709048, 48.954447619309512 ], [ 2.493145696434687, 48.954448733600621 ], [ 2.493206931256242, 48.95446877254281 ], [ 2.494249041889628, 48.955145830745806 ], [ 2.494266593748521, 48.955167476184165 ], [ 2.494267403233302, 48.955223242593782 ], [ 2.49420957261413, 48.955274245573058 ], [ 2.493637918113026, 48.955643235257369 ], [ 2.493431541299053, 48.955776318751667 ], [ 2.493256773489702, 48.955662111913597 ], [ 2.493255587329682, 48.955643427517465 ], [ 2.493038682013805, 48.955486519938148 ], [ 2.492924195605569, 48.955566030205318 ], [ 2.492156739615792, 48.956070862566428 ], [ 2.492958136210731, 48.956599857599315 ], [ 2.491253750124426, 48.95773650337599 ], [ 2.492234078075705, 48.958308986674055 ], [ 2.492590013258722, 48.958499337061475 ], [ 2.492757465532418, 48.958550407443511 ], [ 2.492834973942129, 48.958587597574301 ], [ 2.492921767206158, 48.958647320890655 ], [ 2.492994839539588, 48.958715975080828 ], [ 2.493233687517737, 48.958588382252863 ], [ 2.494613660940874, 48.957671570179741 ], [ 2.49638584239414, 48.958830972687295 ], [ 2.498153367312653, 48.957653168340656 ], [ 2.498761202000905, 48.957257779258896 ], [ 2.49899144651099, 48.957406983871252 ], [ 2.499213984400007, 48.95727183269895 ], [ 2.499824191721458, 48.956866120990405 ], [ 2.499996007507399, 48.956749026014371 ], [ 2.50011821525385, 48.956679388165696 ], [ 2.500148354151154, 48.956668717338474 ], [ 2.500235781659617, 48.956666394792641 ], [ 2.50029831133314, 48.956696330863942 ], [ 2.501329577499022, 48.957379555360987 ], [ 2.501625410104397, 48.957571431116477 ], [ 2.501666151192795, 48.957594979290747 ], [ 2.501707021523552, 48.957605044549844 ], [ 2.501747987177714, 48.957604308333423 ], [ 2.501794510966675, 48.957596413742202 ], [ 2.501835614365315, 48.957581298971924 ], [ 2.501957924854201, 48.957500879454976 ], [ 2.502947317010825, 48.958138042640606 ], [ 2.504589322660405, 48.957052322623923 ], [ 2.503360073501136, 48.956273927901044 ], [ 2.50306113659867, 48.956082711686747 ], [ 2.503313686740408, 48.955918569750096 ], [ 2.502842958766854, 48.955610984965865 ], [ 2.502997218526457, 48.955511168079518 ], [ 2.502133087595323, 48.954947665765495 ], [ 2.502841375180574, 48.954482508246556 ] ] ] } },
{ "type": "Feature", "properties": { "code_qp": "QN09354M", "lib_qp": "Balagny" }, "geometry": { "type": "Polygon", "coordinates": [ [ [ 2.479165002817717, 48.945057049547898 ], [ 2.481109686260912, 48.946334226546789 ], [ 2.481665997712897, 48.945870552843537 ], [ 2.481816364622692, 48.945739165579639 ], [ 2.481722031932431, 48.945674175530989 ], [ 2.48262681440782, 48.94487229144903 ], [ 2.483045093954139, 48.944503375428667 ], [ 2.483540253910631, 48.944069334602744 ], [ 2.483993942660052, 48.943670097395859 ], [ 2.484400110106674, 48.94331128091946 ], [ 2.483703921040632, 48.94314877947324 ], [ 2.483270874823236, 48.94307478833457 ], [ 2.482883791108376, 48.943056862944296 ], [ 2.482217721444587, 48.943147950382809 ], [ 2.481320508578452, 48.943748841584707 ], [ 2.481172486897469, 48.943817323257839 ], [ 2.481169823056788, 48.943876772073182 ], [ 2.481110575362566, 48.943996475131485 ], [ 2.480715350546925, 48.944276057355815 ], [ 2.480637272671873, 48.944366347384239 ], [ 2.480642100763203, 48.944428839432064 ], [ 2.480479377663811, 48.944599493353159 ], [ 2.479734072712056, 48.944859771704238 ], [ 2.479165002817717, 48.945057049547898 ] ] ] } },
{ "type": "Feature", "properties": { "code_qp": "QN09359M", "lib_qp": "Val Coteau" }, "geometry": { "type": "Polygon", "coordinates": [ [ [ 2.531847403299021, 48.864428765275605 ], [ 2.531535997359839, 48.864414754067198 ], [ 2.531384527177948, 48.864433047018466 ], [ 2.531324482294137, 48.864441801603874 ], [ 2.531099074325937, 48.864495785039864 ], [ 2.530898015339448, 48.864573222695967 ], [ 2.530751367318989, 48.864658994309231 ], [ 2.530682698237487, 48.864718064660217 ], [ 2.530633084331745, 48.864775445214896 ], [ 2.530576204302291, 48.864885834340249 ], [ 2.53042168863095, 48.865395148235976 ], [ 2.530507376888151, 48.865415271452299 ], [ 2.531600659365461, 48.865560751674373 ], [ 2.531403855019527, 48.866154381925021 ], [ 2.530153659407295, 48.866015622206582 ], [ 2.530112500704015, 48.866293141258787 ], [ 2.529134981501036, 48.866194994452776 ], [ 2.52906295377029, 48.86655712136784 ], [ 2.530154215682849, 48.866748096005402 ], [ 2.530689278825534, 48.866869932044203 ], [ 2.529992491609379, 48.868476492222882 ], [ 2.530646100789491, 48.868587443691652 ], [ 2.530700857066229, 48.868591527321243 ], [ 2.531152568228497, 48.867581523916975 ], [ 2.53132234774982, 48.867087379508661 ], [ 2.532213111637562, 48.867340213307209 ], [ 2.532627779022577, 48.867471686542601 ], [ 2.53257143628907, 48.867608945081095 ], [ 2.532443962971762, 48.867995886686153 ], [ 2.532156644996599, 48.868899980300284 ], [ 2.532500888592027, 48.86894494258771 ], [ 2.533342964651329, 48.868573452942996 ], [ 2.533485723963886, 48.868594460786348 ], [ 2.533631559731064, 48.868594018675644 ], [ 2.533498829389129, 48.869047506719276 ], [ 2.533375609706292, 48.869428833611764 ], [ 2.533214751782401, 48.869956475884024 ], [ 2.534148336227767, 48.869608530025616 ], [ 2.533968549204025, 48.870751582133686 ], [ 2.534191398115272, 48.87085991976911 ], [ 2.534592702299344, 48.871052643546598 ], [ 2.534438127160477, 48.871196621670215 ], [ 2.534389303985769, 48.871263466533399 ], [ 2.534110537319036, 48.871235113463008 ], [ 2.533996704308939, 48.871243408416575 ], [ 2.533828737051043, 48.871210060327279 ], [ 2.533670847121025, 48.871326591344619 ], [ 2.533644485128979, 48.871600521812852 ], [ 2.533389393423608, 48.871919685337879 ], [ 2.532876090472858, 48.872607462943172 ], [ 2.532751789971416, 48.87278684612 ], [ 2.534014028759859, 48.874180313801027 ], [ 2.534060151355986, 48.874207462213043 ], [ 2.535055902525687, 48.874305773536058 ], [ 2.535291345410926, 48.874349849842226 ], [ 2.535477309335986, 48.873525900199148 ], [ 2.536008760645087, 48.873582174337464 ], [ 2.536261846187304, 48.873061925809466 ], [ 2.536035231665682, 48.872881815182708 ], [ 2.536339776565086, 48.872530779146736 ], [ 2.534834661120078, 48.871923899665205 ], [ 2.533768900338517, 48.871495957355215 ], [ 2.533972987607277, 48.87129500926271 ], [ 2.534006867260395, 48.871271919891832 ], [ 2.534410757697523, 48.871436225067434 ], [ 2.534993865756093, 48.871299249333859 ], [ 2.53510230129671, 48.871244658852149 ], [ 2.535630445571609, 48.87072509338897 ], [ 2.535892930923347, 48.870756339533663 ], [ 2.536708462779175, 48.870800276040548 ], [ 2.537047586014996, 48.870990867956465 ], [ 2.53702949478854, 48.871088509679034 ], [ 2.538102523380157, 48.871475832585496 ], [ 2.538768382586967, 48.870438891274347 ], [ 2.536831410963177, 48.869734265169619 ], [ 2.536507823160752, 48.869614565405989 ], [ 2.536897825603176, 48.869048160370177 ], [ 2.536758962415862, 48.869069032995164 ], [ 2.536467685643449, 48.869092901390239 ], [ 2.536083155945861, 48.869144812289548 ], [ 2.535943474138878, 48.869164722139715 ], [ 2.53570541309216, 48.869208110125655 ], [ 2.535049691913633, 48.869348724011111 ], [ 2.534596425570492, 48.869190168975912 ], [ 2.533692298016377, 48.868990090075513 ], [ 2.533647408614421, 48.869002413217707 ], [ 2.533777746792619, 48.868589699449707 ], [ 2.533668709329497, 48.868546885978411 ], [ 2.53387454509719, 48.867828738468177 ], [ 2.533949259481973, 48.867552038323211 ], [ 2.534068171702454, 48.867236944117856 ], [ 2.534459601089856, 48.865971213829084 ], [ 2.534693655634435, 48.865255344234605 ], [ 2.538434499289289, 48.865791360109981 ], [ 2.538307535680529, 48.866412813141942 ], [ 2.538938412335158, 48.866464330519477 ], [ 2.539032445270741, 48.866432485953425 ], [ 2.539086343919038, 48.866374747987571 ], [ 2.539098670210545, 48.866344118402885 ], [ 2.539231123125795, 48.86636167119979 ], [ 2.540187512073691, 48.866491466033018 ], [ 2.540238917834864, 48.866325780211952 ], [ 2.540310660362578, 48.866197382587664 ], [ 2.540242156567857, 48.866153944344951 ], [ 2.540204681091063, 48.86610721670381 ], [ 2.540210318751276, 48.866053837557345 ], [ 2.539240160888935, 48.865923989818249 ], [ 2.539352469856246, 48.865882383186729 ], [ 2.539446334086766, 48.86582201217545 ], [ 2.540703609640884, 48.864308558167238 ], [ 2.535833740385635, 48.863525125293798 ], [ 2.536270160186976, 48.862173039247864 ], [ 2.535945575323665, 48.862129347008704 ], [ 2.535182139098485, 48.862050300801428 ], [ 2.535096474149458, 48.86237015507794 ], [ 2.534410728223818, 48.862289150552385 ], [ 2.534345171485379, 48.862232027357464 ], [ 2.534407177956391, 48.862074192792299 ], [ 2.533647514845932, 48.861972321010569 ], [ 2.531592880023628, 48.861708295889777 ], [ 2.531706636171032, 48.861505362593199 ], [ 2.530280162377225, 48.861385016748272 ], [ 2.530233219580211, 48.861625705377399 ], [ 2.528904250619479, 48.861577306002104 ], [ 2.528955362492952, 48.861257100746329 ], [ 2.527700303954394, 48.861224885544118 ], [ 2.526686227558355, 48.861203836246503 ], [ 2.526600982459631, 48.861962476059908 ], [ 2.528505786869338, 48.862032486271836 ], [ 2.529481647644945, 48.862092000366843 ], [ 2.530188183830065, 48.862132270437172 ], [ 2.530157427379387, 48.862644876642882 ], [ 2.533344557990254, 48.863108678187565 ], [ 2.53400674976959, 48.863199029139182 ], [ 2.533618201086719, 48.864377733227848 ], [ 2.531949157464911, 48.864124664370891 ], [ 2.531847403299021, 48.864428765275605 ] ] ] } },
{ "type": "Feature", "properties": { "code_qp": "QN09406I", "lib_qp": "Les Bleuets" }, "geometry": { "type": "Polygon", "coordinates": [ [ [ 2.453776053872272, 48.803693522042337 ], [ 2.454008450592724, 48.803824731941006 ], [ 2.453901252175746, 48.803902143361512 ], [ 2.453839658963124, 48.803908887951273 ], [ 2.454004711823421, 48.804003964028979 ], [ 2.454004758873751, 48.803956546887648 ], [ 2.454093313512858, 48.80389411133185 ], [ 2.454229145279308, 48.803969675505712 ], [ 2.454367411755463, 48.804056326374216 ], [ 2.454705087376118, 48.803802255942998 ], [ 2.455280759406473, 48.804134258929032 ], [ 2.455788211999807, 48.803756997417459 ], [ 2.456131166612692, 48.803959717929295 ], [ 2.456571654898092, 48.803807325194526 ], [ 2.456715077036364, 48.803887044665068 ], [ 2.456655905611273, 48.803946664641991 ], [ 2.45684201239846, 48.80403985671466 ], [ 2.456905841900558, 48.803990921625221 ], [ 2.457267390222219, 48.804190192618847 ], [ 2.457212648970314, 48.804237183319898 ], [ 2.457339191764624, 48.804304672031712 ], [ 2.457822965249925, 48.803960893915686 ], [ 2.458577637038545, 48.804361045403766 ], [ 2.458950749292274, 48.804097684491161 ], [ 2.459160671598962, 48.803894756653214 ], [ 2.459591901896036, 48.803452364293356 ], [ 2.459881978920533, 48.803189860643641 ], [ 2.460469113910621, 48.802723583668481 ], [ 2.460381201423422, 48.8026688189982 ], [ 2.459681765849223, 48.802256538010305 ], [ 2.45905049177612, 48.80274643089286 ], [ 2.458592906709784, 48.803087526795267 ], [ 2.458513116774542, 48.803043671116789 ], [ 2.458471920391279, 48.803047564101362 ], [ 2.458421238568001, 48.803034253829651 ], [ 2.458169279999644, 48.802909887250145 ], [ 2.457935108229083, 48.802777511710907 ], [ 2.457908161274251, 48.802751303736862 ], [ 2.457889458974682, 48.802717038679795 ], [ 2.457876887913116, 48.80248585220545 ], [ 2.457906413620103, 48.802421122426672 ], [ 2.457709243524274, 48.802300266771567 ], [ 2.457658899457245, 48.802271732378394 ], [ 2.457498453755893, 48.802276549876623 ], [ 2.457237091723699, 48.802280802874023 ], [ 2.456609407592159, 48.802292898876289 ], [ 2.456608712699678, 48.802267856817437 ], [ 2.45660448127963, 48.802158065742482 ], [ 2.456035528455357, 48.80215966545326 ], [ 2.456033205061186, 48.802240328025086 ], [ 2.455737165777128, 48.802238980442681 ], [ 2.455629734885004, 48.802316987799799 ], [ 2.455287791996317, 48.802570918554039 ], [ 2.4552830160797, 48.802614439645915 ], [ 2.455257853876605, 48.802659173740118 ], [ 2.454569365231351, 48.803172536804652 ], [ 2.454229105389027, 48.803426196855419 ], [ 2.453978496424448, 48.80359663343895 ], [ 2.453776053872272, 48.803693522042337 ] ] ] } },
{ "type": "Feature", "properties": { "code_qp": "QN09414M", "lib_qp": "Chaperon Vert" }, "geometry": { "type": "Polygon", "coordinates": [ [ [ 2.339262937419094, 48.812195166770486 ], [ 2.338860426621165, 48.811865249456773 ], [ 2.338635917969258, 48.811704616283166 ], [ 2.338294473448225, 48.811477057744384 ], [ 2.338185059311646, 48.811415524119369 ], [ 2.33800136864349, 48.811285532747931 ], [ 2.337578267304978, 48.810974334890091 ], [ 2.337552353034015, 48.810976625513781 ], [ 2.337407366516313, 48.811009576121393 ], [ 2.337254573788102, 48.811041495749983 ], [ 2.337192211874512, 48.81104767419577 ], [ 2.337161035031409, 48.811050760731149 ], [ 2.33706593558794, 48.811060033174108 ], [ 2.336950563804304, 48.811061060833644 ], [ 2.3366868359434, 48.811049636246096 ], [ 2.336065244551818, 48.810991817764652 ], [ 2.335458552379622, 48.810934391848086 ], [ 2.335354095268888, 48.810927184466024 ], [ 2.335143628792068, 48.810912766191379 ], [ 2.334618174506626, 48.810868012167631 ], [ 2.334536970290641, 48.810924697512647 ], [ 2.334137243755259, 48.811111540567225 ], [ 2.334157069789486, 48.811161057358859 ], [ 2.333891625444873, 48.811303209889957 ], [ 2.334270031356739, 48.812112994258861 ], [ 2.333887176321497, 48.812108347905507 ], [ 2.33359275914267, 48.811465993526213 ], [ 2.332520858380889, 48.811969694560133 ], [ 2.332415376110754, 48.812018511718243 ], [ 2.332479033545332, 48.812157077262526 ], [ 2.332483763639116, 48.812167009253841 ], [ 2.332466317205601, 48.812167126167878 ], [ 2.332786391914235, 48.812858490089354 ], [ 2.333420862770332, 48.812735028633803 ], [ 2.333138055089102, 48.812124533843722 ], [ 2.334674738051087, 48.812130137938368 ], [ 2.334759124408884, 48.812322514279941 ], [ 2.334261028294575, 48.812547859261173 ], [ 2.334432598739565, 48.812945645274141 ], [ 2.332152679134386, 48.813399513527514 ], [ 2.332161241794694, 48.813401082031142 ], [ 2.332743770168124, 48.814645735153803 ], [ 2.333100104013574, 48.815400673631451 ], [ 2.333512211852221, 48.816275979958355 ], [ 2.334030511129257, 48.816182586242192 ], [ 2.333953047249813, 48.815990795130141 ], [ 2.334433335658544, 48.815896241108526 ], [ 2.334374735025653, 48.815726170494401 ], [ 2.334251617746476, 48.815745066344391 ], [ 2.334171992305652, 48.815756035095546 ], [ 2.333994835997978, 48.815381442058239 ], [ 2.333843914462817, 48.815401252889323 ], [ 2.333445066409602, 48.814578597485855 ], [ 2.333835743495569, 48.814483149012048 ], [ 2.333991025864432, 48.814473336456615 ], [ 2.334369611697805, 48.814537366892623 ], [ 2.334509601598347, 48.81458762715129 ], [ 2.334778629960407, 48.814557840120202 ], [ 2.334971342306438, 48.814564348380479 ], [ 2.335630086369737, 48.814438688028716 ], [ 2.335523604519739, 48.814094528292522 ], [ 2.335522843094552, 48.813931188420547 ], [ 2.335511481187587, 48.813484298918027 ], [ 2.336135122642247, 48.81350557347961 ], [ 2.336674958095265, 48.813523207079001 ], [ 2.336708389562909, 48.81346776181848 ], [ 2.336891643533698, 48.813391116798662 ], [ 2.337140610703467, 48.813288698456589 ], [ 2.337165286287378, 48.813329148399042 ], [ 2.337393115548359, 48.813283487423995 ], [ 2.337451311066109, 48.813411501123866 ], [ 2.337574989462881, 48.813362584538595 ], [ 2.337526903253351, 48.813258088476388 ], [ 2.337932971606279, 48.813178956055232 ], [ 2.33758511835789, 48.812896616790702 ], [ 2.337780672932529, 48.812801598527166 ], [ 2.339262937419094, 48.812195166770486 ] ] ] } },
{ "type": "Feature", "properties": { "code_qp": "QN09417M", "lib_qp": "Alexandre Dumas" }, "geometry": { "type": "Polygon", "coordinates": [ [ [ 2.356619640232877, 48.796371654116243 ], [ 2.354573750911374, 48.795724407033873 ], [ 2.354410221572311, 48.795669471260368 ], [ 2.354395323102204, 48.795560518978093 ], [ 2.353593154039448, 48.795301637675905 ], [ 2.352157558208778, 48.795927525417476 ], [ 2.351943588551628, 48.796025621155593 ], [ 2.351575583421441, 48.796190581448194 ], [ 2.350863902275906, 48.7965097291764 ], [ 2.350637946788899, 48.796610480254522 ], [ 2.351402381003056, 48.796907063978303 ], [ 2.351458729130167, 48.796835878327151 ], [ 2.351666012257522, 48.796622195118545 ], [ 2.354007517016785, 48.797227398158427 ], [ 2.354354924381901, 48.796714954700711 ], [ 2.354721896704122, 48.796807389375992 ], [ 2.35468606757276, 48.796649750872298 ], [ 2.354763170689782, 48.796651782488425 ], [ 2.355752033514744, 48.796938223098927 ], [ 2.355875573907162, 48.796843071334266 ], [ 2.356619640232877, 48.796371654116243 ] ] ] } },
{ "type": "Feature", "properties": { "code_qp": "QN09420M", "lib_qp": "Fabien - Saint Exupéry" }, "geometry": { "type": "Polygon", "coordinates": [ [ [ 2.487611743383273, 48.768832099739463 ], [ 2.486855200068239, 48.769571236668611 ], [ 2.485524237669079, 48.770864425093855 ], [ 2.485456313309355, 48.770936323626152 ], [ 2.485284919287482, 48.770846092424712 ], [ 2.485054949637665, 48.770801971217203 ], [ 2.484754723599089, 48.770602060096081 ], [ 2.484372496445909, 48.77043341679871 ], [ 2.483794054485863, 48.77017251154853 ], [ 2.4831786848263, 48.769896544099545 ], [ 2.483076806914883, 48.76998988123426 ], [ 2.482311582043139, 48.769646751127731 ], [ 2.482145152923624, 48.769605471699613 ], [ 2.481736770721793, 48.770012727244207 ], [ 2.481479293744934, 48.77026821402589 ], [ 2.481727709298822, 48.770376671713372 ], [ 2.48177134595656, 48.770395503878561 ], [ 2.481750317420414, 48.770415964000449 ], [ 2.481756122649316, 48.770418594442695 ], [ 2.481269125941414, 48.770894304354378 ], [ 2.481752057463225, 48.771108239131699 ], [ 2.480975468359515, 48.771761542141952 ], [ 2.481519235019875, 48.772040681023427 ], [ 2.481310864860536, 48.772215700106536 ], [ 2.481014476787836, 48.772464480812957 ], [ 2.480824013334065, 48.772366387545127 ], [ 2.480739985508857, 48.77243883369281 ], [ 2.480967663796505, 48.772546349487435 ], [ 2.481003382625945, 48.772526380544569 ], [ 2.481200090528104, 48.772625196303281 ], [ 2.481219575181318, 48.772609567673918 ], [ 2.481494006075769, 48.772731027411929 ], [ 2.481462488439513, 48.772760678448421 ], [ 2.481832152452251, 48.772952619945983 ], [ 2.482671570998815, 48.773390130010277 ], [ 2.482831564151146, 48.773228452475969 ], [ 2.483211992313352, 48.772853546045305 ], [ 2.483812855485434, 48.772279465147726 ], [ 2.48467326310463, 48.771442935517193 ], [ 2.485257264565441, 48.770869199961012 ], [ 2.485429974576836, 48.771031651953834 ], [ 2.485695146309526, 48.771328880620779 ], [ 2.485918763992268, 48.771560756043783 ], [ 2.486014174203569, 48.771660973056242 ], [ 2.486118529122183, 48.771788700331101 ], [ 2.486398796617885, 48.772103104546559 ], [ 2.486723975567633, 48.77247791684983 ], [ 2.486973644423113, 48.772436856934263 ], [ 2.487502165103573, 48.772346261307028 ], [ 2.488246117532622, 48.772215162365818 ], [ 2.488319088127314, 48.772653358406799 ], [ 2.488402491025326, 48.773131009096836 ], [ 2.48844161111339, 48.773217214167794 ], [ 2.488652114163428, 48.773186945759619 ], [ 2.488912591850791, 48.773136322443889 ], [ 2.488975916137618, 48.773270451980785 ], [ 2.48906281337944, 48.773455286341708 ], [ 2.489264256092432, 48.773417713196046 ], [ 2.489335235087826, 48.773581908856009 ], [ 2.489436620809015, 48.773592404248596 ], [ 2.489494728162229, 48.773617807692169 ], [ 2.489483989218625, 48.773678134083831 ], [ 2.489724160789362, 48.773655581266297 ], [ 2.489731797967072, 48.773539883822828 ], [ 2.48974965490182, 48.773310104283901 ], [ 2.4898278642004, 48.772956577696313 ], [ 2.489917067587076, 48.772686812869665 ], [ 2.489973633289364, 48.7723838977995 ], [ 2.489907384745148, 48.772043580480506 ], [ 2.489842034766262, 48.771724031626974 ], [ 2.489736117119048, 48.771216680325459 ], [ 2.489683826307052, 48.770944443624344 ], [ 2.489626172835285, 48.770671315093253 ], [ 2.489573619074553, 48.770417732615968 ], [ 2.489511673002775, 48.770112001779694 ], [ 2.4893904645996, 48.769822271642269 ], [ 2.489099941711414, 48.769617383458652 ], [ 2.488766613834053, 48.769388766598034 ], [ 2.488627785926607, 48.769289070432578 ], [ 2.488541565386799, 48.769249699966174 ], [ 2.488108197019373, 48.769055362630368 ], [ 2.487611743383273, 48.768832099739463 ] ] ] } },
{ "type": "Feature", "properties": { "code_qp": "QN07511M", "lib_qp": "Goutte D'Or" }, "geometry": { "type": "Polygon", "coordinates": [ [ [ 2.352996849805566, 48.887634551516975 ], [ 2.353451662943442, 48.887628523727983 ], [ 2.353487328588742, 48.88791306168801 ], [ 2.353570943189204, 48.88888798161139 ], [ 2.353570211850665, 48.888946890597296 ], [ 2.353303634865753, 48.888977913379541 ], [ 2.35333383795484, 48.889188479807657 ], [ 2.353541598659086, 48.889195613176966 ], [ 2.35336317861554, 48.88976213736057 ], [ 2.353355902617009, 48.889907576827838 ], [ 2.353671261442768, 48.889912886359639 ], [ 2.353670560049869, 48.889969390845046 ], [ 2.353666257132978, 48.890022268976949 ], [ 2.354092783877944, 48.890031784304917 ], [ 2.354109885629001, 48.889682006181502 ], [ 2.354560140225144, 48.889689243241222 ], [ 2.35457240029803, 48.889435623192966 ], [ 2.355059174915403, 48.889438246017626 ], [ 2.355066833252663, 48.889261548560839 ], [ 2.355198053217681, 48.889265862164514 ], [ 2.355205478457215, 48.889549645902036 ], [ 2.355195200260444, 48.889937934640237 ], [ 2.355195354655442, 48.89036715772226 ], [ 2.356035875426188, 48.890368073983488 ], [ 2.356269358657596, 48.890359710977776 ], [ 2.356369047440304, 48.890112572441311 ], [ 2.356130348613606, 48.89010046843886 ], [ 2.356223994229362, 48.889309856186948 ], [ 2.35598885614137, 48.889304984841971 ], [ 2.356029249606309, 48.888839910321806 ], [ 2.356048655233809, 48.888745032621735 ], [ 2.35587197794429, 48.888730856978341 ], [ 2.355795448033894, 48.889169286396942 ], [ 2.355934019777482, 48.889168829530981 ], [ 2.355925888524014, 48.889383998226315 ], [ 2.355851629859498, 48.890080934862105 ], [ 2.355821471511967, 48.890308007908793 ], [ 2.355675604109362, 48.890308425403354 ], [ 2.355704973051218, 48.889850505896646 ], [ 2.355418829289639, 48.889841752079889 ], [ 2.355426240911998, 48.889832173548747 ], [ 2.355340538454597, 48.889832914482788 ], [ 2.355387523749544, 48.889277703050205 ], [ 2.355252627725375, 48.889275774469063 ], [ 2.355246496405397, 48.889181961724702 ], [ 2.355228428992639, 48.889168639090364 ], [ 2.355093577927463, 48.889163103657388 ], [ 2.355097879323897, 48.889110225432844 ], [ 2.355025058985817, 48.889101417080497 ], [ 2.354954106466399, 48.889089011832539 ], [ 2.354870421978296, 48.889074133337239 ], [ 2.354823169998936, 48.889061855701321 ], [ 2.354806091628346, 48.889115867378955 ], [ 2.354789251577708, 48.889150643466074 ], [ 2.354570522383957, 48.88914585774755 ], [ 2.354571431420213, 48.889072522076418 ], [ 2.354536265650681, 48.889408977724074 ], [ 2.354124284184143, 48.889403149313296 ], [ 2.354134186352996, 48.88919279947369 ], [ 2.354127281609125, 48.889161502315055 ], [ 2.354311341800972, 48.889168506507211 ], [ 2.354290578306391, 48.888931540545045 ], [ 2.35421941744929, 48.888935965999735 ], [ 2.354213130858978, 48.888560812971093 ], [ 2.353819610878957, 48.888537048460748 ], [ 2.353765415980163, 48.888790442342682 ], [ 2.353809140614678, 48.888793082926902 ], [ 2.35383961418436, 48.888982009228194 ], [ 2.353887074711223, 48.888977456114816 ], [ 2.353896849783788, 48.889071288620883 ], [ 2.353902933906124, 48.889168708115641 ], [ 2.353856789085614, 48.889214146686264 ], [ 2.353851277989705, 48.889364404989145 ], [ 2.353667217167279, 48.889357400091015 ], [ 2.3536690676352, 48.889208324338028 ], [ 2.353632869113669, 48.888893125129535 ], [ 2.353599660543247, 48.888630843383446 ], [ 2.353571742471062, 48.888383017789913 ], [ 2.353541581522265, 48.88802216328758 ], [ 2.353501270778829, 48.887635419527371 ], [ 2.353445460292313, 48.887103434294154 ], [ 2.354271037944429, 48.887184292977217 ], [ 2.354290358418451, 48.886960965017046 ], [ 2.354305744838708, 48.886740826027143 ], [ 2.354206477549382, 48.88673772247855 ], [ 2.354214325101033, 48.886575969044749 ], [ 2.354044817694702, 48.886427383929281 ], [ 2.354377962018936, 48.8862558281118 ], [ 2.354411777779021, 48.886198226226107 ], [ 2.354468231256905, 48.885885211664231 ], [ 2.354562340258974, 48.885833071149136 ], [ 2.354377043342492, 48.885701736553308 ], [ 2.354078156596051, 48.885466419293301 ], [ 2.35406538771066, 48.885397009289306 ], [ 2.354596863253697, 48.885247068068558 ], [ 2.354583526233156, 48.885380542039769 ], [ 2.354737290802922, 48.885385223100876 ], [ 2.354753519056332, 48.885332662672347 ], [ 2.355129033604011, 48.885355231298092 ], [ 2.35511676331254, 48.88540267671376 ], [ 2.355758857713695, 48.885439519831436 ], [ 2.355776793668356, 48.885406229879877 ], [ 2.356066516427602, 48.885420216275222 ], [ 2.356085279853211, 48.885653151347384 ], [ 2.356302140953515, 48.885679893719654 ], [ 2.356286709889823, 48.885582325185013 ], [ 2.35672896756985, 48.885566518221665 ], [ 2.356742248181281, 48.885431966203953 ], [ 2.357026366550503, 48.885445049146149 ], [ 2.357009035520993, 48.88539641827893 ], [ 2.356928749246244, 48.885022462013126 ], [ 2.356828391402808, 48.884630904808546 ], [ 2.35672830216791, 48.884196591743802 ], [ 2.355545130410407, 48.884144001535986 ], [ 2.351276893848754, 48.883851290676716 ], [ 2.349482307847842, 48.883724700701045 ], [ 2.349518229176756, 48.885525198925016 ], [ 2.349696839646404, 48.885567260201583 ], [ 2.350104410954678, 48.885985519918201 ], [ 2.35074235838954, 48.886706842787575 ], [ 2.351023454817617, 48.887236075857764 ], [ 2.352853324775871, 48.887588832651311 ], [ 2.352996849805566, 48.887634551516975 ] ] ] } },
{ "type": "Feature", "properties": { "code_qp": "QN07518M", "lib_qp": "Petit Belleville" }, "geometry": { "type": "Polygon", "coordinates": [ [ [ 2.374952313363847, 48.871357706571111 ], [ 2.374647991104102, 48.871245858060064 ], [ 2.374284388790717, 48.871113308521124 ], [ 2.374256727224025, 48.871140387031438 ], [ 2.373793829343644, 48.871675837157845 ], [ 2.373280418213835, 48.872252936790765 ], [ 2.372920919377729, 48.872064520073422 ], [ 2.372852452198006, 48.87204603661295 ], [ 2.372565487191092, 48.87229903451199 ], [ 2.372525801143953, 48.872362263112592 ], [ 2.372389263261388, 48.872482378964527 ], [ 2.372932338078138, 48.872735033741172 ], [ 2.373028258378892, 48.872779486969165 ], [ 2.373237622155454, 48.872626301372797 ], [ 2.373529927087039, 48.872773282496624 ], [ 2.373075369886963, 48.873166785027621 ], [ 2.373387531781932, 48.873293782285479 ], [ 2.373745728413321, 48.873543739088156 ], [ 2.374585171943693, 48.873012114139264 ], [ 2.374569908410995, 48.873015460567565 ], [ 2.374461433919841, 48.872862517437518 ], [ 2.374407097395569, 48.872834753119335 ], [ 2.373678632810906, 48.872458924515819 ], [ 2.37413120703434, 48.871952288299553 ], [ 2.374103859969821, 48.871941572533245 ], [ 2.374673407762633, 48.871274310791257 ], [ 2.375540428797082, 48.871575252533823 ], [ 2.374969976630794, 48.872270833375687 ], [ 2.375587812052707, 48.872493065240455 ], [ 2.375880998343853, 48.872101891444537 ], [ 2.375638355699746, 48.872024908019426 ], [ 2.375891680542678, 48.87168809862078 ], [ 2.375546792798999, 48.871569621747312 ], [ 2.374952313363847, 48.871357706571111 ] ] ] } },
{ "type": "Feature", "properties": { "code_qp": "QN07519M", "lib_qp": "Grand Belleville" }, "geometry": { "type": "Polygon", "coordinates": [ [ [ 2.375123680307639, 48.871387298849406 ], [ 2.37589526860578, 48.871675278959948 ], [ 2.376020693382872, 48.871717468755442 ], [ 2.376822352338316, 48.872020164969506 ], [ 2.376913903265755, 48.871820871057743 ], [ 2.376677648429554, 48.871129459590435 ], [ 2.377566562036469, 48.870584427723635 ], [ 2.378146699923387, 48.870743250511488 ], [ 2.377022857960942, 48.871794655270108 ], [ 2.377237648763935, 48.871897960832129 ], [ 2.377021485822441, 48.872108415508556 ], [ 2.377472281072289, 48.872246359215431 ], [ 2.377643475629133, 48.872294027501084 ], [ 2.378116444057902, 48.872418797171171 ], [ 2.378702288897157, 48.872565729541122 ], [ 2.379220048884803, 48.872706920710058 ], [ 2.379350344586925, 48.872740756280066 ], [ 2.379406506472983, 48.872669040592541 ], [ 2.379813189142183, 48.872175943478013 ], [ 2.379995498113785, 48.872245005803734 ], [ 2.379944422284094, 48.872301274937151 ], [ 2.380014733998939, 48.872338119235671 ], [ 2.379603212124083, 48.872794547769978 ], [ 2.379774185681292, 48.872837775722672 ], [ 2.380508473251709, 48.872089508071525 ], [ 2.380234623832126, 48.871972984997115 ], [ 2.380127945651333, 48.871932556262841 ], [ 2.380358223924965, 48.871676735431642 ], [ 2.3804091174664, 48.87161599321302 ], [ 2.380523774939296, 48.871654123395437 ], [ 2.380625547458205, 48.871675318994555 ], [ 2.38073428822184, 48.871707042393204 ], [ 2.380837852529214, 48.87175205418778 ], [ 2.380697568877676, 48.871890525658642 ], [ 2.381066944673929, 48.872028936329045 ], [ 2.380896066366522, 48.872273045318984 ], [ 2.381038432345328, 48.872309333065424 ], [ 2.381028221583859, 48.872322372427114 ], [ 2.381192179547957, 48.872363704789592 ], [ 2.381183793655794, 48.872375053362937 ], [ 2.381367888033582, 48.872424568340392 ], [ 2.381496788080708, 48.872178092792247 ], [ 2.381815622119014, 48.872287064518943 ], [ 2.381493530271056, 48.872970207960947 ], [ 2.381595625794943, 48.872990129409231 ], [ 2.38150795766744, 48.873194821821883 ], [ 2.382059018881074, 48.873307709655869 ], [ 2.382599767750909, 48.87339709414799 ], [ 2.38271957753715, 48.873156749267991 ], [ 2.383030102831255, 48.873218151104638 ], [ 2.383299526092435, 48.872598589515199 ], [ 2.383797637328056, 48.872879641258116 ], [ 2.383891000337039, 48.872918389443107 ], [ 2.384242909424549, 48.873120875244908 ], [ 2.384210163608871, 48.873158986080021 ], [ 2.384588051200802, 48.873312255128198 ], [ 2.384962279235344, 48.872890974955546 ], [ 2.385348321423955, 48.873052667890242 ], [ 2.385758640422782, 48.873207789766255 ], [ 2.385920697474048, 48.872910151828023 ], [ 2.386228687367701, 48.872967483847916 ], [ 2.386271906783927, 48.872889964261262 ], [ 2.386891762424554, 48.873094061174768 ], [ 2.387306375113442, 48.872481244114773 ], [ 2.38698319693408, 48.872404153239053 ], [ 2.387037706348196, 48.872276455184263 ], [ 2.387157920945762, 48.872306263144353 ], [ 2.387248516426193, 48.872139234737922 ], [ 2.386755051783825, 48.8719187727391 ], [ 2.386727009160232, 48.871968023172727 ], [ 2.386486331643287, 48.872412953149521 ], [ 2.386018253403092, 48.872302704666502 ], [ 2.386177042623169, 48.872023137362383 ], [ 2.385982827989533, 48.871978770325917 ], [ 2.386004250888095, 48.871936836731791 ], [ 2.385831257801947, 48.87189671243992 ], [ 2.38592144443014, 48.871721415662051 ], [ 2.385948207770463, 48.871733983444933 ], [ 2.386010084442098, 48.871623987637108 ], [ 2.386030228267954, 48.871484721367032 ], [ 2.38580081817868, 48.871453321699903 ], [ 2.385180038302884, 48.871820900850352 ], [ 2.384936520827794, 48.871971145608768 ], [ 2.384396140206515, 48.871710391080349 ], [ 2.384102674112652, 48.87165665210167 ], [ 2.384007574184336, 48.87165530379604 ], [ 2.383934258704481, 48.871739344749365 ], [ 2.383883112685461, 48.872069465042173 ], [ 2.383845237316247, 48.872261547975306 ], [ 2.383730462400205, 48.872256970385152 ], [ 2.383717149519472, 48.872360556844043 ], [ 2.383824335193829, 48.872368085426629 ], [ 2.383787952316728, 48.872501208668943 ], [ 2.384112091139742, 48.872683999432773 ], [ 2.383951142812108, 48.872831346399515 ], [ 2.383346810506432, 48.872487673693449 ], [ 2.383413765975292, 48.872343320548794 ], [ 2.383106373727288, 48.872279218722802 ], [ 2.383407892165098, 48.871568586287758 ], [ 2.383281303139737, 48.871399582560649 ], [ 2.383098397436874, 48.871240353010101 ], [ 2.382662259679583, 48.87077136487305 ], [ 2.382424146418697, 48.870675477669458 ], [ 2.382252728643747, 48.870852215827121 ], [ 2.381658912951103, 48.870609927854282 ], [ 2.382197643424896, 48.869645730105248 ], [ 2.381965864379672, 48.869570778831594 ], [ 2.381623072373813, 48.869429472378542 ], [ 2.381476777313351, 48.869578833983709 ], [ 2.381839209141798, 48.869726124383675 ], [ 2.381664055793407, 48.869897369714487 ], [ 2.381524217012166, 48.869844431909975 ], [ 2.381278000065898, 48.870116281478133 ], [ 2.38082988030273, 48.86993854766304 ], [ 2.381153865898918, 48.869595329562792 ], [ 2.380891300646101, 48.869497816461681 ], [ 2.380922457882558, 48.869460454204848 ], [ 2.380650723581097, 48.869352174442788 ], [ 2.380899691645584, 48.869149533880758 ], [ 2.380689649708135, 48.869036971751299 ], [ 2.380664207693214, 48.86902978770064 ], [ 2.38047969664362, 48.868936218883391 ], [ 2.380003611108315, 48.868655639839837 ], [ 2.379388761600189, 48.869264396269543 ], [ 2.379197995650934, 48.869170972304246 ], [ 2.379817469416125, 48.868555006843764 ], [ 2.379539794067383, 48.868401954252072 ], [ 2.378511188367694, 48.869520879740278 ], [ 2.378373533210915, 48.869661694273219 ], [ 2.377967581480548, 48.870129024123678 ], [ 2.378349035768883, 48.870260271840088 ], [ 2.378197810981536, 48.87047341245232 ], [ 2.378115095753469, 48.870434561157857 ], [ 2.377940050134545, 48.870663221327654 ], [ 2.377590730545684, 48.870562733603677 ], [ 2.377961969012064, 48.870119579950412 ], [ 2.378031450666862, 48.870038886479598 ], [ 2.377563793553946, 48.869876058307533 ], [ 2.377768638943242, 48.869579272313977 ], [ 2.377612261780579, 48.869511866014562 ], [ 2.377746981759335, 48.869371510258958 ], [ 2.377469248588487, 48.869223436097812 ], [ 2.377656867547275, 48.868947333008862 ], [ 2.377272315739768, 48.868820625361209 ], [ 2.377410820891685, 48.868611783246237 ], [ 2.3766572398967, 48.868397940293463 ], [ 2.376303874640245, 48.868840923893238 ], [ 2.375467614288302, 48.869835238653636 ], [ 2.375397110112193, 48.869920287840038 ], [ 2.375574828781226, 48.869967062641884 ], [ 2.374658565730754, 48.871223257348888 ], [ 2.375123680307639, 48.871387298849406 ] ] ] } },
{ "type": "Feature", "properties": { "code_qp": "QN09214M", "lib_qp": "Les Grésilllons" }, "geometry": { "type": "Polygon", "coordinates": [ [ [ 2.304765821955562, 48.917234840040194 ], [ 2.304567846845762, 48.917149791169841 ], [ 2.304108606944642, 48.917562328817233 ], [ 2.305101403099317, 48.918070691560253 ], [ 2.305385675427653, 48.918239869797624 ], [ 2.305454906548421, 48.918266054393015 ], [ 2.305502371057451, 48.918238395260111 ], [ 2.306092105476075, 48.918513395510246 ], [ 2.305894583329729, 48.918668993638427 ], [ 2.30626431525742, 48.918864320879166 ], [ 2.306419507876472, 48.9189644324589 ], [ 2.306480970255282, 48.918989668402844 ], [ 2.306681734682952, 48.919017685840913 ], [ 2.306877124131039, 48.919061210886916 ], [ 2.307242484655728, 48.919436839343909 ], [ 2.307364719393212, 48.919453065065916 ], [ 2.307609281108996, 48.919620318472319 ], [ 2.308277491940439, 48.92006302571901 ], [ 2.310307578010117, 48.918522679602141 ], [ 2.309960561874987, 48.91837844747711 ], [ 2.30925088805034, 48.918039509078341 ], [ 2.308663032844366, 48.917748650115222 ], [ 2.308620737050351, 48.917749307150558 ], [ 2.308160198438259, 48.917596466430965 ], [ 2.307480973413325, 48.917366807571526 ], [ 2.306990826244895, 48.917110239630546 ], [ 2.305734642119469, 48.91654988259981 ], [ 2.305499355804972, 48.91657003211553 ], [ 2.304765821955562, 48.917234840040194 ] ] ] } },
{ "type": "Feature", "properties": { "code_qp": "QN09302M", "lib_qp": "Secteur Saint-Nicolas - Guynemer - Gai Logis" }, "geometry": { "type": "Polygon", "coordinates": [ [ [ 2.428683749283959, 48.937875853274228 ], [ 2.42782714158819, 48.938258414713928 ], [ 2.42751118326491, 48.938384087084792 ], [ 2.427368933038823, 48.937978238963339 ], [ 2.425514734273111, 48.938312057669755 ], [ 2.423190688465938, 48.938355060433985 ], [ 2.423053209699878, 48.938183049154837 ], [ 2.42245431294834, 48.938186443725719 ], [ 2.422382104988695, 48.938105424323354 ], [ 2.422084586636083, 48.938152152225229 ], [ 2.421916274305303, 48.938166993235619 ], [ 2.42183755404333, 48.938178654053452 ], [ 2.421786167335598, 48.938197670991464 ], [ 2.421718064556845, 48.938240688286257 ], [ 2.421591907002935, 48.938244895755375 ], [ 2.421513240107875, 48.938251740412397 ], [ 2.420970393387215, 48.938335810893484 ], [ 2.420671931831554, 48.938384938837487 ], [ 2.420595098908392, 48.938391189731263 ], [ 2.42039568935104, 48.938408286382426 ], [ 2.420176041853346, 48.938437325315512 ], [ 2.420133832554682, 48.938452773786466 ], [ 2.420076264166974, 48.938534370749728 ], [ 2.419991737930439, 48.938574899493297 ], [ 2.420233388941247, 48.939031500864289 ], [ 2.421057534782292, 48.938799189470771 ], [ 2.42159565651939, 48.938729544417427 ], [ 2.422142687487411, 48.938680408767453 ], [ 2.422760539880299, 48.938672549443467 ], [ 2.423451115840769, 48.938781829682128 ], [ 2.423454504176302, 48.938805926991563 ], [ 2.423824976477892, 48.938855870460728 ], [ 2.423890914009091, 48.938843243864902 ], [ 2.424332277679056, 48.938928443938039 ], [ 2.424460813792486, 48.938874577925887 ], [ 2.424573177466502, 48.938795650088693 ], [ 2.426789987712067, 48.938482382519268 ], [ 2.427167375654692, 48.938402311286723 ], [ 2.427535873116817, 48.938809399566289 ], [ 2.427626707750854, 48.938847897160215 ], [ 2.427935856904699, 48.93902211234353 ], [ 2.428008253278035, 48.939054708046804 ], [ 2.427930592681749, 48.939136212796711 ], [ 2.427989906652634, 48.939173243748719 ], [ 2.428432265605664, 48.939638587598466 ], [ 2.428553451906628, 48.939617086244752 ], [ 2.428727127934659, 48.939584306026106 ], [ 2.428971808789683, 48.939432924454096 ], [ 2.42984375211802, 48.9390953605267 ], [ 2.429823885785965, 48.939073593133429 ], [ 2.429999709194187, 48.938963986444648 ], [ 2.430534093863308, 48.93877420361671 ], [ 2.430644707171338, 48.938874349174355 ], [ 2.430700581207148, 48.938882697269683 ], [ 2.430782610978413, 48.938870509572894 ], [ 2.43118954018913, 48.938733940184527 ], [ 2.431624106187453, 48.938579452498566 ], [ 2.431355682818455, 48.938313879838873 ], [ 2.430839196544017, 48.938487832236071 ], [ 2.430525787922804, 48.938150112541805 ], [ 2.43048175433807, 48.938165555977491 ], [ 2.430301160823323, 48.937966932426896 ], [ 2.430241523138132, 48.937983805468789 ], [ 2.429999239768506, 48.937689069947375 ], [ 2.429738331249143, 48.937418567101886 ], [ 2.431628073732382, 48.936862115039702 ], [ 2.433605573817971, 48.93629150303989 ], [ 2.433819489433704, 48.936617111756732 ], [ 2.433933179312006, 48.936597258522731 ], [ 2.434018229088978, 48.936744449363033 ], [ 2.434734717694219, 48.937829747986129 ], [ 2.435110662827882, 48.937788025956436 ], [ 2.435913547474219, 48.937648358145921 ], [ 2.435642116771799, 48.936872796980907 ], [ 2.435278097593192, 48.935827921243153 ], [ 2.436337659957172, 48.935804701216469 ], [ 2.43633901771378, 48.935342050342676 ], [ 2.436039282454693, 48.935343048428834 ], [ 2.435871120854988, 48.935337446849012 ], [ 2.435299956269677, 48.935349199697441 ], [ 2.435029949404333, 48.935422977283118 ], [ 2.434856045472493, 48.935473427099502 ], [ 2.434678006032362, 48.935528330170875 ], [ 2.434050688123721, 48.935657256069973 ], [ 2.434162634011345, 48.935820941633992 ], [ 2.434178750949163, 48.935851420052124 ], [ 2.434102257695089, 48.93587506933136 ], [ 2.434061410303022, 48.935885783562789 ], [ 2.434015580743919, 48.935909159983133 ], [ 2.433940204853601, 48.935939393546491 ], [ 2.433791704335882, 48.935982037990129 ], [ 2.433768379085762, 48.935942194060779 ], [ 2.433594201416606, 48.935993145317468 ], [ 2.433435580265923, 48.936042062767008 ], [ 2.433430307516882, 48.936022773001461 ], [ 2.433010349215585, 48.936154436879534 ], [ 2.433008613552206, 48.936146000301569 ], [ 2.432783027470832, 48.936218380112436 ], [ 2.432957810413442, 48.936447375055401 ], [ 2.432207891960933, 48.936668982528218 ], [ 2.431598271204299, 48.936845797764839 ], [ 2.430840074408112, 48.937071270561226 ], [ 2.430109482329927, 48.937278809030069 ], [ 2.429586775596345, 48.937445190763817 ], [ 2.42957554613905, 48.937469218348411 ], [ 2.429359087398006, 48.937541635114613 ], [ 2.428828974391231, 48.937799486150567 ], [ 2.428660255187022, 48.937851660264762 ], [ 2.428683749283959, 48.937875853274228 ] ] ] } },
{ "type": "Feature", "properties": { "code_qp": "QN09303M", "lib_qp": "Haut Clichy - Centre Ville - Bosquets - Lucien Noel" }, "geometry": { "type": "Polygon", "coordinates": [ [ [ 2.557247421964639, 48.899595922142566 ], [ 2.55665594633787, 48.900063433010359 ], [ 2.55645617839491, 48.900222228351467 ], [ 2.556169229138932, 48.900485830448758 ], [ 2.55595975392598, 48.900464634742626 ], [ 2.55576909664752, 48.900471781296964 ], [ 2.555493043971961, 48.900575507436237 ], [ 2.555308727806192, 48.900676228904892 ], [ 2.554786903188083, 48.900947291164037 ], [ 2.554091644084355, 48.901334108947019 ], [ 2.553904751322557, 48.901416483112676 ], [ 2.553255881361466, 48.901689159417288 ], [ 2.553505420370456, 48.901941848997048 ], [ 2.555354673663305, 48.901153057845114 ], [ 2.555355735262139, 48.901239503706506 ], [ 2.555484372190292, 48.901241551908839 ], [ 2.555485475596824, 48.901670360199731 ], [ 2.555392587523411, 48.90166687400172 ], [ 2.555391109541566, 48.90208905805315 ], [ 2.556072722769879, 48.902094274050263 ], [ 2.556056592604937, 48.90341949846696 ], [ 2.556056592604937, 48.904024363653434 ], [ 2.552648435053956, 48.902423641375677 ], [ 2.553461845304339, 48.902043527902144 ], [ 2.553467884122086, 48.90195540254922 ], [ 2.553499285974361, 48.901943493705872 ], [ 2.553250486683262, 48.901689437704135 ], [ 2.553007367896803, 48.901792308551492 ], [ 2.552705027222423, 48.901893705238727 ], [ 2.552452147863248, 48.901955707869327 ], [ 2.551340608017187, 48.902330069298387 ], [ 2.551013322322668, 48.902520318747555 ], [ 2.550966917292319, 48.902652084442408 ], [ 2.550939558346542, 48.902785492223664 ], [ 2.550948654710613, 48.902835789044495 ], [ 2.55087414718095, 48.902910903753678 ], [ 2.549460263516989, 48.902164558187174 ], [ 2.548550684648089, 48.901727669733887 ], [ 2.548316822371619, 48.901348028288176 ], [ 2.54753758315281, 48.901514942125623 ], [ 2.546987439998219, 48.901635178982097 ], [ 2.546925464010298, 48.901493779600273 ], [ 2.542308035526506, 48.904829285186601 ], [ 2.542155190630185, 48.904937092366609 ], [ 2.542353380338505, 48.905159319543081 ], [ 2.540346818551505, 48.905609132473472 ], [ 2.539661207058538, 48.905790398370293 ], [ 2.539201618782828, 48.905928014902756 ], [ 2.53839982205742, 48.906197419766457 ], [ 2.537768654906631, 48.906453081869024 ], [ 2.535222319040123, 48.907449545630996 ], [ 2.533620138289228, 48.908035367593641 ], [ 2.533568906748164, 48.908355899337444 ], [ 2.534113014550662, 48.908471624593211 ], [ 2.534516251556461, 48.908536856835802 ], [ 2.536308453853631, 48.908664214191177 ], [ 2.537180205841195, 48.908991742620024 ], [ 2.538356058844006, 48.909454017037326 ], [ 2.538561458336918, 48.911663246896644 ], [ 2.539516089740586, 48.911713113205344 ], [ 2.53973903568272, 48.911749527950668 ], [ 2.539940526517679, 48.911659022071703 ], [ 2.539956657283477, 48.912029928240301 ], [ 2.539937630731512, 48.912175540278589 ], [ 2.539917245209083, 48.912321147075687 ], [ 2.539931725320038, 48.912380561259226 ], [ 2.539968291912661, 48.912411263172928 ], [ 2.540362505030898, 48.912422666729285 ], [ 2.540388263147669, 48.912441650654856 ], [ 2.540417454908831, 48.912534391359898 ], [ 2.540549678319955, 48.912548382497768 ], [ 2.540608116854901, 48.912574695020744 ], [ 2.540642912512047, 48.912653066704038 ], [ 2.541655638827637, 48.91245549563007 ], [ 2.542044403647292, 48.912372385135733 ], [ 2.543008042072394, 48.912429698697935 ], [ 2.543470239688053, 48.912495609213138 ], [ 2.543930257126279, 48.91262599715008 ], [ 2.544259463918564, 48.912806533731747 ], [ 2.545002904422998, 48.913398287953463 ], [ 2.545569750555412, 48.913819532450702 ], [ 2.545822651137565, 48.913937021779127 ], [ 2.54612351562323, 48.914008661477837 ], [ 2.546576992529158, 48.913991467959477 ], [ 2.546897888366244, 48.913868934788717 ], [ 2.547347701627487, 48.913622035549523 ], [ 2.547828348353288, 48.913363013984608 ], [ 2.548347446817149, 48.913066085172801 ], [ 2.548384208251012, 48.913105466720651 ], [ 2.548559038461105, 48.913370775066348 ], [ 2.548669462081759, 48.913501401497285 ], [ 2.548895730472351, 48.913758948149123 ], [ 2.549094492989524, 48.913998427817496 ], [ 2.549254607239473, 48.914158080292133 ], [ 2.549497539204908, 48.914187107959933 ], [ 2.550712199032076, 48.914317732256443 ], [ 2.552683260660719, 48.914829340795819 ], [ 2.552848896091696, 48.914843854436683 ], [ 2.552923477041273, 48.914804844203559 ], [ 2.554140852453325, 48.913406983522648 ], [ 2.554132112873833, 48.913310425747063 ], [ 2.552380448999275, 48.912761173439485 ], [ 2.551870159663042, 48.91261372785867 ], [ 2.55164309765855, 48.912584133817433 ], [ 2.552358600707292, 48.911721689026884 ], [ 2.554006693100445, 48.912304640102853 ], [ 2.554091302748656, 48.912008851061501 ], [ 2.553612560900918, 48.911829063938264 ], [ 2.552594356829864, 48.911439287879766 ], [ 2.552852700656661, 48.911112863716795 ], [ 2.553175839931806, 48.911222447572761 ], [ 2.553081829039541, 48.911347752680278 ], [ 2.553336041935887, 48.911436659847482 ], [ 2.553959707482029, 48.911652826796775 ], [ 2.554022069143306, 48.911510743687487 ], [ 2.554059486140072, 48.911341336375244 ], [ 2.55400959681105, 48.911244336768398 ], [ 2.554014596857318, 48.911227143824988 ], [ 2.553050031110025, 48.910888204968771 ], [ 2.553351426701117, 48.910510359526789 ], [ 2.553566852127752, 48.909794968600174 ], [ 2.553741113090552, 48.909258217190136 ], [ 2.553903890972648, 48.909079042365263 ], [ 2.554307034349726, 48.908800323967199 ], [ 2.555409080623421, 48.907974705628632 ], [ 2.562041158122522, 48.903159331064934 ], [ 2.562269697066524, 48.903025471630151 ], [ 2.562580274920852, 48.903187152315184 ], [ 2.56279510132835, 48.903294287241117 ], [ 2.56348242051358, 48.903643832383864 ], [ 2.563144604499159, 48.90415925198517 ], [ 2.562966156339371, 48.904413448133269 ], [ 2.563687795329904, 48.904733361594936 ], [ 2.564485649924673, 48.905057867162796 ], [ 2.565119439500373, 48.90534289679492 ], [ 2.565811636318738, 48.905624993296769 ], [ 2.566653142104116, 48.906004224234316 ], [ 2.567667076222826, 48.906423339124956 ], [ 2.568376975847617, 48.906729044849385 ], [ 2.568885912889721, 48.906270661779914 ], [ 2.568970265970919, 48.9062988453244 ], [ 2.56961698881143, 48.906609421144125 ], [ 2.570305651616146, 48.907613215782142 ], [ 2.57064315136729, 48.907572409731081 ], [ 2.570954288719113, 48.907549964043774 ], [ 2.571158916671676, 48.907585252217018 ], [ 2.571482408778082, 48.907653950031182 ], [ 2.571834494296385, 48.907722749172329 ], [ 2.57211059205809, 48.907759861850842 ], [ 2.57366837553002, 48.907391589551423 ], [ 2.573723743745608, 48.907031703382771 ], [ 2.571611979777311, 48.906719824790123 ], [ 2.570900049091331, 48.906614416984027 ], [ 2.569624052046924, 48.906416900695049 ], [ 2.569417576820693, 48.906376240511747 ], [ 2.568985078834991, 48.906236463184882 ], [ 2.56862420550099, 48.906079664499842 ], [ 2.569159544303795, 48.905597029195228 ], [ 2.56786960312333, 48.904978447566158 ], [ 2.567231117221147, 48.905422048373751 ], [ 2.563523359884883, 48.903637244262534 ], [ 2.563866768141089, 48.903278753596631 ], [ 2.564609918467657, 48.903589315954385 ], [ 2.564773256367273, 48.903431268137069 ], [ 2.564989602390826, 48.903202338083837 ], [ 2.565357553023253, 48.903363886048922 ], [ 2.565642492117258, 48.903051956187845 ], [ 2.565849181619574, 48.90283751855376 ], [ 2.566132845104084, 48.902535007024952 ], [ 2.565150489507337, 48.902050279719596 ], [ 2.56459433882352, 48.902572066060884 ], [ 2.564269393671514, 48.902428502374441 ], [ 2.563649925805811, 48.902145090224266 ], [ 2.563925974017442, 48.901899494184136 ], [ 2.564086863779392, 48.901748899029123 ], [ 2.564105883831612, 48.901753680381439 ], [ 2.564781553744541, 48.901013976816273 ], [ 2.565220245273923, 48.900548283529886 ], [ 2.564709753259504, 48.900340666037259 ], [ 2.564165691957323, 48.900159233591452 ], [ 2.564339752339846, 48.899894278412617 ], [ 2.56441399975726, 48.899810653399101 ], [ 2.564501254682497, 48.899827418330823 ], [ 2.565134316710491, 48.899997044341653 ], [ 2.565224793862197, 48.900003655671071 ], [ 2.565286998640424, 48.899983141152056 ], [ 2.565519327611083, 48.899645489756502 ], [ 2.565538890081359, 48.899621541604986 ], [ 2.56614965961535, 48.899802816892446 ], [ 2.566617962637292, 48.899927027944962 ], [ 2.567112917324468, 48.900141256738934 ], [ 2.566722472351657, 48.900537627626051 ], [ 2.566921389323089, 48.900635574657656 ], [ 2.566937739477548, 48.900618855465801 ], [ 2.567020501308892, 48.900654152687601 ], [ 2.567034828299978, 48.900650277702397 ], [ 2.567177223148341, 48.900716762242467 ], [ 2.567191582791181, 48.900708960578889 ], [ 2.567300768085168, 48.900758047132875 ], [ 2.567497742474114, 48.900563990409566 ], [ 2.567562210383871, 48.900546945370131 ], [ 2.56757407114288, 48.900501755902212 ], [ 2.567632121365123, 48.900448242953381 ], [ 2.567677673538634, 48.900413851736701 ], [ 2.568015976355001, 48.900558007143388 ], [ 2.5685525305587, 48.900784945542583 ], [ 2.570032696831416, 48.901426798736296 ], [ 2.57041985259481, 48.901571122539309 ], [ 2.571542916210408, 48.902040075207175 ], [ 2.571677713771869, 48.901961206070737 ], [ 2.571982318699181, 48.902233924043138 ], [ 2.57235418187194, 48.902464573012985 ], [ 2.572765345586526, 48.902161459689431 ], [ 2.573286601061827, 48.901788703881728 ], [ 2.573895794305738, 48.901295706637683 ], [ 2.574087999241873, 48.90139063285082 ], [ 2.574356362167559, 48.90120427975387 ], [ 2.573241574721981, 48.900596767420048 ], [ 2.573994718348819, 48.9001977393375 ], [ 2.574250736549121, 48.900063568536048 ], [ 2.574828237899115, 48.900384474366952 ], [ 2.574958742892561, 48.900449336719284 ], [ 2.575270438672801, 48.900206982300723 ], [ 2.57540238397001, 48.900269128990146 ], [ 2.575638300125211, 48.900208974925185 ], [ 2.575645449099611, 48.900213674464091 ], [ 2.575701023493785, 48.900205846844266 ], [ 2.575943971807441, 48.900000071683642 ], [ 2.575922581743577, 48.899993713102191 ], [ 2.575918571928121, 48.899901026939055 ], [ 2.575823700023642, 48.8998488574967 ], [ 2.575736077766039, 48.899784147965256 ], [ 2.575521073617176, 48.899788669758884 ], [ 2.574701259494832, 48.899852945508819 ], [ 2.574337092383364, 48.899991622760268 ], [ 2.57400862107836, 48.900172463034728 ], [ 2.573256258001019, 48.900576278362657 ], [ 2.572166392740712, 48.901183008214154 ], [ 2.571403391404537, 48.90163322407497 ], [ 2.570440656098134, 48.90136938530069 ], [ 2.570076587876253, 48.901417779600763 ], [ 2.568553282366384, 48.900766099720322 ], [ 2.568989765700664, 48.900131140517999 ], [ 2.569233211383106, 48.89979038650629 ], [ 2.569202279829997, 48.899785563114172 ], [ 2.568952926452221, 48.899688852489497 ], [ 2.568760581032615, 48.899612765876562 ], [ 2.568655836092395, 48.899602964404828 ], [ 2.568482042373832, 48.899588201941768 ], [ 2.568514717602533, 48.89954238668075 ], [ 2.568851611987222, 48.898977151199873 ], [ 2.568233506934769, 48.89881863845757 ], [ 2.568382393414428, 48.898409206383356 ], [ 2.570528952857519, 48.898959813425975 ], [ 2.571019033908483, 48.898320718645351 ], [ 2.570955681480626, 48.898202884479367 ], [ 2.570927199332089, 48.898190020386821 ], [ 2.570885069242921, 48.898098768005973 ], [ 2.570509022330267, 48.897477183961648 ], [ 2.570172893658051, 48.89692701287818 ], [ 2.569948650605871, 48.896867290808295 ], [ 2.569771895190387, 48.896732374881395 ], [ 2.569598876843938, 48.896624944469799 ], [ 2.569093147418846, 48.896707944576875 ], [ 2.568899135041404, 48.896834474389109 ], [ 2.568787693471009, 48.897033813944972 ], [ 2.568598795380803, 48.897541046985133 ], [ 2.568339663258991, 48.898385170928293 ], [ 2.568205411059037, 48.898759242720701 ], [ 2.568140841338829, 48.898788853468666 ], [ 2.567693126703718, 48.899309650715715 ], [ 2.567449054997379, 48.899812918687132 ], [ 2.567101168760759, 48.900121580375284 ], [ 2.566669829876136, 48.899923672596806 ], [ 2.564900283356781, 48.899413381479818 ], [ 2.564408905874446, 48.899290189884617 ], [ 2.564292840175436, 48.899280195548876 ], [ 2.564001059223177, 48.899263917046213 ], [ 2.563420171729268, 48.899267709860418 ], [ 2.560817616304028, 48.902341900712806 ], [ 2.560290620131934, 48.902070167099886 ], [ 2.559740377189017, 48.901810043700166 ], [ 2.558216954395442, 48.901082198148146 ], [ 2.55765627779332, 48.900808196975419 ], [ 2.557574794943637, 48.900775962417171 ], [ 2.558054179861001, 48.900176171286375 ], [ 2.55764552679981, 48.899932903956341 ], [ 2.557664196192519, 48.899916397017925 ], [ 2.557516966376284, 48.899814735905572 ], [ 2.557247421964639, 48.899595922142566 ] ] ] } },
{ "type": "Feature", "properties": { "code_qp": "QN09308M", "lib_qp": "La Capsulerie" }, "geometry": { "type": "Polygon", "coordinates": [ [ [ 2.416848412779902, 48.863258852829958 ], [ 2.416726833870163, 48.863473196247973 ], [ 2.416763069815417, 48.86352464600693 ], [ 2.417090848611246, 48.864198939903154 ], [ 2.417303797039586, 48.864771991539214 ], [ 2.417368225908466, 48.864764640053863 ], [ 2.417892824874502, 48.864745081721395 ], [ 2.418440787912204, 48.864653994925831 ], [ 2.418547044096351, 48.86464242384357 ], [ 2.418574260096989, 48.86452283030939 ], [ 2.419942246199196, 48.8646303259939 ], [ 2.419963403295318, 48.864495993547642 ], [ 2.4205933242171, 48.864545674462221 ], [ 2.421001240514078, 48.863642267343309 ], [ 2.420901502697949, 48.863643678787035 ], [ 2.420383618612898, 48.863633061510626 ], [ 2.420659846252706, 48.863045221798821 ], [ 2.41981439234941, 48.862936254076345 ], [ 2.419882782190306, 48.862707011049594 ], [ 2.41998002963618, 48.862459723140013 ], [ 2.419395897667488, 48.862363798145076 ], [ 2.419760905827211, 48.8616964851078 ], [ 2.420101524847928, 48.861051447668196 ], [ 2.420228026408279, 48.86081156679635 ], [ 2.420557132041614, 48.860094753564596 ], [ 2.419810524793268, 48.859843444962017 ], [ 2.419552560827062, 48.859755323464817 ], [ 2.41887292499302, 48.859533387155054 ], [ 2.417037412156556, 48.858919793412646 ], [ 2.416988400567201, 48.858923225523547 ], [ 2.415527965901866, 48.857950982581734 ], [ 2.414799121797261, 48.858672673456205 ], [ 2.414737111228461, 48.858710207517255 ], [ 2.415129566179432, 48.859711948949844 ], [ 2.415449540714436, 48.860542570213113 ], [ 2.415690396189117, 48.861158113645409 ], [ 2.415983440419958, 48.861900826305174 ], [ 2.416159550435348, 48.86230877740811 ], [ 2.416447212359103, 48.863077039371269 ], [ 2.416503107099088, 48.863201115142353 ], [ 2.416584961049904, 48.863219064594503 ], [ 2.416848412779902, 48.863258852829958 ] ] ] } },
{ "type": "Feature", "properties": { "code_qp": "QN09322I", "lib_qp": "La Boissière" }, "geometry": { "type": "Polygon", "coordinates": [ [ [ 2.455739355571754, 48.880707121387132 ], [ 2.455713969272312, 48.880718056852821 ], [ 2.455694724556623, 48.880865440277717 ], [ 2.455629697029591, 48.881086388729635 ], [ 2.455577930148574, 48.881211155539781 ], [ 2.455363340683392, 48.881783044068925 ], [ 2.455697753076712, 48.881879004462824 ], [ 2.456412164930217, 48.882152035951911 ], [ 2.456626417536168, 48.882265427306912 ], [ 2.45688073532276, 48.882357896247882 ], [ 2.456858079705041, 48.882410360895037 ], [ 2.456970807756357, 48.882454055846011 ], [ 2.457725825177095, 48.882624740870327 ], [ 2.457959503705398, 48.882838938084092 ], [ 2.458242980083964, 48.88290898680269 ], [ 2.457924960493764, 48.883635975282246 ], [ 2.457743368051973, 48.883587900894497 ], [ 2.457720847659414, 48.884150868492441 ], [ 2.457279408222481, 48.884112888316132 ], [ 2.456475181183112, 48.884069244271281 ], [ 2.456469508368233, 48.884575368353296 ], [ 2.456442131540387, 48.885290795696015 ], [ 2.456415852428528, 48.885455251729944 ], [ 2.456348494498968, 48.885636615468428 ], [ 2.456420190240268, 48.885662835963934 ], [ 2.45657439362343, 48.885684396533001 ], [ 2.456649348018248, 48.885730812385972 ], [ 2.457193386557221, 48.885947869961242 ], [ 2.457231708428286, 48.88594189234918 ], [ 2.458941962936541, 48.884218440624124 ], [ 2.45911668449367, 48.884068144376407 ], [ 2.45956489366491, 48.883586343291654 ], [ 2.459996392686831, 48.883133241441293 ], [ 2.459486308414693, 48.882618316185834 ], [ 2.458912277316529, 48.881562621656329 ], [ 2.458872406735678, 48.881514045354528 ], [ 2.458823172573109, 48.881477675474152 ], [ 2.4585371357121, 48.881316208250766 ], [ 2.457682898582199, 48.88085368205784 ], [ 2.457598486962258, 48.880840809165804 ], [ 2.457514668225003, 48.880829928903154 ], [ 2.457324696551934, 48.880814385605262 ], [ 2.455739355571754, 48.880707121387132 ] ] ] } },
{ "type": "Feature", "properties": { "code_qp": "QN09325M", "lib_qp": "Marcel Cachin" }, "geometry": { "type": "Polygon", "coordinates": [ [ [ 2.432312666099445, 48.881010827419665 ], [ 2.43215171482855, 48.881072187553187 ], [ 2.432896373454678, 48.8819351481363 ], [ 2.433001394846647, 48.882039985363086 ], [ 2.433143248813714, 48.881959603799665 ], [ 2.433497799016363, 48.881833570842659 ], [ 2.433762877093918, 48.881814588073638 ], [ 2.433898801585544, 48.881803067869896 ], [ 2.433955079730284, 48.881869677537608 ], [ 2.433966382242907, 48.881909537117295 ], [ 2.433949233156339, 48.881944839274439 ], [ 2.43378552334568, 48.882044686219395 ], [ 2.43408070233727, 48.882259132367246 ], [ 2.434269595678221, 48.882138654916915 ], [ 2.434331306359381, 48.882110802218193 ], [ 2.434072454633117, 48.881890602634144 ], [ 2.434068455708347, 48.881875481916857 ], [ 2.434104363574904, 48.881827600418667 ], [ 2.434150380599144, 48.881807224534072 ], [ 2.434170986893617, 48.88182654241637 ], [ 2.434180877807133, 48.881826245938811 ], [ 2.434210341738208, 48.881844576006124 ], [ 2.435505727978699, 48.881355419820565 ], [ 2.436229171532677, 48.880914697850841 ], [ 2.436253598435683, 48.880773404870709 ], [ 2.435954765462372, 48.880593863051324 ], [ 2.435718513219741, 48.880496305323206 ], [ 2.435735510725282, 48.880464465656956 ], [ 2.435126374145525, 48.880106356775208 ], [ 2.435019341811265, 48.880186852475894 ], [ 2.434821887702389, 48.880062987347344 ], [ 2.434135748156604, 48.879632127912437 ], [ 2.434115501152879, 48.879656853587441 ], [ 2.433984290627263, 48.879617835715713 ], [ 2.433912567396021, 48.879662169676763 ], [ 2.43385629392777, 48.87962411572429 ], [ 2.433851559528228, 48.879595289744415 ], [ 2.434052502759148, 48.879358305320643 ], [ 2.433546670392449, 48.879219465517423 ], [ 2.433363254106201, 48.879410143081301 ], [ 2.432634520244949, 48.879842878882243 ], [ 2.431840613523272, 48.87926125884897 ], [ 2.431337776235318, 48.878830626328352 ], [ 2.431322880958195, 48.87881773534361 ], [ 2.431428098009954, 48.87861779221231 ], [ 2.430372737150377, 48.87843155288045 ], [ 2.429797097806488, 48.878346438664103 ], [ 2.429863513578705, 48.879124500952578 ], [ 2.429893539950081, 48.879423935274474 ], [ 2.429924697618933, 48.879810210525868 ], [ 2.429959022587378, 48.879907163086031 ], [ 2.430215852588717, 48.880214541290165 ], [ 2.430699593315758, 48.879949128093408 ], [ 2.431072368875098, 48.880232801648511 ], [ 2.431190887111718, 48.880162694049154 ], [ 2.431857965766319, 48.880665332223842 ], [ 2.432312666099445, 48.881010827419665 ] ] ] } },
{ "type": "Feature", "properties": { "code_qp": "QN09331M", "lib_qp": "La Source - Les Presles" }, "geometry": { "type": "Polygon", "coordinates": [ [ [ 2.333211847464448, 48.952598177194638 ], [ 2.333248793518819, 48.952553206320204 ], [ 2.333220428681907, 48.952520092125404 ], [ 2.333170002305176, 48.95245386367003 ], [ 2.333065062925771, 48.952267129200649 ], [ 2.333017461144964, 48.952126172352628 ], [ 2.333006116580802, 48.952025446225456 ], [ 2.33301557152644, 48.95176673825754 ], [ 2.333092476894333, 48.951584754262178 ], [ 2.333878785634371, 48.95051515480003 ], [ 2.334317265989943, 48.950658282510894 ], [ 2.335148182142186, 48.951136652683957 ], [ 2.335035327434221, 48.95121163685468 ], [ 2.335756721772916, 48.951818123421532 ], [ 2.335819608845787, 48.951786887894066 ], [ 2.336062578668498, 48.951992332825895 ], [ 2.336422102816529, 48.951800432941063 ], [ 2.336208527040588, 48.951601691678 ], [ 2.336764441355949, 48.951311899056684 ], [ 2.336926969445753, 48.951443919255603 ], [ 2.337446819564714, 48.951161341434911 ], [ 2.336967842079926, 48.950774182809923 ], [ 2.336416731148461, 48.950317951645118 ], [ 2.336377864683765, 48.950289023809624 ], [ 2.336401000832766, 48.95026953152815 ], [ 2.33506762512986, 48.949395976636239 ], [ 2.334786861208878, 48.949306366700199 ], [ 2.335305620778494, 48.948557494460076 ], [ 2.335388213479802, 48.948532898605279 ], [ 2.335671861848915, 48.948185170446337 ], [ 2.335565691739109, 48.94817318243264 ], [ 2.33531980568801, 48.948083766912831 ], [ 2.335238021479939, 48.948115854569295 ], [ 2.334453745535873, 48.947970810534301 ], [ 2.334305676872605, 48.948186291259731 ], [ 2.334170965914186, 48.948379832839734 ], [ 2.333001066453662, 48.948617387976171 ], [ 2.332533753435234, 48.947586613245115 ], [ 2.329381542748365, 48.949548021846645 ], [ 2.328525798600549, 48.948308627335258 ], [ 2.328086525978719, 48.948454515477913 ], [ 2.327406638912648, 48.94872203868163 ], [ 2.327375056135381, 48.948692191621703 ], [ 2.327247999551326, 48.94874124748911 ], [ 2.327267425778942, 48.948812181335285 ], [ 2.327206039715061, 48.94883959252644 ], [ 2.3270670612012, 48.948911551505518 ], [ 2.326760047711166, 48.949026832310494 ], [ 2.326744349330231, 48.94900473103111 ], [ 2.326640639013577, 48.949046260618253 ], [ 2.326628491231498, 48.9490866295302 ], [ 2.326668358343703, 48.949150021529242 ], [ 2.326618806498129, 48.949161228316285 ], [ 2.327284676738543, 48.950258404560373 ], [ 2.327076667934529, 48.950299799176747 ], [ 2.327901963747111, 48.951913364974168 ], [ 2.327272667626368, 48.951917492273324 ], [ 2.326662938840911, 48.951925554524571 ], [ 2.326199210365741, 48.951937305568961 ], [ 2.325785048780852, 48.951936891406895 ], [ 2.325447451932174, 48.951943606247504 ], [ 2.325288752353043, 48.951966640484244 ], [ 2.325204447008832, 48.951968080190319 ], [ 2.325015281564469, 48.951987114229283 ], [ 2.324827419992227, 48.952017640389641 ], [ 2.324345320358088, 48.95210106253937 ], [ 2.32396217748529, 48.951335384109079 ], [ 2.324451253269452, 48.951273776593204 ], [ 2.324261780087732, 48.950927272295189 ], [ 2.323924833694441, 48.950982679941831 ], [ 2.323313754989146, 48.949675273908134 ], [ 2.322664003350995, 48.949872145311978 ], [ 2.321475866323354, 48.950157037022031 ], [ 2.321502850185509, 48.950205044324001 ], [ 2.320951868169515, 48.950334003446287 ], [ 2.32105234552233, 48.950512830808556 ], [ 2.320857134105481, 48.950550008789037 ], [ 2.320728171025957, 48.9503269936572 ], [ 2.320583451016926, 48.950364696537719 ], [ 2.320510647630711, 48.950375769030089 ], [ 2.320284517464644, 48.950221352499874 ], [ 2.320040453779898, 48.950271651458642 ], [ 2.319976306223885, 48.950287558178779 ], [ 2.319568258642057, 48.950376166679277 ], [ 2.319215886711128, 48.950429916839525 ], [ 2.319415675035752, 48.950820348147239 ], [ 2.319627069170522, 48.951212519735854 ], [ 2.31928600319161, 48.951290261526424 ], [ 2.319613161220645, 48.951897537170368 ], [ 2.319250348250174, 48.951993661388975 ], [ 2.317858000405474, 48.952366869540818 ], [ 2.318139318577669, 48.952711724275886 ], [ 2.318438391872258, 48.952998300715272 ], [ 2.318097968009059, 48.953205347318537 ], [ 2.318733518090205, 48.953779638384852 ], [ 2.318896048931498, 48.953690713501942 ], [ 2.319440516270049, 48.953510337115766 ], [ 2.319785031571995, 48.953412330279754 ], [ 2.319954651931639, 48.953360413321064 ], [ 2.320648089376895, 48.953231309132406 ], [ 2.321037870113103, 48.953207675688844 ], [ 2.321399251712511, 48.953188665689353 ], [ 2.32181369781241, 48.953168040596545 ], [ 2.321951141149756, 48.953123384760204 ], [ 2.321921087429957, 48.953050697288148 ], [ 2.322948621909088, 48.952864737549532 ], [ 2.323155199622387, 48.952835342986383 ], [ 2.323488785823535, 48.952803055104653 ], [ 2.323527926374792, 48.95346783073434 ], [ 2.323575603001239, 48.953477088869846 ], [ 2.323943232688477, 48.953523698047242 ], [ 2.323990492040075, 48.955356308845872 ], [ 2.323236610258188, 48.95538767166979 ], [ 2.323179419773096, 48.954173426938446 ], [ 2.322179718459449, 48.954298262231504 ], [ 2.322101273725127, 48.954046640805487 ], [ 2.320491389297114, 48.954283396314928 ], [ 2.320970260503354, 48.955630878812691 ], [ 2.321296766751586, 48.956605383708521 ], [ 2.321326178077693, 48.956757512704058 ], [ 2.321318605510605, 48.956920245177798 ], [ 2.321286419361084, 48.957118111787679 ], [ 2.325338007147482, 48.95824727947695 ], [ 2.325538499209673, 48.95831329228433 ], [ 2.325735368202109, 48.958402451211576 ], [ 2.325813337225374, 48.958442130063503 ], [ 2.325932110268356, 48.958473424498031 ], [ 2.326657215063631, 48.958587888149651 ], [ 2.326707758510472, 48.958590450266989 ], [ 2.327043414013399, 48.958485996363102 ], [ 2.327333125805451, 48.958393958341183 ], [ 2.327505666366004, 48.95831357403128 ], [ 2.327644261031502, 48.958273196651227 ], [ 2.327654627223571, 48.958286414680089 ], [ 2.327768775627703, 48.958225801316573 ], [ 2.327868297852361, 48.958284741339398 ], [ 2.328182417721002, 48.958045316573696 ], [ 2.328682705801495, 48.957710746433506 ], [ 2.328888692041296, 48.95754417049519 ], [ 2.328973994342135, 48.957466166984084 ], [ 2.329161118055683, 48.957268858281672 ], [ 2.3292587607113, 48.957163646681281 ], [ 2.329547103744856, 48.956893447249755 ], [ 2.329690664305552, 48.956732814469206 ], [ 2.330104476721659, 48.956252731234514 ], [ 2.330142210634075, 48.956207273462773 ], [ 2.330174640441442, 48.956156170648519 ], [ 2.330203581769899, 48.956165903179077 ], [ 2.330268796571771, 48.956067448387842 ], [ 2.330341135809836, 48.956091423625978 ], [ 2.330753947664478, 48.95554370890757 ], [ 2.330829225382161, 48.955376690258134 ], [ 2.331066685104069, 48.955123656054276 ], [ 2.331147975626051, 48.95513395658552 ], [ 2.331294951664784, 48.954991878472988 ], [ 2.331506038780566, 48.954745822272407 ], [ 2.33242542550018, 48.953453731311583 ], [ 2.332445744471291, 48.953461970278774 ], [ 2.332753763631992, 48.953034704486754 ], [ 2.332863191407236, 48.953065593773808 ], [ 2.333211847464448, 48.952598177194638 ] ] ] } },
{ "type": "Feature", "properties": { "code_qp": "QN09336I", "lib_qp": "Joncherolles - Fauvettes" }, "geometry": { "type": "Polygon", "coordinates": [ [ [ 2.360322022676098, 48.957454806547204 ], [ 2.359826778979595, 48.956642833355673 ], [ 2.359475951066547, 48.956077998017278 ], [ 2.359378527623811, 48.955894933203389 ], [ 2.359441997146067, 48.955841316176951 ], [ 2.359558543858001, 48.955804174867168 ], [ 2.359921437405589, 48.955718881817774 ], [ 2.359936413344402, 48.955715648858224 ], [ 2.359897240741869, 48.955680459980321 ], [ 2.359980234103683, 48.955626148340478 ], [ 2.359392223791805, 48.955226781204409 ], [ 2.359303130908704, 48.955272097747248 ], [ 2.358859001461953, 48.954962276063597 ], [ 2.358348877314702, 48.954990852541357 ], [ 2.358392615669576, 48.955237558365482 ], [ 2.358179056103832, 48.955291860723641 ], [ 2.354932851965531, 48.956241474446692 ], [ 2.354973667864022, 48.956311510458256 ], [ 2.354674301202722, 48.956409521596854 ], [ 2.353533946873791, 48.956787440553406 ], [ 2.353511738117955, 48.956811369724093 ], [ 2.353453147560189, 48.95682428070635 ], [ 2.353394556973328, 48.956837191659851 ], [ 2.35301867877995, 48.956962623297407 ], [ 2.353215911037472, 48.957253777300181 ], [ 2.353452918306914, 48.95761368471819 ], [ 2.353644979869683, 48.957900454805603 ], [ 2.353734379082148, 48.958033352121291 ], [ 2.353996340634114, 48.958403799523317 ], [ 2.355403328890195, 48.957888888246387 ], [ 2.356146809191808, 48.957619498290427 ], [ 2.356472489119306, 48.957528323530909 ], [ 2.357200300649398, 48.957314638878529 ], [ 2.35744344614421, 48.957751119231112 ], [ 2.358446405180675, 48.957513865624051 ], [ 2.358637002354465, 48.957470598143203 ], [ 2.358690710130701, 48.95785792284142 ], [ 2.360322022676098, 48.957454806547204 ] ] ] } },
{ "type": "Feature", "properties": { "code_qp": "QN09344M", "lib_qp": "Michelet - Les Puces - Debain" }, "geometry": { "type": "Polygon", "coordinates": [ [ [ 2.340038113254758, 48.90337969387496 ], [ 2.339704924043359, 48.903112896086277 ], [ 2.339997517264061, 48.902944816767956 ], [ 2.340340286447872, 48.903225809910865 ], [ 2.340403644484576, 48.903193247753293 ], [ 2.341747977218524, 48.904247716230358 ], [ 2.341424428353711, 48.904429810280746 ], [ 2.342615531118941, 48.905332463556384 ], [ 2.343943722537917, 48.904489425021303 ], [ 2.344043545133613, 48.904449883233113 ], [ 2.344030761200544, 48.905464329379576 ], [ 2.342152005034831, 48.906805601368475 ], [ 2.343226696177794, 48.907724952311895 ], [ 2.342178830977911, 48.908145678350266 ], [ 2.342298670873053, 48.908282749171661 ], [ 2.342624576543421, 48.908526723250624 ], [ 2.342380410747057, 48.908621515420435 ], [ 2.342182316953468, 48.908739213752668 ], [ 2.342466107672975, 48.908940685322229 ], [ 2.34228641891081, 48.909007714785723 ], [ 2.34247930241753, 48.909268262098209 ], [ 2.342582476918249, 48.909397943408052 ], [ 2.343037523030744, 48.90924446180901 ], [ 2.343499090162922, 48.909090257025362 ], [ 2.34384146183776, 48.908977233335882 ], [ 2.343735772486195, 48.908851862402294 ], [ 2.344170903587835, 48.908716789214154 ], [ 2.344169969429887, 48.907327477325275 ], [ 2.344166840206928, 48.906690515418255 ], [ 2.344341127141534, 48.906627068657187 ], [ 2.344917444377236, 48.906394108810488 ], [ 2.344909140428677, 48.905986797624401 ], [ 2.344944661007857, 48.90598581636295 ], [ 2.344945463561881, 48.905813297541009 ], [ 2.344281382663436, 48.905814153750562 ], [ 2.344285860279905, 48.905631021401874 ], [ 2.344939251905455, 48.905628515120583 ], [ 2.344938356418133, 48.905460380880385 ], [ 2.345310968470549, 48.905457484562326 ], [ 2.345137484365809, 48.90469009142754 ], [ 2.344697745023115, 48.904976493519882 ], [ 2.344357772584102, 48.9052113346916 ], [ 2.344153711608358, 48.905351985267309 ], [ 2.344159733252628, 48.90516684417738 ], [ 2.344138900652103, 48.904381156734125 ], [ 2.344136967764025, 48.903048012061667 ], [ 2.344122748272815, 48.901331502973086 ], [ 2.344972376045737, 48.901336810960252 ], [ 2.345469246635103, 48.901852027655046 ], [ 2.345786309863818, 48.901721803203039 ], [ 2.346006922806358, 48.901946468901521 ], [ 2.346672169965958, 48.90166649235637 ], [ 2.346735011061604, 48.901658730502298 ], [ 2.346804269192682, 48.901681603700538 ], [ 2.346964711784282, 48.901869629607411 ], [ 2.347119271594608, 48.902236394317249 ], [ 2.348216891023573, 48.902057110107258 ], [ 2.348205309873686, 48.902002181707076 ], [ 2.350472596201585, 48.902033789335071 ], [ 2.35044426184547, 48.902582393327002 ], [ 2.351204137759438, 48.902515511372528 ], [ 2.351387023148902, 48.902474874191924 ], [ 2.351837796996169, 48.902356348893079 ], [ 2.351839843137467, 48.902265070196705 ], [ 2.351317898540848, 48.90225209268278 ], [ 2.351334810661954, 48.901774188023296 ], [ 2.351370693231104, 48.901774638246273 ], [ 2.35137304418105, 48.901669739193956 ], [ 2.351317593689528, 48.901671454569232 ], [ 2.351319199097031, 48.901554847733188 ], [ 2.351347828897724, 48.90155315304014 ], [ 2.351346488497711, 48.901441827837743 ], [ 2.348061143768867, 48.901383924175811 ], [ 2.347336441115038, 48.901365668044932 ], [ 2.345049516506209, 48.901307394610342 ], [ 2.342194965298672, 48.901248086031686 ], [ 2.340048474508932, 48.901201198969517 ], [ 2.337473616211251, 48.901157305872559 ], [ 2.33513758698999, 48.901103880835478 ], [ 2.334967416539412, 48.901397023300525 ], [ 2.334645823220224, 48.901559288289846 ], [ 2.331951933161952, 48.903162173404596 ], [ 2.332510821299135, 48.90367645725955 ], [ 2.333170570775413, 48.904277182229052 ], [ 2.333254369639966, 48.904343828619815 ], [ 2.333464551537217, 48.903966882053339 ], [ 2.334083775711763, 48.904494396155187 ], [ 2.334133151271649, 48.90438288082931 ], [ 2.334965674518365, 48.905086530317469 ], [ 2.335191474092702, 48.904949499218958 ], [ 2.335387799991463, 48.905111530587817 ], [ 2.335670153619477, 48.905329089358816 ], [ 2.335810940007438, 48.905438715262527 ], [ 2.336056814058261, 48.905629643193535 ], [ 2.336382825123823, 48.905859071948953 ], [ 2.33850948996119, 48.904424528280529 ], [ 2.338985991156985, 48.904091402781866 ], [ 2.338799957241317, 48.90396085142708 ], [ 2.339362716711872, 48.903578204018366 ], [ 2.339413007774441, 48.903609024201529 ], [ 2.339435690758858, 48.903589725259884 ], [ 2.33941466114826, 48.903565464591843 ], [ 2.339622988107759, 48.903424893740798 ], [ 2.339797648185231, 48.903544108194978 ], [ 2.340038113254758, 48.90337969387496 ] ] ] } },
{ "type": "Feature", "properties": { "code_qp": "QN09372N", "lib_qp": "Chanzy-Briand" }, "geometry": { "type": "Polygon", "coordinates": [ [ [ 2.51246670861757, 48.910051608705452 ], [ 2.512374419053099, 48.90994906574862 ], [ 2.511900794241109, 48.910133826284202 ], [ 2.512292563387809, 48.910559079554112 ], [ 2.511655742849153, 48.910847219637006 ], [ 2.512220800250339, 48.911451539629333 ], [ 2.512192523076564, 48.911463029222176 ], [ 2.512421983652792, 48.911699756251529 ], [ 2.512435889431479, 48.911696487177892 ], [ 2.512466546686777, 48.911722801602579 ], [ 2.512324716824334, 48.911782086378722 ], [ 2.512818001078681, 48.912312043469278 ], [ 2.512907635182948, 48.912438783347675 ], [ 2.512942851769266, 48.912449734953171 ], [ 2.513634066118439, 48.912446008628407 ], [ 2.513705215714222, 48.912420116708148 ], [ 2.514028112034598, 48.912293264949255 ], [ 2.514137753897065, 48.912241488416022 ], [ 2.51560287924241, 48.911642815343761 ], [ 2.515841697361664, 48.911899084789326 ], [ 2.516297979572388, 48.911868434759114 ], [ 2.51633214158139, 48.911791981493167 ], [ 2.516423122716913, 48.911474379216891 ], [ 2.516523411962376, 48.911102272099647 ], [ 2.516864542459024, 48.911147746368428 ], [ 2.516802777036729, 48.911424847391899 ], [ 2.516990511878443, 48.911580377032429 ], [ 2.517155869768958, 48.911718339869623 ], [ 2.51726699877653, 48.911813967407355 ], [ 2.518065835026071, 48.91260665722313 ], [ 2.517779481016669, 48.912728805023818 ], [ 2.518124749365447, 48.913087779913035 ], [ 2.518416373848248, 48.912970277901891 ], [ 2.519660338065827, 48.912477652819796 ], [ 2.520048904420067, 48.912290918371163 ], [ 2.520445318275212, 48.912703241356205 ], [ 2.520846484555244, 48.912540059617839 ], [ 2.521155371151304, 48.912838375332534 ], [ 2.521758383247669, 48.912583852091998 ], [ 2.521339944808097, 48.9121045344518 ], [ 2.521102538887003, 48.911883095940148 ], [ 2.521733243343057, 48.911605041467965 ], [ 2.52176016877029, 48.911590963113696 ], [ 2.521476181259641, 48.911304909720243 ], [ 2.521313603034632, 48.91114007658021 ], [ 2.521380758770545, 48.911112493557383 ], [ 2.520978052731103, 48.910679187876219 ], [ 2.520221616746088, 48.910995290882575 ], [ 2.51959838396756, 48.910374966421976 ], [ 2.519218803618818, 48.910536654871237 ], [ 2.519239707151985, 48.910560818595542 ], [ 2.518903139960152, 48.91069368618426 ], [ 2.518620247941911, 48.91039442050058 ], [ 2.518495081607155, 48.910455706201695 ], [ 2.51828764504253, 48.91023206120753 ], [ 2.518659635756819, 48.910081244245035 ], [ 2.519120168065617, 48.909874498568236 ], [ 2.517855064971669, 48.908600601292633 ], [ 2.518531236098635, 48.908315649743209 ], [ 2.51832011633876, 48.908095306137355 ], [ 2.517623825614004, 48.908437326118651 ], [ 2.5171721427831, 48.908562747735786 ], [ 2.516564024983769, 48.908814850327317 ], [ 2.516225591561853, 48.908451027410131 ], [ 2.514979943152369, 48.90896395068976 ], [ 2.515032172546696, 48.909026827847136 ], [ 2.514706186702646, 48.909160121685517 ], [ 2.514652194616575, 48.909184274076985 ], [ 2.514739275842609, 48.909285588246384 ], [ 2.514620870996944, 48.909333848509903 ], [ 2.514587671275559, 48.909307023045827 ], [ 2.51455052858079, 48.909325440138957 ], [ 2.51451308269144, 48.909286828895169 ], [ 2.514403282685203, 48.909334927985888 ], [ 2.514264277974343, 48.90938915958116 ], [ 2.514269836656741, 48.90940785654039 ], [ 2.514105475013287, 48.909475658017655 ], [ 2.514317861982009, 48.909719992666545 ], [ 2.514024612650036, 48.909839719211881 ], [ 2.51379452852006, 48.909592764837178 ], [ 2.513819249391046, 48.909582634901319 ], [ 2.513775716290174, 48.909533504238702 ], [ 2.513873595157249, 48.90949851615499 ], [ 2.513680841021293, 48.909291754344402 ], [ 2.513365101820994, 48.908950459057259 ], [ 2.513018049642149, 48.909099668841428 ], [ 2.512772367734994, 48.90920964211201 ], [ 2.512894329739742, 48.909345437820491 ], [ 2.512850901777271, 48.909403460575696 ], [ 2.512863335549989, 48.909422633784018 ], [ 2.512893785092313, 48.90940363496108 ], [ 2.513200095513695, 48.90928983625993 ], [ 2.513383367725146, 48.909488984226336 ], [ 2.513051213032281, 48.90963507978681 ], [ 2.513025118883494, 48.909624789581379 ], [ 2.512679815097876, 48.909767154886055 ], [ 2.512744732950761, 48.909832208000452 ], [ 2.512572715724019, 48.909900450370976 ], [ 2.512637206998062, 48.909979914309986 ], [ 2.51246670861757, 48.910051608705452 ] ] ] } },
{ "type": "Feature", "properties": { "code_qp": "QN09402M", "lib_qp": "Irlandais - Paul Vaillant Couturier - Cherchefeuille - Clément Ader" }, "geometry": { "type": "Polygon", "coordinates": [ [ [ 2.339218812887835, 48.803683727880895 ], [ 2.340041643107456, 48.80311603515959 ], [ 2.340527878212176, 48.80278390173811 ], [ 2.340880918914376, 48.803023105090681 ], [ 2.341012290063572, 48.802949226812565 ], [ 2.341202776725762, 48.802825219064921 ], [ 2.341503099768817, 48.802725987565452 ], [ 2.341519873118715, 48.802341089508751 ], [ 2.341557736612624, 48.801937123551923 ], [ 2.340564142474501, 48.802310734023393 ], [ 2.340248138965726, 48.802060306188558 ], [ 2.340194068901826, 48.802016324068873 ], [ 2.340613218764505, 48.801836315046103 ], [ 2.339895673483735, 48.801287287922001 ], [ 2.339447381769609, 48.801505113181456 ], [ 2.339231025427242, 48.801601953363097 ], [ 2.339039409308927, 48.801704175237091 ], [ 2.338898944407214, 48.801807872318193 ], [ 2.338821802739458, 48.801877609344139 ], [ 2.338588283087112, 48.802148834470614 ], [ 2.338327256513638, 48.802009776806393 ], [ 2.337885949830405, 48.801750972742198 ], [ 2.3367659352574, 48.801128717899168 ], [ 2.336550410248129, 48.801267822358717 ], [ 2.336239092436446, 48.801485446100052 ], [ 2.335888179330753, 48.801724693565006 ], [ 2.335843915120501, 48.801757543360452 ], [ 2.335782666578757, 48.801691592340731 ], [ 2.33579200154144, 48.80160975771205 ], [ 2.335736046487898, 48.801670172072505 ], [ 2.33560551763226, 48.801752355080858 ], [ 2.335547605615463, 48.801622172494341 ], [ 2.335494867849396, 48.801631389318729 ], [ 2.335334710794798, 48.80129253872957 ], [ 2.335180963290721, 48.800974433077485 ], [ 2.33505220508912, 48.800701012444563 ], [ 2.335010034199724, 48.800605875631788 ], [ 2.335001274029841, 48.800599772221176 ], [ 2.334964581825593, 48.800542511483918 ], [ 2.334909271026262, 48.800479487614503 ], [ 2.334816464292967, 48.800369999687753 ], [ 2.334742135352518, 48.800320724232513 ], [ 2.334690830647422, 48.800295515882716 ], [ 2.334513119397557, 48.800226605724284 ], [ 2.334182889559336, 48.800291303323668 ], [ 2.334315113745358, 48.800582865990279 ], [ 2.334449639922165, 48.800822850684121 ], [ 2.335265752493945, 48.802141352360415 ], [ 2.335146898599096, 48.802204161950357 ], [ 2.335200492268136, 48.80228202408653 ], [ 2.335742182049297, 48.8030468365844 ], [ 2.33600605173311, 48.803389175348578 ], [ 2.336387854972485, 48.803557671138243 ], [ 2.337362564504533, 48.804025196519625 ], [ 2.33761366154318, 48.803814214302271 ], [ 2.338127703302461, 48.803835425783646 ], [ 2.338202914147029, 48.803333007977855 ], [ 2.338212391501286, 48.803186264602644 ], [ 2.339218812887835, 48.803683727880895 ] ] ] } },
{ "type": "Feature", "properties": { "code_qp": "QN09408M", "lib_qp": "Ivry Port" }, "geometry": { "type": "Polygon", "coordinates": [ [ [ 2.393530348862767, 48.818451636986389 ], [ 2.394091913618284, 48.817946176947636 ], [ 2.396960945113955, 48.818944841481269 ], [ 2.397956986386797, 48.818096680063611 ], [ 2.399676834049768, 48.81665634084375 ], [ 2.40084725707714, 48.815658493515997 ], [ 2.401359506790189, 48.815215618127354 ], [ 2.401658515989894, 48.814969188268243 ], [ 2.402543362266625, 48.815164795595656 ], [ 2.402656265172977, 48.815063377674548 ], [ 2.402759528536544, 48.815025752633346 ], [ 2.402933933560024, 48.814841666195832 ], [ 2.402987096704093, 48.81484614892959 ], [ 2.402980257250284, 48.814552149545122 ], [ 2.402333951946507, 48.814557079702588 ], [ 2.40216514422094, 48.814557428321244 ], [ 2.401984879257504, 48.814487373448991 ], [ 2.401007637365089, 48.813992033169022 ], [ 2.401963379777149, 48.812716828558955 ], [ 2.401067027761963, 48.812339137950921 ], [ 2.400004361976608, 48.81344575346435 ], [ 2.399211168809146, 48.813047558254624 ], [ 2.398397456924799, 48.813821894383594 ], [ 2.397739320499224, 48.813545817672839 ], [ 2.397303927512054, 48.814005461036764 ], [ 2.397443769898196, 48.81406099034939 ], [ 2.397460643184087, 48.814120468542491 ], [ 2.397491871222104, 48.81418107338591 ], [ 2.397293180017353, 48.81424473667586 ], [ 2.39712206046349, 48.814316973195943 ], [ 2.397078191611166, 48.814429212372573 ], [ 2.397034160036631, 48.814555508249001 ], [ 2.394475715704226, 48.814553435568484 ], [ 2.393274423897364, 48.815596102729245 ], [ 2.393376458899126, 48.815628928004706 ], [ 2.393310252395846, 48.81565596202222 ], [ 2.393224600925301, 48.815688406926995 ], [ 2.392975698272998, 48.81589491654708 ], [ 2.391979417659913, 48.816894452667938 ], [ 2.391968192715829, 48.816922272752961 ], [ 2.391965383579467, 48.817013919622809 ], [ 2.391986601880963, 48.817096844173562 ], [ 2.392021166291219, 48.817171871674539 ], [ 2.392122456488216, 48.817241448206786 ], [ 2.393972044441699, 48.817906236040578 ], [ 2.394009938164232, 48.817915860777973 ], [ 2.393298300952358, 48.818583655894656 ], [ 2.392669856973789, 48.819175754729805 ], [ 2.392584955995804, 48.819305988642597 ], [ 2.391846864360626, 48.819983201701135 ], [ 2.392748093486513, 48.820405021402983 ], [ 2.393111053024547, 48.820064023498631 ], [ 2.392792784678914, 48.819911776482819 ], [ 2.393176046950415, 48.819547143686897 ], [ 2.392847391468128, 48.819394314681098 ], [ 2.392672328998417, 48.819317117060386 ], [ 2.392764433564368, 48.819184388822215 ], [ 2.393530348862767, 48.818451636986389 ] ] ] } },
{ "type": "Feature", "properties": { "code_qp": "QN09422M", "lib_qp": "L'Egalité" }, "geometry": { "type": "Polygon", "coordinates": [ [ [ 2.520393403414583, 48.818790636752411 ], [ 2.521586404324097, 48.818757314796834 ], [ 2.521935757514892, 48.820581378929774 ], [ 2.521955610559948, 48.820607254211055 ], [ 2.522088946826465, 48.820596227243215 ], [ 2.522094454956635, 48.820617987182061 ], [ 2.522740283219164, 48.820560867322463 ], [ 2.522831167366983, 48.820553614002314 ], [ 2.522696218177798, 48.819902624243483 ], [ 2.522445344210491, 48.818716649777443 ], [ 2.521710933469265, 48.818749364731914 ], [ 2.521713910777076, 48.818727606770537 ], [ 2.52146828602652, 48.8187369424057 ], [ 2.521465630815755, 48.817142851020186 ], [ 2.52117770532817, 48.817095014926331 ], [ 2.520636080376778, 48.81701120302634 ], [ 2.520344467439506, 48.816965380715395 ], [ 2.520193137998575, 48.816942105874723 ], [ 2.520002837150977, 48.816926778242888 ], [ 2.51990360415796, 48.816919269986549 ], [ 2.519170284566818, 48.816355370300968 ], [ 2.518664217751574, 48.816929826314208 ], [ 2.518497869446489, 48.817218380058208 ], [ 2.518630691181346, 48.817253241101049 ], [ 2.518769471913675, 48.817243972319254 ], [ 2.519746359117986, 48.816960995690991 ], [ 2.519820339119282, 48.817200924827127 ], [ 2.520099607053121, 48.818135747713164 ], [ 2.520301840628677, 48.818793302149601 ], [ 2.520393403414583, 48.818790636752411 ] ] ] } },
{ "type": "Feature", "properties": { "code_qp": "QN09434I", "lib_qp": "Le Quartier Nord" }, "geometry": { "type": "Polygon", "coordinates": [ [ [ 2.446646088813908, 48.74547662499436 ], [ 2.446629128814464, 48.745923561827169 ], [ 2.446614563996735, 48.746101333381318 ], [ 2.446555158643124, 48.746357633219475 ], [ 2.446403208611521, 48.74695168069681 ], [ 2.44598196247243, 48.748595450770011 ], [ 2.445715103620628, 48.74965934964272 ], [ 2.445355335716603, 48.751013101978536 ], [ 2.445275023444418, 48.751347261748982 ], [ 2.444907327005776, 48.752787496983011 ], [ 2.444583067672448, 48.754150267278561 ], [ 2.444671861808139, 48.754154252304794 ], [ 2.445273833112446, 48.753991941088877 ], [ 2.445388217556884, 48.754186158013276 ], [ 2.446245368788861, 48.753959935711322 ], [ 2.447061664524218, 48.753736693253238 ], [ 2.447230904509633, 48.754011344386505 ], [ 2.447452620604898, 48.754398542115005 ], [ 2.450961612930198, 48.753479015478852 ], [ 2.452191180126944, 48.753121727667008 ], [ 2.452175240515176, 48.753039099990687 ], [ 2.452628536123501, 48.752921809790713 ], [ 2.454368500234733, 48.75245734800545 ], [ 2.454372611688139, 48.752202142277405 ], [ 2.454371311746028, 48.752172687351518 ], [ 2.454284408037807, 48.752010474808202 ], [ 2.454219919078331, 48.751978428298997 ], [ 2.454167251489964, 48.751963899267125 ], [ 2.453754236060487, 48.751969948597832 ], [ 2.453676163875183, 48.751386992395481 ], [ 2.453608104163321, 48.750839205606439 ], [ 2.453547068638812, 48.750380672006706 ], [ 2.453428850064121, 48.749682726281151 ], [ 2.453349210290243, 48.749263634225997 ], [ 2.453298241053478, 48.749087178074042 ], [ 2.45317831826262, 48.749109819907105 ], [ 2.453037433671483, 48.749182929518653 ], [ 2.451775595414845, 48.749540509741195 ], [ 2.451613506786124, 48.749562263722723 ], [ 2.449949762690848, 48.749735455517886 ], [ 2.44969337076131, 48.74978547678041 ], [ 2.449551004608808, 48.749832823027475 ], [ 2.449233411055382, 48.749938054037379 ], [ 2.448732374986264, 48.750113839389421 ], [ 2.447753370986852, 48.750470874626316 ], [ 2.447816811328849, 48.749231754802764 ], [ 2.44786974177871, 48.748148939988418 ], [ 2.447946091511427, 48.748162849207752 ], [ 2.448770356231668, 48.748183658689356 ], [ 2.448897957203009, 48.748194828220043 ], [ 2.449711503607764, 48.748210474411493 ], [ 2.44986145779314, 48.74815506802917 ], [ 2.450740701321394, 48.748174868436301 ], [ 2.450742281261459, 48.748037161646238 ], [ 2.450905706059741, 48.748076422152884 ], [ 2.450948182022344, 48.748018944299915 ], [ 2.450515456191272, 48.746373231740236 ], [ 2.450199255541253, 48.745143157352672 ], [ 2.448437595941963, 48.745314015363519 ], [ 2.446646088813908, 48.74547662499436 ] ] ] } },
{ "type": "Feature", "properties": { "code_qp": "QN07516I", "lib_qp": "Algérie" }, "geometry": { "type": "Polygon", "coordinates": [ [ [ 2.400103534456873, 48.878539295703625 ], [ 2.398903067981781, 48.878377578300629 ], [ 2.397917311480151, 48.878253774336812 ], [ 2.398115971244181, 48.878985825484364 ], [ 2.398765139538626, 48.879332222667287 ], [ 2.399393107642853, 48.879530372232395 ], [ 2.39951166637455, 48.879583873251292 ], [ 2.39959572770737, 48.879647782399381 ], [ 2.398842778864549, 48.879952371870012 ], [ 2.398630526451068, 48.880073746087334 ], [ 2.398568143531044, 48.880117269327293 ], [ 2.398693298719815, 48.880194989981909 ], [ 2.399215839293198, 48.880394122307578 ], [ 2.399776466045617, 48.880592549706535 ], [ 2.400058045220486, 48.880697643877802 ], [ 2.400395431722431, 48.880257944956242 ], [ 2.400844345323513, 48.879685781678788 ], [ 2.400581876931851, 48.879590748120634 ], [ 2.400289327271506, 48.879321728347193 ], [ 2.399918239268907, 48.879504285045797 ], [ 2.399710940478879, 48.879593942268194 ], [ 2.399798503464838, 48.879354035596393 ], [ 2.400084330596358, 48.878614779938793 ], [ 2.400103534456873, 48.878539295703625 ] ] ] } },
{ "type": "Feature", "properties": { "code_qp": "QN09204M", "lib_qp": "Cité Jardins" }, "geometry": { "type": "Polygon", "coordinates": [ [ [ 2.266582937296607, 48.766518219652269 ], [ 2.266353740652783, 48.766160152021214 ], [ 2.26631923392607, 48.766051420092509 ], [ 2.266279328738736, 48.766041911068278 ], [ 2.266273285469155, 48.765991569472028 ], [ 2.265868317991642, 48.764692049752071 ], [ 2.267104100981608, 48.764511151306543 ], [ 2.266931812655464, 48.76394995800208 ], [ 2.267545386070843, 48.763593091200462 ], [ 2.267714691083917, 48.763332754449522 ], [ 2.267819575830347, 48.763276490518294 ], [ 2.26807186637427, 48.762843955883511 ], [ 2.267910530974676, 48.762786060110223 ], [ 2.267743711164503, 48.76278607966983 ], [ 2.267224583620038, 48.763201377038094 ], [ 2.266643649584554, 48.762945038652639 ], [ 2.266451732864655, 48.762926655669418 ], [ 2.26624834864863, 48.762905224236604 ], [ 2.266151340304093, 48.762863933124436 ], [ 2.265769127256168, 48.762712037827768 ], [ 2.265549598332718, 48.762664368429618 ], [ 2.265188798546428, 48.762591346314288 ], [ 2.264881981403392, 48.762487555029956 ], [ 2.26478872471735, 48.762428750576341 ], [ 2.26454777656143, 48.762338598052537 ], [ 2.264331260541851, 48.76225488176555 ], [ 2.263631404727399, 48.762008809971924 ], [ 2.263112442180101, 48.761880780923384 ], [ 2.262516241896633, 48.761715643746243 ], [ 2.262355664306488, 48.761640209716148 ], [ 2.261632842896101, 48.76140549800833 ], [ 2.26143987079127, 48.761320568574121 ], [ 2.261187954091251, 48.761157553143555 ], [ 2.261106001659073, 48.761149105629102 ], [ 2.261008074077798, 48.761137912370387 ], [ 2.260518132709385, 48.761244723766701 ], [ 2.260310117978515, 48.761232848266268 ], [ 2.259722764366087, 48.761044922725723 ], [ 2.259503534029112, 48.760999181785877 ], [ 2.258266269216233, 48.761201313687224 ], [ 2.257713448686353, 48.761260079918529 ], [ 2.256230972698785, 48.761412645220304 ], [ 2.255355683768079, 48.761483949581311 ], [ 2.255188881851263, 48.76146706078562 ], [ 2.254463647707095, 48.761185908349901 ], [ 2.254096038600069, 48.761468061875355 ], [ 2.253470050997548, 48.761971438818755 ], [ 2.25369652244366, 48.762092623782323 ], [ 2.253868600637249, 48.762164767701691 ], [ 2.253920043734269, 48.762245221111698 ], [ 2.254199363178543, 48.762310489819548 ], [ 2.254815087983371, 48.762508875875852 ], [ 2.256058915940182, 48.762670146654536 ], [ 2.256289662851274, 48.762737754700602 ], [ 2.256802806874024, 48.762795539936178 ], [ 2.257083574927523, 48.762794639861525 ], [ 2.257451312483487, 48.762836629284294 ], [ 2.257359465523276, 48.763101403811568 ], [ 2.257385185824854, 48.763122738441318 ], [ 2.257411094395304, 48.763130840043736 ], [ 2.257424729496026, 48.763157393201503 ], [ 2.257408452694877, 48.763175819870639 ], [ 2.257464693708439, 48.763303217761461 ], [ 2.257338118321322, 48.763335516256078 ], [ 2.257239584912206, 48.763366665589231 ], [ 2.257189882245297, 48.763342534945245 ], [ 2.256834358541833, 48.763286063144918 ], [ 2.256753034163839, 48.76351450858192 ], [ 2.256706061018316, 48.763509416908519 ], [ 2.256369392154266, 48.763464477524856 ], [ 2.254942150159862, 48.763303449914375 ], [ 2.254980585057128, 48.762975421327582 ], [ 2.254530856559748, 48.762927618893848 ], [ 2.254315361278171, 48.76273834802933 ], [ 2.254350863528179, 48.762635342904282 ], [ 2.253710365596298, 48.762559546934263 ], [ 2.253687742228496, 48.76260175502361 ], [ 2.25367469186009, 48.76267446159455 ], [ 2.253680995683679, 48.762793608806518 ], [ 2.253708236132201, 48.7628731887961 ], [ 2.25407933479976, 48.763495689978576 ], [ 2.254754512155195, 48.763316611164605 ], [ 2.255511645759758, 48.764514064001148 ], [ 2.255506981769142, 48.764560354554966 ], [ 2.255418359132086, 48.764598181237908 ], [ 2.255311890857856, 48.764623985831768 ], [ 2.255389826302778, 48.764774017918924 ], [ 2.255317556787015, 48.764788124952638 ], [ 2.255360631852889, 48.764855887802447 ], [ 2.255043094577913, 48.764942576708357 ], [ 2.254993840680526, 48.765039110711825 ], [ 2.255386420245523, 48.76564430886225 ], [ 2.255623301127084, 48.766019650476579 ], [ 2.256016778946835, 48.765942697026354 ], [ 2.255962492641189, 48.76578354892672 ], [ 2.25681841935695, 48.765671093564656 ], [ 2.256856597514574, 48.765766617078448 ], [ 2.258376441729109, 48.765563986043311 ], [ 2.258343840946448, 48.765463203981191 ], [ 2.259831236133775, 48.76525373589881 ], [ 2.259893730335898, 48.765293660215058 ], [ 2.259916344051994, 48.765393056553833 ], [ 2.259965009192883, 48.765419991831287 ], [ 2.260540484570452, 48.765354738310585 ], [ 2.261333282991441, 48.765281231447005 ], [ 2.261176051806347, 48.764791918325642 ], [ 2.261977016198912, 48.764600342782551 ], [ 2.261950208381925, 48.764514155039961 ], [ 2.26217342692039, 48.764442746224098 ], [ 2.262293201907947, 48.764431244453441 ], [ 2.262438072701892, 48.764379202465648 ], [ 2.262653453043461, 48.76443743920877 ], [ 2.262679755609557, 48.764417750328242 ], [ 2.262897287577825, 48.764465412575099 ], [ 2.2631229949076, 48.764501214108648 ], [ 2.2633810847274, 48.764512070011996 ], [ 2.263601216828936, 48.764517397671312 ], [ 2.263857659692845, 48.764503097474439 ], [ 2.264002025355741, 48.764486782736604 ], [ 2.264438198952561, 48.764432562758891 ], [ 2.264511784009407, 48.764609030294515 ], [ 2.264564791332756, 48.76478967215526 ], [ 2.264634469415331, 48.765101434769925 ], [ 2.26318934920598, 48.765296004056978 ], [ 2.263603199294443, 48.765760428277929 ], [ 2.263724391911619, 48.765826022740129 ], [ 2.265612597890931, 48.766154604936219 ], [ 2.26571222118248, 48.766188302775575 ], [ 2.266026800507687, 48.766453595666533 ], [ 2.266483299075944, 48.76698411110219 ], [ 2.266932518595142, 48.767000103039358 ], [ 2.268255735926024, 48.76700656231916 ], [ 2.268276487124763, 48.766525959563083 ], [ 2.268350553295842, 48.766526413271428 ], [ 2.268343920243557, 48.76628551134781 ], [ 2.266582937296607, 48.766518219652269 ] ] ] } },
{ "type": "Feature", "properties": { "code_qp": "QN09312I", "lib_qp": "Blanqui" }, "geometry": { "type": "Polygon", "coordinates": [ [ [ 2.492737693891192, 48.894470048447431 ], [ 2.492439296217452, 48.893903094021589 ], [ 2.492371553809921, 48.8938687964514 ], [ 2.491555790303992, 48.894026294012043 ], [ 2.491342830908777, 48.894044275134519 ], [ 2.491038102127331, 48.894105048905821 ], [ 2.491098863826456, 48.894307640848652 ], [ 2.491230230003232, 48.894680507421484 ], [ 2.489750112265873, 48.894895029900674 ], [ 2.488515369672617, 48.895054136372615 ], [ 2.485928353671735, 48.89540880063808 ], [ 2.486363187426413, 48.896264100671218 ], [ 2.486663418512958, 48.896995092285941 ], [ 2.486669493790207, 48.897015441651988 ], [ 2.485773467994291, 48.89672652447863 ], [ 2.485086000560721, 48.896870143327767 ], [ 2.484810612146847, 48.897268251285929 ], [ 2.484097983782994, 48.897373251473496 ], [ 2.483664045221066, 48.897443804360456 ], [ 2.484020729106497, 48.898218678642273 ], [ 2.483905231194926, 48.898241469414614 ], [ 2.483986943707932, 48.898419495609865 ], [ 2.483660765485805, 48.898494030787923 ], [ 2.483500592747193, 48.898183279170333 ], [ 2.483019899096015, 48.898290951060062 ], [ 2.482715079352282, 48.897629270530601 ], [ 2.48164906787189, 48.89784678653605 ], [ 2.482484758464802, 48.899587913497129 ], [ 2.482318430005946, 48.899652799144 ], [ 2.482223788728692, 48.899671732114562 ], [ 2.482283880721012, 48.899840940725895 ], [ 2.482312768469302, 48.899907882152021 ], [ 2.482741133256138, 48.901144341144871 ], [ 2.483208408063998, 48.901052724429562 ], [ 2.483418972277648, 48.90055445359112 ], [ 2.485372812794635, 48.900262618938285 ], [ 2.485379117343322, 48.900198279771722 ], [ 2.485495591757583, 48.899726306241902 ], [ 2.485167283668368, 48.898856172005765 ], [ 2.487451378999104, 48.898503967736197 ], [ 2.488356176689029, 48.898359094341551 ], [ 2.48875709805202, 48.898287228215679 ], [ 2.489953951770416, 48.898183232574382 ], [ 2.489422889118569, 48.896732318433216 ], [ 2.489763198050118, 48.896688637987154 ], [ 2.489456356307757, 48.896095864854608 ], [ 2.490015983557173, 48.895972159256779 ], [ 2.490144059617212, 48.895986194209243 ], [ 2.490227907228056, 48.896059974692037 ], [ 2.490887227482763, 48.895911984523401 ], [ 2.490897055280946, 48.89593993534686 ], [ 2.4917534040128, 48.89572664333101 ], [ 2.491496858694999, 48.895153101506899 ], [ 2.491694921227523, 48.895112869904374 ], [ 2.491639913134211, 48.894994532063343 ], [ 2.492165898613107, 48.894903242850461 ], [ 2.492570080400591, 48.894815196185455 ], [ 2.492386496674784, 48.894520959421214 ], [ 2.492737693891192, 48.894470048447431 ] ] ] } },
{ "type": "Feature", "properties": { "code_qp": "QN09326I", "lib_qp": "Quartier de L'Horloge" }, "geometry": { "type": "Polygon", "coordinates": [ [ [ 2.437419432010524, 48.893323764152278 ], [ 2.4374318788226, 48.892800427270132 ], [ 2.437470119876941, 48.892669308830499 ], [ 2.437612787477704, 48.892281642511293 ], [ 2.437322874632277, 48.891411068095152 ], [ 2.436979079546543, 48.890712447747561 ], [ 2.435853183862941, 48.891104075907407 ], [ 2.435189894342855, 48.890141647100485 ], [ 2.434210945710367, 48.890483730823377 ], [ 2.433803968560902, 48.890678197203606 ], [ 2.433112938746037, 48.891009300507939 ], [ 2.432643744084646, 48.891237040902553 ], [ 2.433241590038158, 48.892037521983283 ], [ 2.43354035815753, 48.89245262852593 ], [ 2.434007834943339, 48.893076358257538 ], [ 2.434586435393234, 48.893873145637606 ], [ 2.434791199806609, 48.893819214719052 ], [ 2.437419432010524, 48.893323764152278 ] ] ] } },
{ "type": "Feature", "properties": { "code_qp": "QN09337M", "lib_qp": "Plaine - Landy - Bailly" }, "geometry": { "type": "Polygon", "coordinates": [ [ [ 2.357242196469621, 48.917279887809762 ], [ 2.357902321259795, 48.917295352224386 ], [ 2.357841277250222, 48.918159929202055 ], [ 2.358145280894453, 48.918184938222687 ], [ 2.358557005747424, 48.918357860980663 ], [ 2.359010689558615, 48.917871952861965 ], [ 2.359086908171851, 48.91707192543749 ], [ 2.359611832624131, 48.917103745630662 ], [ 2.359679714158448, 48.916651092695737 ], [ 2.358644458130359, 48.916100340958202 ], [ 2.358501672954656, 48.916060904717838 ], [ 2.357988130088703, 48.915990690005778 ], [ 2.357865857674644, 48.91550441150072 ], [ 2.358106039017307, 48.915492797211854 ], [ 2.358417498758977, 48.915654850745618 ], [ 2.358508996367652, 48.915688622081689 ], [ 2.359051470710068, 48.915984290529217 ], [ 2.359055295975861, 48.915442151488193 ], [ 2.359979185537444, 48.915441651719867 ], [ 2.359985814553922, 48.914933244880075 ], [ 2.360065485980495, 48.914928080412651 ], [ 2.360065355989322, 48.914626399589245 ], [ 2.360096593516908, 48.914623307370114 ], [ 2.360091844138054, 48.914470925681087 ], [ 2.359938703427296, 48.914373139334614 ], [ 2.360094926080479, 48.914372079951704 ], [ 2.36008689716426, 48.913889192094778 ], [ 2.360057571836134, 48.913762109534801 ], [ 2.360048615632343, 48.912535068572055 ], [ 2.36123544584921, 48.912520437796616 ], [ 2.36116036842603, 48.911299405022298 ], [ 2.361643704524568, 48.911282786533185 ], [ 2.361612765347205, 48.911054969519611 ], [ 2.361585352715596, 48.910718764687829 ], [ 2.362053917683338, 48.910709135085803 ], [ 2.362051863067154, 48.910662353075288 ], [ 2.362559108799727, 48.91065942346826 ], [ 2.362404882213964, 48.90922927826464 ], [ 2.363557987004864, 48.909145916942322 ], [ 2.363452130995539, 48.908391009468396 ], [ 2.360563979931972, 48.908611820373856 ], [ 2.360549656934043, 48.908482921344707 ], [ 2.358592943337429, 48.908458198403082 ], [ 2.358572720304485, 48.908766433413746 ], [ 2.357896092954027, 48.908761076093313 ], [ 2.35698551173443, 48.908731739516853 ], [ 2.356479290552734, 48.90878898459254 ], [ 2.356467387438384, 48.90890151791838 ], [ 2.356301374450456, 48.909725817792115 ], [ 2.356273930023058, 48.909882239583823 ], [ 2.356238547198207, 48.909980788489321 ], [ 2.35622766075537, 48.910170412871913 ], [ 2.356881906537199, 48.91020366687156 ], [ 2.356886587983703, 48.910639340025959 ], [ 2.356975501926786, 48.91063871162963 ], [ 2.356980329123086, 48.910655323122114 ], [ 2.356855596815422, 48.910975308039255 ], [ 2.356850072840346, 48.911015083764141 ], [ 2.356662541190063, 48.911258437579562 ], [ 2.35683607368696, 48.91133345160938 ], [ 2.356449395959872, 48.911791269583411 ], [ 2.35617477816112, 48.912108529986781 ], [ 2.356035205299633, 48.91276863701404 ], [ 2.355821152168884, 48.912820587038091 ], [ 2.355702881067212, 48.912863856691622 ], [ 2.355588925206352, 48.912922635821573 ], [ 2.355472445168438, 48.913003561751793 ], [ 2.355363534605297, 48.913138896658253 ], [ 2.355338794316241, 48.913189295001629 ], [ 2.355306330493707, 48.913264040502241 ], [ 2.355297137642541, 48.913369658818937 ], [ 2.354953631870569, 48.914578657961499 ], [ 2.354932340310358, 48.91480437081146 ], [ 2.354816622111942, 48.915337847372648 ], [ 2.354912366417508, 48.915346472864641 ], [ 2.354885407452791, 48.915871502447892 ], [ 2.354713029942181, 48.917228527130455 ], [ 2.357242196469621, 48.917279887809762 ] ] ] } },
{ "type": "Feature", "properties": { "code_qp": "QN09341M", "lib_qp": "Saint-Rémy - Joliot Curie - Bel Air" }, "geometry": { "type": "Polygon", "coordinates": [ [ [ 2.366588274526066, 48.933159041948869 ], [ 2.366737711937031, 48.933329796887762 ], [ 2.366797781305816, 48.933441622239449 ], [ 2.367155752854084, 48.934533453352635 ], [ 2.367345852846968, 48.935177437139238 ], [ 2.367504417469819, 48.935607238408913 ], [ 2.367934003317601, 48.935752480176021 ], [ 2.367982442121277, 48.935810522635478 ], [ 2.368404455415488, 48.935827257361005 ], [ 2.369396919361762, 48.935948485596498 ], [ 2.369900102366381, 48.936161230007691 ], [ 2.368933343082171, 48.937650747674759 ], [ 2.368570701033819, 48.93817690922922 ], [ 2.368389052343526, 48.938170025375783 ], [ 2.368275206970331, 48.937895703256459 ], [ 2.36794147892167, 48.937945096236788 ], [ 2.367507427197205, 48.938005509462712 ], [ 2.367329041137379, 48.938050770148514 ], [ 2.367411604462426, 48.938470325464557 ], [ 2.368129560191595, 48.938338806234547 ], [ 2.36818506180889, 48.938306097280623 ], [ 2.368240593414815, 48.93827091334331 ], [ 2.368308347278826, 48.938260544946807 ], [ 2.368485310652989, 48.938229300969766 ], [ 2.368762602273353, 48.938897144465685 ], [ 2.368907230650982, 48.939054413487483 ], [ 2.369089710376858, 48.939312144264115 ], [ 2.370112822631505, 48.938660540500862 ], [ 2.371771325120556, 48.937421042542859 ], [ 2.371804042845358, 48.937539930165443 ], [ 2.371799390124109, 48.937810586293587 ], [ 2.371701668565549, 48.938554679857539 ], [ 2.373578025622655, 48.938820105605359 ], [ 2.375251756420837, 48.939048958402722 ], [ 2.375371911892825, 48.938781293439874 ], [ 2.376137804640619, 48.938864228362156 ], [ 2.376384797174699, 48.938022474477513 ], [ 2.375822612888807, 48.937775857056344 ], [ 2.375577295730718, 48.937711757210366 ], [ 2.375241359041469, 48.937642414739173 ], [ 2.375003047327743, 48.937619098508939 ], [ 2.373053698820971, 48.937484428244723 ], [ 2.372811462310131, 48.937424703928826 ], [ 2.371958534151939, 48.937179217226124 ], [ 2.372012597818325, 48.937112059662304 ], [ 2.372017663350308, 48.936876990164841 ], [ 2.37195710020128, 48.93537614906748 ], [ 2.372007350590988, 48.934379117822196 ], [ 2.371977324398099, 48.934068609824365 ], [ 2.371959948448171, 48.933970699858236 ], [ 2.371777128703422, 48.933741502918437 ], [ 2.371470055643024, 48.933556481690523 ], [ 2.371446883765889, 48.933425934877988 ], [ 2.371540711027668, 48.933348777150563 ], [ 2.37189433251242, 48.933257101585404 ], [ 2.371833456224772, 48.933175269398518 ], [ 2.371644112559752, 48.932974565047232 ], [ 2.371479066281249, 48.932810667892447 ], [ 2.371313733675978, 48.93267122778547 ], [ 2.371049709161563, 48.932506810718579 ], [ 2.370570189204006, 48.932259748232468 ], [ 2.370077905587444, 48.932045223030052 ], [ 2.368606371312974, 48.931475028650773 ], [ 2.367971882096148, 48.931422893839162 ], [ 2.36785718785795, 48.931381036723103 ], [ 2.367340341124168, 48.931252020814135 ], [ 2.367264434188904, 48.931186725608001 ], [ 2.367134965247344, 48.931151401375715 ], [ 2.366222687880377, 48.93088572899569 ], [ 2.365216038744303, 48.930624783577692 ], [ 2.364289392488914, 48.930396590656237 ], [ 2.364205040007167, 48.930372121342444 ], [ 2.364025337114477, 48.930314194394782 ], [ 2.363869633214418, 48.930349669962084 ], [ 2.363788369018086, 48.930441643582753 ], [ 2.36353580762846, 48.930185097661195 ], [ 2.36341871522761, 48.930053559559724 ], [ 2.363253715824385, 48.930140967411937 ], [ 2.36315834965326, 48.930059648676043 ], [ 2.363077094473373, 48.930054517157423 ], [ 2.363052034400156, 48.930036760387118 ], [ 2.362978676272256, 48.930110136708684 ], [ 2.362898285438447, 48.93008657781855 ], [ 2.362640203559817, 48.929872791399255 ], [ 2.362561348868266, 48.929906365150302 ], [ 2.361933100584539, 48.929757207250042 ], [ 2.361856261485102, 48.929812034307687 ], [ 2.362144023476506, 48.930054032877699 ], [ 2.362153895329864, 48.930129188722297 ], [ 2.363913420729221, 48.931338207169674 ], [ 2.365991352406288, 48.932747607414377 ], [ 2.366409680926154, 48.933029490870389 ], [ 2.366588274526066, 48.933159041948869 ] ] ] } },
{ "type": "Feature", "properties": { "code_qp": "QN09363I", "lib_qp": "Pré-Gentil" }, "geometry": { "type": "Polygon", "coordinates": [ [ [ 2.495577778704038, 48.866870361138531 ], [ 2.495679849372914, 48.86688517696809 ], [ 2.496178534679211, 48.866912465666424 ], [ 2.496933791971459, 48.866905746278718 ], [ 2.497652481353576, 48.866894675970485 ], [ 2.497775344715755, 48.867705182511514 ], [ 2.498049848538924, 48.868708404902392 ], [ 2.498377534674961, 48.869688198061837 ], [ 2.498539215347653, 48.870487311600677 ], [ 2.499373972378488, 48.870429594014205 ], [ 2.499760781967216, 48.870485575569333 ], [ 2.500507009967065, 48.870852579586874 ], [ 2.499993309895713, 48.870907665826948 ], [ 2.498578200185607, 48.870974994994263 ], [ 2.498658603947059, 48.871731689215508 ], [ 2.498982946978833, 48.871725040469165 ], [ 2.499048970544465, 48.871778520129475 ], [ 2.499097081738369, 48.872191350454933 ], [ 2.49899271992501, 48.872260478382096 ], [ 2.498771110047337, 48.87227313225354 ], [ 2.498822475011286, 48.872786292344472 ], [ 2.499401505740152, 48.872844041422958 ], [ 2.499373838433563, 48.873343157909609 ], [ 2.500901249620767, 48.873395600034733 ], [ 2.500949812740428, 48.872462664062489 ], [ 2.500993305077952, 48.872107415061286 ], [ 2.501111304140191, 48.871717396940113 ], [ 2.501151981062772, 48.871493517176923 ], [ 2.501197878860624, 48.870805517933569 ], [ 2.500974635438068, 48.869978708248873 ], [ 2.500968833898724, 48.869845640820209 ], [ 2.500999638708966, 48.869338493118505 ], [ 2.501035372590499, 48.869055438748973 ], [ 2.501191601110956, 48.868180026066412 ], [ 2.501183904946428, 48.868077294113306 ], [ 2.501115260855802, 48.86773311784868 ], [ 2.501083879924165, 48.867561819952151 ], [ 2.501105081064924, 48.867564631438761 ], [ 2.501061609341709, 48.867424404407686 ], [ 2.501047424366289, 48.867427846420817 ], [ 2.500924071463863, 48.867008750619782 ], [ 2.500381985551195, 48.865982986466648 ], [ 2.500211406249401, 48.865693429314426 ], [ 2.49996299451958, 48.865363458296237 ], [ 2.498950303526703, 48.865491208953365 ], [ 2.499030951916218, 48.865752681845393 ], [ 2.499306826104684, 48.866742716626447 ], [ 2.49899750570366, 48.866728300499346 ], [ 2.49872391363699, 48.866737887563112 ], [ 2.498029479517646, 48.866815819754898 ], [ 2.497994727416627, 48.866884483594291 ], [ 2.497657570539864, 48.86680967279954 ], [ 2.497642684136065, 48.866627141893886 ], [ 2.497615755489593, 48.866078003570941 ], [ 2.497589987912887, 48.865700292432095 ], [ 2.497554170158689, 48.865477508883046 ], [ 2.497164410791714, 48.864762705142546 ], [ 2.497025909718476, 48.864803569800387 ], [ 2.496913070346765, 48.865136093126509 ], [ 2.497028799394224, 48.865507257235741 ], [ 2.496114550076658, 48.86561022528241 ], [ 2.495615207496449, 48.865390242579537 ], [ 2.495781758164482, 48.865231751772335 ], [ 2.494986563830786, 48.864878986799589 ], [ 2.493952434979289, 48.864388531111167 ], [ 2.493592770092456, 48.864786319018499 ], [ 2.4933220177826, 48.865201144999709 ], [ 2.493756926747412, 48.865390550139132 ], [ 2.494023153290451, 48.865130709476247 ], [ 2.494312687516807, 48.865266789856605 ], [ 2.494095624473617, 48.865493837060122 ], [ 2.495085242833161, 48.865929377023463 ], [ 2.495503791842118, 48.865500369250519 ], [ 2.495920161276738, 48.865690632583068 ], [ 2.495808290752264, 48.865861279021097 ], [ 2.495910682156618, 48.866275512546608 ], [ 2.495751840369307, 48.866630984007237 ], [ 2.495577778704038, 48.866870361138531 ] ] ] } },
{ "type": "Feature", "properties": { "code_qp": "QN09365N", "lib_qp": "Calon" }, "geometry": { "type": "Polygon", "coordinates": [ [ [ 2.340997046647368, 48.929021264935692 ], [ 2.341184516300591, 48.928535439795255 ], [ 2.342193404997253, 48.928527082953252 ], [ 2.343295121981671, 48.928413712169686 ], [ 2.343418133319823, 48.927141283922616 ], [ 2.344248107118176, 48.926978707390987 ], [ 2.344367835505274, 48.926981268647673 ], [ 2.344468395037257, 48.926936221135428 ], [ 2.345021472463173, 48.926921205288885 ], [ 2.345122031995159, 48.926915198949025 ], [ 2.345867086709406, 48.926924208458566 ], [ 2.346136769090637, 48.926852132336897 ], [ 2.346571003433299, 48.926750024319865 ], [ 2.347096655532309, 48.926440695817419 ], [ 2.347352625250087, 48.925476659746714 ], [ 2.347590311416596, 48.925437617395389 ], [ 2.347658874733857, 48.92526042480165 ], [ 2.34776400515366, 48.925242405180612 ], [ 2.347691713230701, 48.925060607455549 ], [ 2.3476917132307, 48.925005371733221 ], [ 2.347904092408417, 48.924275673034643 ], [ 2.347948233128129, 48.924046565945069 ], [ 2.347855422180189, 48.923214538371539 ], [ 2.347483408318189, 48.922772222375905 ], [ 2.346425531164533, 48.922814349955914 ], [ 2.345559995311544, 48.922951264344896 ], [ 2.34471048790028, 48.923035519166973 ], [ 2.344053321789676, 48.923235623799833 ], [ 2.343107643728076, 48.923562108584676 ], [ 2.342698918464162, 48.923820135372445 ], [ 2.342570690930387, 48.924057097574597 ], [ 2.342362321188001, 48.924652131036673 ], [ 2.342155470298241, 48.925313982067287 ], [ 2.341992557319572, 48.925835240862298 ], [ 2.341946902518214, 48.926054002188401 ], [ 2.341688874184182, 48.926051647563291 ], [ 2.341464891255336, 48.926026923992886 ], [ 2.341144639074102, 48.925986793748066 ], [ 2.341184695229767, 48.925848777140075 ], [ 2.341146191551046, 48.92586419221572 ], [ 2.340950606075381, 48.925751325120558 ], [ 2.340908225845528, 48.925784749695566 ], [ 2.340566996300766, 48.925936735979562 ], [ 2.339745137000124, 48.926300040558417 ], [ 2.339957834635527, 48.926501956194784 ], [ 2.340017832029891, 48.92651791342125 ], [ 2.340346283020591, 48.926367060467562 ], [ 2.340398602009815, 48.926413644743469 ], [ 2.340441357550545, 48.926522499489515 ], [ 2.340478768648683, 48.926568148183314 ], [ 2.340387913124633, 48.926782345343312 ], [ 2.340313090928353, 48.926820970962872 ], [ 2.340350502026493, 48.926852573720367 ], [ 2.339420069171397, 48.927295477049093 ], [ 2.340997046647368, 48.929021264935692 ] ] ] } },
{ "type": "Feature", "properties": { "code_qp": "QN09412M", "lib_qp": "Commune De Paris - 8 Mai 1945" }, "geometry": { "type": "Polygon", "coordinates": [ [ [ 2.389965277330215, 48.782636255137518 ], [ 2.389833884539515, 48.782676750838981 ], [ 2.388802581647663, 48.782315646712441 ], [ 2.388350704619842, 48.782876431529566 ], [ 2.387985949782802, 48.782718152512999 ], [ 2.387915130435478, 48.782798356246637 ], [ 2.387974545833264, 48.782826398106735 ], [ 2.387385366215707, 48.783552942111704 ], [ 2.388127156466783, 48.783825155488991 ], [ 2.388149321456984, 48.783817853211985 ], [ 2.388442683168294, 48.783946935112823 ], [ 2.387789873061593, 48.784486192879193 ], [ 2.387609319894319, 48.784766054571826 ], [ 2.387136686604559, 48.78465147792037 ], [ 2.38710213086875, 48.784686732302539 ], [ 2.387048625213306, 48.784670574047112 ], [ 2.387040822305222, 48.784681591039956 ], [ 2.387094327960664, 48.784695545894209 ], [ 2.387010172319401, 48.78479958421304 ], [ 2.386212336270285, 48.785796065819 ], [ 2.386153381860404, 48.785776643993358 ], [ 2.385431390861565, 48.78666979647496 ], [ 2.385975988675011, 48.786876038699738 ], [ 2.385645676329062, 48.787259218131823 ], [ 2.385495137717673, 48.787199517461147 ], [ 2.38556701084131, 48.787329014858067 ], [ 2.385637104094652, 48.787477884049949 ], [ 2.385941458563004, 48.787586778163998 ], [ 2.38613416106283, 48.78742314142788 ], [ 2.386151720119412, 48.787426997716096 ], [ 2.386192691251432, 48.787377251574505 ], [ 2.38623073587402, 48.787303981973892 ], [ 2.386272292307927, 48.78717286768471 ], [ 2.386341969135789, 48.787097141578023 ], [ 2.386353904642219, 48.787022435285039 ], [ 2.386389711161507, 48.787030299110612 ], [ 2.38651845585575, 48.786883883465237 ], [ 2.386579485713736, 48.786817975388104 ], [ 2.38666303425874, 48.786847858040453 ], [ 2.386706002081886, 48.7867888791043 ], [ 2.386800292582679, 48.78662766965865 ], [ 2.386895776634113, 48.786501060901635 ], [ 2.387047670020146, 48.786352638689237 ], [ 2.387142841617201, 48.786274579843898 ], [ 2.387808851253265, 48.7865109762336 ], [ 2.388448226045754, 48.786631034165602 ], [ 2.389490949901411, 48.786998395845039 ], [ 2.38991102387787, 48.786474746331955 ], [ 2.389254293357566, 48.786229842182713 ], [ 2.389098525695784, 48.786433084460739 ], [ 2.388367933093466, 48.786173007848419 ], [ 2.388347050528841, 48.786195596912798 ], [ 2.388292923969195, 48.786178083659046 ], [ 2.388643730852216, 48.785737787567108 ], [ 2.389026717352532, 48.78526037091887 ], [ 2.389559729281507, 48.785450173080349 ], [ 2.389828565396348, 48.785533442356503 ], [ 2.390798314453352, 48.785798255258122 ], [ 2.391731206956156, 48.786042986745571 ], [ 2.392807746413959, 48.786363001755099 ], [ 2.393132574785068, 48.786464519544488 ], [ 2.394379171139516, 48.786741539135747 ], [ 2.395732529212553, 48.787075958666968 ], [ 2.395922281200743, 48.786751503272569 ], [ 2.395923585387463, 48.786525993510423 ], [ 2.396024688039434, 48.786360154527728 ], [ 2.396222326888502, 48.786046930079351 ], [ 2.396162071690938, 48.786026486676121 ], [ 2.396391650980609, 48.785657299924594 ], [ 2.397130407772, 48.785909399528961 ], [ 2.397800954963452, 48.785008232502278 ], [ 2.397912140321921, 48.784843400582552 ], [ 2.398085141463683, 48.78453144971165 ], [ 2.398117867914928, 48.784410686354654 ], [ 2.398370063179077, 48.783903801637017 ], [ 2.398644908542896, 48.783359870343865 ], [ 2.39883261473121, 48.78297704208655 ], [ 2.398193033537609, 48.782790638355259 ], [ 2.397398393835293, 48.782553733940055 ], [ 2.397360954439539, 48.782540606541311 ], [ 2.397292760136625, 48.782551962050135 ], [ 2.39720661521202, 48.782587510931094 ], [ 2.397147386789992, 48.782648364542226 ], [ 2.397038690888067, 48.782810799266599 ], [ 2.396459633041959, 48.783629736614316 ], [ 2.393299703327497, 48.782430316541422 ], [ 2.393354221736077, 48.782340882926256 ], [ 2.393487870628067, 48.782167580152553 ], [ 2.393480248362732, 48.782115892117311 ], [ 2.3934029821179, 48.782039383059733 ], [ 2.394110930921439, 48.781132800066658 ], [ 2.394230056082792, 48.78095171653041 ], [ 2.394587160427008, 48.780595752465139 ], [ 2.394669108558382, 48.780634685144776 ], [ 2.395138569341409, 48.780532135789642 ], [ 2.395151242878162, 48.780479072400006 ], [ 2.394384070270615, 48.780202304584513 ], [ 2.393739387756316, 48.779974030033877 ], [ 2.393701365023932, 48.779965936686196 ], [ 2.393663337583, 48.779966682690521 ], [ 2.393620551242157, 48.779977830475516 ], [ 2.393572407725936, 48.779996052784824 ], [ 2.393454651704132, 48.780139421574965 ], [ 2.393283521099656, 48.780351928354804 ], [ 2.392946624457992, 48.780778711390802 ], [ 2.392412579421253, 48.781442317744144 ], [ 2.392321248041342, 48.781534634357861 ], [ 2.392228567132365, 48.7816243051697 ], [ 2.392020977507678, 48.781542879784283 ], [ 2.391779861360199, 48.781447311969359 ], [ 2.391683863593518, 48.781424973046022 ], [ 2.391147609994389, 48.781184841129004 ], [ 2.390563218994833, 48.780939787634104 ], [ 2.390438950232106, 48.781176133591067 ], [ 2.390331946215595, 48.781414482965481 ], [ 2.390251902557866, 48.781632053164024 ], [ 2.390183313983099, 48.781822451275033 ], [ 2.389965277330215, 48.782636255137518 ] ] ] } },
{ "type": "Feature", "properties": { "code_qp": "QN07503M", "lib_qp": "Kellermann - Paul Bourget" }, "geometry": { "type": "Polygon", "coordinates": [ [ [ 2.354123102571488, 48.821173075366126 ], [ 2.352572046090498, 48.821169270258459 ], [ 2.352558108205386, 48.821593100547489 ], [ 2.352437206942354, 48.8216121763584 ], [ 2.349872062921301, 48.82217084018972 ], [ 2.349305401146257, 48.822174940460798 ], [ 2.348934930272771, 48.82282947236888 ], [ 2.348863482653797, 48.822988267963247 ], [ 2.349006915136972, 48.823065492463044 ], [ 2.349454094730489, 48.823358439628961 ], [ 2.349974318384222, 48.823703656410743 ], [ 2.350588744757427, 48.822192061935596 ], [ 2.352683530689374, 48.822151912536299 ], [ 2.354068854189281, 48.822141401706872 ], [ 2.354027723619995, 48.821875574964452 ], [ 2.355323623261464, 48.821883580745357 ], [ 2.355287841662678, 48.821482441533874 ], [ 2.355280893194305, 48.821383484951156 ], [ 2.355251644198754, 48.821109851383838 ], [ 2.355222966075463, 48.820903472317347 ], [ 2.355212298468865, 48.820854150063894 ], [ 2.355671522732078, 48.820688208802409 ], [ 2.355864317089796, 48.820601029259947 ], [ 2.356070829785765, 48.820456638693109 ], [ 2.356311722884805, 48.820267750853098 ], [ 2.356579573998875, 48.820335497286578 ], [ 2.356946993000159, 48.820386883791187 ], [ 2.358194756319414, 48.819771917547861 ], [ 2.358660911466085, 48.819560879243873 ], [ 2.358729130337863, 48.819233577061937 ], [ 2.358733619247206, 48.819047913644944 ], [ 2.358310180387616, 48.819101479601144 ], [ 2.357942592038543, 48.819197222183206 ], [ 2.358032756232094, 48.818864364294136 ], [ 2.359324363152338, 48.817865251507477 ], [ 2.359624947882057, 48.817632115882105 ], [ 2.359936646216027, 48.817679612612643 ], [ 2.360045373033445, 48.817302115470333 ], [ 2.360215244702923, 48.816748508282359 ], [ 2.359988357646543, 48.816717505948588 ], [ 2.35984626269315, 48.8167041426141 ], [ 2.359819280224788, 48.816640984913647 ], [ 2.359680275193837, 48.816658571694298 ], [ 2.359545837080128, 48.816586818547869 ], [ 2.359271803285387, 48.816580767590402 ], [ 2.359349089261872, 48.816503274441139 ], [ 2.359385078975834, 48.816398063293796 ], [ 2.358681987520406, 48.816436684892629 ], [ 2.357897037621435, 48.816501213783098 ], [ 2.357233856942349, 48.816538895506831 ], [ 2.357308572124976, 48.816951747478861 ], [ 2.357105939214803, 48.817205002425624 ], [ 2.357184412258811, 48.817664847910535 ], [ 2.357003980706833, 48.817665023444491 ], [ 2.356900526464206, 48.817802636786745 ], [ 2.35682810891796, 48.817787812539088 ], [ 2.35660756092795, 48.817945877496975 ], [ 2.356452262301618, 48.81815871370528 ], [ 2.356287046145118, 48.818612664816882 ], [ 2.355971958190813, 48.818979881406555 ], [ 2.355650145264619, 48.81918895519496 ], [ 2.355548009899219, 48.819310993919665 ], [ 2.355419100844857, 48.819493609940999 ], [ 2.355317948480374, 48.819676375452701 ], [ 2.355394305287785, 48.819708152636323 ], [ 2.355457069329334, 48.819790549009312 ], [ 2.355504300436928, 48.820180338974097 ], [ 2.355567202801127, 48.820565630473446 ], [ 2.355687370263882, 48.820669390284287 ], [ 2.35520895619491, 48.820843820818283 ], [ 2.35496254119908, 48.820917534607609 ], [ 2.354545738152808, 48.821026052077585 ], [ 2.354123102571488, 48.821173075366126 ] ] ] } },
{ "type": "Feature", "properties": { "code_qp": "QN07514M", "lib_qp": "Michelet - Alphonse Karr - Rue de Nantes" }, "geometry": { "type": "Polygon", "coordinates": [ [ [ 2.383577981114712, 48.895852650685093 ], [ 2.382323033507595, 48.894798612155547 ], [ 2.382490114852231, 48.894647839114107 ], [ 2.383701935551467, 48.893966986778501 ], [ 2.384617138060551, 48.893450448637445 ], [ 2.384114047897169, 48.893033598978093 ], [ 2.383288134339919, 48.892372594318203 ], [ 2.382373766541378, 48.892887335310462 ], [ 2.381988154562441, 48.892576186538221 ], [ 2.381628834309341, 48.892320735790094 ], [ 2.38149094610232, 48.892398367861325 ], [ 2.381391563159353, 48.892446425099834 ], [ 2.381366489954837, 48.892439780003187 ], [ 2.3813330300078, 48.892458561520918 ], [ 2.381370361848471, 48.892491924550683 ], [ 2.381226556697078, 48.89257410696441 ], [ 2.381209185350619, 48.89256187455198 ], [ 2.38118699900714, 48.892576864174281 ], [ 2.381297433946174, 48.892657102424785 ], [ 2.380797999065747, 48.892957790971401 ], [ 2.380719686163584, 48.892895784291738 ], [ 2.380535105481249, 48.89300737118694 ], [ 2.380462154095435, 48.892947761372149 ], [ 2.380150313472163, 48.893109629086382 ], [ 2.381722981174377, 48.894312696804626 ], [ 2.38133892749028, 48.894532613844603 ], [ 2.381061074624637, 48.89432860351971 ], [ 2.379982294803045, 48.894929908141485 ], [ 2.379906145894108, 48.894880492071188 ], [ 2.379652971034667, 48.895010948834084 ], [ 2.378958984927593, 48.895383902292672 ], [ 2.378427389599341, 48.894916154976556 ], [ 2.377671509396132, 48.894253038267394 ], [ 2.377006589217724, 48.893682085455886 ], [ 2.375990701342317, 48.89419804112562 ], [ 2.376366332012679, 48.89450883403908 ], [ 2.375898106345018, 48.894728280555483 ], [ 2.376221789409466, 48.895004508892839 ], [ 2.375162750092647, 48.895520232318169 ], [ 2.374223469003935, 48.894740568888921 ], [ 2.374111710375278, 48.894621520117873 ], [ 2.375991945552733, 48.893644520919381 ], [ 2.376034358476212, 48.893553524012326 ], [ 2.373558313148367, 48.893727771357945 ], [ 2.373444790551948, 48.89375560900563 ], [ 2.373382939130869, 48.893819256381207 ], [ 2.373341606876645, 48.893756524638306 ], [ 2.373116971628248, 48.893267914333805 ], [ 2.372552674498653, 48.892048596935389 ], [ 2.369651217021574, 48.89286439092033 ], [ 2.369538499225586, 48.892899929347315 ], [ 2.370048797476136, 48.893988620445839 ], [ 2.370130882041084, 48.894099062326696 ], [ 2.370451691088542, 48.894506738845735 ], [ 2.370652025445182, 48.894693761205808 ], [ 2.371795656326592, 48.895388637991871 ], [ 2.373127521283114, 48.89605036477937 ], [ 2.374344369183051, 48.896533553174969 ], [ 2.376198721080545, 48.896985021040692 ], [ 2.376921657564596, 48.896532017313191 ], [ 2.37756726549903, 48.896380295573657 ], [ 2.378616013229622, 48.896099897222804 ], [ 2.379466112365007, 48.895811815087356 ], [ 2.380096493695147, 48.89601985502992 ], [ 2.380187674174078, 48.896053804192732 ], [ 2.380284957537657, 48.896069723953765 ], [ 2.381456674972922, 48.895901736890337 ], [ 2.383366698904396, 48.895980318278347 ], [ 2.383577981114712, 48.895852650685093 ] ] ] } },
{ "type": "Feature", "properties": { "code_qp": "QN07515M", "lib_qp": "Danube - Solidarité - Marseillaise" }, "geometry": { "type": "Polygon", "coordinates": [ [ [ 2.394388353825589, 48.885584490988222 ], [ 2.394324722976171, 48.886439879080505 ], [ 2.395278483057213, 48.886364481958836 ], [ 2.396385981198079, 48.886245796464301 ], [ 2.397284408297182, 48.886117050753974 ], [ 2.397553995629515, 48.88561687566726 ], [ 2.398098867269413, 48.884917819335364 ], [ 2.399166516883123, 48.884002461239277 ], [ 2.398894798815192, 48.883883096019176 ], [ 2.398473050294102, 48.883912030835106 ], [ 2.395163798171562, 48.883325078690802 ], [ 2.39497492552002, 48.883265664631743 ], [ 2.394813124696056, 48.883766249737441 ], [ 2.394586751281003, 48.883657450257303 ], [ 2.394259989764647, 48.883491340463912 ], [ 2.392759858740408, 48.882848340189419 ], [ 2.393370039265046, 48.882268597632532 ], [ 2.393224936501071, 48.882136256966184 ], [ 2.392923967130316, 48.882100026399989 ], [ 2.392863322910973, 48.882051586641666 ], [ 2.390441599600256, 48.882592025607678 ], [ 2.389410157462654, 48.882818114962539 ], [ 2.389528541282293, 48.882961562652731 ], [ 2.39170922728412, 48.883912015835499 ], [ 2.391261604919895, 48.884341377549084 ], [ 2.391495913488816, 48.884437280251603 ], [ 2.392175193943882, 48.884734181390549 ], [ 2.392248571855983, 48.88470039559904 ], [ 2.392385276685045, 48.884687115595618 ], [ 2.392546591459586, 48.884708562866123 ], [ 2.393263832362085, 48.884777730227334 ], [ 2.394428756277005, 48.884894654971426 ], [ 2.394388353825589, 48.885584490988222 ] ] ] } },
{ "type": "Feature", "properties": { "code_qp": "QN09202I", "lib_qp": "Université II" }, "geometry": { "type": "Polygon", "coordinates": [ [ [ 2.210009493575975, 48.895423396393561 ], [ 2.210004147084731, 48.89659767698749 ], [ 2.209545557379859, 48.896595689849256 ], [ 2.209553447609578, 48.896737062106105 ], [ 2.209605284408779, 48.896793527448118 ], [ 2.210485964998025, 48.896810472233668 ], [ 2.210492376292371, 48.897278653158388 ], [ 2.210478731249899, 48.897376556045913 ], [ 2.210411548182677, 48.897426420839459 ], [ 2.210344109353653, 48.897466451546549 ], [ 2.210274297560753, 48.897482168400899 ], [ 2.210203342655004, 48.897482601613454 ], [ 2.210125710034787, 48.897474907540087 ], [ 2.210046972963128, 48.897451007352657 ], [ 2.209779055878613, 48.897289869074548 ], [ 2.209578823729628, 48.897442392932675 ], [ 2.209145136531194, 48.897190903816977 ], [ 2.20915782016968, 48.897178625345951 ], [ 2.20885426550241, 48.897000797187516 ], [ 2.208787041188323, 48.897037439767793 ], [ 2.208705797856619, 48.89703690298392 ], [ 2.208459749327411, 48.896934287099292 ], [ 2.208055102494149, 48.896671334193456 ], [ 2.208389666992114, 48.896453767058368 ], [ 2.208066385351253, 48.896234661818234 ], [ 2.207842590372913, 48.896397954011 ], [ 2.207659853111809, 48.896495643037198 ], [ 2.207447573867765, 48.896617866149235 ], [ 2.207272943655167, 48.896730722426426 ], [ 2.207083157206782, 48.896880564804349 ], [ 2.207075720739199, 48.897923885696628 ], [ 2.207390171331299, 48.897925179429166 ], [ 2.207391806842367, 48.897680681505712 ], [ 2.207393001698869, 48.897513505251126 ], [ 2.207423598666792, 48.897475034637665 ], [ 2.207473038119186, 48.897451980966935 ], [ 2.207468011716513, 48.897245092129147 ], [ 2.207942308414721, 48.897237896636049 ], [ 2.208032469068379, 48.897221877529311 ], [ 2.208599966430778, 48.897220729429598 ], [ 2.208948818060461, 48.897222571363784 ], [ 2.208949527730504, 48.897401653194571 ], [ 2.208976507359091, 48.897404503934297 ], [ 2.208968441985938, 48.898379924556892 ], [ 2.209198087836255, 48.898383445563589 ], [ 2.209201651781663, 48.898504623780873 ], [ 2.20930591000414, 48.898579252148089 ], [ 2.208038834856928, 48.898579788347305 ], [ 2.208039487376325, 48.898714532701021 ], [ 2.208103375204178, 48.89871377808818 ], [ 2.208063426782605, 48.898739634613563 ], [ 2.208041376416754, 48.898767995782094 ], [ 2.208030215714302, 48.898791083899631 ], [ 2.208029876937802, 48.898813352736951 ], [ 2.208227116414303, 48.898815547734792 ], [ 2.208260010613728, 48.898802585538299 ], [ 2.209467294344442, 48.898797076155873 ], [ 2.209458560275873, 48.899359970051258 ], [ 2.209518546544984, 48.899413816544737 ], [ 2.209594206124975, 48.899414315900593 ], [ 2.209710803299488, 48.899388360079456 ], [ 2.209967050027222, 48.899308761340059 ], [ 2.210373320300575, 48.898957734677033 ], [ 2.211439352402846, 48.89819042875579 ], [ 2.211648637895112, 48.898061407087148 ], [ 2.211901164358001, 48.897959638772939 ], [ 2.21218177352671, 48.897894941664511 ], [ 2.212394145757373, 48.897856861167874 ], [ 2.212564415204982, 48.897855308301175 ], [ 2.2128258808362, 48.897898896820045 ], [ 2.212902238554333, 48.897853074837762 ], [ 2.212911348457713, 48.897224646129764 ], [ 2.213653031467322, 48.897224710571365 ], [ 2.213658939455288, 48.897109361418792 ], [ 2.213825561417641, 48.897127757105849 ], [ 2.214136904122459, 48.89717879697519 ], [ 2.214251580480927, 48.896899156337284 ], [ 2.214308584636564, 48.896792629058233 ], [ 2.214078356471914, 48.896591681616677 ], [ 2.214059753647684, 48.896559194341016 ], [ 2.214067356728882, 48.896145549246498 ], [ 2.214070903551771, 48.896068817407375 ], [ 2.214022725573925, 48.896038212497622 ], [ 2.212648046015485, 48.896038164669768 ], [ 2.212581563400009, 48.896039556794598 ], [ 2.212580435342931, 48.896066523984693 ], [ 2.21218068010573, 48.896073791102339 ], [ 2.212185658201376, 48.895834597524114 ], [ 2.212213470765545, 48.895708875565866 ], [ 2.212267608794589, 48.895571374609553 ], [ 2.212130125779715, 48.895570470180708 ], [ 2.211888468397824, 48.895570256041502 ], [ 2.211892288492225, 48.895753642761541 ], [ 2.21031278652142, 48.895753554779361 ], [ 2.210313730764114, 48.895511096949626 ], [ 2.210285714993423, 48.895471337903317 ], [ 2.210180345559888, 48.895420265896348 ], [ 2.210009493575975, 48.895423396393561 ] ] ] } },
{ "type": "Feature", "properties": { "code_qp": "QN09215M", "lib_qp": "Cap Villeneuve" }, "geometry": { "type": "Polygon", "coordinates": [ [ [ 2.332163286193515, 48.930744045091025 ], [ 2.332001680743813, 48.92987461119354 ], [ 2.331952969649773, 48.929653480476595 ], [ 2.331912696837089, 48.929601100557413 ], [ 2.33163460893495, 48.928894410257996 ], [ 2.331318675259158, 48.928901353090076 ], [ 2.331032513763806, 48.928941641329637 ], [ 2.328816151388253, 48.929457676954954 ], [ 2.325751802861074, 48.930227495369344 ], [ 2.325106082144376, 48.933715003496829 ], [ 2.325029533331156, 48.93431503271038 ], [ 2.324888346118907, 48.934777407049765 ], [ 2.324880713775457, 48.934894106227098 ], [ 2.324694201600926, 48.935581400200476 ], [ 2.324627146556506, 48.936022609110864 ], [ 2.325424045418109, 48.936221990779892 ], [ 2.325216154848088, 48.936487218474497 ], [ 2.325163810093617, 48.936628113786114 ], [ 2.3250072618362, 48.937347113872619 ], [ 2.324918853178322, 48.93786033986175 ], [ 2.324265232811029, 48.937801515915524 ], [ 2.324130527082617, 48.938517992760829 ], [ 2.324023355175612, 48.939096532366378 ], [ 2.323747363123786, 48.940045675516529 ], [ 2.324221504900772, 48.940153139977298 ], [ 2.32449986300682, 48.940118217314158 ], [ 2.324676735390791, 48.940035624925827 ], [ 2.326165642782845, 48.939272257897834 ], [ 2.326633120589196, 48.939012291810172 ], [ 2.328029242001655, 48.938196389934262 ], [ 2.329417153134711, 48.937378623318814 ], [ 2.329555980419919, 48.937321940919148 ], [ 2.330135680933689, 48.93712544336546 ], [ 2.330556694181642, 48.936975814311843 ], [ 2.332813291207554, 48.936299449021746 ], [ 2.33305019342124, 48.937782579433964 ], [ 2.334177403041093, 48.937833978539928 ], [ 2.334688364120477, 48.937906978019967 ], [ 2.334709404938558, 48.937749191982689 ], [ 2.334782006734243, 48.937724531007767 ], [ 2.334781279243954, 48.937483913086055 ], [ 2.334878084117634, 48.937351611389147 ], [ 2.33484218874883, 48.937183483697318 ], [ 2.334663421646956, 48.937179985073847 ], [ 2.334613581873278, 48.937209785143395 ], [ 2.334381587420064, 48.937203484198136 ], [ 2.334360241341289, 48.93619579412195 ], [ 2.334231621428447, 48.936138685768775 ], [ 2.333824897189613, 48.936111361799426 ], [ 2.332875588710302, 48.936267744238286 ], [ 2.331856109296524, 48.936555313904428 ], [ 2.331690502387121, 48.935934164826776 ], [ 2.332226118195976, 48.935876906227634 ], [ 2.33221116200709, 48.93548069760697 ], [ 2.332930921967298, 48.935520192025066 ], [ 2.332944245867854, 48.935433462779592 ], [ 2.332975242671561, 48.935341028383959 ], [ 2.332953963167828, 48.935270867730765 ], [ 2.333300743129559, 48.935202523530201 ], [ 2.333437706073556, 48.935167151927914 ], [ 2.333475536834607, 48.934947389851772 ], [ 2.333467118440839, 48.934862125392044 ], [ 2.334865052113694, 48.934651521475843 ], [ 2.334893219328562, 48.934704862703271 ], [ 2.335350164472554, 48.934687229125281 ], [ 2.336076403485102, 48.934662063512462 ], [ 2.336011977077032, 48.934149122761241 ], [ 2.334996675428394, 48.934344921616457 ], [ 2.334904548132099, 48.934351912347609 ], [ 2.334817359870657, 48.934327617648655 ], [ 2.334733914163138, 48.934290407097912 ], [ 2.334030814561562, 48.934409713810894 ], [ 2.333919886337309, 48.934375267603805 ], [ 2.333771620466658, 48.934398377482893 ], [ 2.333207119018264, 48.934481585873677 ], [ 2.332833933672331, 48.93454462497521 ], [ 2.332766656412614, 48.934211123165639 ], [ 2.331341273879447, 48.934345275871927 ], [ 2.331377023053792, 48.934537029320282 ], [ 2.331629381277951, 48.935362100251233 ], [ 2.331592713119123, 48.935360407207511 ], [ 2.330594112706912, 48.935361961647637 ], [ 2.330378653556517, 48.935365144445704 ], [ 2.33028666543406, 48.935418841710622 ], [ 2.330246192853645, 48.935465094376134 ], [ 2.330007982878976, 48.935488912479279 ], [ 2.328938266456371, 48.935560264822179 ], [ 2.327104983627346, 48.935671390051048 ], [ 2.32695344388048, 48.935673247811479 ], [ 2.326892109243229, 48.935667507630605 ], [ 2.326818811654626, 48.935635611861471 ], [ 2.326688846473316, 48.935551264141964 ], [ 2.326600491522821, 48.935522871805375 ], [ 2.326107720215486, 48.935419390743363 ], [ 2.326063416261328, 48.935404546166666 ], [ 2.326411044167116, 48.934970397272657 ], [ 2.32650812522309, 48.934818052261193 ], [ 2.326683050533058, 48.934529858802385 ], [ 2.326883299044505, 48.934048500781486 ], [ 2.327037784108626, 48.93328146824188 ], [ 2.329160664908009, 48.933456286240684 ], [ 2.329225999322102, 48.93325739265584 ], [ 2.329304911382894, 48.933111836126926 ], [ 2.329463630824981, 48.933046304491221 ], [ 2.329715508991868, 48.932973780779356 ], [ 2.329800725283168, 48.93292838274165 ], [ 2.330227559775695, 48.932642091204414 ], [ 2.330776322707298, 48.932212596045353 ], [ 2.331059036607989, 48.93198487135146 ], [ 2.331328538036141, 48.931724686952286 ], [ 2.331416413806663, 48.931626289334517 ], [ 2.331530959380553, 48.931480298814257 ], [ 2.331746879221124, 48.93124768354847 ], [ 2.331832022449313, 48.931127271874978 ], [ 2.331896476258977, 48.931060011654544 ], [ 2.331961268899906, 48.93102821416845 ], [ 2.332196556417979, 48.930986694038829 ], [ 2.332163286193515, 48.930744045091025 ] ] ] } },
{ "type": "Feature", "properties": { "code_qp": "QN09310M", "lib_qp": "Les Courtillières - Pont-De-Pierre" }, "geometry": { "type": "Polygon", "coordinates": [ [ [ 2.414370961926811, 48.91890421237359 ], [ 2.414692781061556, 48.918773390036471 ], [ 2.415092153607739, 48.918623893813461 ], [ 2.414067702740923, 48.917567786900918 ], [ 2.414567354990632, 48.917434968793842 ], [ 2.414317008850136, 48.917174640094295 ], [ 2.414740301077723, 48.91705927199822 ], [ 2.41552609534742, 48.916838069284694 ], [ 2.414920679664924, 48.916038765044156 ], [ 2.416023612836081, 48.915736798326414 ], [ 2.416259017707852, 48.916106940416135 ], [ 2.416579238358604, 48.916002248038318 ], [ 2.417786733528746, 48.915608336934682 ], [ 2.417902978463174, 48.915743726849371 ], [ 2.419668541398906, 48.915257246106258 ], [ 2.419985948061222, 48.915176440292718 ], [ 2.419623031454444, 48.914589205283107 ], [ 2.419514764817683, 48.914401965602913 ], [ 2.420068874126152, 48.914251862145406 ], [ 2.420051717009271, 48.914208639577559 ], [ 2.421289831348207, 48.91392048147695 ], [ 2.420452339614474, 48.912749573070734 ], [ 2.420309802670792, 48.912497859817563 ], [ 2.420222675184166, 48.912466836358398 ], [ 2.420074513515509, 48.912478537344576 ], [ 2.419627768859256, 48.911750799921904 ], [ 2.419163118165917, 48.911000798201499 ], [ 2.419010316914116, 48.910765442876787 ], [ 2.418960677931429, 48.910691580215648 ], [ 2.419079468717123, 48.910658449921783 ], [ 2.418148984471683, 48.909148231782972 ], [ 2.418063230769689, 48.909185007540962 ], [ 2.414067337793141, 48.910701141193798 ], [ 2.41225205105368, 48.909262815098224 ], [ 2.410032401537594, 48.909838201931663 ], [ 2.411452844112053, 48.91132513049525 ], [ 2.409450730417373, 48.91264370829748 ], [ 2.409595785676642, 48.91272368758726 ], [ 2.408403302180851, 48.91333198531818 ], [ 2.407492012735475, 48.913941292238974 ], [ 2.406547918001179, 48.914144822235414 ], [ 2.406131036026928, 48.914328895163813 ], [ 2.405740628906523, 48.914461870284008 ], [ 2.405339193142451, 48.914583312529821 ], [ 2.404909978452082, 48.914675370243422 ], [ 2.404479346621487, 48.914748766117015 ], [ 2.404166740595234, 48.914760712062836 ], [ 2.405286031522577, 48.915795968454944 ], [ 2.406165643592105, 48.91658508927096 ], [ 2.407689683221457, 48.917976397983715 ], [ 2.408444452066322, 48.917650105132608 ], [ 2.408899731026763, 48.917433742957222 ], [ 2.409083665365474, 48.917354819727052 ], [ 2.409675327626914, 48.916912337038013 ], [ 2.410134907353163, 48.91659078365312 ], [ 2.410266879994897, 48.916506018880575 ], [ 2.410707609622397, 48.916330786119474 ], [ 2.411470071723334, 48.916029403595637 ], [ 2.411886651947928, 48.916431773782648 ], [ 2.412501754207897, 48.916150299070061 ], [ 2.412565938399515, 48.916243955430929 ], [ 2.412739281289676, 48.916199572403244 ], [ 2.413790698861154, 48.917284114760534 ], [ 2.413573675312841, 48.917372806029569 ], [ 2.4134907543612, 48.917289456259965 ], [ 2.412967688256678, 48.917488507674335 ], [ 2.414370961926811, 48.91890421237359 ] ] ] } },
{ "type": "Feature", "properties": { "code_qp": "QN09318M", "lib_qp": "Bel Air - Grands Pêchers - Ruffins - Le Morillon" }, "geometry": { "type": "Polygon", "coordinates": [ [ [ 2.474238411622729, 48.862152349422843 ], [ 2.473926936969854, 48.860871217069295 ], [ 2.473881534399745, 48.860642582153176 ], [ 2.473843330930673, 48.860199910938356 ], [ 2.473368976210454, 48.860215875248862 ], [ 2.473033635775657, 48.86023696261136 ], [ 2.472738391286184, 48.860280172204703 ], [ 2.472893119218546, 48.86096575522312 ], [ 2.47231437275812, 48.861014321245804 ], [ 2.471847816155766, 48.861069903443337 ], [ 2.4714218936519, 48.861113630170117 ], [ 2.47108568924387, 48.861208533921193 ], [ 2.470623810221222, 48.861323407345772 ], [ 2.470536520035349, 48.861330224878927 ], [ 2.469778181617328, 48.86151213450173 ], [ 2.469700427484844, 48.861518087143288 ], [ 2.468293511425666, 48.860833769214622 ], [ 2.46816758809353, 48.860790915609016 ], [ 2.467999468588881, 48.860702930778324 ], [ 2.467887619046234, 48.860609762113974 ], [ 2.467727551907493, 48.860502969752979 ], [ 2.467204376913696, 48.860277132702073 ], [ 2.466800659094314, 48.860107620570048 ], [ 2.466580626083653, 48.860031991299934 ], [ 2.466794490016981, 48.859113832518048 ], [ 2.466664139670966, 48.859063786181956 ], [ 2.465438007901541, 48.858438580272832 ], [ 2.465013968992095, 48.858403062450407 ], [ 2.464031679762249, 48.857914504577771 ], [ 2.46413550649712, 48.857863752959283 ], [ 2.462392950908876, 48.85677105643763 ], [ 2.462324402284958, 48.856817462052646 ], [ 2.462243150850313, 48.856772244978444 ], [ 2.461744321489935, 48.856982817030776 ], [ 2.462122516041339, 48.857218215030585 ], [ 2.462043062434077, 48.857272870573098 ], [ 2.463500102952169, 48.858195844944191 ], [ 2.463118182877616, 48.858404349844761 ], [ 2.462824339966442, 48.858411368052096 ], [ 2.462741311008651, 48.858418495810646 ], [ 2.462559679447649, 48.85845366102189 ], [ 2.462433271855508, 48.858420706201159 ], [ 2.461740757517914, 48.858748705169788 ], [ 2.461552172219162, 48.858878106391195 ], [ 2.461276698267904, 48.859152814628295 ], [ 2.461083655135699, 48.859501047497403 ], [ 2.460988997073116, 48.859692169685879 ], [ 2.460893155570345, 48.859694761519393 ], [ 2.459115439850856, 48.858713872884863 ], [ 2.457391581446911, 48.857773818155756 ], [ 2.457238066780254, 48.857725442489681 ], [ 2.456925045849525, 48.858727697508989 ], [ 2.456819836329668, 48.859119274814397 ], [ 2.456180125924571, 48.861281140322767 ], [ 2.456071796523469, 48.861473097422511 ], [ 2.455707095848893, 48.861936409681093 ], [ 2.455398678782599, 48.86226377571306 ], [ 2.45531140667764, 48.862366291546628 ], [ 2.455120261193253, 48.862659494002692 ], [ 2.453297081151518, 48.864808686221956 ], [ 2.453653461917316, 48.865010872674162 ], [ 2.453784687291257, 48.864974584490533 ], [ 2.45512612000892, 48.865095828413665 ], [ 2.456546642828238, 48.865212899954045 ], [ 2.458516336495542, 48.865348639283653 ], [ 2.459502266170995, 48.865445723744905 ], [ 2.461756638309494, 48.86573468424325 ], [ 2.461798794597624, 48.865348152773684 ], [ 2.461947415901885, 48.864817303292838 ], [ 2.46206911464101, 48.864515689899385 ], [ 2.462202514335432, 48.864095368018297 ], [ 2.462568167594021, 48.863797979616585 ], [ 2.462569373372363, 48.863681096539956 ], [ 2.462434921218124, 48.863545149815167 ], [ 2.462290621344652, 48.863527406993718 ], [ 2.461750414614374, 48.863435054041332 ], [ 2.459567982388734, 48.86306408478243 ], [ 2.459941566434963, 48.862368764772775 ], [ 2.459755066213983, 48.862325428372813 ], [ 2.460038950126441, 48.861771646629144 ], [ 2.460178263670032, 48.861748207340881 ], [ 2.460176654110398, 48.861683517933024 ], [ 2.459898263816811, 48.861565982984658 ], [ 2.459433001211619, 48.861380762698111 ], [ 2.459727999795847, 48.861097567619005 ], [ 2.459461976098332, 48.860964275435869 ], [ 2.459769481615936, 48.860710131013064 ], [ 2.462421356061051, 48.862073809999785 ], [ 2.46391132791587, 48.862866478061939 ], [ 2.465774888530975, 48.861381910026402 ], [ 2.465809390867344, 48.861339802366189 ], [ 2.466102004807667, 48.860850949257639 ], [ 2.46633595495216, 48.860429533354079 ], [ 2.466460554021325, 48.8604442685847 ], [ 2.46643909819466, 48.86067710332393 ], [ 2.466188486476414, 48.86172279863095 ], [ 2.466055085387705, 48.86236883045531 ], [ 2.46605710712269, 48.862438092003153 ], [ 2.466070860689282, 48.862546866981731 ], [ 2.466160213305256, 48.862578476165858 ], [ 2.467111689018153, 48.86310334599515 ], [ 2.466527403446523, 48.863383272951651 ], [ 2.466331692334959, 48.863442965281713 ], [ 2.466032583499793, 48.863342625037156 ], [ 2.464765063908136, 48.864015145024702 ], [ 2.465692302846545, 48.864384425566008 ], [ 2.466005633484553, 48.864565284627957 ], [ 2.466549134508377, 48.86488075977428 ], [ 2.466526867766245, 48.865496642894414 ], [ 2.466846075657382, 48.865502737384624 ], [ 2.466851400951103, 48.865425668425814 ], [ 2.467409174628477, 48.865446420109045 ], [ 2.467552564624385, 48.865410488162382 ], [ 2.467650334137824, 48.865472585722586 ], [ 2.467806826498333, 48.865784970333884 ], [ 2.467961561907806, 48.866135807305973 ], [ 2.468209959500097, 48.866606675775571 ], [ 2.468597857690007, 48.86656390243575 ], [ 2.468696083369269, 48.866802937452476 ], [ 2.468757052900895, 48.866790305733005 ], [ 2.46883652454364, 48.867061159810973 ], [ 2.468028751209493, 48.867178286530553 ], [ 2.46844184173587, 48.868373909329804 ], [ 2.468473420838147, 48.868402070210351 ], [ 2.469504569057046, 48.868250031668161 ], [ 2.469279500690217, 48.867613672024035 ], [ 2.469082567305739, 48.867025397896505 ], [ 2.469016356119865, 48.867034129540862 ], [ 2.468925614459734, 48.866765222274118 ], [ 2.468800467438125, 48.866516469257128 ], [ 2.4685710548849, 48.866547416229032 ], [ 2.468115991731124, 48.865612534233421 ], [ 2.468747951831913, 48.865461771584016 ], [ 2.468493288373091, 48.865206685127006 ], [ 2.468181040375386, 48.864904990792795 ], [ 2.467869453999754, 48.864588576072904 ], [ 2.469699642435871, 48.863792683170956 ], [ 2.472687294681785, 48.86342173665777 ], [ 2.472722067225329, 48.863694323709552 ], [ 2.473157379901394, 48.863646797142117 ], [ 2.473684280925818, 48.863574461641868 ], [ 2.474108866492554, 48.863506174549471 ], [ 2.476366403265124, 48.863211198620995 ], [ 2.476899057823081, 48.86465869115348 ], [ 2.476968770794275, 48.86485242750426 ], [ 2.477496015535369, 48.866394623870207 ], [ 2.476729815196133, 48.866552306128142 ], [ 2.476563297672373, 48.866590908997608 ], [ 2.476350823412457, 48.866633602167333 ], [ 2.476307957877398, 48.86658828779796 ], [ 2.475786191079783, 48.865702269725581 ], [ 2.475034496307527, 48.865361937031885 ], [ 2.47381544130212, 48.866008757591473 ], [ 2.473900696247659, 48.86614601715123 ], [ 2.47378185095848, 48.866174075022947 ], [ 2.474356081761291, 48.867111475719994 ], [ 2.474563828260286, 48.867069326309142 ], [ 2.474833434229095, 48.866955101380022 ], [ 2.477261087961443, 48.866467979637882 ], [ 2.477454268338028, 48.866984773060715 ], [ 2.477462905409627, 48.867032946019762 ], [ 2.478634958661841, 48.867137336206397 ], [ 2.478667714181741, 48.86645355188773 ], [ 2.480063021026723, 48.866486171628679 ], [ 2.480568628936612, 48.866511186658478 ], [ 2.481263451423069, 48.86655016441825 ], [ 2.482177818985901, 48.863833325995614 ], [ 2.482059020236075, 48.863598479537607 ], [ 2.481999839062673, 48.86333453667428 ], [ 2.48202099925005, 48.863283914553286 ], [ 2.48194419981491, 48.86252394517745 ], [ 2.482093464609426, 48.862508801837819 ], [ 2.481791121271261, 48.861877713419922 ], [ 2.481610294123067, 48.861485292763753 ], [ 2.481454030127912, 48.861509329541057 ], [ 2.478178332082556, 48.861811664840729 ], [ 2.478089732155376, 48.861811278484588 ], [ 2.477162282111067, 48.861734383981585 ], [ 2.476831464806748, 48.86169336384333 ], [ 2.476711770266148, 48.861669459578366 ], [ 2.476443042087452, 48.861823867656994 ], [ 2.475618451774653, 48.861954251324647 ], [ 2.475468468842938, 48.861960797736515 ], [ 2.475011144991432, 48.862028929885859 ], [ 2.474939043417796, 48.862051778678222 ], [ 2.474238411622729, 48.862152349422843 ] ] ] } },
{ "type": "Feature", "properties": { "code_qp": "QN09327I", "lib_qp": "Gagarine" }, "geometry": { "type": "Polygon", "coordinates": [ [ [ 2.425598986484536, 48.882763002686431 ], [ 2.424801350084546, 48.882943233423859 ], [ 2.424647871454584, 48.883027952470712 ], [ 2.424501284677156, 48.883116419944386 ], [ 2.424533599379278, 48.883172593572041 ], [ 2.424843274197046, 48.883541916009051 ], [ 2.425979775213798, 48.884898095756391 ], [ 2.426519227402155, 48.885536887362306 ], [ 2.426961241399309, 48.886052027065872 ], [ 2.427608999772806, 48.885947662087908 ], [ 2.428549066693283, 48.88582411097768 ], [ 2.428938688574532, 48.885749248736325 ], [ 2.429208263376337, 48.885664987180085 ], [ 2.430026495735771, 48.885411682942248 ], [ 2.430232253025752, 48.885302952300741 ], [ 2.430507754659978, 48.885173865071913 ], [ 2.430616275901965, 48.885121938188277 ], [ 2.4308999953553, 48.884970679489292 ], [ 2.430984035509975, 48.884891030337307 ], [ 2.431117088403847, 48.884696508074171 ], [ 2.430947180173431, 48.884643543610593 ], [ 2.430180809736252, 48.884378080013938 ], [ 2.429934895520962, 48.884292217924568 ], [ 2.429826348736388, 48.884390018733747 ], [ 2.429645214037254, 48.884626090146831 ], [ 2.429604908722435, 48.884621270916632 ], [ 2.429591068652426, 48.884739694188085 ], [ 2.42963017558465, 48.884778790533574 ], [ 2.429548985420841, 48.88477885159508 ], [ 2.429528968136997, 48.8850705379703 ], [ 2.429086585140164, 48.885061855809106 ], [ 2.428928002901086, 48.885006880233874 ], [ 2.428626380274026, 48.88499139022786 ], [ 2.428623860920797, 48.885024136883658 ], [ 2.428534702290716, 48.885079262446411 ], [ 2.427807077456379, 48.885064091807514 ], [ 2.4278464906606, 48.884409726241906 ], [ 2.428031238461911, 48.884358306231675 ], [ 2.427387098580605, 48.8833802175903 ], [ 2.426873050519011, 48.883196962470286 ], [ 2.425598986484536, 48.882763002686431 ] ] ] } },
{ "type": "Feature", "properties": { "code_qp": "QN09329M", "lib_qp": "Centre Ville" }, "geometry": { "type": "Polygon", "coordinates": [ [ [ 2.316045947166934, 48.952679876089121 ], [ 2.316002114356861, 48.9525261574572 ], [ 2.315837843460908, 48.95194428381425 ], [ 2.315743897313939, 48.951704936097677 ], [ 2.315633055532009, 48.951517268324459 ], [ 2.31403954035394, 48.951789822421652 ], [ 2.31367793523185, 48.951828200090141 ], [ 2.313181847223988, 48.95183593877929 ], [ 2.312866620632486, 48.952010171292677 ], [ 2.312215127476691, 48.952114802027054 ], [ 2.312093131167767, 48.952150080355189 ], [ 2.311540077533892, 48.952247297422353 ], [ 2.309868281323059, 48.952564292832847 ], [ 2.310104364373188, 48.953131764772593 ], [ 2.310641601288085, 48.953494540447551 ], [ 2.310583694124845, 48.953675894779394 ], [ 2.310449588261465, 48.953661317984675 ], [ 2.310068994201748, 48.953633040507498 ], [ 2.309558238898134, 48.953638188390293 ], [ 2.30833359699402, 48.953828081890151 ], [ 2.307790368830417, 48.95391217294349 ], [ 2.307943018429632, 48.954343799732847 ], [ 2.307969187373276, 48.954431182241187 ], [ 2.307979612820509, 48.954570638998732 ], [ 2.308002578107558, 48.954896312543049 ], [ 2.308110334400651, 48.955193998756592 ], [ 2.30828305349093, 48.95569639772615 ], [ 2.308573182133732, 48.956172097907377 ], [ 2.308870556662701, 48.95651456399731 ], [ 2.309116166484666, 48.956801259793878 ], [ 2.309406414044185, 48.957021934876281 ], [ 2.309636363473661, 48.957170221591298 ], [ 2.309989287203081, 48.957284636168396 ], [ 2.309979121439459, 48.957391197510013 ], [ 2.309990986182001, 48.957486359152327 ], [ 2.309596575799974, 48.95794226583299 ], [ 2.310979893698557, 48.958066928251256 ], [ 2.310886521028515, 48.958302323877135 ], [ 2.310721207784112, 48.958889222900744 ], [ 2.3104631416157, 48.95954042431498 ], [ 2.310643586820579, 48.959627910157401 ], [ 2.310697648020968, 48.95967612772214 ], [ 2.310727552207904, 48.959731050227241 ], [ 2.310839094595011, 48.959734572958659 ], [ 2.311435351901385, 48.959820570210631 ], [ 2.311532706676819, 48.95959329151048 ], [ 2.31166251304406, 48.959415729305448 ], [ 2.311757487830117, 48.959100117646763 ], [ 2.311831835588591, 48.959018756647232 ], [ 2.311930965933223, 48.958892646835707 ], [ 2.312017704984775, 48.958827557775855 ], [ 2.311986726752079, 48.958660766672502 ], [ 2.312046027787958, 48.958517538850678 ], [ 2.313903728872549, 48.959337915732924 ], [ 2.314012703170489, 48.959295383504255 ], [ 2.31409944222204, 48.959315723653795 ], [ 2.314409224549013, 48.95900248443143 ], [ 2.314279115971686, 48.958648562423569 ], [ 2.313740094722753, 48.958575336867021 ], [ 2.31375248601583, 48.95844922593426 ], [ 2.311369212752789, 48.958242421860703 ], [ 2.311639963630978, 48.958057452741002 ], [ 2.31171627561599, 48.95780273991231 ], [ 2.311818024929341, 48.95762318746457 ], [ 2.312344877003021, 48.957096815711502 ], [ 2.310970803456208, 48.956433662032829 ], [ 2.311138954344023, 48.956267136669382 ], [ 2.311425589854522, 48.956245242215566 ], [ 2.311492914577944, 48.956273661495942 ], [ 2.311608328389522, 48.956267346101718 ], [ 2.311685270930575, 48.95625155761261 ], [ 2.311728551109916, 48.956270503798969 ], [ 2.3118151114686, 48.956286292281959 ], [ 2.311863200556759, 48.956343130779835 ], [ 2.311959378733075, 48.956409442278741 ], [ 2.312060365818208, 48.956437861465574 ], [ 2.31217097072097, 48.956466280636214 ], [ 2.312190206356231, 48.956497857473479 ], [ 2.312276766714917, 48.956501015156057 ], [ 2.312382562708862, 48.956529434290729 ], [ 2.312594154696756, 48.95644101915201 ], [ 2.312632625967283, 48.956450492210017 ], [ 2.312752848687678, 48.956504172838535 ], [ 2.31282979122873, 48.956510488202774 ], [ 2.312892307043334, 48.956570484123361 ], [ 2.312998103037283, 48.956586272511451 ], [ 2.313046192125439, 48.95657679947923 ], [ 2.31307985448715, 48.956570484123354 ], [ 2.313094281213601, 48.956504172838507 ], [ 2.313156797028204, 48.956513645884577 ], [ 2.3131856504811, 48.956488384424397 ], [ 2.313233739569257, 48.95650101515605 ], [ 2.313305873201494, 48.956545222691894 ], [ 2.313387624651361, 48.956592587865444 ], [ 2.313430904830704, 48.956557853409151 ], [ 2.313478993918862, 48.956504172838507 ], [ 2.313570363186361, 48.956450492210024 ], [ 2.313676159180309, 48.956390496145211 ], [ 2.31377456374176, 48.956370370204304 ], [ 2.313854631038295, 48.956315405535101 ], [ 2.313912861799409, 48.956229373757353 ], [ 2.314062078124766, 48.956136172497359 ], [ 2.314131227153592, 48.956109884931031 ], [ 2.314253685985841, 48.956122805494154 ], [ 2.314306018551465, 48.956106528049794 ], [ 2.31432019881554, 48.95607566925969 ], [ 2.314324653212713, 48.956025945529547 ], [ 2.31435583399292, 48.955903098454392 ], [ 2.314516192291119, 48.955686652871577 ], [ 2.314703276972355, 48.955710052439301 ], [ 2.314845817681864, 48.955540405324484 ], [ 2.313006151649729, 48.954475710259572 ], [ 2.313317959451786, 48.954268033573754 ], [ 2.315092347988213, 48.953236491997025 ], [ 2.315649647965887, 48.952909643919952 ], [ 2.316045947166934, 48.952679876089121 ] ] ] } },
{ "type": "Feature", "properties": { "code_qp": "QN09345I", "lib_qp": "Vieux Saint-Ouen" }, "geometry": { "type": "Polygon", "coordinates": [ [ [ 2.330793176071923, 48.919144023988132 ], [ 2.331262476637618, 48.918940396875719 ], [ 2.331243675975826, 48.918896623624256 ], [ 2.331004817653218, 48.918678033669124 ], [ 2.331472374827997, 48.918407781970856 ], [ 2.33280550197218, 48.919263267654522 ], [ 2.333553298916325, 48.91883396247708 ], [ 2.333522488101563, 48.918790624593335 ], [ 2.333430755321591, 48.918708281384319 ], [ 2.332534989361531, 48.918010822551032 ], [ 2.332367260523712, 48.91789568554271 ], [ 2.331998984641369, 48.91756447706819 ], [ 2.331920784693268, 48.917492098574513 ], [ 2.332921971441283, 48.917096595161233 ], [ 2.333065798900832, 48.917051526021687 ], [ 2.332958450907525, 48.91691154353817 ], [ 2.332601571748012, 48.916543530387649 ], [ 2.331875764871791, 48.915791261951476 ], [ 2.331385290009257, 48.915307401139742 ], [ 2.331216285275286, 48.915505202428385 ], [ 2.330339078438949, 48.916448171253741 ], [ 2.330266399076036, 48.916582655222435 ], [ 2.329645741353306, 48.917945228097288 ], [ 2.329773727686883, 48.918072745861018 ], [ 2.330616367821046, 48.918983678448164 ], [ 2.330793176071923, 48.919144023988132 ] ] ] } },
{ "type": "Feature", "properties": { "code_qp": "QN09357M", "lib_qp": "Jean Moulin - Jean Bouin" }, "geometry": { "type": "Polygon", "coordinates": [ [ [ 2.548254607890827, 48.878805281152573 ], [ 2.549144512413613, 48.880271119404995 ], [ 2.549549478895904, 48.880185165490921 ], [ 2.551206866056007, 48.879947695051712 ], [ 2.552621588561093, 48.879856743437024 ], [ 2.55347138791928, 48.879798376407152 ], [ 2.554411234507055, 48.879699630961333 ], [ 2.554376742291465, 48.879556748403175 ], [ 2.555282662823368, 48.879168671486795 ], [ 2.556656248848106, 48.87899113971153 ], [ 2.556632719105713, 48.878893552507343 ], [ 2.556909645702321, 48.878881431698417 ], [ 2.557251513356619, 48.878784831275425 ], [ 2.557338438041571, 48.878719422328778 ], [ 2.557361476954886, 48.878614338884418 ], [ 2.557238779742844, 48.878198688070555 ], [ 2.558224073979231, 48.878089856027408 ], [ 2.559081873907433, 48.878783917968171 ], [ 2.559990733005036, 48.879466110352382 ], [ 2.560560996689575, 48.879859665495744 ], [ 2.560840592264367, 48.880056786844371 ], [ 2.562227898214541, 48.879285884920989 ], [ 2.561982334942164, 48.879123582215563 ], [ 2.561693703733483, 48.878947610065019 ], [ 2.561253860185368, 48.878714116782994 ], [ 2.560872236873219, 48.878536341052083 ], [ 2.560193602138501, 48.878258512513973 ], [ 2.559677102933735, 48.878056501309295 ], [ 2.559506028575145, 48.877598315103896 ], [ 2.559425986958001, 48.877374171843684 ], [ 2.559658145635519, 48.877155559293662 ], [ 2.560756132877565, 48.877073047888402 ], [ 2.560691415341742, 48.876606854289882 ], [ 2.559409475031393, 48.876710133547576 ], [ 2.558770224293455, 48.876737702286626 ], [ 2.558110014514929, 48.876841084922773 ], [ 2.557387205777026, 48.877020105561876 ], [ 2.557172392829876, 48.877020771818444 ], [ 2.557146055540955, 48.876992921516127 ], [ 2.557012953262261, 48.877020181929971 ], [ 2.556860032737038, 48.877034222737322 ], [ 2.556117498601898, 48.877113269741599 ], [ 2.553575264614908, 48.877368564228824 ], [ 2.550621355458873, 48.877676542476898 ], [ 2.548793788977207, 48.877937434902201 ], [ 2.548629171187708, 48.87797657679809 ], [ 2.548410904735122, 48.878144823665522 ], [ 2.548295967022971, 48.878266164901127 ], [ 2.548066298999152, 48.878417824232557 ], [ 2.546285685065664, 48.879347273329181 ], [ 2.545338029974166, 48.879819413257337 ], [ 2.545064953653152, 48.879704171607614 ], [ 2.543896018275178, 48.879130456025187 ], [ 2.543709920744242, 48.879048813687916 ], [ 2.54368137471234, 48.879037907676192 ], [ 2.543607874484452, 48.879023242011606 ], [ 2.543528894789614, 48.879013044802861 ], [ 2.543373359030844, 48.879024149981994 ], [ 2.543217689508332, 48.879051431375601 ], [ 2.542429301096785, 48.879239079617932 ], [ 2.542263885742237, 48.879287895350551 ], [ 2.542204230908002, 48.879321635990095 ], [ 2.541964452458718, 48.879138134310004 ], [ 2.541720546131053, 48.879172257116643 ], [ 2.541320939799371, 48.879281674701652 ], [ 2.54123475649864, 48.879318408949793 ], [ 2.541188043012856, 48.879285610940428 ], [ 2.540618082166902, 48.879513814956923 ], [ 2.539813994317019, 48.879797729585768 ], [ 2.540057745254798, 48.880133943337498 ], [ 2.54045004493504, 48.880023573979983 ], [ 2.540619564183738, 48.879962280060802 ], [ 2.540781442640859, 48.879877370192283 ], [ 2.540692293652802, 48.88004521309314 ], [ 2.541781428773229, 48.88068465436119 ], [ 2.541823698770648, 48.880662906021207 ], [ 2.542360347453668, 48.880986133001173 ], [ 2.542765517731778, 48.880853738732938 ], [ 2.543127920451157, 48.880733714557387 ], [ 2.543619035817164, 48.880551231453055 ], [ 2.543794970097836, 48.880480552023641 ], [ 2.544087176526249, 48.880846120276445 ], [ 2.544601589990973, 48.880637406095246 ], [ 2.545618605400827, 48.880614021046917 ], [ 2.545764394344199, 48.880558721339838 ], [ 2.545296895818213, 48.880052689107131 ], [ 2.545233791783895, 48.879980888982864 ], [ 2.545434983779515, 48.879870379706354 ], [ 2.547976204165729, 48.878607155610204 ], [ 2.548254607890827, 48.878805281152573 ] ] ] } },
{ "type": "Feature", "properties": { "code_qp": "QN09361I", "lib_qp": "Pavé-Neuf" }, "geometry": { "type": "Polygon", "coordinates": [ [ [ 2.548985355174228, 48.838685784717313 ], [ 2.549497793344141, 48.839187083887808 ], [ 2.550564521903905, 48.840145314937786 ], [ 2.550647213601119, 48.840192382729093 ], [ 2.550860397748187, 48.840276828162608 ], [ 2.551005843412321, 48.840317850247175 ], [ 2.551186794371118, 48.84034730664272 ], [ 2.554141862352432, 48.84036554473753 ], [ 2.558857616456244, 48.840401158989778 ], [ 2.559083513333182, 48.840372178436738 ], [ 2.559196852969146, 48.840343802608686 ], [ 2.559278705204732, 48.840330613977287 ], [ 2.559449027260094, 48.840268504600125 ], [ 2.559680794803389, 48.840153444054074 ], [ 2.561693207416063, 48.837878882809193 ], [ 2.561706141346045, 48.837797972521656 ], [ 2.559437027955192, 48.836912786228474 ], [ 2.558757758258422, 48.83673963601246 ], [ 2.558130834154346, 48.836710999542646 ], [ 2.554970790467659, 48.836865910733167 ], [ 2.552875150822376, 48.836981067460236 ], [ 2.552319557336168, 48.837110298225547 ], [ 2.552042105368767, 48.8372126704853 ], [ 2.549694488854505, 48.838338845357903 ], [ 2.548985355174228, 48.838685784717313 ] ] ] } },
{ "type": "Feature", "properties": { "code_qp": "QN09432I", "lib_qp": "Lutèce - Bergerie" }, "geometry": { "type": "Polygon", "coordinates": [ [ [ 2.458772551104478, 48.75058029117762 ], [ 2.458887339333095, 48.750590816626307 ], [ 2.458891689572862, 48.75061990759567 ], [ 2.460294570024171, 48.750747376921403 ], [ 2.460242055432659, 48.75101728033821 ], [ 2.461551237836642, 48.750684093017512 ], [ 2.461775277013112, 48.74974139615771 ], [ 2.461496075415227, 48.749710272764176 ], [ 2.461413350028745, 48.749812310183572 ], [ 2.46096601295662, 48.749774755270046 ], [ 2.460948148470707, 48.749814333946183 ], [ 2.459623682461283, 48.74969803629471 ], [ 2.4597360496357, 48.749233317898373 ], [ 2.459562452184044, 48.749223385133327 ], [ 2.459654904379518, 48.748752075140438 ], [ 2.460874291580436, 48.748864464518846 ], [ 2.460956676355952, 48.748535300588983 ], [ 2.462194058870065, 48.748655519536712 ], [ 2.461710172110965, 48.749368735305929 ], [ 2.462949367559835, 48.749518339161192 ], [ 2.462948674931912, 48.75015139440923 ], [ 2.462995859857132, 48.750278452705068 ], [ 2.46328623597679, 48.750206085047111 ], [ 2.46390231120996, 48.749905164386583 ], [ 2.46394339828763, 48.749835826687267 ], [ 2.464146605717426, 48.749691501185325 ], [ 2.465211554860844, 48.748041031017451 ], [ 2.465054162500076, 48.748010045836857 ], [ 2.464835205377692, 48.747974499653502 ], [ 2.464490064607574, 48.747945958592794 ], [ 2.464052514474437, 48.747907126060781 ], [ 2.463469679138324, 48.747843360012752 ], [ 2.463136921025189, 48.747799576795096 ], [ 2.462959227641675, 48.747751109811759 ], [ 2.462666636926545, 48.747638267944843 ], [ 2.462479636728829, 48.74754429764657 ], [ 2.462038023137475, 48.747266673508328 ], [ 2.461916972309782, 48.747346634105156 ], [ 2.461652489874834, 48.74746101488514 ], [ 2.461394466797466, 48.747554280446934 ], [ 2.460977181067781, 48.747661235425959 ], [ 2.460735900984219, 48.747714996695521 ], [ 2.460681683034739, 48.747827183953881 ], [ 2.460537618980182, 48.747947955968698 ], [ 2.46018329165776, 48.748102574463829 ], [ 2.458777421181595, 48.748209052533134 ], [ 2.458616459122115, 48.748240114011686 ], [ 2.458636772828114, 48.748660231779795 ], [ 2.458816645620352, 48.74918257125826 ], [ 2.458972834721115, 48.749200510285995 ], [ 2.458846486293098, 48.749774212968809 ], [ 2.458787294329843, 48.749768094821931 ], [ 2.458711781493542, 48.750105933414858 ], [ 2.458721509459787, 48.75026965516652 ], [ 2.458819638467483, 48.750278820787258 ], [ 2.458777016056069, 48.750494382022517 ], [ 2.458795919500036, 48.750498045619764 ], [ 2.458772551104478, 48.75058029117762 ] ] ] } },
{ "type": "Feature", "properties": { "code_qp": "QN09436M", "lib_qp": "Triage" }, "geometry": { "type": "Polygon", "coordinates": [ [ [ 2.437724541912941, 48.745386612764861 ], [ 2.437575922838243, 48.74556329405231 ], [ 2.437260669636814, 48.74588624952333 ], [ 2.437123836159828, 48.746032664160523 ], [ 2.436889382327537, 48.746302936690476 ], [ 2.436700972506758, 48.746465460288853 ], [ 2.436500649802068, 48.746636155967693 ], [ 2.436128610868312, 48.746946098518919 ], [ 2.435349372289728, 48.747585181571459 ], [ 2.435025166995326, 48.747793240435193 ], [ 2.434706339695555, 48.747999532189851 ], [ 2.434625938061032, 48.748067566981192 ], [ 2.434798093305191, 48.748138550750213 ], [ 2.434528425101738, 48.748359650832178 ], [ 2.435021899167908, 48.748551553356904 ], [ 2.435005573074752, 48.748577249391055 ], [ 2.435201236163191, 48.748645197075064 ], [ 2.434824547524784, 48.749078265270796 ], [ 2.434348690219255, 48.748900095563016 ], [ 2.434185874124502, 48.748978219070999 ], [ 2.433701268000262, 48.749534402572962 ], [ 2.433633182055168, 48.749507388187453 ], [ 2.433074223451624, 48.750163209339867 ], [ 2.432896592329645, 48.750363264018823 ], [ 2.431854833360136, 48.750113280481102 ], [ 2.431472692365836, 48.750036940343669 ], [ 2.431337347281161, 48.750110158753401 ], [ 2.430996610573975, 48.750273131023249 ], [ 2.430839448999871, 48.750341215292146 ], [ 2.430654294731157, 48.750425803515668 ], [ 2.430540835880829, 48.750475747412239 ], [ 2.430148436612566, 48.750676014789001 ], [ 2.429857149313067, 48.750805971467237 ], [ 2.429139613889604, 48.751129328860479 ], [ 2.42911449113919, 48.751163032789449 ], [ 2.429347044853812, 48.751287963256189 ], [ 2.429288341513249, 48.751313863626251 ], [ 2.42855180958569, 48.751920286023321 ], [ 2.428506893414312, 48.751953809428215 ], [ 2.428536390211868, 48.75214676026556 ], [ 2.42856512241095, 48.752269800442384 ], [ 2.428593359694351, 48.752383472399501 ], [ 2.428601410246944, 48.752532091877953 ], [ 2.428570818147093, 48.752652048707823 ], [ 2.428538615936723, 48.752729542790767 ], [ 2.428445161498189, 48.752874667699444 ], [ 2.429756328805655, 48.753575634164804 ], [ 2.429819355760545, 48.753609694482499 ], [ 2.429551689717829, 48.753827084760097 ], [ 2.429771515916035, 48.753943831433368 ], [ 2.429928387311721, 48.754029770440106 ], [ 2.42986039859253, 48.754086169049451 ], [ 2.430260729054965, 48.754017152779937 ], [ 2.430552957539612, 48.753948369845787 ], [ 2.430778019021238, 48.753886853606851 ], [ 2.43103258036996, 48.753807652676869 ], [ 2.431308259914609, 48.75370622622178 ], [ 2.431460543246836, 48.753642554233529 ], [ 2.431655010004097, 48.753534868833789 ], [ 2.431781543124312, 48.753480960365494 ], [ 2.431862474445331, 48.753523422392114 ], [ 2.432153180498113, 48.75333452790796 ], [ 2.432167100999652, 48.75333778346814 ], [ 2.432967344669668, 48.752681840546636 ], [ 2.433497126456433, 48.752251345767043 ], [ 2.434214440412366, 48.751659807913136 ], [ 2.434026250793552, 48.751574437416174 ], [ 2.433600351425504, 48.75194688769156 ], [ 2.433418011829087, 48.751847478026022 ], [ 2.433348723602348, 48.751894147463283 ], [ 2.433443027016621, 48.751655055620155 ], [ 2.433376903605045, 48.751621388293515 ], [ 2.433874567433846, 48.751216137383601 ], [ 2.434004606373203, 48.751033097076402 ], [ 2.434557628719459, 48.751245192501372 ], [ 2.435023834453309, 48.750839031520734 ], [ 2.43504421533079, 48.750846389779504 ], [ 2.435201854528196, 48.750698221753687 ], [ 2.435210558045589, 48.750689709683527 ], [ 2.435219364495188, 48.750692032249823 ], [ 2.435241662521562, 48.750662101923986 ], [ 2.435238838980513, 48.75065831636816 ], [ 2.435529813800314, 48.75033022087554 ], [ 2.435786937637263, 48.750037725909024 ], [ 2.435592431716287, 48.749993728891752 ], [ 2.435949129954786, 48.749511103162327 ], [ 2.43598813238125, 48.74951618748517 ], [ 2.436900387906001, 48.748447858850128 ], [ 2.437017439785358, 48.74847467594909 ], [ 2.43726133449178, 48.748039339559206 ], [ 2.437324214038442, 48.747923215467516 ], [ 2.437573962988394, 48.747349969189699 ], [ 2.437761135469118, 48.746759072061451 ], [ 2.437815675474549, 48.746716642754862 ], [ 2.437980226923887, 48.746186333023374 ], [ 2.437966391802024, 48.746180596084734 ], [ 2.437976689092741, 48.746151869946942 ], [ 2.438002658774848, 48.746154544773709 ], [ 2.438036244626034, 48.746055362452381 ], [ 2.438011534997735, 48.746054652525181 ], [ 2.438053705281066, 48.745891015955912 ], [ 2.438039221712205, 48.745879571776676 ], [ 2.43814308998651, 48.745528672411361 ], [ 2.438152110706679, 48.745528320909713 ], [ 2.438163813126252, 48.745481981481944 ], [ 2.438130160959758, 48.745479691468297 ], [ 2.438135847660515, 48.745456264642577 ], [ 2.438006762673048, 48.745419883107147 ], [ 2.437821869866959, 48.745407097004183 ], [ 2.437724541912941, 48.745386612764861 ] ] ] } },
{ "type": "Feature", "properties": { "code_qp": "QN09440N", "lib_qp": "Centre-Ville (Barbusse)" }, "geometry": { "type": "Polygon", "coordinates": [ [ [ 2.408656876333427, 48.768393536092944 ], [ 2.409550725592912, 48.768456924533581 ], [ 2.410314457555129, 48.768451331439138 ], [ 2.410662609423658, 48.768444085056757 ], [ 2.410757581397702, 48.767479304112307 ], [ 2.410298721256179, 48.76747176398424 ], [ 2.409924353496992, 48.767492049145055 ], [ 2.40961989838022, 48.767477071909255 ], [ 2.409449118349543, 48.76748488881023 ], [ 2.40914789518742, 48.767473775732128 ], [ 2.40871038046794, 48.767413870013797 ], [ 2.409267279264247, 48.766585748418073 ], [ 2.409842956136922, 48.766727086631953 ], [ 2.409896662237978, 48.766641117307458 ], [ 2.409909880923097, 48.766615280394731 ], [ 2.409925111239033, 48.766620167366746 ], [ 2.409966410421165, 48.766553768645267 ], [ 2.409929598959057, 48.766545126513492 ], [ 2.409996402139933, 48.766445272200649 ], [ 2.409822729163798, 48.766397000402129 ], [ 2.409861788146385, 48.766332178199583 ], [ 2.409722760761137, 48.766298224987082 ], [ 2.40970887820668, 48.766315543396736 ], [ 2.409525139864744, 48.766264943551732 ], [ 2.40949619478348, 48.766255818984114 ], [ 2.409344586893926, 48.76621280723176 ], [ 2.409635458134753, 48.765779601869056 ], [ 2.408090426497524, 48.765333528152048 ], [ 2.408064421780176, 48.765401183871447 ], [ 2.408030292483891, 48.765451496136599 ], [ 2.407974389576912, 48.765473331990705 ], [ 2.407618267354672, 48.76599738964071 ], [ 2.407564434925728, 48.766039696139394 ], [ 2.407235729400825, 48.765901932177002 ], [ 2.407001514367484, 48.766272235608945 ], [ 2.407195995803404, 48.766324205358742 ], [ 2.406636860765472, 48.767102805811604 ], [ 2.406966866524527, 48.767161886615014 ], [ 2.40747531572815, 48.767231861494267 ], [ 2.407464284705633, 48.767275605775573 ], [ 2.407342187286075, 48.767686929653493 ], [ 2.407135299991827, 48.767664575181449 ], [ 2.407093135770388, 48.76781821862275 ], [ 2.407075802109164, 48.767899782127522 ], [ 2.408656876333427, 48.768393536092944 ] ] ] } },
{ "type": "Feature", "properties": { "code_qp": "QN09446N", "lib_qp": "La Vallée aux Renards" }, "geometry": { "type": "Polygon", "coordinates": [ [ [ 2.319841511336425, 48.767887035000534 ], [ 2.320697268424564, 48.768547192917175 ], [ 2.320838920026085, 48.768491633362807 ], [ 2.321398574206333, 48.768270540093852 ], [ 2.321936502680823, 48.768052882557022 ], [ 2.321988795116883, 48.768186491137151 ], [ 2.322030357729686, 48.768337555513902 ], [ 2.322140884431919, 48.768698112395768 ], [ 2.322869277743807, 48.768518007754189 ], [ 2.324083391389403, 48.768219624849728 ], [ 2.324310039206058, 48.768657782421151 ], [ 2.325921185913427, 48.768228690956171 ], [ 2.325731467380878, 48.767653117566802 ], [ 2.325653164350848, 48.76750415206071 ], [ 2.325608840190275, 48.767447760733489 ], [ 2.325575346108617, 48.76742469966198 ], [ 2.325380841484878, 48.767350962627184 ], [ 2.325317148615592, 48.767151877125514 ], [ 2.325010979419762, 48.7671950181036 ], [ 2.324974505174258, 48.767145421456704 ], [ 2.324912807410542, 48.76645192281579 ], [ 2.324695739376255, 48.766508110329667 ], [ 2.323870153259946, 48.766606786079961 ], [ 2.323666107869804, 48.766632772316193 ], [ 2.323325641871073, 48.766667606401327 ], [ 2.323315830562493, 48.766616177363041 ], [ 2.323273321061937, 48.766419334612905 ], [ 2.323308401089212, 48.766183156176467 ], [ 2.321316363655282, 48.766542485642674 ], [ 2.320534514233239, 48.766706457004055 ], [ 2.319118628126992, 48.767192928009116 ], [ 2.319517253758353, 48.767632673550644 ], [ 2.319841511336425, 48.767887035000534 ] ] ] } }
]
}
