{
"type": "FeatureCollection",
"name": "tree_age_context_arrondissement",
"crs": { "type": "name", "properties": { "name": "urn:ogc:def:crs:OGC:1.3:CRS84" } },
"features": [
{ "type": "Feature", "properties": { "insee_com": "75101", "nom_arrondissement": "Paris 1er Arrondissement", "avg_circumference_cm": 77.885933806146568, "tree_count": 1692.0, "pct_young_trees": 0.20862884160756501 }, "geometry": { "type": "Polygon", "coordinates": [ [ [ 2.344634297019093, 48.854088645680854 ], [ 2.342929504859985, 48.85483295469097 ], [ 2.342506315232651, 48.855104033532221 ], [ 2.341367616268792, 48.856128429750846 ], [ 2.34056747495699, 48.856675325998197 ], [ 2.337672258257701, 48.858310545963839 ], [ 2.336388411505671, 48.858625400938571 ], [ 2.332915970801085, 48.859335467833546 ], [ 2.331211887811374, 48.859679401249267 ], [ 2.327980452922263, 48.860820561087444 ], [ 2.325904334762589, 48.861468108134083 ], [ 2.320933472558735, 48.863019262906029 ], [ 2.321403511219162, 48.863664963339311 ], [ 2.321467800025973, 48.86375256463905 ], [ 2.323471663253651, 48.866371116066574 ], [ 2.324584010884946, 48.867949453984657 ], [ 2.325318661731757, 48.869012125426103 ], [ 2.325166186173741, 48.869416869770539 ], [ 2.325888016639641, 48.869576523696324 ], [ 2.327999372502886, 48.869921153097998 ], [ 2.330284399564853, 48.868317840678841 ], [ 2.333660618265889, 48.867506590169903 ], [ 2.335874392590844, 48.866979288015116 ], [ 2.338668944584592, 48.866336441979662 ], [ 2.341202420510689, 48.865744255894853 ], [ 2.343082571546486, 48.865285132413419 ], [ 2.344974968231859, 48.864825147064664 ], [ 2.346682599072114, 48.864421681423217 ], [ 2.349017869621773, 48.863858825489011 ], [ 2.350955108041352, 48.863401687502829 ], [ 2.350164450262719, 48.861985423076298 ], [ 2.348223210390838, 48.858516871060658 ], [ 2.347573942712776, 48.857358566921661 ], [ 2.347329473251235, 48.857180960971242 ], [ 2.347114738902888, 48.857240945446172 ], [ 2.346788831496143, 48.856710348238984 ], [ 2.346476434928995, 48.856189716516631 ], [ 2.345836666383353, 48.855257189622726 ], [ 2.344918495507247, 48.854356410642993 ], [ 2.344634297019093, 48.854088645680854 ] ] ] } },
{ "type": "Feature", "properties": { "insee_com": "75102", "nom_arrondissement": "Paris 2e Arrondissement", "avg_circumference_cm": 78.38795986622074, "tree_count": 598.0, "pct_young_trees": 0.21739130434782608 }, "geometry": { "type": "Polygon", "coordinates": [ [ [ 2.335874392590844, 48.866979288015116 ], [ 2.333660618265889, 48.867506590169903 ], [ 2.330284399564853, 48.868317840678841 ], [ 2.327999372502886, 48.869921153097998 ], [ 2.329973073724776, 48.870264974507457 ], [ 2.332522410349862, 48.87069201592216 ], [ 2.334154842936358, 48.870968212357781 ], [ 2.336996437232553, 48.871467831132101 ], [ 2.337122942617793, 48.871490115950131 ], [ 2.340041163195276, 48.871972099419636 ], [ 2.343050733348993, 48.871485024595522 ], [ 2.346736617803734, 48.870875659602348 ], [ 2.347918228212595, 48.870687845172782 ], [ 2.352047532032926, 48.869821721680829 ], [ 2.352661345726701, 48.869684745831869 ], [ 2.35425267163513, 48.869323712694474 ], [ 2.351510758459, 48.864427255249943 ], [ 2.350955108041352, 48.863401687502829 ], [ 2.349017869621773, 48.863858825489011 ], [ 2.346682599072114, 48.864421681423217 ], [ 2.344974968231859, 48.864825147064664 ], [ 2.343082571546486, 48.865285132413419 ], [ 2.341202420510689, 48.865744255894853 ], [ 2.338668944584592, 48.866336441979662 ], [ 2.335874392590844, 48.866979288015116 ] ] ] } },
{ "type": "Feature", "properties": { "insee_com": "75103", "nom_arrondissement": "Paris 3e Arrondissement", "avg_circumference_cm": 86.151397515527947, "tree_count": 1288.0, "pct_young_trees": 0.15062111801242237 }, "geometry": { "type": "Polygon", "coordinates": [ [ [ 2.350164450262719, 48.861985423076298 ], [ 2.350955108041352, 48.863401687502829 ], [ 2.351510758459, 48.864427255249943 ], [ 2.35425267163513, 48.869323712694474 ], [ 2.355742901188442, 48.868978302413183 ], [ 2.359086831752373, 48.86843506628351 ], [ 2.363290446814834, 48.867816271837832 ], [ 2.363872116727157, 48.867516286784095 ], [ 2.364306784904801, 48.867309049686241 ], [ 2.364858189028701, 48.866248055796426 ], [ 2.365426063659955, 48.865287872207347 ], [ 2.366686433327767, 48.86320267494105 ], [ 2.366888855469114, 48.862473478012838 ], [ 2.367251725976692, 48.860990577510307 ], [ 2.367327839507425, 48.86067171197265 ], [ 2.367612199287384, 48.859478882248588 ], [ 2.36783451579174, 48.858568118240612 ], [ 2.368229037863571, 48.856943279848721 ], [ 2.368490886682737, 48.85580518576208 ], [ 2.36827851557945, 48.855785178422295 ], [ 2.36494121805568, 48.856306224187001 ], [ 2.364313790337467, 48.856457580934034 ], [ 2.36176775751168, 48.857243550607983 ], [ 2.35934459162322, 48.858339499956038 ], [ 2.356864255095606, 48.860083522494975 ], [ 2.355146374700977, 48.860672344183726 ], [ 2.353499932088789, 48.861212962299895 ], [ 2.351651737500054, 48.861642744497885 ], [ 2.350164450262719, 48.861985423076298 ] ] ] } },
{ "type": "Feature", "properties": { "insee_com": "75104", "nom_arrondissement": "Paris 4e Arrondissement", "avg_circumference_cm": 89.084578804347828, "tree_count": 2944.0, "pct_young_trees": 0.22146739130434784 }, "geometry": { "type": "Polygon", "coordinates": [ [ [ 2.349933698541125, 48.852076019570276 ], [ 2.349023837979599, 48.852363363195501 ], [ 2.346673612596327, 48.853399201063937 ], [ 2.344634297019093, 48.854088645680854 ], [ 2.344918495507247, 48.854356410642993 ], [ 2.345836666383353, 48.855257189622726 ], [ 2.346476434928995, 48.856189716516631 ], [ 2.346788831496143, 48.856710348238984 ], [ 2.347114738902888, 48.857240945446172 ], [ 2.347329473251235, 48.857180960971242 ], [ 2.347573942712776, 48.857358566921661 ], [ 2.348223210390838, 48.858516871060658 ], [ 2.350164450262719, 48.861985423076298 ], [ 2.351651737500054, 48.861642744497885 ], [ 2.353499932088789, 48.861212962299895 ], [ 2.355146374700977, 48.860672344183726 ], [ 2.356864255095606, 48.860083522494975 ], [ 2.35934459162322, 48.858339499956038 ], [ 2.36176775751168, 48.857243550607983 ], [ 2.364313790337467, 48.856457580934034 ], [ 2.36494121805568, 48.856306224187001 ], [ 2.36827851557945, 48.855785178422295 ], [ 2.368490886682737, 48.85580518576208 ], [ 2.368965669064553, 48.853851601953252 ], [ 2.369123881441926, 48.853166230564838 ], [ 2.369041481590489, 48.852993120408804 ], [ 2.368972404780255, 48.85284526230501 ], [ 2.366443514943608, 48.847309858160784 ], [ 2.366041558191069, 48.847082889533745 ], [ 2.365379762440006, 48.846708845484798 ], [ 2.3644554356846, 48.846185908476926 ], [ 2.362491745042108, 48.847642313664693 ], [ 2.361057893168452, 48.848555606534589 ], [ 2.358614111953559, 48.849697304645474 ], [ 2.354597116127077, 48.850986064894464 ], [ 2.351597982626872, 48.851614687388398 ], [ 2.349933698541125, 48.852076019570276 ] ] ] } },
{ "type": "Feature", "properties": { "insee_com": "75105", "nom_arrondissement": "Paris 5e Arrondissement", "avg_circumference_cm": 91.312520431513562, "tree_count": 3059.0, "pct_young_trees": 0.26315789473684209 }, "geometry": { "type": "Polygon", "coordinates": [ [ [ 2.339694669367677, 48.838864094489885 ], [ 2.337552480490955, 48.839430543036421 ], [ 2.336656991547952, 48.839671107573722 ], [ 2.336771393206437, 48.840745584760427 ], [ 2.337256165772474, 48.840875082012545 ], [ 2.337755934595521, 48.841754730558073 ], [ 2.338983319797129, 48.84392448829842 ], [ 2.340634393877524, 48.846971642199556 ], [ 2.340849163503854, 48.847337066418532 ], [ 2.342631736794723, 48.850348032959289 ], [ 2.343821016117944, 48.852762137345373 ], [ 2.344281403902505, 48.853756649383996 ], [ 2.344634297019093, 48.854088645680854 ], [ 2.346673612596327, 48.853399201063937 ], [ 2.349023837979599, 48.852363363195501 ], [ 2.349933698541125, 48.852076019570276 ], [ 2.351597982626872, 48.851614687388398 ], [ 2.354597116127077, 48.850986064894464 ], [ 2.358614111953559, 48.849697304645474 ], [ 2.361057893168452, 48.848555606534589 ], [ 2.362491745042108, 48.847642313664693 ], [ 2.3644554356846, 48.846185908476926 ], [ 2.36608772597324, 48.844967843131407 ], [ 2.365127018289573, 48.844413239994502 ], [ 2.364901763858922, 48.844112557522166 ], [ 2.364158198814394, 48.843184964533684 ], [ 2.361966407324183, 48.840242273187656 ], [ 2.361745287380767, 48.83994070614375 ], [ 2.357052208076732, 48.838446910980025 ], [ 2.353043375796223, 48.837168881655707 ], [ 2.351870772035156, 48.836804585623312 ], [ 2.349069026043048, 48.83707267227053 ], [ 2.347007359776022, 48.83731595609234 ], [ 2.345521063609997, 48.837632504590125 ], [ 2.342085567254399, 48.838343044720887 ], [ 2.339694669367677, 48.838864094489885 ] ] ] } },
{ "type": "Feature", "properties": { "insee_com": "75106", "nom_arrondissement": "Paris 6e Arrondissement", "avg_circumference_cm": 93.20419426048565, "tree_count": 1812.0, "pct_young_trees": 0.2671081677704194 }, "geometry": { "type": "Polygon", "coordinates": [ [ [ 2.329574854219896, 48.841994259476934 ], [ 2.324641767064501, 48.843621342671561 ], [ 2.324298358087334, 48.843729125948421 ], [ 2.323192682554711, 48.84409071568286 ], [ 2.320120502008693, 48.845096771748331 ], [ 2.319142060375021, 48.84551930427191 ], [ 2.316982623504709, 48.846635695781558 ], [ 2.316712552321028, 48.846863491073179 ], [ 2.319420835184011, 48.847858333162542 ], [ 2.320555394566371, 48.848425083685918 ], [ 2.323287262396386, 48.849819285566745 ], [ 2.324162209437006, 48.850235238196596 ], [ 2.326867309541756, 48.851395370785916 ], [ 2.326814484762852, 48.851581240636413 ], [ 2.328657392915725, 48.851867697922117 ], [ 2.32865905955895, 48.852055672920045 ], [ 2.329335689720448, 48.852638653237989 ], [ 2.330463707347445, 48.854473360719666 ], [ 2.330732889977583, 48.855055849755345 ], [ 2.331347623117892, 48.855900182523882 ], [ 2.333270093392226, 48.858290596586663 ], [ 2.332451956624262, 48.858530659085027 ], [ 2.332915970801085, 48.859335467833546 ], [ 2.336388411505671, 48.858625400938571 ], [ 2.337672258257701, 48.858310545963839 ], [ 2.34056747495699, 48.856675325998197 ], [ 2.341367616268792, 48.856128429750846 ], [ 2.342506315232651, 48.855104033532221 ], [ 2.342929504859985, 48.85483295469097 ], [ 2.344634297019093, 48.854088645680854 ], [ 2.344281403902505, 48.853756649383996 ], [ 2.343821016117944, 48.852762137345373 ], [ 2.342631736794723, 48.850348032959289 ], [ 2.340849163503854, 48.847337066418532 ], [ 2.340634393877524, 48.846971642199556 ], [ 2.338983319797129, 48.84392448829842 ], [ 2.337755934595521, 48.841754730558073 ], [ 2.337256165772474, 48.840875082012545 ], [ 2.336771393206437, 48.840745584760427 ], [ 2.336656991547952, 48.839671107573722 ], [ 2.334862059021432, 48.840246627966621 ], [ 2.3298321288791, 48.841907563266858 ], [ 2.329574854219896, 48.841994259476934 ] ] ] } },
{ "type": "Feature", "properties": { "insee_com": "75107", "nom_arrondissement": "Paris 7e Arrondissement", "avg_circumference_cm": 97.282539682539678, "tree_count": 8820.0, "pct_young_trees": 0.19002267573696144 }, "geometry": { "type": "Polygon", "coordinates": [ [ [ 2.301227956943836, 48.851062211514311 ], [ 2.300911619863719, 48.851176381130784 ], [ 2.299300737605958, 48.852194027582499 ], [ 2.295381342134141, 48.854707203739281 ], [ 2.291053303527222, 48.857475043708867 ], [ 2.289695682973307, 48.858182880385861 ], [ 2.291838557830339, 48.859968209629415 ], [ 2.293689941916093, 48.861246340410425 ], [ 2.294864562062728, 48.861875619377464 ], [ 2.296870514172012, 48.86261949441181 ], [ 2.299222465550164, 48.863283520573155 ], [ 2.301737287583633, 48.863496076942155 ], [ 2.310390240755495, 48.863608304977085 ], [ 2.318677870940691, 48.863723224069915 ], [ 2.320933472558735, 48.863019262906029 ], [ 2.325904334762589, 48.861468108134083 ], [ 2.327980452922263, 48.860820561087444 ], [ 2.331211887811374, 48.859679401249267 ], [ 2.332915970801085, 48.859335467833546 ], [ 2.332451956624262, 48.858530659085027 ], [ 2.333270093392226, 48.858290596586663 ], [ 2.331347623117892, 48.855900182523882 ], [ 2.330732889977583, 48.855055849755345 ], [ 2.330463707347445, 48.854473360719666 ], [ 2.329335689720448, 48.852638653237989 ], [ 2.32865905955895, 48.852055672920045 ], [ 2.328657392915725, 48.851867697922117 ], [ 2.326814484762852, 48.851581240636413 ], [ 2.326867309541756, 48.851395370785916 ], [ 2.324162209437006, 48.850235238196596 ], [ 2.323287262396386, 48.849819285566745 ], [ 2.320555394566371, 48.848425083685918 ], [ 2.319420835184011, 48.847858333162542 ], [ 2.316712552321028, 48.846863491073179 ], [ 2.313715867497841, 48.84594337804154 ], [ 2.311972122446195, 48.847044076016104 ], [ 2.311235573297421, 48.847509305242461 ], [ 2.310494899377192, 48.847976304768672 ], [ 2.31032513277025, 48.847933056237842 ], [ 2.308218200598362, 48.847433437612359 ], [ 2.307354149221545, 48.847133447277052 ], [ 2.306041515788186, 48.847979336049193 ], [ 2.303659545504421, 48.849505204207276 ], [ 2.301227956943836, 48.851062211514311 ] ] ] } },
{ "type": "Feature", "properties": { "insee_com": "75108", "nom_arrondissement": "Paris 8e Arrondissement", "avg_circumference_cm": 102.20367732746342, "tree_count": 7723.0, "pct_young_trees": 0.15926453450731581 }, "geometry": { "type": "Polygon", "coordinates": [ [ [ 2.300991315923401, 48.864740919449012 ], [ 2.300297979606477, 48.865007572139895 ], [ 2.299841599006072, 48.86498691611407 ], [ 2.29983829121079, 48.865537298492541 ], [ 2.298906435388405, 48.868534765967759 ], [ 2.297501223263732, 48.870938572106695 ], [ 2.29620959727898, 48.872494045026592 ], [ 2.295542880656993, 48.873303129599883 ], [ 2.295032069299386, 48.873773176737288 ], [ 2.29790844777493, 48.877745383278764 ], [ 2.298154863077949, 48.878076885658906 ], [ 2.300837245802401, 48.878658265575801 ], [ 2.303141823521401, 48.87915015041041 ], [ 2.308778523051354, 48.88039243620689 ], [ 2.312550891398833, 48.880851234363746 ], [ 2.316479725210513, 48.881341383863152 ], [ 2.32044880312552, 48.882096935633143 ], [ 2.320493681357567, 48.882106183689643 ], [ 2.324273217775089, 48.882870424239783 ], [ 2.326846459419326, 48.883391243869397 ], [ 2.327164725373034, 48.883455086768883 ], [ 2.327009342363597, 48.879650933058151 ], [ 2.326964471590538, 48.877847513006131 ], [ 2.326852281656523, 48.875872837245218 ], [ 2.326665657478284, 48.875543529269059 ], [ 2.326936889585467, 48.874178959061119 ], [ 2.327025197965383, 48.873781048188626 ], [ 2.326713242090503, 48.873128171862248 ], [ 2.32646984849174, 48.872761670414178 ], [ 2.326608386325244, 48.872696798001236 ], [ 2.326613754960452, 48.872597900740296 ], [ 2.325888016639641, 48.869576523696324 ], [ 2.325166186173741, 48.869416869770539 ], [ 2.325318661731757, 48.869012125426103 ], [ 2.324584010884946, 48.867949453984657 ], [ 2.323471663253651, 48.866371116066574 ], [ 2.321467800025973, 48.86375256463905 ], [ 2.321403511219162, 48.863664963339311 ], [ 2.320933472558735, 48.863019262906029 ], [ 2.318677870940691, 48.863723224069915 ], [ 2.310390240755495, 48.863608304977085 ], [ 2.301737287583633, 48.863496076942155 ], [ 2.301662484441652, 48.864195334932994 ], [ 2.301635346720621, 48.8644910626629 ], [ 2.301395548741394, 48.864584094856504 ], [ 2.300991315923401, 48.864740919449012 ] ] ] } },
{ "type": "Feature", "properties": { "insee_com": "75109", "nom_arrondissement": "Paris 9e Arrondissement", "avg_circumference_cm": 76.959805959805962, "tree_count": 1443.0, "pct_young_trees": 0.2480942480942481 }, "geometry": { "type": "Polygon", "coordinates": [ [ [ 2.32646984849174, 48.872761670414178 ], [ 2.326713242090503, 48.873128171862248 ], [ 2.327025197965383, 48.873781048188626 ], [ 2.326936889585467, 48.874178959061119 ], [ 2.326665657478284, 48.875543529269059 ], [ 2.326852281656523, 48.875872837245218 ], [ 2.326964471590538, 48.877847513006131 ], [ 2.327009342363597, 48.879650933058151 ], [ 2.327164725373034, 48.883455086768883 ], [ 2.327423135703934, 48.883507800603795 ], [ 2.328121477639861, 48.883706876515788 ], [ 2.329540571639998, 48.8845898806861 ], [ 2.329637790197905, 48.884558948482976 ], [ 2.332303072703811, 48.883867867230059 ], [ 2.33274232791497, 48.883748906402325 ], [ 2.336109461079046, 48.882763071905075 ], [ 2.337773141701888, 48.882328915307575 ], [ 2.337800457656781, 48.882325469070736 ], [ 2.339550582183016, 48.882061739551503 ], [ 2.33980196854301, 48.882023555463356 ], [ 2.34195931462228, 48.882444628188217 ], [ 2.346909326916857, 48.883414230766142 ], [ 2.349464985893749, 48.883724922984428 ], [ 2.349600316361947, 48.883480141287656 ], [ 2.349835975240238, 48.881097296120572 ], [ 2.349852552535392, 48.880643223664059 ], [ 2.349530386371681, 48.879689980158339 ], [ 2.349252958934487, 48.878867381437395 ], [ 2.34909503783491, 48.877429387272379 ], [ 2.348995549228066, 48.877207609967428 ], [ 2.348666116138794, 48.876620350941486 ], [ 2.348226627388438, 48.875785174131558 ], [ 2.347901065991873, 48.874018902500438 ], [ 2.347883600185226, 48.872473744581946 ], [ 2.347918228212595, 48.870687845172782 ], [ 2.346736617803734, 48.870875659602348 ], [ 2.343050733348993, 48.871485024595522 ], [ 2.340041163195276, 48.871972099419636 ], [ 2.337122942617793, 48.871490115950131 ], [ 2.336996437232553, 48.871467831132101 ], [ 2.334154842936358, 48.870968212357781 ], [ 2.332522410349862, 48.87069201592216 ], [ 2.329973073724776, 48.870264974507457 ], [ 2.327999372502886, 48.869921153097998 ], [ 2.325888016639641, 48.869576523696324 ], [ 2.326613754960452, 48.872597900740296 ], [ 2.326608386325244, 48.872696798001236 ], [ 2.32646984849174, 48.872761670414178 ] ] ] } },
{ "type": "Feature", "properties": { "insee_com": "75110", "nom_arrondissement": "Paris 10e Arrondissement", "avg_circumference_cm": 89.339059196617342, "tree_count": 3784.0, "pct_young_trees": 0.20877378435517971 }, "geometry": { "type": "Polygon", "coordinates": [ [ [ 2.35425267163513, 48.869323712694474 ], [ 2.352661345726701, 48.869684745831869 ], [ 2.352047532032926, 48.869821721680829 ], [ 2.347918228212595, 48.870687845172782 ], [ 2.347883600185226, 48.872473744581946 ], [ 2.347901065991873, 48.874018902500438 ], [ 2.348226627388438, 48.875785174131558 ], [ 2.348666116138794, 48.876620350941486 ], [ 2.348995549228066, 48.877207609967428 ], [ 2.34909503783491, 48.877429387272379 ], [ 2.349252958934487, 48.878867381437395 ], [ 2.349530386371681, 48.879689980158339 ], [ 2.349852552535392, 48.880643223664059 ], [ 2.349835975240238, 48.881097296120572 ], [ 2.349600316361947, 48.883480141287656 ], [ 2.349464985893749, 48.883724922984428 ], [ 2.351242871583771, 48.883858677314016 ], [ 2.355830240363881, 48.884183822342983 ], [ 2.359340232450158, 48.884409501009962 ], [ 2.361500301513613, 48.884406650646788 ], [ 2.364713572113417, 48.884366186566311 ], [ 2.367546742687418, 48.884183333992574 ], [ 2.36827567111368, 48.884122430704736 ], [ 2.368718249261116, 48.883947597590129 ], [ 2.369301392563939, 48.883313047613335 ], [ 2.370083654434945, 48.882787461698427 ], [ 2.370168080363927, 48.882684483115689 ], [ 2.370220435118679, 48.881963497005643 ], [ 2.370287299693743, 48.878463655203717 ], [ 2.370290292159463, 48.877990622355782 ], [ 2.370575635491561, 48.877734014624131 ], [ 2.372341359986538, 48.876148768389179 ], [ 2.373300707155033, 48.875285038251583 ], [ 2.374534258323927, 48.874178113915761 ], [ 2.37509243793508, 48.87367740156003 ], [ 2.376904765014236, 48.872048259429583 ], [ 2.375886726070378, 48.87167602635467 ], [ 2.374663502121221, 48.871248752414104 ], [ 2.372896637378593, 48.870570401497083 ], [ 2.371543710704607, 48.870163100157441 ], [ 2.371045328493689, 48.870002198791084 ], [ 2.369358394801617, 48.869485196117736 ], [ 2.367835860204891, 48.868904285195917 ], [ 2.367610590375759, 48.868819456595659 ], [ 2.367064435257618, 48.868665480627904 ], [ 2.365419787037786, 48.868153141689717 ], [ 2.364355998683669, 48.867744592192423 ], [ 2.363872116727157, 48.867516286784095 ], [ 2.363290446814834, 48.867816271837832 ], [ 2.359086831752373, 48.86843506628351 ], [ 2.355742901188442, 48.868978302413183 ], [ 2.35425267163513, 48.869323712694474 ] ] ] } },
{ "type": "Feature", "properties": { "insee_com": "75111", "nom_arrondissement": "Paris 11e Arrondissement", "avg_circumference_cm": 82.5491530789932, "tree_count": 6317.0, "pct_young_trees": 0.22985594427734685 }, "geometry": { "type": "Polygon", "coordinates": [ [ [ 2.368229037863571, 48.856943279848721 ], [ 2.36783451579174, 48.858568118240612 ], [ 2.367612199287384, 48.859478882248588 ], [ 2.367327839507425, 48.86067171197265 ], [ 2.367251725976692, 48.860990577510307 ], [ 2.366888855469114, 48.862473478012838 ], [ 2.366686433327767, 48.86320267494105 ], [ 2.365426063659955, 48.865287872207347 ], [ 2.364858189028701, 48.866248055796426 ], [ 2.364306784904801, 48.867309049686241 ], [ 2.363872116727157, 48.867516286784095 ], [ 2.364355998683669, 48.867744592192423 ], [ 2.365419787037786, 48.868153141689717 ], [ 2.367064435257618, 48.868665480627904 ], [ 2.367610590375759, 48.868819456595659 ], [ 2.367835860204891, 48.868904285195917 ], [ 2.369358394801617, 48.869485196117736 ], [ 2.371045328493689, 48.870002198791084 ], [ 2.371543710704607, 48.870163100157441 ], [ 2.372896637378593, 48.870570401497083 ], [ 2.374663502121221, 48.871248752414104 ], [ 2.375886726070378, 48.87167602635467 ], [ 2.376904765014236, 48.872048259429583 ], [ 2.378290113390531, 48.870774807326946 ], [ 2.379195650384537, 48.870062735353955 ], [ 2.380575885891117, 48.868980787676229 ], [ 2.382366809467288, 48.867633839513957 ], [ 2.383069142721887, 48.867034904168769 ], [ 2.383583978668193, 48.866266822289155 ], [ 2.383913130241849, 48.865983426113921 ], [ 2.387201100440798, 48.863086439453454 ], [ 2.387377786989925, 48.862898482045523 ], [ 2.388879258024644, 48.859816912023255 ], [ 2.389546437996217, 48.858480292155605 ], [ 2.389819086218175, 48.858359371607058 ], [ 2.392167384833463, 48.857667134350933 ], [ 2.394345091773725, 48.856519817242365 ], [ 2.396012785487526, 48.854331138900839 ], [ 2.397079060811191, 48.852991089505693 ], [ 2.398394619444394, 48.851301535985101 ], [ 2.398755968948561, 48.850338348008691 ], [ 2.399247185197987, 48.84886587718335 ], [ 2.39912112864224, 48.848098095621303 ], [ 2.397515647030773, 48.848234817588903 ], [ 2.395957776088524, 48.848378053898536 ], [ 2.391973134719696, 48.848968531515062 ], [ 2.389496724149868, 48.849346240378125 ], [ 2.384707528580461, 48.850084359004363 ], [ 2.38445763880411, 48.850127141983393 ], [ 2.381426253806176, 48.850408294786703 ], [ 2.380114712394509, 48.850455468168427 ], [ 2.37938717089219, 48.850555122273263 ], [ 2.378555472483217, 48.850703695464198 ], [ 2.377805079911062, 48.850890458558368 ], [ 2.373812582082283, 48.851874207919657 ], [ 2.371718734832672, 48.852487382469263 ], [ 2.370255132996807, 48.853271118505219 ], [ 2.369123881441926, 48.853166230564838 ], [ 2.368965669064553, 48.853851601953252 ], [ 2.368490886682737, 48.85580518576208 ], [ 2.368229037863571, 48.856943279848721 ] ] ] } },
{ "type": "Feature", "properties": { "insee_com": "75112", "nom_arrondissement": "Paris 12e Arrondissement", "avg_circumference_cm": 84.672109247439508, "tree_count": 13474.0, "pct_young_trees": 0.15526198604720201 }, "geometry": { "type": "Polygon", "coordinates": [ [ [ 2.373550475260092, 48.839328589197073 ], [ 2.372451617071186, 48.840179022947581 ], [ 2.36608772597324, 48.844967843131407 ], [ 2.3644554356846, 48.846185908476926 ], [ 2.365379762440006, 48.846708845484798 ], [ 2.366041558191069, 48.847082889533745 ], [ 2.366443514943608, 48.847309858160784 ], [ 2.368972404780255, 48.85284526230501 ], [ 2.369041481590489, 48.852993120408804 ], [ 2.369123881441926, 48.853166230564838 ], [ 2.370255132996807, 48.853271118505219 ], [ 2.371718734832672, 48.852487382469263 ], [ 2.373812582082283, 48.851874207919657 ], [ 2.377805079911062, 48.850890458558368 ], [ 2.378555472483217, 48.850703695464198 ], [ 2.37938717089219, 48.850555122273263 ], [ 2.380114712394509, 48.850455468168427 ], [ 2.381426253806176, 48.850408294786703 ], [ 2.38445763880411, 48.850127141983393 ], [ 2.384707528580461, 48.850084359004363 ], [ 2.389496724149868, 48.849346240378125 ], [ 2.391973134719696, 48.848968531515062 ], [ 2.395957776088524, 48.848378053898536 ], [ 2.397515647030773, 48.848234817588903 ], [ 2.39912112864224, 48.848098095621303 ], [ 2.403457625643953, 48.847707892342555 ], [ 2.406296268896808, 48.847454904426925 ], [ 2.411068913600706, 48.847046803365934 ], [ 2.415971110769568, 48.846622956268604 ], [ 2.415663673457238, 48.844996321949338 ], [ 2.415299092607447, 48.843849661228454 ], [ 2.414849601173434, 48.842378814335589 ], [ 2.414046530133938, 48.839759549813245 ], [ 2.412852033331908, 48.836216506749153 ], [ 2.412245612562639, 48.834538914664805 ], [ 2.411471874927621, 48.833928938764416 ], [ 2.413505425613419, 48.833723080147081 ], [ 2.415470466512807, 48.833793856331447 ], [ 2.417337888379132, 48.834188794954976 ], [ 2.419796237439636, 48.834983191073405 ], [ 2.422138636243513, 48.835797660946675 ], [ 2.421475736306939, 48.837095832373379 ], [ 2.421062063196677, 48.838890752387442 ], [ 2.420772547136299, 48.839687082334379 ], [ 2.420393582068758, 48.840439808494459 ], [ 2.419538952900591, 48.841449240841087 ], [ 2.419356954364107, 48.842497907249466 ], [ 2.419848924917877, 48.843101963506847 ], [ 2.419859968239215, 48.843456363301478 ], [ 2.421847988927573, 48.844437291181855 ], [ 2.422435387811295, 48.844057902616576 ], [ 2.423491922523837, 48.842655507256126 ], [ 2.42394800402987, 48.842196334532368 ], [ 2.424347225006843, 48.841950033859007 ], [ 2.424919695918368, 48.84180799083186 ], [ 2.427575156761254, 48.841570705785799 ], [ 2.431532950269272, 48.84122803747784 ], [ 2.433544643445916, 48.841046017299234 ], [ 2.43366970903699, 48.841197701349422 ], [ 2.437184204443509, 48.840893217828601 ], [ 2.437958319623622, 48.844664254882197 ], [ 2.440519707011923, 48.84443973100867 ], [ 2.440615688866212, 48.844891655105378 ], [ 2.440801139730464, 48.844879031795777 ], [ 2.44086390998716, 48.845251657230129 ], [ 2.440681366302255, 48.845247206530573 ], [ 2.44075815339398, 48.845964349320248 ], [ 2.446646486889991, 48.845801966169354 ], [ 2.446497282929874, 48.844967576602379 ], [ 2.44785282741999, 48.844863220162665 ], [ 2.457843527623447, 48.843549991921073 ], [ 2.459873497765622, 48.843181446205428 ], [ 2.461793922353881, 48.842730532143577 ], [ 2.463741475493356, 48.84202339313839 ], [ 2.465258517101661, 48.841173999342757 ], [ 2.466164109594403, 48.840422586485239 ], [ 2.467319402317011, 48.839099389262024 ], [ 2.467913269660948, 48.838448200725288 ], [ 2.469472533957363, 48.837047633652084 ], [ 2.469803238423912, 48.836547258662662 ], [ 2.469834017515896, 48.835798230158602 ], [ 2.469496032469829, 48.834471077153125 ], [ 2.468618156780551, 48.833587606722695 ], [ 2.466938823254061, 48.832749125213198 ], [ 2.466273218864984, 48.832295577079314 ], [ 2.465627464284061, 48.831634361177308 ], [ 2.465272790705598, 48.83101761246408 ], [ 2.464702177139617, 48.829276591461515 ], [ 2.464646704073335, 48.827780700501833 ], [ 2.464661941154306, 48.827623379858743 ], [ 2.465094593138125, 48.827540775466929 ], [ 2.465232235297584, 48.827667302107429 ], [ 2.466178324692475, 48.827327971465536 ], [ 2.465730572119004, 48.826226047976633 ], [ 2.465712037823177, 48.826173801945991 ], [ 2.465319736172734, 48.824979488631143 ], [ 2.465189202930903, 48.824957320128789 ], [ 2.465299394785839, 48.824705090716229 ], [ 2.465044244672473, 48.824084285408368 ], [ 2.462867047647515, 48.820177558123099 ], [ 2.462696960503023, 48.819369158490005 ], [ 2.462529348017551, 48.819246090647823 ], [ 2.462696062752353, 48.819059770555434 ], [ 2.461205214252255, 48.818355149145169 ], [ 2.459115403967742, 48.817365397289031 ], [ 2.45941357657735, 48.816847807093723 ], [ 2.459119228635603, 48.81699667137066 ], [ 2.458717081488417, 48.817034423974484 ], [ 2.454202941109536, 48.817116431884031 ], [ 2.453283089776461, 48.817171588150423 ], [ 2.450806758669985, 48.817728644094899 ], [ 2.449670555127019, 48.817893401677154 ], [ 2.447786272701002, 48.817965657916417 ], [ 2.44418090156304, 48.817875204035808 ], [ 2.442325672531203, 48.817904339334753 ], [ 2.439853739221728, 48.818291207553543 ], [ 2.437328614686424, 48.818176822850575 ], [ 2.437442471570391, 48.819110909067035 ], [ 2.436924916588069, 48.819364794525875 ], [ 2.436027653556641, 48.819592604323098 ], [ 2.434901851098009, 48.819669132147347 ], [ 2.434144075250625, 48.819215861597101 ], [ 2.434287751289356, 48.820158185680555 ], [ 2.43248024229773, 48.82142583086496 ], [ 2.432890021773651, 48.821693089814808 ], [ 2.432634430984658, 48.8219005317194 ], [ 2.432194835497048, 48.821619639785595 ], [ 2.43037098941349, 48.822877281261967 ], [ 2.430628080921096, 48.823157310756812 ], [ 2.429226897097741, 48.8236219015022 ], [ 2.42698299602774, 48.824047365182864 ], [ 2.425131776070185, 48.824185977106509 ], [ 2.422878161027141, 48.824130153710485 ], [ 2.421718495045437, 48.824056199253725 ], [ 2.419962519541093, 48.824080072237699 ], [ 2.418914650479385, 48.82424136871397 ], [ 2.41787247039753, 48.82450251391699 ], [ 2.415976094429698, 48.824777468846776 ], [ 2.413110929286841, 48.824717573915301 ], [ 2.411931955241783, 48.824785530531969 ], [ 2.410907282795905, 48.824939676030404 ], [ 2.409955145964196, 48.825183208437146 ], [ 2.409175132460023, 48.825502231564357 ], [ 2.407706677790518, 48.826350269357583 ], [ 2.40514539528833, 48.828301780734961 ], [ 2.403814047852145, 48.829059614967122 ], [ 2.402237349716065, 48.829589567197672 ], [ 2.401508451268692, 48.829361979067485 ], [ 2.401026650227233, 48.829206674351227 ], [ 2.399336932813713, 48.828665773239649 ], [ 2.39570666297783, 48.827727429555608 ], [ 2.394339872457587, 48.827538842574192 ], [ 2.390951448461554, 48.826084438411065 ], [ 2.390072014511326, 48.825692326811193 ], [ 2.388512315585047, 48.826743822412411 ], [ 2.384304749063455, 48.830310724116679 ], [ 2.378358228919763, 48.835023230874732 ], [ 2.374862841776404, 48.838053861778739 ], [ 2.373550475260092, 48.839328589197073 ] ] ] } },
{ "type": "Feature", "properties": { "insee_com": "75113", "nom_arrondissement": "Paris 13e Arrondissement", "avg_circumference_cm": 75.608585038432395, "tree_count": 18474.0, "pct_young_trees": 0.27449388329544222 }, "geometry": { "type": "Polygon", "coordinates": [ [ [ 2.351253779116588, 48.817962037023527 ], [ 2.348600538375941, 48.816780212662721 ], [ 2.346919974440822, 48.816018260690555 ], [ 2.346371448422839, 48.815993678067848 ], [ 2.345190828033564, 48.816092446054775 ], [ 2.344355599882103, 48.816015918149219 ], [ 2.344448463099662, 48.815562238059101 ], [ 2.34434443743991, 48.815603938742605 ], [ 2.343902504744145, 48.815767001288293 ], [ 2.34412923088539, 48.817772072680455 ], [ 2.344586816272369, 48.819398866537306 ], [ 2.344591545649815, 48.819564378702395 ], [ 2.343809839510958, 48.820425296341483 ], [ 2.342505769343296, 48.821448823274039 ], [ 2.342046610267817, 48.822109140886461 ], [ 2.34173011598054, 48.82268839831459 ], [ 2.341488633272006, 48.823582850353148 ], [ 2.341542263379834, 48.824621028276304 ], [ 2.341785214650722, 48.826415723872294 ], [ 2.341795702304383, 48.826448159147766 ], [ 2.341592211729773, 48.826490209057582 ], [ 2.341600018072802, 48.828352859063841 ], [ 2.34128286098483, 48.830274873993091 ], [ 2.341249912243379, 48.831588676315441 ], [ 2.34115748484886, 48.831787827851677 ], [ 2.341072060968536, 48.831971728544545 ], [ 2.341263603808228, 48.833092501313367 ], [ 2.341671904722567, 48.83538904274122 ], [ 2.342085567254399, 48.838343044720887 ], [ 2.345521063609997, 48.837632504590125 ], [ 2.347007359776022, 48.83731595609234 ], [ 2.349069026043048, 48.83707267227053 ], [ 2.351870772035156, 48.836804585623312 ], [ 2.353043375796223, 48.837168881655707 ], [ 2.357052208076732, 48.838446910980025 ], [ 2.361745287380767, 48.83994070614375 ], [ 2.361966407324183, 48.840242273187656 ], [ 2.364158198814394, 48.843184964533684 ], [ 2.364901763858922, 48.844112557522166 ], [ 2.365127018289573, 48.844413239994502 ], [ 2.36608772597324, 48.844967843131407 ], [ 2.372451617071186, 48.840179022947581 ], [ 2.373550475260092, 48.839328589197073 ], [ 2.374862841776404, 48.838053861778739 ], [ 2.378358228919763, 48.835023230874732 ], [ 2.384304749063455, 48.830310724116679 ], [ 2.388512315585047, 48.826743822412411 ], [ 2.390072014511326, 48.825692326811193 ], [ 2.38944542518818, 48.825344669615745 ], [ 2.388799862307387, 48.82510573617926 ], [ 2.38694133817552, 48.824463063876095 ], [ 2.385225588159262, 48.823729359960943 ], [ 2.38330363397122, 48.82304493247868 ], [ 2.381524148119775, 48.82241067605338 ], [ 2.380767116748346, 48.821700747788867 ], [ 2.379083321889079, 48.82115778649213 ], [ 2.375760973479089, 48.820055838816664 ], [ 2.366927252430261, 48.817248298218779 ], [ 2.36420428117288, 48.816398323987137 ], [ 2.363328923996345, 48.816148134579045 ], [ 2.360678292349533, 48.816071933407947 ], [ 2.360525816939211, 48.81606752047994 ], [ 2.358423747028375, 48.816013988362876 ], [ 2.356232015039089, 48.815942848245641 ], [ 2.355852301315164, 48.815922815484456 ], [ 2.353377706979411, 48.817796363670411 ], [ 2.352391840207208, 48.818551005922679 ], [ 2.351253779116588, 48.817962037023527 ] ] ] } },
{ "type": "Feature", "properties": { "insee_com": "75114", "nom_arrondissement": "Paris 14e Arrondissement", "avg_circumference_cm": 94.23468180742843, "tree_count": 12681.0, "pct_young_trees": 0.42709565491680468 }, "geometry": { "type": "Polygon", "coordinates": [ [ [ 2.306959037060226, 48.823867988422421 ], [ 2.306863399755384, 48.823889918666666 ], [ 2.304066717016068, 48.824526626859949 ], [ 2.302099583430173, 48.824953161630852 ], [ 2.301315418488453, 48.825125760833103 ], [ 2.304587550274392, 48.827858263166299 ], [ 2.306931640548025, 48.829822621434054 ], [ 2.307135337599138, 48.83017815621568 ], [ 2.310667722025074, 48.833056782877222 ], [ 2.312769261334383, 48.834749805088038 ], [ 2.312900037568412, 48.834853984252263 ], [ 2.314830537930849, 48.836303153885005 ], [ 2.317385766077479, 48.838433081829365 ], [ 2.319877474643327, 48.840539205265671 ], [ 2.321394340274794, 48.839777062013354 ], [ 2.321832824389552, 48.840109616592152 ], [ 2.321471529354066, 48.840964664601124 ], [ 2.321548817535348, 48.841098209236208 ], [ 2.324244459914423, 48.843262051370068 ], [ 2.324641767064501, 48.843621342671561 ], [ 2.329574854219896, 48.841994259476934 ], [ 2.3298321288791, 48.841907563266858 ], [ 2.334862059021432, 48.840246627966621 ], [ 2.336656991547952, 48.839671107573722 ], [ 2.337552480490955, 48.839430543036421 ], [ 2.339694669367677, 48.838864094489885 ], [ 2.342085567254399, 48.838343044720887 ], [ 2.341671904722567, 48.83538904274122 ], [ 2.341263603808228, 48.833092501313367 ], [ 2.341072060968536, 48.831971728544545 ], [ 2.34115748484886, 48.831787827851677 ], [ 2.341249912243379, 48.831588676315441 ], [ 2.34128286098483, 48.830274873993091 ], [ 2.341600018072802, 48.828352859063841 ], [ 2.341592211729773, 48.826490209057582 ], [ 2.341795702304383, 48.826448159147766 ], [ 2.341785214650722, 48.826415723872294 ], [ 2.341542263379834, 48.824621028276304 ], [ 2.341488633272006, 48.823582850353148 ], [ 2.34173011598054, 48.82268839831459 ], [ 2.342046610267817, 48.822109140886461 ], [ 2.342505769343296, 48.821448823274039 ], [ 2.343809839510958, 48.820425296341483 ], [ 2.344591545649815, 48.819564378702395 ], [ 2.344586816272369, 48.819398866537306 ], [ 2.34412923088539, 48.817772072680455 ], [ 2.343902504744145, 48.815767001288293 ], [ 2.343013285918382, 48.816084997576468 ], [ 2.341683722695742, 48.816330411539418 ], [ 2.337275148209404, 48.816557884730955 ], [ 2.333711090278114, 48.816771017559716 ], [ 2.331898060637624, 48.817010929633305 ], [ 2.332461042459754, 48.818247130074461 ], [ 2.329296396286016, 48.818950726349179 ], [ 2.325503436242079, 48.819787402588354 ], [ 2.323964127671358, 48.820124072850206 ], [ 2.321039743668691, 48.820767650790003 ], [ 2.314615601049386, 48.822187102534109 ], [ 2.314145699672971, 48.822290535433098 ], [ 2.308348319891004, 48.82356304703147 ], [ 2.306959037060226, 48.823867988422421 ] ] ] } },
{ "type": "Feature", "properties": { "insee_com": "75115", "nom_arrondissement": "Paris 15e Arrondissement", "avg_circumference_cm": 74.692548934789656, "tree_count": 18494.0, "pct_young_trees": 0.11290148156158754 }, "geometry": { "type": "Polygon", "coordinates": [ [ [ 2.279051930653324, 48.832489952136996 ], [ 2.275304441773053, 48.829435496035586 ], [ 2.272852607332394, 48.827957320168785 ], [ 2.271099017149216, 48.827891782776483 ], [ 2.267826452957425, 48.827835816764463 ], [ 2.267625707632297, 48.82796859560446 ], [ 2.267338606820311, 48.831531984395028 ], [ 2.269930760703455, 48.833011125108719 ], [ 2.268101694609093, 48.834428158702593 ], [ 2.267788866344093, 48.834585433848602 ], [ 2.267475422198173, 48.834592508385349 ], [ 2.264992745234484, 48.834237312991249 ], [ 2.262791524526515, 48.833923373515397 ], [ 2.266032384682759, 48.836838399151155 ], [ 2.275463566410293, 48.84670443553734 ], [ 2.278021048066483, 48.84888826705852 ], [ 2.28007305872698, 48.850289250176992 ], [ 2.288074160462674, 48.85595722857159 ], [ 2.288513487011697, 48.857021083425956 ], [ 2.289695682973307, 48.858182880385861 ], [ 2.291053303527222, 48.857475043708867 ], [ 2.295381342134141, 48.854707203739281 ], [ 2.299300737605958, 48.852194027582499 ], [ 2.300911619863719, 48.851176381130784 ], [ 2.301227956943836, 48.851062211514311 ], [ 2.303659545504421, 48.849505204207276 ], [ 2.306041515788186, 48.847979336049193 ], [ 2.307354149221545, 48.847133447277052 ], [ 2.308218200598362, 48.847433437612359 ], [ 2.31032513277025, 48.847933056237842 ], [ 2.310494899377192, 48.847976304768672 ], [ 2.311235573297421, 48.847509305242461 ], [ 2.311972122446195, 48.847044076016104 ], [ 2.313715867497841, 48.84594337804154 ], [ 2.316712552321028, 48.846863491073179 ], [ 2.316982623504709, 48.846635695781558 ], [ 2.319142060375021, 48.84551930427191 ], [ 2.320120502008693, 48.845096771748331 ], [ 2.323192682554711, 48.84409071568286 ], [ 2.324298358087334, 48.843729125948421 ], [ 2.324641767064501, 48.843621342671561 ], [ 2.324244459914423, 48.843262051370068 ], [ 2.321548817535348, 48.841098209236208 ], [ 2.321471529354066, 48.840964664601124 ], [ 2.321832824389552, 48.840109616592152 ], [ 2.321394340274794, 48.839777062013354 ], [ 2.319877474643327, 48.840539205265671 ], [ 2.317385766077479, 48.838433081829365 ], [ 2.314830537930849, 48.836303153885005 ], [ 2.312900037568412, 48.834853984252263 ], [ 2.312769261334383, 48.834749805088038 ], [ 2.310667722025074, 48.833056782877222 ], [ 2.307135337599138, 48.83017815621568 ], [ 2.306931640548025, 48.829822621434054 ], [ 2.304587550274392, 48.827858263166299 ], [ 2.301315418488453, 48.825125760833103 ], [ 2.296970964406, 48.826084222652732 ], [ 2.292292946367538, 48.827118799412766 ], [ 2.292191836480192, 48.827141584926821 ], [ 2.289407656009721, 48.82833384157577 ], [ 2.28468371260374, 48.830306799902004 ], [ 2.282670920956136, 48.831152751898394 ], [ 2.280391323890181, 48.831979077224943 ], [ 2.279110853401828, 48.832465124719363 ], [ 2.279051930653324, 48.832489952136996 ] ] ] } },
{ "type": "Feature", "properties": { "insee_com": "75116", "nom_arrondissement": "Paris 16e Arrondissement", "avg_circumference_cm": 91.450299202127653, "tree_count": 18048.0, "pct_young_trees": 0.22107712765957446 }, "geometry": { "type": "Polygon", "coordinates": [ [ [ 2.255072103122054, 48.834899937346108 ], [ 2.253546694861461, 48.836675692426276 ], [ 2.252304927925927, 48.838142015087712 ], [ 2.251930255061035, 48.838616341774838 ], [ 2.251709308946856, 48.838821816226002 ], [ 2.251308552889278, 48.842059754455789 ], [ 2.251216230486769, 48.842890197033249 ], [ 2.252477551164904, 48.845485576360986 ], [ 2.250515688787809, 48.845555144475561 ], [ 2.245514981559115, 48.846855679081571 ], [ 2.242362313011173, 48.847657779511643 ], [ 2.241956924168444, 48.847984380843975 ], [ 2.240499842470815, 48.84931609894749 ], [ 2.239770051491471, 48.849832198209576 ], [ 2.239179626559883, 48.850042494744159 ], [ 2.237778292862653, 48.850349253647721 ], [ 2.226594150345919, 48.852811899933727 ], [ 2.224219105880447, 48.853516917548411 ], [ 2.224407449942075, 48.856154179452894 ], [ 2.225670292256979, 48.859404562387908 ], [ 2.227181294011469, 48.862384917761567 ], [ 2.228248359287424, 48.865161826511972 ], [ 2.229615132438551, 48.866854226755528 ], [ 2.230658982743392, 48.868079566918482 ], [ 2.23173635974686, 48.869068581601802 ], [ 2.233702274504686, 48.869897796483308 ], [ 2.23557581105711, 48.870523134645708 ], [ 2.23922505676246, 48.871573443549828 ], [ 2.240945304504728, 48.872341617504404 ], [ 2.241856061513682, 48.872901388688213 ], [ 2.243010273208006, 48.873784659113376 ], [ 2.245703788405577, 48.876459232468001 ], [ 2.246397777702424, 48.876177611377628 ], [ 2.254817140668557, 48.87408088136047 ], [ 2.255410336689475, 48.874263542667862 ], [ 2.256057163140736, 48.875559924476931 ], [ 2.258467171114177, 48.880387263077431 ], [ 2.261542031184246, 48.880001565755244 ], [ 2.270750115672039, 48.878834007579485 ], [ 2.277487029813821, 48.877968320844197 ], [ 2.279469949480847, 48.878531568000348 ], [ 2.279949332567544, 48.878573123973439 ], [ 2.281133964683096, 48.878197124348347 ], [ 2.283618245332463, 48.87740620719218 ], [ 2.285462926939731, 48.8768182708694 ], [ 2.287203460504203, 48.876265659622128 ], [ 2.288939867143469, 48.875712998497747 ], [ 2.294248654029473, 48.874035665187087 ], [ 2.295032069299386, 48.873773176737288 ], [ 2.295542880656993, 48.873303129599883 ], [ 2.29620959727898, 48.872494045026592 ], [ 2.297501223263732, 48.870938572106695 ], [ 2.298906435388405, 48.868534765967759 ], [ 2.29983829121079, 48.865537298492541 ], [ 2.299841599006072, 48.86498691611407 ], [ 2.300297979606477, 48.865007572139895 ], [ 2.300991315923401, 48.864740919449012 ], [ 2.301395548741394, 48.864584094856504 ], [ 2.301635346720621, 48.8644910626629 ], [ 2.301662484441652, 48.864195334932994 ], [ 2.301737287583633, 48.863496076942155 ], [ 2.299222465550164, 48.863283520573155 ], [ 2.296870514172012, 48.86261949441181 ], [ 2.294864562062728, 48.861875619377464 ], [ 2.293689941916093, 48.861246340410425 ], [ 2.291838557830339, 48.859968209629415 ], [ 2.289695682973307, 48.858182880385861 ], [ 2.288513487011697, 48.857021083425956 ], [ 2.288074160462674, 48.85595722857159 ], [ 2.28007305872698, 48.850289250176992 ], [ 2.278021048066483, 48.84888826705852 ], [ 2.275463566410293, 48.84670443553734 ], [ 2.266032384682759, 48.836838399151155 ], [ 2.262791524526515, 48.833923373515397 ], [ 2.261492487377966, 48.834070052794871 ], [ 2.255144238417505, 48.834809549360955 ], [ 2.255072103122054, 48.834899937346108 ] ] ] } },
{ "type": "Feature", "properties": { "insee_com": "75117", "nom_arrondissement": "Paris 17e Arrondissement", "avg_circumference_cm": 79.618197546398235, "tree_count": 12716.0, "pct_young_trees": 0.34263919471531928 }, "geometry": { "type": "Polygon", "coordinates": [ [ [ 2.283618245332463, 48.87740620719218 ], [ 2.281133964683096, 48.878197124348347 ], [ 2.279949332567544, 48.878573123973439 ], [ 2.279959643017463, 48.878616354327534 ], [ 2.280668770180328, 48.881768303996623 ], [ 2.280897352279332, 48.882792223694899 ], [ 2.281108010153241, 48.883040806398611 ], [ 2.284538198303594, 48.885574096660555 ], [ 2.284459571754662, 48.885639278193224 ], [ 2.285641616380019, 48.886554663551692 ], [ 2.287114077093995, 48.8872784091866 ], [ 2.288688176989797, 48.888052203086119 ], [ 2.290529215249999, 48.888956161736253 ], [ 2.291147763745907, 48.889301570766669 ], [ 2.291779590675396, 48.889473484248533 ], [ 2.292747623772231, 48.889593420822898 ], [ 2.295013183223064, 48.889874781252956 ], [ 2.295579536585645, 48.890149711861902 ], [ 2.297326658916109, 48.891053909942926 ], [ 2.299608319530779, 48.89217255104883 ], [ 2.300588268146194, 48.892628841516768 ], [ 2.303774362351612, 48.894153778940826 ], [ 2.307687317214231, 48.896010186356641 ], [ 2.308675362659435, 48.896381019352134 ], [ 2.309534485272158, 48.896703436658377 ], [ 2.312451445254302, 48.897782317970297 ], [ 2.315106047800934, 48.898594326908459 ], [ 2.318520205834404, 48.899638128133319 ], [ 2.319887174744135, 48.900459782082038 ], [ 2.320434138736961, 48.900775849598595 ], [ 2.323269608756061, 48.900812588864397 ], [ 2.325836365736297, 48.900953868187216 ], [ 2.329737986512133, 48.901036020687222 ], [ 2.330147116964155, 48.901043705510389 ], [ 2.329466545990975, 48.899022727204219 ], [ 2.329014397884978, 48.897697296169348 ], [ 2.328992045900743, 48.897632419904227 ], [ 2.328293236097557, 48.895551970704219 ], [ 2.327449877193466, 48.893051616606407 ], [ 2.327445936834116, 48.89303990326642 ], [ 2.326876013741736, 48.891337876898177 ], [ 2.326633338808739, 48.890592770230157 ], [ 2.326283724581081, 48.889575464235627 ], [ 2.325595877207139, 48.887507635073717 ], [ 2.32638169139828, 48.885797937163254 ], [ 2.327423135703934, 48.883507800603795 ], [ 2.327164725373034, 48.883455086768883 ], [ 2.326846459419326, 48.883391243869397 ], [ 2.324273217775089, 48.882870424239783 ], [ 2.320493681357567, 48.882106183689643 ], [ 2.32044880312552, 48.882096935633143 ], [ 2.316479725210513, 48.881341383863152 ], [ 2.312550891398833, 48.880851234363746 ], [ 2.308778523051354, 48.88039243620689 ], [ 2.303141823521401, 48.87915015041041 ], [ 2.300837245802401, 48.878658265575801 ], [ 2.298154863077949, 48.878076885658906 ], [ 2.29790844777493, 48.877745383278764 ], [ 2.295032069299386, 48.873773176737288 ], [ 2.294248654029473, 48.874035665187087 ], [ 2.288939867143469, 48.875712998497747 ], [ 2.287203460504203, 48.876265659622128 ], [ 2.285462926939731, 48.8768182708694 ], [ 2.283618245332463, 48.87740620719218 ] ] ] } },
{ "type": "Feature", "properties": { "insee_com": "75118", "nom_arrondissement": "Paris 18e Arrondissement", "avg_circumference_cm": 82.038561525129978, "tree_count": 11540.0, "pct_young_trees": 0.29428076256499136 }, "geometry": { "type": "Polygon", "coordinates": [ [ [ 2.336109461079046, 48.882763071905075 ], [ 2.33274232791497, 48.883748906402325 ], [ 2.332303072703811, 48.883867867230059 ], [ 2.329637790197905, 48.884558948482976 ], [ 2.329540571639998, 48.8845898806861 ], [ 2.328121477639861, 48.883706876515788 ], [ 2.327423135703934, 48.883507800603795 ], [ 2.32638169139828, 48.885797937163254 ], [ 2.325595877207139, 48.887507635073717 ], [ 2.326283724581081, 48.889575464235627 ], [ 2.326633338808739, 48.890592770230157 ], [ 2.326876013741736, 48.891337876898177 ], [ 2.327445936834116, 48.89303990326642 ], [ 2.327449877193466, 48.893051616606407 ], [ 2.328293236097557, 48.895551970704219 ], [ 2.328992045900743, 48.897632419904227 ], [ 2.329014397884978, 48.897697296169348 ], [ 2.329466545990975, 48.899022727204219 ], [ 2.330147116964155, 48.901043705510389 ], [ 2.334742913679454, 48.901138568485052 ], [ 2.335171130235882, 48.901147241466028 ], [ 2.343755951427352, 48.901320491669509 ], [ 2.344128257927195, 48.901327926935991 ], [ 2.347714950134087, 48.901399674653774 ], [ 2.351983536160429, 48.901484898703877 ], [ 2.358702843883925, 48.901618190998576 ], [ 2.365619903608481, 48.901757549597015 ], [ 2.370301804653316, 48.901847906168115 ], [ 2.370170291188827, 48.901555837348496 ], [ 2.370334571644304, 48.900943369630028 ], [ 2.370252815133699, 48.900259461451398 ], [ 2.370316492053774, 48.898716572572646 ], [ 2.370420494086906, 48.896658585087174 ], [ 2.371175976445192, 48.895994361791182 ], [ 2.371344110693875, 48.895738039748267 ], [ 2.371791555807094, 48.895393251170972 ], [ 2.370457176828816, 48.89452739500733 ], [ 2.370035221900147, 48.894005369771655 ], [ 2.369541154621306, 48.892906499171048 ], [ 2.368127524696543, 48.889701061344496 ], [ 2.367560990457849, 48.888624278490404 ], [ 2.367059831028409, 48.887331999449096 ], [ 2.366703703181201, 48.886562992054131 ], [ 2.364713572113417, 48.884366186566311 ], [ 2.361500301513613, 48.884406650646788 ], [ 2.359340232450158, 48.884409501009962 ], [ 2.355830240363881, 48.884183822342983 ], [ 2.351242871583771, 48.883858677314016 ], [ 2.349464985893749, 48.883724922984428 ], [ 2.346909326916857, 48.883414230766142 ], [ 2.34195931462228, 48.882444628188217 ], [ 2.33980196854301, 48.882023555463356 ], [ 2.339550582183016, 48.882061739551503 ], [ 2.337800457656781, 48.882325469070736 ], [ 2.337773141701888, 48.882328915307575 ], [ 2.336109461079046, 48.882763071905075 ] ] ] } },
{ "type": "Feature", "properties": { "insee_com": "75119", "nom_arrondissement": "Paris 19e Arrondissement", "avg_circumference_cm": 93.352185756907517, "tree_count": 15418.0, "pct_young_trees": 0.16117524970813335 }, "geometry": { "type": "Polygon", "coordinates": [ [ [ 2.370575635491561, 48.877734014624131 ], [ 2.370290292159463, 48.877990622355782 ], [ 2.370287299693743, 48.878463655203717 ], [ 2.370220435118679, 48.881963497005643 ], [ 2.370168080363927, 48.882684483115689 ], [ 2.370083654434945, 48.882787461698427 ], [ 2.369301392563939, 48.883313047613335 ], [ 2.368718249261116, 48.883947597590129 ], [ 2.36827567111368, 48.884122430704736 ], [ 2.367546742687418, 48.884183333992574 ], [ 2.364713572113417, 48.884366186566311 ], [ 2.366703703181201, 48.886562992054131 ], [ 2.367059831028409, 48.887331999449096 ], [ 2.367560990457849, 48.888624278490404 ], [ 2.368127524696543, 48.889701061344496 ], [ 2.369541154621306, 48.892906499171048 ], [ 2.370035221900147, 48.894005369771655 ], [ 2.370457176828816, 48.89452739500733 ], [ 2.371791555807094, 48.895393251170972 ], [ 2.371344110693875, 48.895738039748267 ], [ 2.371175976445192, 48.895994361791182 ], [ 2.370420494086906, 48.896658585087174 ], [ 2.370316492053774, 48.898716572572646 ], [ 2.370252815133699, 48.900259461451398 ], [ 2.370334571644304, 48.900943369630028 ], [ 2.370170291188827, 48.901555837348496 ], [ 2.370301804653316, 48.901847906168115 ], [ 2.379775917060788, 48.902047526815622 ], [ 2.380350078692644, 48.902058592479264 ], [ 2.384530045616337, 48.902147593344829 ], [ 2.384871915446142, 48.902076505426628 ], [ 2.38933240090448, 48.901161349307074 ], [ 2.390837239618765, 48.900907312951013 ], [ 2.395518094601829, 48.898264568457591 ], [ 2.39598519344668, 48.897507005219026 ], [ 2.397667826349162, 48.894606196130361 ], [ 2.398236114786815, 48.892640448582668 ], [ 2.398772315958186, 48.890260847011788 ], [ 2.398941654577955, 48.889532348753995 ], [ 2.399135941386647, 48.888532380103804 ], [ 2.399251617609397, 48.885361950376819 ], [ 2.399893615779398, 48.884204142661083 ], [ 2.400106665255306, 48.883821198741252 ], [ 2.401507160545184, 48.882631206040813 ], [ 2.403654858139889, 48.881676946370305 ], [ 2.40457585141299, 48.881268739606831 ], [ 2.408440118802962, 48.880436233703598 ], [ 2.409359835767223, 48.880255513376156 ], [ 2.410820319151064, 48.878436175801731 ], [ 2.40793407929123, 48.877572070594084 ], [ 2.406582644292136, 48.877113915763175 ], [ 2.406011141106451, 48.877013054485438 ], [ 2.402562321487233, 48.875998534808261 ], [ 2.399208122171167, 48.875539276795593 ], [ 2.398965987022432, 48.875491296075147 ], [ 2.397921938826138, 48.875462666888751 ], [ 2.395367943655133, 48.8752546390823 ], [ 2.395223492956283, 48.875248513391803 ], [ 2.392192854440722, 48.875462493557478 ], [ 2.392068801131714, 48.875460964288344 ], [ 2.39045749316421, 48.875439280475419 ], [ 2.389645129763283, 48.875302939337189 ], [ 2.388496636417807, 48.874764672890088 ], [ 2.387452080744171, 48.874664902348734 ], [ 2.386813394433954, 48.874601377073432 ], [ 2.385691787589019, 48.874099194225472 ], [ 2.385385602057697, 48.873934843071225 ], [ 2.384835909396155, 48.873725172567923 ], [ 2.383085559974287, 48.873476042269921 ], [ 2.383028408513118, 48.873466754366937 ], [ 2.379834493735429, 48.872855789107071 ], [ 2.37884759199913, 48.872613247345747 ], [ 2.376904765014236, 48.872048259429583 ], [ 2.37509243793508, 48.87367740156003 ], [ 2.374534258323927, 48.874178113915761 ], [ 2.373300707155033, 48.875285038251583 ], [ 2.372341359986538, 48.876148768389179 ], [ 2.370575635491561, 48.877734014624131 ] ] ] } },
{ "type": "Feature", "properties": { "insee_com": "75120", "nom_arrondissement": "Paris 20e Arrondissement", "avg_circumference_cm": 92.442373389271808, "tree_count": 16685.0, "pct_young_trees": 0.20035960443512138 }, "geometry": { "type": "Polygon", "coordinates": [ [ [ 2.387377786989925, 48.862898482045523 ], [ 2.387201100440798, 48.863086439453454 ], [ 2.383913130241849, 48.865983426113921 ], [ 2.383583978668193, 48.866266822289155 ], [ 2.383069142721887, 48.867034904168769 ], [ 2.382366809467288, 48.867633839513957 ], [ 2.380575885891117, 48.868980787676229 ], [ 2.379195650384537, 48.870062735353955 ], [ 2.378290113390531, 48.870774807326946 ], [ 2.376904765014236, 48.872048259429583 ], [ 2.37884759199913, 48.872613247345747 ], [ 2.379834493735429, 48.872855789107071 ], [ 2.383028408513118, 48.873466754366937 ], [ 2.383085559974287, 48.873476042269921 ], [ 2.384835909396155, 48.873725172567923 ], [ 2.385385602057697, 48.873934843071225 ], [ 2.385691787589019, 48.874099194225472 ], [ 2.386813394433954, 48.874601377073432 ], [ 2.387452080744171, 48.874664902348734 ], [ 2.388496636417807, 48.874764672890088 ], [ 2.389645129763283, 48.875302939337189 ], [ 2.39045749316421, 48.875439280475419 ], [ 2.392068801131714, 48.875460964288344 ], [ 2.392192854440722, 48.875462493557478 ], [ 2.395223492956283, 48.875248513391803 ], [ 2.395367943655133, 48.8752546390823 ], [ 2.397921938826138, 48.875462666888751 ], [ 2.398965987022432, 48.875491296075147 ], [ 2.399208122171167, 48.875539276795593 ], [ 2.402562321487233, 48.875998534808261 ], [ 2.406011141106451, 48.877013054485438 ], [ 2.406582644292136, 48.877113915763175 ], [ 2.40793407929123, 48.877572070594084 ], [ 2.410820319151064, 48.878436175801731 ], [ 2.412208384325074, 48.876742368478865 ], [ 2.412453090020587, 48.876443193688495 ], [ 2.413431063629795, 48.87314025049789 ], [ 2.413649310091608, 48.872403867058033 ], [ 2.41393245838964, 48.869533680240004 ], [ 2.413977335687163, 48.865181109176135 ], [ 2.414117481122137, 48.863507225389988 ], [ 2.414370428780846, 48.860649457756914 ], [ 2.414701692063775, 48.858704000531041 ], [ 2.414777613619788, 48.858254699802664 ], [ 2.415286455935682, 48.855177828320024 ], [ 2.41543707679171, 48.85438623951103 ], [ 2.416341130298895, 48.849233783543355 ], [ 2.416349838517878, 48.848699611147431 ], [ 2.41598393039775, 48.846694967131526 ], [ 2.415971110769568, 48.846622956268604 ], [ 2.411068913600706, 48.847046803365934 ], [ 2.406296268896808, 48.847454904426925 ], [ 2.403457625643953, 48.847707892342555 ], [ 2.39912112864224, 48.848098095621303 ], [ 2.399247185197987, 48.84886587718335 ], [ 2.398755968948561, 48.850338348008691 ], [ 2.398394619444394, 48.851301535985101 ], [ 2.397079060811191, 48.852991089505693 ], [ 2.396012785487526, 48.854331138900839 ], [ 2.394345091773725, 48.856519817242365 ], [ 2.392167384833463, 48.857667134350933 ], [ 2.389819086218175, 48.858359371607058 ], [ 2.389546437996217, 48.858480292155605 ], [ 2.388879258024644, 48.859816912023255 ], [ 2.387377786989925, 48.862898482045523 ] ] ] } },
{ "type": "Feature", "properties": { "insee_com": "92002", "nom_arrondissement": "Antony", "avg_circumference_cm": null, "tree_count": null, "pct_young_trees": null }, "geometry": { "type": "Polygon", "coordinates": [ [ [ 2.279883437612638, 48.732748680933845 ], [ 2.279276552764312, 48.733372838565856 ], [ 2.278787661540186, 48.734116433964935 ], [ 2.277796535019259, 48.734893867080288 ], [ 2.277003550560376, 48.735991798166403 ], [ 2.275359785249413, 48.738425646140563 ], [ 2.275175578494225, 48.739058641692061 ], [ 2.275381748507634, 48.739586972051583 ], [ 2.275095518962484, 48.73992792536891 ], [ 2.274821276941025, 48.740090859403665 ], [ 2.27455309975207, 48.740698158440381 ], [ 2.275124889493218, 48.740849141532678 ], [ 2.275777247124209, 48.740682205119363 ], [ 2.276234291737954, 48.740772223553535 ], [ 2.276953514875232, 48.741668836254846 ], [ 2.277290142588004, 48.741714947567516 ], [ 2.277426680019938, 48.741872278269994 ], [ 2.278328536901804, 48.742349044711041 ], [ 2.27874697226209, 48.742380355702522 ], [ 2.278805023057288, 48.742608266981577 ], [ 2.279036750970561, 48.742668130746054 ], [ 2.279115591941557, 48.742769345089023 ], [ 2.279423143213877, 48.742755011655873 ], [ 2.279370750574691, 48.743003842693142 ], [ 2.279669536100237, 48.743033528685991 ], [ 2.279775807319009, 48.743216757846291 ], [ 2.279972682591859, 48.743141492238649 ], [ 2.280482087315491, 48.743578996779704 ], [ 2.280820793762204, 48.743672781233208 ], [ 2.28107821999953, 48.743644649849422 ], [ 2.281133205543868, 48.74379968595656 ], [ 2.281433183254127, 48.743841966927498 ], [ 2.281524503505259, 48.744025104371453 ], [ 2.281875922589449, 48.744282661683165 ], [ 2.282295500835025, 48.744429995637212 ], [ 2.282388296277589, 48.744605046148102 ], [ 2.282807988535461, 48.744645344745905 ], [ 2.283044306997749, 48.744867128536377 ], [ 2.283210129988359, 48.744874420312669 ], [ 2.283324300996116, 48.744879602927988 ], [ 2.284827637052453, 48.745636956686752 ], [ 2.284119984579589, 48.746164288238553 ], [ 2.285358224042771, 48.7475127784516 ], [ 2.283964862542807, 48.748649422991477 ], [ 2.283951019117711, 48.748766267643482 ], [ 2.283629160392957, 48.749027873992191 ], [ 2.282408569600558, 48.74985972521624 ], [ 2.281983430078377, 48.750509265425265 ], [ 2.282079227268979, 48.750763484162562 ], [ 2.281431744748529, 48.751062701514591 ], [ 2.28045561527688, 48.752310645087476 ], [ 2.279639381213194, 48.753008187261109 ], [ 2.278232067572383, 48.753560040832689 ], [ 2.277274838218322, 48.753826781715929 ], [ 2.277404208216453, 48.754012849308552 ], [ 2.276024782962357, 48.754511778490844 ], [ 2.275058062106569, 48.755166102503438 ], [ 2.275002455966337, 48.755252111115276 ], [ 2.276121999838043, 48.756624250777875 ], [ 2.277114034685763, 48.757875981063528 ], [ 2.277720153368707, 48.759001245925582 ], [ 2.27858645975215, 48.760004855758666 ], [ 2.280650770983614, 48.760162116421917 ], [ 2.28400045542097, 48.760634660763756 ], [ 2.285138529521584, 48.760679254425341 ], [ 2.286361806440646, 48.760661385991732 ], [ 2.288102828742778, 48.760486493059396 ], [ 2.288173621324958, 48.761081440720453 ], [ 2.290829788586088, 48.760938941909338 ], [ 2.291939321212576, 48.764492884198653 ], [ 2.290254897776367, 48.766600144563476 ], [ 2.306576919732311, 48.769233296183728 ], [ 2.306893437684423, 48.769374544065215 ], [ 2.307164879436447, 48.769631555459306 ], [ 2.307404338834442, 48.770248150539906 ], [ 2.307434379643458, 48.770752901674896 ], [ 2.308996964334035, 48.770920249409585 ], [ 2.309960741967445, 48.77088984363094 ], [ 2.310856631244987, 48.770848245369422 ], [ 2.311831638180712, 48.770688372300661 ], [ 2.31239901250605, 48.772137012230786 ], [ 2.319920413368245, 48.770730199761836 ], [ 2.317721821519392, 48.768522168984028 ], [ 2.317222313632664, 48.768325938501832 ], [ 2.316920040994539, 48.767822331094322 ], [ 2.316186006769132, 48.767041926789304 ], [ 2.315878036608499, 48.766766737757955 ], [ 2.31566812045885, 48.76679611578151 ], [ 2.315407008229337, 48.766060687440181 ], [ 2.315299778824474, 48.766041184844227 ], [ 2.315102913544004, 48.765698273897144 ], [ 2.315086286261129, 48.765513795966555 ], [ 2.315374309726633, 48.765441694170661 ], [ 2.315278595353844, 48.764855618149497 ], [ 2.314787154088925, 48.763840943049644 ], [ 2.314378867079093, 48.762090109294007 ], [ 2.313617145538904, 48.762286307076153 ], [ 2.313102585860492, 48.761585390909168 ], [ 2.313237534742933, 48.760944872774608 ], [ 2.313385255497475, 48.760160518515335 ], [ 2.312587554524035, 48.759371625026183 ], [ 2.312706610655972, 48.759318344293249 ], [ 2.309668218242737, 48.756382157180148 ], [ 2.309281520767942, 48.755998560665944 ], [ 2.308693502687006, 48.755409625559359 ], [ 2.311463710297235, 48.754329217448586 ], [ 2.31089311905597, 48.753759281009025 ], [ 2.31101725335911, 48.753629578923793 ], [ 2.311625152731628, 48.753020568018357 ], [ 2.310119445923488, 48.752191591269849 ], [ 2.312346291520355, 48.751351768232226 ], [ 2.314144562530241, 48.751344121806405 ], [ 2.316790928451641, 48.750139653638719 ], [ 2.317035825350216, 48.750030423596968 ], [ 2.317054344001884, 48.750174439785525 ], [ 2.317666851360478, 48.750141064452215 ], [ 2.318586020172452, 48.74974696241032 ], [ 2.319307055462621, 48.749630550121211 ], [ 2.320031867605258, 48.749014966046062 ], [ 2.32072071416347, 48.748758049301493 ], [ 2.31931663387029, 48.74712206571175 ], [ 2.320465784551204, 48.746817404698461 ], [ 2.318476118910919, 48.745036861294224 ], [ 2.317553007403577, 48.744490123569605 ], [ 2.317201801565234, 48.744722870307569 ], [ 2.316363764523346, 48.744119944673912 ], [ 2.316166672657745, 48.744319391945346 ], [ 2.31434409938316, 48.743296164693511 ], [ 2.317031556921274, 48.740893859230894 ], [ 2.315552405392175, 48.739926577823823 ], [ 2.315637431255233, 48.739872198986056 ], [ 2.315419039640109, 48.739622699361043 ], [ 2.314170643208258, 48.738899573477944 ], [ 2.314315165864727, 48.738767285329885 ], [ 2.313029417163519, 48.738198637433172 ], [ 2.3146026808789, 48.736857607308387 ], [ 2.318160164101557, 48.737882664331444 ], [ 2.318718087902937, 48.737018780993061 ], [ 2.317322677083986, 48.735580683791021 ], [ 2.316670049723929, 48.734536284963596 ], [ 2.316481951512632, 48.733843529756086 ], [ 2.315287621986526, 48.733672984568493 ], [ 2.31542250762709, 48.733340960893045 ], [ 2.314442400735643, 48.730421106182504 ], [ 2.314216715150672, 48.730316372408346 ], [ 2.312858312052329, 48.730222212216709 ], [ 2.307919372299836, 48.729353585011097 ], [ 2.303840060837942, 48.729489964961623 ], [ 2.302956889350414, 48.732299206807653 ], [ 2.301779826613733, 48.735013174162134 ], [ 2.30154725997169, 48.736236867209719 ], [ 2.301573383408379, 48.736317071236911 ], [ 2.302454557187072, 48.740795186490729 ], [ 2.300518697248713, 48.739628967879966 ], [ 2.299306722048095, 48.739044414010024 ], [ 2.297333131881807, 48.738165743897611 ], [ 2.29537378990461, 48.73754616615458 ], [ 2.294176208927715, 48.737011113329892 ], [ 2.292221380247346, 48.736365425320308 ], [ 2.289313978493972, 48.735476581594625 ], [ 2.289301778181348, 48.735473810598293 ], [ 2.288131020003517, 48.735173612653874 ], [ 2.285376710063603, 48.734633673103716 ], [ 2.282706864452708, 48.733987141834092 ], [ 2.281272585858337, 48.73357375949184 ], [ 2.280718758684975, 48.733307782413533 ], [ 2.279883437612638, 48.732748680933845 ] ] ] } },
{ "type": "Feature", "properties": { "insee_com": "92004", "nom_arrondissement": "Asnières-sur-Seine", "avg_circumference_cm": null, "tree_count": null, "pct_young_trees": null }, "geometry": { "type": "Polygon", "coordinates": [ [ [ 2.279475030737754, 48.904084263398303 ], [ 2.278958477849032, 48.904542505761398 ], [ 2.27884894636002, 48.904472598759597 ], [ 2.277979047414515, 48.90522638341767 ], [ 2.277148424244187, 48.905704307682591 ], [ 2.276163870015175, 48.906655236539436 ], [ 2.276132284256965, 48.90686638532484 ], [ 2.276129882129295, 48.906941014168204 ], [ 2.275741275683612, 48.906926074660326 ], [ 2.275106741203901, 48.907622804542008 ], [ 2.274295322523836, 48.908284285190753 ], [ 2.27038526225861, 48.906823423166287 ], [ 2.268798993652162, 48.90621480416128 ], [ 2.268153108796096, 48.905966244816874 ], [ 2.267733845622616, 48.905900730065731 ], [ 2.267039240507793, 48.906012493819567 ], [ 2.26661317462584, 48.906139387844746 ], [ 2.266394099081863, 48.906292729195307 ], [ 2.264943653866279, 48.910271411438124 ], [ 2.266095113266509, 48.910565353202685 ], [ 2.266700126145007, 48.910619419982879 ], [ 2.268141258037682, 48.910593159883291 ], [ 2.268993958587224, 48.910400517005066 ], [ 2.269203343214717, 48.910355030159856 ], [ 2.272154284394074, 48.910170650456635 ], [ 2.272249579134261, 48.911746828698035 ], [ 2.272329946811448, 48.912732065281631 ], [ 2.272751229398314, 48.913145609531256 ], [ 2.274290388177876, 48.914411282363808 ], [ 2.276246721643226, 48.915806257197154 ], [ 2.277865537606972, 48.916948256545851 ], [ 2.27861989719894, 48.917456414019057 ], [ 2.280649427620189, 48.919100860439592 ], [ 2.280398222406507, 48.919307091851671 ], [ 2.278101710277562, 48.921465101398255 ], [ 2.276576693309522, 48.922694246475913 ], [ 2.276212359525746, 48.922986118774581 ], [ 2.273319885309902, 48.926848204785998 ], [ 2.272867727406705, 48.927366157345034 ], [ 2.271811196744312, 48.927768923643029 ], [ 2.272392896948186, 48.928528768698378 ], [ 2.272489695258779, 48.929512290935783 ], [ 2.27281578377284, 48.932254431396558 ], [ 2.272740543274538, 48.932266564986953 ], [ 2.273039347010705, 48.933837649854247 ], [ 2.273746755457262, 48.933421068323099 ], [ 2.27438769555914, 48.933267573848141 ], [ 2.274628182564356, 48.933249245136217 ], [ 2.27566003640524, 48.933546857837769 ], [ 2.276254870592082, 48.933567538091417 ], [ 2.277631445475213, 48.9335173890235 ], [ 2.281031021167355, 48.933062104394722 ], [ 2.282864498243304, 48.932046094015647 ], [ 2.283344952679479, 48.931748603158553 ], [ 2.284073216515227, 48.930601856211993 ], [ 2.28437033578382, 48.930235818263867 ], [ 2.284503377080231, 48.926119621292266 ], [ 2.284974151282699, 48.925330147083621 ], [ 2.285621327003408, 48.924116352406116 ], [ 2.286279697417513, 48.922880137154166 ], [ 2.285948093670566, 48.922680314718932 ], [ 2.286807724501577, 48.921792425794784 ], [ 2.290122107097018, 48.919017068213293 ], [ 2.291897562466867, 48.917903441527372 ], [ 2.295247543757927, 48.919916954683472 ], [ 2.29560271868711, 48.917267889441327 ], [ 2.295835511253255, 48.915795292725619 ], [ 2.296277824738215, 48.9127519306262 ], [ 2.296383495981599, 48.912706686479751 ], [ 2.29893087914253, 48.913717157486865 ], [ 2.301733873370451, 48.915107671735875 ], [ 2.307501181611909, 48.917284195446378 ], [ 2.308367392475484, 48.917612049799139 ], [ 2.310111238287199, 48.91843777359653 ], [ 2.311530679187229, 48.918930663561667 ], [ 2.31494876079394, 48.920083378069663 ], [ 2.317763613985979, 48.920835967683587 ], [ 2.320378226193076, 48.919581911532461 ], [ 2.322015312685549, 48.918671199646631 ], [ 2.321269691524998, 48.917982607986119 ], [ 2.319818622413776, 48.915937453249121 ], [ 2.313767501815613, 48.914044977129564 ], [ 2.310955431024855, 48.913114239348573 ], [ 2.307509377810327, 48.912156388992805 ], [ 2.302267890089904, 48.911202382883133 ], [ 2.299254844381231, 48.910126305174046 ], [ 2.298383285873977, 48.909803746177019 ], [ 2.295070984016349, 48.908170031452329 ], [ 2.294027179053965, 48.907475008905287 ], [ 2.293187566628207, 48.906613908956594 ], [ 2.292306522323333, 48.905992675072 ], [ 2.288642733255473, 48.904255973402051 ], [ 2.287394727524697, 48.903641514683663 ], [ 2.284274409147287, 48.902285620685326 ], [ 2.281845412752679, 48.904620104351345 ], [ 2.280133188039887, 48.903644856220254 ], [ 2.279597062928017, 48.904138057288669 ], [ 2.279475030737754, 48.904084263398303 ] ] ] } },
{ "type": "Feature", "properties": { "insee_com": "92007", "nom_arrondissement": "Bagneux", "avg_circumference_cm": null, "tree_count": null, "pct_young_trees": null }, "geometry": { "type": "Polygon", "coordinates": [ [ [ 2.304102617875384, 48.785200687423256 ], [ 2.303591971581723, 48.785320931955177 ], [ 2.303407207989392, 48.785397204489406 ], [ 2.30311822904157, 48.78553133081865 ], [ 2.301911680830818, 48.7873078224031 ], [ 2.299920435929317, 48.790547541634382 ], [ 2.298835816036051, 48.792350792672984 ], [ 2.297496152965997, 48.793678545207015 ], [ 2.298298621007837, 48.794438761036574 ], [ 2.298231867590176, 48.794543599605781 ], [ 2.296174754596995, 48.795766386931867 ], [ 2.295818168325345, 48.795659056026622 ], [ 2.295295938482829, 48.795620001688548 ], [ 2.293467080876335, 48.795963569897616 ], [ 2.292224055376508, 48.795971505022059 ], [ 2.293011565724021, 48.797129203389453 ], [ 2.293606829615203, 48.797707442435936 ], [ 2.294403288250852, 48.798308451756768 ], [ 2.299622924208903, 48.802873932755503 ], [ 2.303022356511251, 48.803407359458596 ], [ 2.303537292124104, 48.805528442471719 ], [ 2.304117634395331, 48.806526554724506 ], [ 2.304724207605088, 48.807192938846605 ], [ 2.305943801490736, 48.808556313245148 ], [ 2.301738929403078, 48.809979851281135 ], [ 2.302689138640055, 48.811120431381063 ], [ 2.309941966419073, 48.810491568400799 ], [ 2.314443267377531, 48.810121733107884 ], [ 2.317538883747118, 48.809881319300217 ], [ 2.319077366036552, 48.810005214154522 ], [ 2.317860500313392, 48.80840455345561 ], [ 2.31833553487429, 48.806022969434103 ], [ 2.318392647903662, 48.806028691471369 ], [ 2.320411997239636, 48.806127429859814 ], [ 2.321027728277044, 48.805687527053422 ], [ 2.321739150073866, 48.805950591460572 ], [ 2.323994804403164, 48.805361673506134 ], [ 2.324275648650591, 48.805859727292543 ], [ 2.324442323609347, 48.805816599008978 ], [ 2.32434110498795, 48.8066929363331 ], [ 2.32453601007385, 48.806993535912525 ], [ 2.32478627716224, 48.807014736421365 ], [ 2.324759542623593, 48.807607285638298 ], [ 2.325004376961318, 48.808153700414323 ], [ 2.325248750258954, 48.808420400782268 ], [ 2.326357396525387, 48.808296241263626 ], [ 2.325982705362688, 48.806733682287422 ], [ 2.325601653601935, 48.805770080864725 ], [ 2.324025054137159, 48.801766957107716 ], [ 2.323942048304942, 48.801553330347559 ], [ 2.322757035728178, 48.798551622282545 ], [ 2.32181111980559, 48.796122371496701 ], [ 2.321062257462478, 48.794143929321898 ], [ 2.320715877503889, 48.793249751728773 ], [ 2.319784738085083, 48.790850236893412 ], [ 2.318696264868557, 48.787997409559431 ], [ 2.318006246341926, 48.788199438192883 ], [ 2.315357761825716, 48.789005453981581 ], [ 2.31413595402745, 48.789379797005758 ], [ 2.313199852050869, 48.789350136602138 ], [ 2.312446182766513, 48.789317921005214 ], [ 2.311447657449273, 48.787520547690981 ], [ 2.311256635073451, 48.787349458262732 ], [ 2.310841847705035, 48.785776694876816 ], [ 2.309697914061021, 48.784897661951454 ], [ 2.306182683690018, 48.784969941937412 ], [ 2.304102617875384, 48.785200687423256 ] ] ] } },
{ "type": "Feature", "properties": { "insee_com": "92009", "nom_arrondissement": "Bois-Colombes", "avg_circumference_cm": null, "tree_count": null, "pct_young_trees": null }, "geometry": { "type": "Polygon", "coordinates": [ [ [ 2.26324677546476, 48.90340188098908 ], [ 2.261371695823746, 48.906816743897991 ], [ 2.25993749752342, 48.906554283315373 ], [ 2.258215791996834, 48.90607688640435 ], [ 2.258024350695612, 48.90696962457627 ], [ 2.257043976584194, 48.910946626816454 ], [ 2.257671192531661, 48.910878569905798 ], [ 2.257870351096981, 48.912890673149256 ], [ 2.257752610981226, 48.912918721767674 ], [ 2.25793549686407, 48.913489120730681 ], [ 2.257411925025604, 48.913558720868494 ], [ 2.257476847981367, 48.913885574244688 ], [ 2.259290940055629, 48.913929179681254 ], [ 2.261551196899993, 48.913877483489905 ], [ 2.261789417683545, 48.916513936572272 ], [ 2.262067371875484, 48.91731243830889 ], [ 2.262348546756412, 48.917884332501359 ], [ 2.262557323918529, 48.918558301377317 ], [ 2.262391309189185, 48.918814481888418 ], [ 2.262880291618409, 48.919456000587836 ], [ 2.263107162212571, 48.920009571479326 ], [ 2.263184865733936, 48.920207897125124 ], [ 2.264613208114159, 48.919174374166857 ], [ 2.265213185714411, 48.920365141939769 ], [ 2.267158961531214, 48.919504730462471 ], [ 2.268312920746832, 48.921286116391727 ], [ 2.267945875531787, 48.921380100188699 ], [ 2.268820722624676, 48.922925952854648 ], [ 2.26864128223398, 48.922973420202446 ], [ 2.269787104051896, 48.924663006834088 ], [ 2.26774978438204, 48.92503547605817 ], [ 2.268343922803661, 48.925195584117262 ], [ 2.273319885309902, 48.926848204785998 ], [ 2.276212359525746, 48.922986118774581 ], [ 2.276576693309522, 48.922694246475913 ], [ 2.278101710277562, 48.921465101398255 ], [ 2.280398222406507, 48.919307091851671 ], [ 2.280649427620189, 48.919100860439592 ], [ 2.27861989719894, 48.917456414019057 ], [ 2.277865537606972, 48.916948256545851 ], [ 2.276246721643226, 48.915806257197154 ], [ 2.274290388177876, 48.914411282363808 ], [ 2.272751229398314, 48.913145609531256 ], [ 2.272329946811448, 48.912732065281631 ], [ 2.272249579134261, 48.911746828698035 ], [ 2.272154284394074, 48.910170650456635 ], [ 2.269203343214717, 48.910355030159856 ], [ 2.268993958587224, 48.910400517005066 ], [ 2.268141258037682, 48.910593159883291 ], [ 2.266700126145007, 48.910619419982879 ], [ 2.266095113266509, 48.910565353202685 ], [ 2.264943653866279, 48.910271411438124 ], [ 2.266394099081863, 48.906292729195307 ], [ 2.266984776039686, 48.904648791639438 ], [ 2.26324677546476, 48.90340188098908 ] ] ] } },
{ "type": "Feature", "properties": { "insee_com": "92012", "nom_arrondissement": "Boulogne-Billancourt", "avg_circumference_cm": null, "tree_count": null, "pct_young_trees": null }, "geometry": { "type": "Polygon", "coordinates": [ [ [ 2.226267102038434, 48.831699639942279 ], [ 2.225919308987407, 48.832736177729757 ], [ 2.224049690235516, 48.835149697715721 ], [ 2.223456059624983, 48.835856356453036 ], [ 2.223117256008488, 48.836558371609932 ], [ 2.222938033831907, 48.837979127296137 ], [ 2.222934975734856, 48.838915361080495 ], [ 2.223039904221158, 48.839645438574763 ], [ 2.223593532452722, 48.841261616950767 ], [ 2.225369607159151, 48.846533572298306 ], [ 2.225528911883337, 48.847642629791039 ], [ 2.22548319597127, 48.849709986797684 ], [ 2.224335209393279, 48.85295016966878 ], [ 2.224219105880447, 48.853516917548411 ], [ 2.226594150345919, 48.852811899933727 ], [ 2.237778292862653, 48.850349253647721 ], [ 2.239179626559883, 48.850042494744159 ], [ 2.239770051491471, 48.849832198209576 ], [ 2.240499842470815, 48.84931609894749 ], [ 2.241956924168444, 48.847984380843975 ], [ 2.242362313011173, 48.847657779511643 ], [ 2.245514981559115, 48.846855679081571 ], [ 2.250515688787809, 48.845555144475561 ], [ 2.252477551164904, 48.845485576360986 ], [ 2.251216230486769, 48.842890197033249 ], [ 2.251308552889278, 48.842059754455789 ], [ 2.251709308946856, 48.838821816226002 ], [ 2.251930255061035, 48.838616341774838 ], [ 2.252304927925927, 48.838142015087712 ], [ 2.253546694861461, 48.836675692426276 ], [ 2.255072103122054, 48.834899937346108 ], [ 2.255144238417505, 48.834809549360955 ], [ 2.261492487377966, 48.834070052794871 ], [ 2.262791524526515, 48.833923373515397 ], [ 2.260997082210913, 48.832017307506611 ], [ 2.259783593826944, 48.831131108534066 ], [ 2.258804352221015, 48.830539546664276 ], [ 2.256236408582465, 48.829017139024565 ], [ 2.251693954410014, 48.825751017639114 ], [ 2.250500485006695, 48.825104079810217 ], [ 2.248722197072993, 48.824492130514358 ], [ 2.244380486796944, 48.823222719690271 ], [ 2.242187512082042, 48.822756449507416 ], [ 2.239576305687688, 48.821831488837439 ], [ 2.237377728845307, 48.821475718715604 ], [ 2.236107248947369, 48.821548554439268 ], [ 2.234235245894847, 48.822051032613672 ], [ 2.233208040897491, 48.822436584539346 ], [ 2.232638353852012, 48.822737823560374 ], [ 2.230682286226585, 48.823947526650635 ], [ 2.229140547693534, 48.82513468566178 ], [ 2.228499265247991, 48.825760122409271 ], [ 2.227637373901618, 48.826840120624325 ], [ 2.226920730751913, 48.828411216709505 ], [ 2.226420854686464, 48.830518843130413 ], [ 2.226267102038434, 48.831699639942279 ] ] ] } },
{ "type": "Feature", "properties": { "insee_com": "92014", "nom_arrondissement": "Bourg-la-Reine", "avg_circumference_cm": null, "tree_count": null, "pct_young_trees": null }, "geometry": { "type": "Polygon", "coordinates": [ [ [ 2.314253496344108, 48.776812066211725 ], [ 2.312723577637828, 48.776629687010875 ], [ 2.312068753552152, 48.776545869905867 ], [ 2.310576614195722, 48.776904231459753 ], [ 2.306911209804059, 48.777463148630964 ], [ 2.307445335628537, 48.77823344994367 ], [ 2.306851637602414, 48.77836222142475 ], [ 2.309385888997159, 48.782866782211791 ], [ 2.309302159378249, 48.78292026308381 ], [ 2.310099698128928, 48.784259600492227 ], [ 2.310160435735341, 48.784195193421368 ], [ 2.31047110607535, 48.784889534480754 ], [ 2.309697914061021, 48.784897661951454 ], [ 2.310841847705035, 48.785776694876816 ], [ 2.311256635073451, 48.787349458262732 ], [ 2.311447657449273, 48.787520547690981 ], [ 2.312446182766513, 48.789317921005214 ], [ 2.313199852050869, 48.789350136602138 ], [ 2.31413595402745, 48.789379797005758 ], [ 2.315357761825716, 48.789005453981581 ], [ 2.318006246341926, 48.788199438192883 ], [ 2.318696264868557, 48.787997409559431 ], [ 2.322083238225995, 48.787020126633436 ], [ 2.325119460401384, 48.786316885991553 ], [ 2.324736288622472, 48.784478124548016 ], [ 2.32490562843942, 48.784434110842433 ], [ 2.324372931158676, 48.783318527371769 ], [ 2.324836843076726, 48.783228510163852 ], [ 2.324444038799042, 48.782241432854889 ], [ 2.325814779843311, 48.781908297517631 ], [ 2.324844095697518, 48.77993309921164 ], [ 2.325036368700886, 48.779903605460909 ], [ 2.324580300699613, 48.779074465364758 ], [ 2.326616564169431, 48.778731589645652 ], [ 2.325724801074371, 48.777075231375626 ], [ 2.325028499314539, 48.777250283547666 ], [ 2.324242563012695, 48.776359914394064 ], [ 2.323740234620707, 48.776583725302672 ], [ 2.32171851103605, 48.773614074601369 ], [ 2.32130666845337, 48.772845429138883 ], [ 2.320558853276971, 48.77144077881406 ], [ 2.319920413368245, 48.770730199761836 ], [ 2.31239901250605, 48.772137012230786 ], [ 2.313879008317055, 48.775796270918832 ], [ 2.314253496344108, 48.776812066211725 ] ] ] } },
{ "type": "Feature", "properties": { "insee_com": "92019", "nom_arrondissement": "Châtenay-Malabry", "avg_circumference_cm": null, "tree_count": null, "pct_young_trees": null }, "geometry": { "type": "Polygon", "coordinates": [ [ [ 2.26200189885993, 48.759788397169345 ], [ 2.259392949259162, 48.761011671218064 ], [ 2.258374457548213, 48.76116904858398 ], [ 2.25501234202061, 48.76139007238168 ], [ 2.254456762045329, 48.76114015982121 ], [ 2.253147405410527, 48.76108700724852 ], [ 2.251450532323601, 48.760734597749455 ], [ 2.250277546830712, 48.761322667808905 ], [ 2.250182925399877, 48.761469581509417 ], [ 2.2493312973906, 48.761846492616165 ], [ 2.247008759135448, 48.760823602705869 ], [ 2.24523989366536, 48.762631099971955 ], [ 2.240702459604669, 48.763766211284988 ], [ 2.238586808776485, 48.766473535597356 ], [ 2.232974391836455, 48.766192980339952 ], [ 2.23285361678427, 48.765986233978055 ], [ 2.232602565822912, 48.766034090252091 ], [ 2.232818109677495, 48.766272925834528 ], [ 2.232691591772896, 48.767845224523946 ], [ 2.233124661200065, 48.769115307605368 ], [ 2.232817434997496, 48.769929120366882 ], [ 2.231793152289859, 48.771017146497854 ], [ 2.230760365374334, 48.771202079245988 ], [ 2.23055667768695, 48.771358167961772 ], [ 2.230406569299293, 48.771940931963506 ], [ 2.230740828929338, 48.773266147353695 ], [ 2.230620815653435, 48.773745670050545 ], [ 2.230213060210441, 48.774082128232649 ], [ 2.228843879378716, 48.774465449007124 ], [ 2.228757428265271, 48.775527116508734 ], [ 2.228911333942625, 48.775978723580309 ], [ 2.229321411483678, 48.776315956885377 ], [ 2.230385272022081, 48.776799511615636 ], [ 2.237455504466116, 48.776297097547051 ], [ 2.237165807560502, 48.775820350558092 ], [ 2.237235314900264, 48.775533876999759 ], [ 2.236486920733896, 48.774971451038589 ], [ 2.236807367040915, 48.773716996903467 ], [ 2.237255266230457, 48.77361012716014 ], [ 2.238244072571361, 48.773829601094057 ], [ 2.238499067244211, 48.773793450796276 ], [ 2.238735988194096, 48.773223823368674 ], [ 2.239023894157681, 48.773263433728694 ], [ 2.239195955533968, 48.772661911956817 ], [ 2.240653203073, 48.773044447037819 ], [ 2.242058627391159, 48.773061467173093 ], [ 2.241918158186066, 48.773832285692421 ], [ 2.242685293017275, 48.773387437050353 ], [ 2.243838398541419, 48.773069148322747 ], [ 2.244536687418903, 48.772960238289876 ], [ 2.24494716906707, 48.772804533986154 ], [ 2.244939676301225, 48.772852156357658 ], [ 2.246320091954513, 48.772716065425968 ], [ 2.246471902385538, 48.773511218460811 ], [ 2.249850855307094, 48.773027905001783 ], [ 2.25072205640999, 48.772816610324035 ], [ 2.2508641253931, 48.772683486511013 ], [ 2.251228898172291, 48.77258233919882 ], [ 2.252318685787448, 48.772594561582807 ], [ 2.254070392522063, 48.772755716923143 ], [ 2.25412640461748, 48.773025895008374 ], [ 2.255714030702404, 48.773052886218089 ], [ 2.25570731950999, 48.773237227033434 ], [ 2.256492426283086, 48.77324121657432 ], [ 2.256565037577113, 48.773111251509668 ], [ 2.257220965812277, 48.773299714306049 ], [ 2.258940634750273, 48.773132307833947 ], [ 2.259916315965811, 48.773227399631402 ], [ 2.26380378616833, 48.774595162403863 ], [ 2.264310062327774, 48.774591085843383 ], [ 2.264397251878037, 48.774680665856188 ], [ 2.264287517677918, 48.774935426884127 ], [ 2.264556161935374, 48.774991945927248 ], [ 2.264732294867147, 48.774853619204798 ], [ 2.264966331898145, 48.775048435782566 ], [ 2.265098351860202, 48.774950311237802 ], [ 2.265917203656938, 48.775556161383157 ], [ 2.266386548845087, 48.775275725703622 ], [ 2.267228735600964, 48.775287190384503 ], [ 2.267070766827625, 48.775682867507079 ], [ 2.267288033117276, 48.775909955695951 ], [ 2.26725197906949, 48.776151679610436 ], [ 2.267402910353669, 48.7764512139182 ], [ 2.268304664009017, 48.776195007905031 ], [ 2.269332364022728, 48.77598183835908 ], [ 2.269555905005916, 48.776344773623954 ], [ 2.269887763597756, 48.776552770130635 ], [ 2.271689136669199, 48.776971203872399 ], [ 2.272386191725841, 48.777340616757513 ], [ 2.274392605985353, 48.777011938515955 ], [ 2.275061657466364, 48.779496604334412 ], [ 2.275377528740945, 48.779486828045179 ], [ 2.27585244671454, 48.780765084793529 ], [ 2.276226024609285, 48.781305201020722 ], [ 2.276284502943734, 48.78121021684661 ], [ 2.276440342412156, 48.781356866549764 ], [ 2.277508098695573, 48.781106094204368 ], [ 2.278093239395738, 48.782095393698953 ], [ 2.278274945797773, 48.782045224593375 ], [ 2.278975645346166, 48.782750101465503 ], [ 2.279475217603877, 48.782547148483907 ], [ 2.27977341159967, 48.782340281438152 ], [ 2.279943063880727, 48.782078673971675 ], [ 2.280440406692476, 48.78016141151835 ], [ 2.280112414738961, 48.779076534302035 ], [ 2.278299201724132, 48.776453675324589 ], [ 2.278659307897951, 48.775998943466178 ], [ 2.279144572363299, 48.77505388052824 ], [ 2.280134575261626, 48.773918481275899 ], [ 2.281480727934023, 48.774486926498909 ], [ 2.282709590079548, 48.774779428416558 ], [ 2.282527688043897, 48.774450046534952 ], [ 2.283186701872476, 48.774322686748917 ], [ 2.284467595782052, 48.774294388628171 ], [ 2.284852483418828, 48.774310184657772 ], [ 2.285068923357679, 48.774404120749878 ], [ 2.285252086617691, 48.774245119378655 ], [ 2.286303809973161, 48.774157867146151 ], [ 2.287013435490351, 48.773711493272025 ], [ 2.286440022081373, 48.773351897723302 ], [ 2.286222082030233, 48.772870303175708 ], [ 2.286285710933607, 48.771302086012739 ], [ 2.290254897776367, 48.766600144563476 ], [ 2.291939321212576, 48.764492884198653 ], [ 2.290829788586088, 48.760938941909338 ], [ 2.288173621324958, 48.761081440720453 ], [ 2.288102828742778, 48.760486493059396 ], [ 2.286361806440646, 48.760661385991732 ], [ 2.285138529521584, 48.760679254425341 ], [ 2.28400045542097, 48.760634660763756 ], [ 2.280650770983614, 48.760162116421917 ], [ 2.27858645975215, 48.760004855758666 ], [ 2.277720153368707, 48.759001245925582 ], [ 2.277114034685763, 48.757875981063528 ], [ 2.276121999838043, 48.756624250777875 ], [ 2.275315688510679, 48.756891890348889 ], [ 2.271415402350211, 48.757782887334109 ], [ 2.27062146074969, 48.757843699971126 ], [ 2.269432450065207, 48.757652946855636 ], [ 2.270384884836202, 48.759391985309627 ], [ 2.270916216813251, 48.760700311967341 ], [ 2.269086405577865, 48.760701719715321 ], [ 2.268683737266666, 48.760700154158691 ], [ 2.268982657734552, 48.76179569759308 ], [ 2.268944379172209, 48.762003232751184 ], [ 2.267167187774805, 48.762323333386057 ], [ 2.264926479649767, 48.761453301342513 ], [ 2.262371939941715, 48.760076704225902 ], [ 2.26200189885993, 48.759788397169345 ] ] ] } },
{ "type": "Feature", "properties": { "insee_com": "92020", "nom_arrondissement": "Châtillon", "avg_circumference_cm": null, "tree_count": null, "pct_young_trees": null }, "geometry": { "type": "Polygon", "coordinates": [ [ [ 2.275319664133165, 48.798255427088407 ], [ 2.275628693023775, 48.798942647188206 ], [ 2.27621863082782, 48.798813109134542 ], [ 2.276474863031182, 48.799087180179896 ], [ 2.276642602121391, 48.800146794355783 ], [ 2.276424012147169, 48.800201234313356 ], [ 2.276488362605867, 48.800469646181128 ], [ 2.276676168162769, 48.800475279867555 ], [ 2.277133036493422, 48.800910656816761 ], [ 2.277541383257, 48.801507631044231 ], [ 2.275685386324922, 48.80172304810263 ], [ 2.27308574135416, 48.801858366411828 ], [ 2.273153121963885, 48.801908243324057 ], [ 2.274685712060027, 48.80380269950421 ], [ 2.276104767769206, 48.805252141240373 ], [ 2.277244855155615, 48.807579488985951 ], [ 2.278268109687356, 48.808713515475134 ], [ 2.279911190583994, 48.810917949832643 ], [ 2.281823708018095, 48.810674925352444 ], [ 2.283256522946391, 48.81055670941052 ], [ 2.283483052043807, 48.810224391744356 ], [ 2.284814882035077, 48.810617307602207 ], [ 2.285204393899163, 48.81061334136939 ], [ 2.287354429371641, 48.810126113685492 ], [ 2.288733242287701, 48.809672035974323 ], [ 2.290437123309976, 48.808943757792569 ], [ 2.290449955798853, 48.809702024100105 ], [ 2.292004872154787, 48.809713940972323 ], [ 2.293576482321337, 48.811911462893057 ], [ 2.293833751389895, 48.811919278523241 ], [ 2.294823320875238, 48.810441120613433 ], [ 2.298019808367899, 48.812123809339838 ], [ 2.299580751869425, 48.810982641454906 ], [ 2.299681093549511, 48.81091307663511 ], [ 2.300097685539235, 48.811326538750855 ], [ 2.302689138640055, 48.811120431381063 ], [ 2.301738929403078, 48.809979851281135 ], [ 2.305943801490736, 48.808556313245148 ], [ 2.304724207605088, 48.807192938846605 ], [ 2.304117634395331, 48.806526554724506 ], [ 2.303537292124104, 48.805528442471719 ], [ 2.303022356511251, 48.803407359458596 ], [ 2.299622924208903, 48.802873932755503 ], [ 2.294403288250852, 48.798308451756768 ], [ 2.293606829615203, 48.797707442435936 ], [ 2.293011565724021, 48.797129203389453 ], [ 2.292224055376508, 48.795971505022059 ], [ 2.290119973253983, 48.795529109989467 ], [ 2.289343205186866, 48.795088281583574 ], [ 2.287932863574897, 48.794489876042903 ], [ 2.287743585725891, 48.794992416100904 ], [ 2.286547504581498, 48.796148214530703 ], [ 2.285422101648471, 48.796612779869008 ], [ 2.285226666334525, 48.796270736368697 ], [ 2.284997292462862, 48.796219897030241 ], [ 2.284481697907744, 48.795895723325188 ], [ 2.282619873284654, 48.795561675366066 ], [ 2.281047038697305, 48.795102520529113 ], [ 2.280525420849177, 48.795020233652167 ], [ 2.280252215566269, 48.795581617653689 ], [ 2.279789288586052, 48.795487988762844 ], [ 2.278523684182174, 48.795554106761408 ], [ 2.276707670025782, 48.795945165301333 ], [ 2.272466350161131, 48.794237528483926 ], [ 2.272192931339612, 48.794125236396127 ], [ 2.271385654150762, 48.794906400861706 ], [ 2.276375390852976, 48.797719481901744 ], [ 2.275319664133165, 48.798255427088407 ] ] ] } },
{ "type": "Feature", "properties": { "insee_com": "92022", "nom_arrondissement": "Chaville", "avg_circumference_cm": null, "tree_count": null, "pct_young_trees": null }, "geometry": { "type": "Polygon", "coordinates": [ [ [ 2.192329002392558, 48.79743470843249 ], [ 2.18293714049115, 48.797227864568697 ], [ 2.18696445000384, 48.80070458438604 ], [ 2.185904404974611, 48.801017560262331 ], [ 2.185414960233656, 48.801060095738158 ], [ 2.182591468965861, 48.800608202028499 ], [ 2.182494037947282, 48.800657003450624 ], [ 2.181963985639884, 48.800597613273922 ], [ 2.181836259102752, 48.800928622795482 ], [ 2.180438532709445, 48.80453378624005 ], [ 2.180423345137092, 48.804807103060675 ], [ 2.183067344841782, 48.805256918934276 ], [ 2.181924015647692, 48.806184486205531 ], [ 2.182048441051323, 48.806238402822757 ], [ 2.181398572577642, 48.806868937354949 ], [ 2.180385928469651, 48.808054614679371 ], [ 2.180456333037716, 48.80808028079867 ], [ 2.180008999644675, 48.808471154017248 ], [ 2.178552017789624, 48.809592606265213 ], [ 2.178179934880962, 48.809440747351026 ], [ 2.17730884830189, 48.810018471313654 ], [ 2.177403620531219, 48.810225987086099 ], [ 2.176393100221831, 48.810922365706467 ], [ 2.176569757347027, 48.811635912326786 ], [ 2.175937040909536, 48.811948143613193 ], [ 2.175869261212155, 48.812704076395619 ], [ 2.176218561088982, 48.813092328457365 ], [ 2.176743373930548, 48.814008838904989 ], [ 2.17852220827748, 48.814856620261409 ], [ 2.181105974533619, 48.81466388471658 ], [ 2.181798961222688, 48.81485030852371 ], [ 2.182858738398171, 48.815443067298169 ], [ 2.189773537315152, 48.815759946794124 ], [ 2.189678351605696, 48.816101074086227 ], [ 2.190008733533392, 48.816400114967259 ], [ 2.189576359889998, 48.816704780010632 ], [ 2.190096332932929, 48.816722693729218 ], [ 2.190907072249352, 48.816960227971784 ], [ 2.191485033061791, 48.817015403409819 ], [ 2.191724268830257, 48.816869519325884 ], [ 2.193925028033015, 48.818285640384303 ], [ 2.194616163457407, 48.818509750918892 ], [ 2.196183911787545, 48.819738084990988 ], [ 2.197204341972557, 48.820249502057102 ], [ 2.197603844879056, 48.820752247984416 ], [ 2.197879163915475, 48.820916885871924 ], [ 2.198866176699387, 48.820237263508218 ], [ 2.199532070528312, 48.819801918197705 ], [ 2.199549903788126, 48.819704902729718 ], [ 2.199602371976448, 48.819658485321966 ], [ 2.200261284949704, 48.819055801213807 ], [ 2.198210608307401, 48.818051830724329 ], [ 2.198581820980298, 48.817824972827104 ], [ 2.198966202299721, 48.817272619653984 ], [ 2.199199482286365, 48.817247200325156 ], [ 2.199542593394442, 48.817075913867377 ], [ 2.199111558271921, 48.816587351890348 ], [ 2.198781677051466, 48.816429545657854 ], [ 2.197228463628705, 48.815763464649734 ], [ 2.196691920491487, 48.815141972795168 ], [ 2.197188572891754, 48.814816127973174 ], [ 2.204015995784734, 48.810328791294587 ], [ 2.20564186156238, 48.809170380330599 ], [ 2.205985111369972, 48.808895644040334 ], [ 2.204462413709127, 48.802667018329423 ], [ 2.204197501906007, 48.802628379112818 ], [ 2.203993173191838, 48.802367089084591 ], [ 2.20402900599801, 48.802249504976636 ], [ 2.204258499452136, 48.802110724998215 ], [ 2.204691929648058, 48.802080331496569 ], [ 2.206046599101975, 48.799937046918892 ], [ 2.204809649501602, 48.799538479099105 ], [ 2.204054621509177, 48.79905406662435 ], [ 2.202623728557705, 48.798431129421267 ], [ 2.19859340967461, 48.798461735899885 ], [ 2.198404521261524, 48.798616067809149 ], [ 2.196528535257055, 48.797550257134702 ], [ 2.192756440687016, 48.797437596175293 ], [ 2.192329002392558, 48.79743470843249 ] ] ] } },
{ "type": "Feature", "properties": { "insee_com": "92023", "nom_arrondissement": "Clamart", "avg_circumference_cm": null, "tree_count": null, "pct_young_trees": null }, "geometry": { "type": "Polygon", "coordinates": [ [ [ 2.224104988135958, 48.777798627648089 ], [ 2.223979035753998, 48.778215143777885 ], [ 2.224250092035868, 48.779206273265054 ], [ 2.224033906188002, 48.779741826668968 ], [ 2.224018389203363, 48.780144668549916 ], [ 2.223645785079408, 48.780582066944845 ], [ 2.223689756055463, 48.780645312410726 ], [ 2.224802688997497, 48.780851311394557 ], [ 2.226615567033259, 48.781581699868127 ], [ 2.226811652549706, 48.78166661537248 ], [ 2.228139732521262, 48.782235543163878 ], [ 2.229697666645812, 48.783093753021625 ], [ 2.232908856031506, 48.784076793279048 ], [ 2.234847092981064, 48.784534434178099 ], [ 2.235415808326386, 48.786963809673033 ], [ 2.235632118208821, 48.787342949355619 ], [ 2.235849963263196, 48.788268044990083 ], [ 2.236371943324446, 48.78878135145839 ], [ 2.236516767377812, 48.788744501315861 ], [ 2.236611986443898, 48.788934886662055 ], [ 2.236455431156926, 48.789029224650974 ], [ 2.234789457571507, 48.79542509898711 ], [ 2.236063835577842, 48.795600542258285 ], [ 2.238764587687424, 48.797758372443347 ], [ 2.238953990170548, 48.798493496813222 ], [ 2.239600400940297, 48.799632664873421 ], [ 2.240064707515171, 48.799629321983971 ], [ 2.240592129108606, 48.80071466168846 ], [ 2.24078694793131, 48.800799544178389 ], [ 2.241081225108226, 48.800786123089203 ], [ 2.241577823762982, 48.800903499842512 ], [ 2.241805932103643, 48.801601987249349 ], [ 2.241387413465719, 48.801825982194096 ], [ 2.241030834099277, 48.801910061582113 ], [ 2.241573207672121, 48.802906448296746 ], [ 2.241837522997248, 48.803081710313791 ], [ 2.242345580712239, 48.803442894940204 ], [ 2.242755456554548, 48.803252120140101 ], [ 2.243422563949248, 48.803912909877816 ], [ 2.244692054244996, 48.804536130599473 ], [ 2.245093610142294, 48.804732039022198 ], [ 2.245726258113732, 48.804295324872676 ], [ 2.246234549529149, 48.804643002758873 ], [ 2.246284049928264, 48.80479801228968 ], [ 2.248251771888092, 48.803932585321164 ], [ 2.248420708772383, 48.804019990411774 ], [ 2.248899197763826, 48.804641787605966 ], [ 2.249211152994381, 48.805671764808935 ], [ 2.249558240332136, 48.805585802825718 ], [ 2.249278952135202, 48.80606972642061 ], [ 2.248575928242446, 48.806477235418171 ], [ 2.248277191401094, 48.807459302452394 ], [ 2.25033768354157, 48.8078176115907 ], [ 2.251613914325368, 48.808647659778686 ], [ 2.252659543699711, 48.809608463770388 ], [ 2.25312705350004, 48.809767880830783 ], [ 2.255000924005436, 48.810139332410458 ], [ 2.254696842079416, 48.81093070608037 ], [ 2.254564119466155, 48.812403990412164 ], [ 2.25408197805463, 48.813455974902105 ], [ 2.253644919145499, 48.814116101772633 ], [ 2.254341318232301, 48.814271545440533 ], [ 2.253440490180588, 48.815078077339685 ], [ 2.252633214143438, 48.815531724992461 ], [ 2.252066775485944, 48.815999465424284 ], [ 2.251866495297641, 48.816384951715641 ], [ 2.253361191400498, 48.816526505755895 ], [ 2.253557622019619, 48.816504348007157 ], [ 2.255533228883082, 48.816826056589058 ], [ 2.255577447061287, 48.816686026607918 ], [ 2.256476823026566, 48.817031593270052 ], [ 2.256746560892636, 48.816643833286818 ], [ 2.25660169654064, 48.816583572744335 ], [ 2.257049158712351, 48.815956778816378 ], [ 2.257614133103625, 48.816162651638528 ], [ 2.258360322472335, 48.815213925410596 ], [ 2.25879567893929, 48.815532312309983 ], [ 2.259680146311688, 48.814913612900831 ], [ 2.259363377712408, 48.814779440129982 ], [ 2.259535931168243, 48.814615919788373 ], [ 2.259645592757372, 48.814661568606368 ], [ 2.259934563080111, 48.81425952961937 ], [ 2.260365829485524, 48.814386314775518 ], [ 2.261297619756556, 48.813308304977269 ], [ 2.261672123217414, 48.813404155397663 ], [ 2.263938101918665, 48.814471318193128 ], [ 2.264938092834417, 48.813573579318273 ], [ 2.265788168976246, 48.813648955471422 ], [ 2.26728101446973, 48.814016072608865 ], [ 2.268944903106763, 48.814132386658393 ], [ 2.270227781758866, 48.814227465214806 ], [ 2.272560936455356, 48.814399077456102 ], [ 2.274475730250409, 48.81459149026022 ], [ 2.276102189282937, 48.814953910783004 ], [ 2.277188994353072, 48.815343626992529 ], [ 2.278070533915822, 48.814821909442514 ], [ 2.278183329673125, 48.814248778184748 ], [ 2.274505662815206, 48.813418863288149 ], [ 2.275390682698427, 48.812744288787272 ], [ 2.275957252731628, 48.812445524928179 ], [ 2.277374788899283, 48.811960333886482 ], [ 2.278498804557997, 48.811428385216388 ], [ 2.279966260199808, 48.810973144611566 ], [ 2.279911190583994, 48.810917949832643 ], [ 2.278268109687356, 48.808713515475134 ], [ 2.277244855155615, 48.807579488985951 ], [ 2.276104767769206, 48.805252141240373 ], [ 2.274685712060027, 48.80380269950421 ], [ 2.273153121963885, 48.801908243324057 ], [ 2.27308574135416, 48.801858366411828 ], [ 2.275685386324922, 48.80172304810263 ], [ 2.277541383257, 48.801507631044231 ], [ 2.277133036493422, 48.800910656816761 ], [ 2.276676168162769, 48.800475279867555 ], [ 2.276488362605867, 48.800469646181128 ], [ 2.276424012147169, 48.800201234313356 ], [ 2.276642602121391, 48.800146794355783 ], [ 2.276474863031182, 48.799087180179896 ], [ 2.27621863082782, 48.798813109134542 ], [ 2.275628693023775, 48.798942647188206 ], [ 2.275319664133165, 48.798255427088407 ], [ 2.276375390852976, 48.797719481901744 ], [ 2.271385654150762, 48.794906400861706 ], [ 2.272192931339612, 48.794125236396127 ], [ 2.272988895855532, 48.790832842651447 ], [ 2.272319681538355, 48.79079639071665 ], [ 2.271721900552649, 48.790518428562144 ], [ 2.270836475388334, 48.790076814302424 ], [ 2.268786147098284, 48.789324968697649 ], [ 2.264926802503382, 48.788579061722032 ], [ 2.264148202262072, 48.78848342888304 ], [ 2.263698352687258, 48.788337650999409 ], [ 2.258733667462367, 48.786267081673998 ], [ 2.258728625725827, 48.786142930873389 ], [ 2.255614734961339, 48.785166592841826 ], [ 2.253426290016716, 48.784678945908041 ], [ 2.251745573008062, 48.784475057759487 ], [ 2.25066061952954, 48.78448804587903 ], [ 2.250572116040734, 48.784679966483914 ], [ 2.248498819656543, 48.782627959773841 ], [ 2.246827215628888, 48.780384169957372 ], [ 2.24648184304313, 48.779702927893297 ], [ 2.246317644313486, 48.779104674970597 ], [ 2.240277994834056, 48.779843524920629 ], [ 2.239203527637806, 48.77624977934574 ], [ 2.24066898855168, 48.776074720229524 ], [ 2.240304314309081, 48.774763735038107 ], [ 2.237680273662995, 48.776281442886621 ], [ 2.237455504466116, 48.776297097547051 ], [ 2.230385272022081, 48.776799511615636 ], [ 2.229321411483678, 48.776315956885377 ], [ 2.228911333942625, 48.775978723580309 ], [ 2.228757428265271, 48.775527116508734 ], [ 2.228843879378716, 48.774465449007124 ], [ 2.22867989385139, 48.774512060098985 ], [ 2.228636574556544, 48.774680873103208 ], [ 2.22829905859771, 48.774959315224528 ], [ 2.227853379329299, 48.775649895072 ], [ 2.227065074665619, 48.776134985925225 ], [ 2.226553884283135, 48.776101996384135 ], [ 2.225623739189815, 48.776331621126197 ], [ 2.224953163064658, 48.776676250796079 ], [ 2.224566108539205, 48.777447247078399 ], [ 2.224104988135958, 48.777798627648089 ] ] ] } },
{ "type": "Feature", "properties": { "insee_com": "92024", "nom_arrondissement": "Clichy", "avg_circumference_cm": null, "tree_count": null, "pct_young_trees": null }, "geometry": { "type": "Polygon", "coordinates": [ [ [ 2.295818869763579, 48.898772955962585 ], [ 2.287394727524697, 48.903641514683663 ], [ 2.288642733255473, 48.904255973402051 ], [ 2.292306522323333, 48.905992675072 ], [ 2.293187566628207, 48.906613908956594 ], [ 2.294027179053965, 48.907475008905287 ], [ 2.295070984016349, 48.908170031452329 ], [ 2.298383285873977, 48.909803746177019 ], [ 2.299254844381231, 48.910126305174046 ], [ 2.302267890089904, 48.911202382883133 ], [ 2.307509377810327, 48.912156388992805 ], [ 2.310955431024855, 48.913114239348573 ], [ 2.313767501815613, 48.914044977129564 ], [ 2.316596384412446, 48.910274157230063 ], [ 2.316269114742933, 48.910157177936433 ], [ 2.318322731104058, 48.908051902551371 ], [ 2.318360553237984, 48.907976575543344 ], [ 2.317998659411549, 48.907899872698188 ], [ 2.320851271000658, 48.904665960956031 ], [ 2.320584968040771, 48.903747149077077 ], [ 2.320245170584547, 48.902920548287689 ], [ 2.319609480099527, 48.901354825005598 ], [ 2.319707744904218, 48.901037923982059 ], [ 2.319887174744135, 48.900459782082038 ], [ 2.318520205834404, 48.899638128133319 ], [ 2.315106047800934, 48.898594326908459 ], [ 2.312451445254302, 48.897782317970297 ], [ 2.309534485272158, 48.896703436658377 ], [ 2.308675362659435, 48.896381019352134 ], [ 2.307687317214231, 48.896010186356641 ], [ 2.303774362351612, 48.894153778940826 ], [ 2.298984013801223, 48.89700906704023 ], [ 2.295818869763579, 48.898772955962585 ] ] ] } },
{ "type": "Feature", "properties": { "insee_com": "92025", "nom_arrondissement": "Colombes", "avg_circumference_cm": null, "tree_count": null, "pct_young_trees": null }, "geometry": { "type": "Polygon", "coordinates": [ [ [ 2.229144443867447, 48.908334083704432 ], [ 2.228021329084916, 48.91000948027078 ], [ 2.226639994425855, 48.912070803879885 ], [ 2.226368115724682, 48.912003398127112 ], [ 2.22562981301848, 48.913022951562532 ], [ 2.225768034917381, 48.913086797212152 ], [ 2.223836923212437, 48.915129241140633 ], [ 2.223962762047756, 48.915200203031475 ], [ 2.222109648093962, 48.916487696535675 ], [ 2.223170628843216, 48.917351628002571 ], [ 2.224030053740272, 48.917916570971016 ], [ 2.224144970755135, 48.917988361018857 ], [ 2.223363167681808, 48.918530977851887 ], [ 2.220398136819999, 48.920613415981848 ], [ 2.224603622483637, 48.923289176151208 ], [ 2.231140371461004, 48.927732507504771 ], [ 2.236089649301876, 48.930396421997919 ], [ 2.241794270474943, 48.932871553974124 ], [ 2.242643484012023, 48.933419201137106 ], [ 2.245867998235676, 48.935834364967647 ], [ 2.247561180577504, 48.93673980665784 ], [ 2.248401261950098, 48.933865528673529 ], [ 2.249471422827256, 48.934904628926603 ], [ 2.251020714721895, 48.935851388097625 ], [ 2.253460967270328, 48.936165179127144 ], [ 2.253861525939017, 48.936313359354735 ], [ 2.254348447706738, 48.936626646583825 ], [ 2.255319191118847, 48.936898873315492 ], [ 2.256865443468325, 48.937496609146969 ], [ 2.258088105752326, 48.937622890520743 ], [ 2.258169560977623, 48.93755864552994 ], [ 2.259163566388732, 48.936775213250755 ], [ 2.262249606338901, 48.93487335447827 ], [ 2.262484280602981, 48.9354584416728 ], [ 2.264594456490384, 48.934984889498324 ], [ 2.267957719695233, 48.934506370529988 ], [ 2.271260253882089, 48.933876306420579 ], [ 2.271950251060562, 48.934119712635479 ], [ 2.272394395929396, 48.934081941599793 ], [ 2.273039347010705, 48.933837649854247 ], [ 2.272740543274538, 48.932266564986953 ], [ 2.27281578377284, 48.932254431396558 ], [ 2.272489695258779, 48.929512290935783 ], [ 2.272392896948186, 48.928528768698378 ], [ 2.271811196744312, 48.927768923643029 ], [ 2.272867727406705, 48.927366157345034 ], [ 2.273319885309902, 48.926848204785998 ], [ 2.268343922803661, 48.925195584117262 ], [ 2.26774978438204, 48.92503547605817 ], [ 2.269787104051896, 48.924663006834088 ], [ 2.26864128223398, 48.922973420202446 ], [ 2.268820722624676, 48.922925952854648 ], [ 2.267945875531787, 48.921380100188699 ], [ 2.268312920746832, 48.921286116391727 ], [ 2.267158961531214, 48.919504730462471 ], [ 2.265213185714411, 48.920365141939769 ], [ 2.264613208114159, 48.919174374166857 ], [ 2.263184865733936, 48.920207897125124 ], [ 2.263107162212571, 48.920009571479326 ], [ 2.262880291618409, 48.919456000587836 ], [ 2.262391309189185, 48.918814481888418 ], [ 2.262557323918529, 48.918558301377317 ], [ 2.262348546756412, 48.917884332501359 ], [ 2.262067371875484, 48.91731243830889 ], [ 2.261789417683545, 48.916513936572272 ], [ 2.261551196899993, 48.913877483489905 ], [ 2.259290940055629, 48.913929179681254 ], [ 2.257476847981367, 48.913885574244688 ], [ 2.257411925025604, 48.913558720868494 ], [ 2.255461545250212, 48.91360057410256 ], [ 2.25334055480172, 48.913360746225777 ], [ 2.253318764535105, 48.913357912468143 ], [ 2.251380630324692, 48.91302296257971 ], [ 2.249945970917177, 48.912689335807848 ], [ 2.245525389326995, 48.911362963324656 ], [ 2.241741639839363, 48.910073732266127 ], [ 2.239462027753631, 48.909405475766953 ], [ 2.237750260271344, 48.908814534133896 ], [ 2.237240211272015, 48.908614336262374 ], [ 2.234878437418986, 48.907603725558921 ], [ 2.232436080831147, 48.906883031559651 ], [ 2.229099484159876, 48.906027032330201 ], [ 2.227948608290635, 48.907921687357778 ], [ 2.229144443867447, 48.908334083704432 ] ] ] } },
{ "type": "Feature", "properties": { "insee_com": "92026", "nom_arrondissement": "Courbevoie", "avg_circumference_cm": null, "tree_count": null, "pct_young_trees": null }, "geometry": { "type": "Polygon", "coordinates": [ [ [ 2.252471874546871, 48.887300070313628 ], [ 2.242362194770038, 48.890500217118266 ], [ 2.241868915482318, 48.890658075916605 ], [ 2.241168650222951, 48.890887467251638 ], [ 2.240611047719516, 48.894706996881531 ], [ 2.24054688140569, 48.894991677991065 ], [ 2.240507906680349, 48.895138921120825 ], [ 2.240046330586254, 48.894990301205105 ], [ 2.23835211547798, 48.894723228240665 ], [ 2.237809123061402, 48.894639732953607 ], [ 2.237157488525132, 48.894710228246765 ], [ 2.235737650720115, 48.895079793926172 ], [ 2.23507382459496, 48.895515328694891 ], [ 2.2337839378819, 48.895671660306967 ], [ 2.233594960332163, 48.895907874504651 ], [ 2.231821351930305, 48.898340890760274 ], [ 2.230571037804304, 48.900336568804562 ], [ 2.231629014521642, 48.900651830419186 ], [ 2.237414087114132, 48.901775191466648 ], [ 2.239491638850819, 48.902243460168904 ], [ 2.242588737226872, 48.90277210360474 ], [ 2.243015188136045, 48.902339526467841 ], [ 2.245697240377858, 48.902988672725158 ], [ 2.24620554786954, 48.902177085013733 ], [ 2.246479395271934, 48.902012433129883 ], [ 2.252252815337025, 48.903409293324103 ], [ 2.255873420478441, 48.904547900814102 ], [ 2.255782539886715, 48.905370215203902 ], [ 2.258215791996834, 48.90607688640435 ], [ 2.25993749752342, 48.906554283315373 ], [ 2.261371695823746, 48.906816743897991 ], [ 2.26324677546476, 48.90340188098908 ], [ 2.266984776039686, 48.904648791639438 ], [ 2.266394099081863, 48.906292729195307 ], [ 2.26661317462584, 48.906139387844746 ], [ 2.267039240507793, 48.906012493819567 ], [ 2.267733845622616, 48.905900730065731 ], [ 2.268153108796096, 48.905966244816874 ], [ 2.268798993652162, 48.90621480416128 ], [ 2.27038526225861, 48.906823423166287 ], [ 2.274295322523836, 48.908284285190753 ], [ 2.275106741203901, 48.907622804542008 ], [ 2.275741275683612, 48.906926074660326 ], [ 2.276129882129295, 48.906941014168204 ], [ 2.276132284256965, 48.90686638532484 ], [ 2.276163870015175, 48.906655236539436 ], [ 2.277148424244187, 48.905704307682591 ], [ 2.277979047414515, 48.90522638341767 ], [ 2.27884894636002, 48.904472598759597 ], [ 2.278958477849032, 48.904542505761398 ], [ 2.279475030737754, 48.904084263398303 ], [ 2.279597062928017, 48.904138057288669 ], [ 2.280133188039887, 48.903644856220254 ], [ 2.281845412752679, 48.904620104351345 ], [ 2.284274409147287, 48.902285620685326 ], [ 2.282554566776922, 48.901568464622457 ], [ 2.27731439327736, 48.90033366683533 ], [ 2.274525308750283, 48.899614433042522 ], [ 2.271063962021799, 48.898398213472412 ], [ 2.26791370579508, 48.897186491611478 ], [ 2.265153387041037, 48.895899735831946 ], [ 2.26334469853922, 48.894843604033788 ], [ 2.259112637322935, 48.891087071518726 ], [ 2.256831869014618, 48.889587239550551 ], [ 2.254352762925304, 48.887661639942181 ], [ 2.253761015339158, 48.886891719060181 ], [ 2.25303493138422, 48.887121918349571 ], [ 2.252471874546871, 48.887300070313628 ] ] ] } },
{ "type": "Feature", "properties": { "insee_com": "92032", "nom_arrondissement": "Fontenay-aux-Roses", "avg_circumference_cm": null, "tree_count": null, "pct_young_trees": null }, "geometry": { "type": "Polygon", "coordinates": [ [ [ 2.291557824645934, 48.783579975711632 ], [ 2.290709729301039, 48.783392362902973 ], [ 2.290093607099992, 48.783161151675422 ], [ 2.290016576148524, 48.783220954848751 ], [ 2.287925179566481, 48.782586113280097 ], [ 2.286636475732397, 48.782474093819793 ], [ 2.285267244369759, 48.782478502953659 ], [ 2.282841111659794, 48.782934360664868 ], [ 2.282415495109792, 48.783005557495486 ], [ 2.281982973480441, 48.783182842503294 ], [ 2.281853105144182, 48.783224334608327 ], [ 2.281890083849051, 48.783405339611264 ], [ 2.281319859537486, 48.783401911194694 ], [ 2.280877150011106, 48.783527864155566 ], [ 2.280801547812407, 48.783878181553803 ], [ 2.279915462539166, 48.784078811209774 ], [ 2.279532717084509, 48.784099888821238 ], [ 2.279477589357958, 48.784050987924914 ], [ 2.278753298611939, 48.784263377504161 ], [ 2.279097066633943, 48.785191850385509 ], [ 2.280151213171646, 48.785044405544099 ], [ 2.280190662153742, 48.785539321608773 ], [ 2.278421030209807, 48.785653666996403 ], [ 2.276705985505181, 48.786051632428205 ], [ 2.275950576215922, 48.78605155456178 ], [ 2.275605360385358, 48.785917248221629 ], [ 2.274764875273899, 48.785770941761584 ], [ 2.274045376062605, 48.786320612549368 ], [ 2.273831064543281, 48.786658389809375 ], [ 2.273993290899463, 48.787716187539225 ], [ 2.274824269794296, 48.78756923236358 ], [ 2.274965565248343, 48.787686114158156 ], [ 2.274492659192621, 48.787924286817251 ], [ 2.27364055700914, 48.78812147845634 ], [ 2.27302678917303, 48.788406457900059 ], [ 2.272067449544311, 48.789166918032166 ], [ 2.272025097484228, 48.789665834193016 ], [ 2.271721900552649, 48.790518428562144 ], [ 2.272319681538355, 48.79079639071665 ], [ 2.272988895855532, 48.790832842651447 ], [ 2.272192931339612, 48.794125236396127 ], [ 2.272466350161131, 48.794237528483926 ], [ 2.276707670025782, 48.795945165301333 ], [ 2.278523684182174, 48.795554106761408 ], [ 2.279789288586052, 48.795487988762844 ], [ 2.280252215566269, 48.795581617653689 ], [ 2.280525420849177, 48.795020233652167 ], [ 2.281047038697305, 48.795102520529113 ], [ 2.282619873284654, 48.795561675366066 ], [ 2.284481697907744, 48.795895723325188 ], [ 2.284997292462862, 48.796219897030241 ], [ 2.285226666334525, 48.796270736368697 ], [ 2.285422101648471, 48.796612779869008 ], [ 2.286547504581498, 48.796148214530703 ], [ 2.287743585725891, 48.794992416100904 ], [ 2.287932863574897, 48.794489876042903 ], [ 2.289343205186866, 48.795088281583574 ], [ 2.290119973253983, 48.795529109989467 ], [ 2.292224055376508, 48.795971505022059 ], [ 2.293467080876335, 48.795963569897616 ], [ 2.295295938482829, 48.795620001688548 ], [ 2.295818168325345, 48.795659056026622 ], [ 2.296174754596995, 48.795766386931867 ], [ 2.298231867590176, 48.794543599605781 ], [ 2.298298621007837, 48.794438761036574 ], [ 2.297496152965997, 48.793678545207015 ], [ 2.298835816036051, 48.792350792672984 ], [ 2.299920435929317, 48.790547541634382 ], [ 2.301911680830818, 48.7873078224031 ], [ 2.30311822904157, 48.78553133081865 ], [ 2.303407207989392, 48.785397204489406 ], [ 2.296296172534392, 48.784545165796708 ], [ 2.296088262747297, 48.7845205564007 ], [ 2.293453378575722, 48.784209997103346 ], [ 2.29147814480178, 48.783834937227873 ], [ 2.291557824645934, 48.783579975711632 ] ] ] } },
{ "type": "Feature", "properties": { "insee_com": "92033", "nom_arrondissement": "Garches", "avg_circumference_cm": null, "tree_count": null, "pct_young_trees": null }, "geometry": { "type": "Polygon", "coordinates": [ [ [ 2.187215294455066, 48.837730034166782 ], [ 2.186509885713315, 48.838318832021315 ], [ 2.186416378074679, 48.838548438182329 ], [ 2.185248573285289, 48.838383996849863 ], [ 2.182081868382268, 48.838229276523208 ], [ 2.178390503487774, 48.838168902520778 ], [ 2.176406044360924, 48.838126475027813 ], [ 2.171687951711841, 48.838459046722917 ], [ 2.167884638229039, 48.837814771314768 ], [ 2.166652002557024, 48.837704559346555 ], [ 2.166860245582987, 48.839337495386928 ], [ 2.167320320391888, 48.839365881684337 ], [ 2.167375017738759, 48.841826976578076 ], [ 2.166951243507499, 48.841913065126555 ], [ 2.167043908320184, 48.842168235699489 ], [ 2.174359947996976, 48.84317949302919 ], [ 2.175225123519326, 48.843529024526475 ], [ 2.175360577150814, 48.843493983107706 ], [ 2.178901664399803, 48.844121824443057 ], [ 2.179161581585225, 48.844403315152114 ], [ 2.179508962208969, 48.845188157899877 ], [ 2.180437641790013, 48.846182940167814 ], [ 2.181751037815458, 48.84819394314389 ], [ 2.182619353877624, 48.85156623746412 ], [ 2.184349128248193, 48.851631104978509 ], [ 2.186857499920678, 48.852193198085622 ], [ 2.187304305383996, 48.852555982535527 ], [ 2.190360591793973, 48.85206765818603 ], [ 2.192078085011599, 48.853805160562018 ], [ 2.192311619453051, 48.854037875319804 ], [ 2.192043569027281, 48.854185361047939 ], [ 2.192119108869099, 48.854411612929248 ], [ 2.192917505688383, 48.854868484311233 ], [ 2.19347647074218, 48.855297654789403 ], [ 2.194312954050146, 48.856113620964805 ], [ 2.195277516065504, 48.855610169877494 ], [ 2.197881676149754, 48.854750770765961 ], [ 2.199709225281663, 48.854048009602522 ], [ 2.201441985095157, 48.853124242272024 ], [ 2.203969316778804, 48.852194046604744 ], [ 2.205497267703519, 48.851822869367282 ], [ 2.205153237690555, 48.851057918111273 ], [ 2.203877801347569, 48.85042347579482 ], [ 2.201741212608051, 48.849516163222987 ], [ 2.20102483951264, 48.849042808185565 ], [ 2.199005101516853, 48.847898790443189 ], [ 2.19802286576173, 48.847437126767595 ], [ 2.197894134760822, 48.847301357554905 ], [ 2.197820571331123, 48.846503118569608 ], [ 2.197909052761609, 48.845889438207372 ], [ 2.198389577822775, 48.844770237233142 ], [ 2.198916812810988, 48.844156796264656 ], [ 2.199089975987244, 48.842819681586938 ], [ 2.198821637101919, 48.841484105881584 ], [ 2.198314035463641, 48.841442931220506 ], [ 2.193859783545604, 48.840564881443022 ], [ 2.191886339365729, 48.83998135829976 ], [ 2.189923543982191, 48.839592140634096 ], [ 2.188663082988828, 48.839250826572787 ], [ 2.187566078533283, 48.838913307457041 ], [ 2.188171150460417, 48.838380483915614 ], [ 2.187215294455066, 48.837730034166782 ] ] ] } },
{ "type": "Feature", "properties": { "insee_com": "92035", "nom_arrondissement": "La Garenne-Colombes", "avg_circumference_cm": null, "tree_count": null, "pct_young_trees": null }, "geometry": { "type": "Polygon", "coordinates": [ [ [ 2.231629014521642, 48.900651830419186 ], [ 2.231897576721181, 48.900940438528416 ], [ 2.230642126048025, 48.90327962239612 ], [ 2.229099484159876, 48.906027032330201 ], [ 2.232436080831147, 48.906883031559651 ], [ 2.234878437418986, 48.907603725558921 ], [ 2.237240211272015, 48.908614336262374 ], [ 2.237750260271344, 48.908814534133896 ], [ 2.239462027753631, 48.909405475766953 ], [ 2.241741639839363, 48.910073732266127 ], [ 2.245525389326995, 48.911362963324656 ], [ 2.249945970917177, 48.912689335807848 ], [ 2.251380630324692, 48.91302296257971 ], [ 2.253318764535105, 48.913357912468143 ], [ 2.25334055480172, 48.913360746225777 ], [ 2.255461545250212, 48.91360057410256 ], [ 2.257411925025604, 48.913558720868494 ], [ 2.25793549686407, 48.913489120730681 ], [ 2.257752610981226, 48.912918721767674 ], [ 2.257870351096981, 48.912890673149256 ], [ 2.257671192531661, 48.910878569905798 ], [ 2.257043976584194, 48.910946626816454 ], [ 2.258024350695612, 48.90696962457627 ], [ 2.258215791996834, 48.90607688640435 ], [ 2.255782539886715, 48.905370215203902 ], [ 2.255873420478441, 48.904547900814102 ], [ 2.252252815337025, 48.903409293324103 ], [ 2.246479395271934, 48.902012433129883 ], [ 2.24620554786954, 48.902177085013733 ], [ 2.245697240377858, 48.902988672725158 ], [ 2.243015188136045, 48.902339526467841 ], [ 2.242588737226872, 48.90277210360474 ], [ 2.239491638850819, 48.902243460168904 ], [ 2.237414087114132, 48.901775191466648 ], [ 2.231629014521642, 48.900651830419186 ] ] ] } },
{ "type": "Feature", "properties": { "insee_com": "92036", "nom_arrondissement": "Gennevilliers", "avg_circumference_cm": null, "tree_count": null, "pct_young_trees": null }, "geometry": { "type": "Polygon", "coordinates": [ [ [ 2.285621327003408, 48.924116352406116 ], [ 2.284974151282699, 48.925330147083621 ], [ 2.284503377080231, 48.926119621292266 ], [ 2.28437033578382, 48.930235818263867 ], [ 2.284073216515227, 48.930601856211993 ], [ 2.283344952679479, 48.931748603158553 ], [ 2.282864498243304, 48.932046094015647 ], [ 2.281031021167355, 48.933062104394722 ], [ 2.277631445475213, 48.9335173890235 ], [ 2.276254870592082, 48.933567538091417 ], [ 2.27566003640524, 48.933546857837769 ], [ 2.274628182564356, 48.933249245136217 ], [ 2.27438769555914, 48.933267573848141 ], [ 2.273746755457262, 48.933421068323099 ], [ 2.273039347010705, 48.933837649854247 ], [ 2.272394395929396, 48.934081941599793 ], [ 2.271950251060562, 48.934119712635479 ], [ 2.271260253882089, 48.933876306420579 ], [ 2.267957719695233, 48.934506370529988 ], [ 2.264594456490384, 48.934984889498324 ], [ 2.262484280602981, 48.9354584416728 ], [ 2.262249606338901, 48.93487335447827 ], [ 2.259163566388732, 48.936775213250755 ], [ 2.258169560977623, 48.93755864552994 ], [ 2.258088105752326, 48.937622890520743 ], [ 2.256865443468325, 48.937496609146969 ], [ 2.255319191118847, 48.936898873315492 ], [ 2.254348447706738, 48.936626646583825 ], [ 2.253861525939017, 48.936313359354735 ], [ 2.253460967270328, 48.936165179127144 ], [ 2.251020714721895, 48.935851388097625 ], [ 2.249471422827256, 48.934904628926603 ], [ 2.248401261950098, 48.933865528673529 ], [ 2.247561180577504, 48.93673980665784 ], [ 2.250996041951316, 48.93832339655048 ], [ 2.255266935266652, 48.940072155828794 ], [ 2.255577888559619, 48.940188297567268 ], [ 2.257912093179849, 48.941923115789322 ], [ 2.259819600826973, 48.942953805273547 ], [ 2.261775372553522, 48.943763535238709 ], [ 2.263156209346401, 48.944203689482833 ], [ 2.265175295830574, 48.944984075121504 ], [ 2.266708875986224, 48.945730881181397 ], [ 2.26861305828537, 48.946534784908039 ], [ 2.270674098839709, 48.94706173285104 ], [ 2.273587534255475, 48.947658561394945 ], [ 2.279002438935722, 48.949036577686819 ], [ 2.281489768144255, 48.949754749316426 ], [ 2.285459369903872, 48.950418762461418 ], [ 2.29080533850887, 48.951088095014903 ], [ 2.292456608478497, 48.950751629057407 ], [ 2.293398984828159, 48.950633086404018 ], [ 2.295639688757196, 48.950526667673003 ], [ 2.299188800067739, 48.950494409286776 ], [ 2.303113139035645, 48.949971422772052 ], [ 2.306364089110817, 48.949154845848852 ], [ 2.311668101190335, 48.947948907661143 ], [ 2.309312234012915, 48.941522571883965 ], [ 2.309984035138957, 48.941306116074621 ], [ 2.309202818691266, 48.940304308098305 ], [ 2.312594879774392, 48.939189808813381 ], [ 2.314602717459937, 48.938067305641482 ], [ 2.317431737675187, 48.93729387500796 ], [ 2.318101651733853, 48.937006318832111 ], [ 2.319383859511885, 48.936034281539001 ], [ 2.321104898463506, 48.934275139836245 ], [ 2.322158123023634, 48.932849430257548 ], [ 2.321101172462344, 48.931318247945292 ], [ 2.320856859820676, 48.931213444989297 ], [ 2.318357997649843, 48.927548121287664 ], [ 2.325449490436194, 48.924914641079909 ], [ 2.328449672778644, 48.922759687332793 ], [ 2.325953226208402, 48.920688969861871 ], [ 2.323866358310079, 48.919772514051388 ], [ 2.322706079899198, 48.919172421090011 ], [ 2.322015312685549, 48.918671199646631 ], [ 2.320378226193076, 48.919581911532461 ], [ 2.317763613985979, 48.920835967683587 ], [ 2.31494876079394, 48.920083378069663 ], [ 2.311530679187229, 48.918930663561667 ], [ 2.310111238287199, 48.91843777359653 ], [ 2.308367392475484, 48.917612049799139 ], [ 2.307501181611909, 48.917284195446378 ], [ 2.301733873370451, 48.915107671735875 ], [ 2.29893087914253, 48.913717157486865 ], [ 2.296383495981599, 48.912706686479751 ], [ 2.296277824738215, 48.9127519306262 ], [ 2.295835511253255, 48.915795292725619 ], [ 2.29560271868711, 48.917267889441327 ], [ 2.295247543757927, 48.919916954683472 ], [ 2.291897562466867, 48.917903441527372 ], [ 2.290122107097018, 48.919017068213293 ], [ 2.286807724501577, 48.921792425794784 ], [ 2.285948093670566, 48.922680314718932 ], [ 2.286279697417513, 48.922880137154166 ], [ 2.285621327003408, 48.924116352406116 ] ] ] } },
{ "type": "Feature", "properties": { "insee_com": "92040", "nom_arrondissement": "Issy-les-Moulineaux", "avg_circumference_cm": null, "tree_count": null, "pct_young_trees": null }, "geometry": { "type": "Polygon", "coordinates": [ [ [ 2.263938101918665, 48.814471318193128 ], [ 2.261672123217414, 48.813404155397663 ], [ 2.261297619756556, 48.813308304977269 ], [ 2.260365829485524, 48.814386314775518 ], [ 2.259934563080111, 48.81425952961937 ], [ 2.259645592757372, 48.814661568606368 ], [ 2.259535931168243, 48.814615919788373 ], [ 2.259363377712408, 48.814779440129982 ], [ 2.259680146311688, 48.814913612900831 ], [ 2.25879567893929, 48.815532312309983 ], [ 2.258360322472335, 48.815213925410596 ], [ 2.257614133103625, 48.816162651638528 ], [ 2.257049158712351, 48.815956778816378 ], [ 2.25660169654064, 48.816583572744335 ], [ 2.256746560892636, 48.816643833286818 ], [ 2.256476823026566, 48.817031593270052 ], [ 2.255577447061287, 48.816686026607918 ], [ 2.255533228883082, 48.816826056589058 ], [ 2.253557622019619, 48.816504348007157 ], [ 2.253361191400498, 48.816526505755895 ], [ 2.251866495297641, 48.816384951715641 ], [ 2.250956244236915, 48.816325289037408 ], [ 2.25035588807946, 48.816971787976023 ], [ 2.250275046539867, 48.817195230007577 ], [ 2.249306164971163, 48.817801637467298 ], [ 2.248460962452337, 48.817951922913458 ], [ 2.245902522005335, 48.8184727520933 ], [ 2.242664276468203, 48.819002713683531 ], [ 2.242843235183338, 48.820184748768476 ], [ 2.242772680420163, 48.820541360377682 ], [ 2.241260508555524, 48.820471515459886 ], [ 2.240094072579325, 48.820509977294314 ], [ 2.237879868666046, 48.820947379913363 ], [ 2.236107248947369, 48.821548554439268 ], [ 2.237377728845307, 48.821475718715604 ], [ 2.239576305687688, 48.821831488837439 ], [ 2.242187512082042, 48.822756449507416 ], [ 2.244380486796944, 48.823222719690271 ], [ 2.248722197072993, 48.824492130514358 ], [ 2.250500485006695, 48.825104079810217 ], [ 2.251693954410014, 48.825751017639114 ], [ 2.256236408582465, 48.829017139024565 ], [ 2.258804352221015, 48.830539546664276 ], [ 2.259783593826944, 48.831131108534066 ], [ 2.260997082210913, 48.832017307506611 ], [ 2.262791524526515, 48.833923373515397 ], [ 2.264992745234484, 48.834237312991249 ], [ 2.267475422198173, 48.834592508385349 ], [ 2.267788866344093, 48.834585433848602 ], [ 2.268101694609093, 48.834428158702593 ], [ 2.269930760703455, 48.833011125108719 ], [ 2.267338606820311, 48.831531984395028 ], [ 2.267625707632297, 48.82796859560446 ], [ 2.267826452957425, 48.827835816764463 ], [ 2.271099017149216, 48.827891782776483 ], [ 2.272852607332394, 48.827957320168785 ], [ 2.275304441773053, 48.829435496035586 ], [ 2.279051930653324, 48.832489952136996 ], [ 2.279110853401828, 48.832465124719363 ], [ 2.280391323890181, 48.831979077224943 ], [ 2.282670920956136, 48.831152751898394 ], [ 2.28468371260374, 48.830306799902004 ], [ 2.289407656009721, 48.82833384157577 ], [ 2.287752717139195, 48.828224165696753 ], [ 2.286654152889123, 48.828469444558152 ], [ 2.286578281728182, 48.828439312432174 ], [ 2.28789226070753, 48.827581939550427 ], [ 2.287878076392344, 48.827523395331717 ], [ 2.286090676546761, 48.827439888806502 ], [ 2.28465618535803, 48.827448405135151 ], [ 2.284590127377325, 48.827497475956783 ], [ 2.282979054110691, 48.827073212545884 ], [ 2.280560260908528, 48.825956942321987 ], [ 2.280496816513082, 48.825915189007958 ], [ 2.280830210610702, 48.825642882598551 ], [ 2.280017722338587, 48.825197295837476 ], [ 2.280819933127719, 48.824709260702065 ], [ 2.281012298675695, 48.823501644860912 ], [ 2.281562920887116, 48.823081343912087 ], [ 2.281111141018477, 48.822852883079946 ], [ 2.281952397617502, 48.82130649693093 ], [ 2.281374679653061, 48.82112494782897 ], [ 2.281872979911072, 48.820249240367851 ], [ 2.281447580756507, 48.820084795041062 ], [ 2.279492549739333, 48.818845365766713 ], [ 2.278232779087032, 48.818252265711131 ], [ 2.277117670027516, 48.81744327359057 ], [ 2.275949990184689, 48.817284211339214 ], [ 2.275034267534019, 48.816635598223776 ], [ 2.273156224207425, 48.815168980405005 ], [ 2.272560936455356, 48.814399077456102 ], [ 2.270227781758866, 48.814227465214806 ], [ 2.268944903106763, 48.814132386658393 ], [ 2.26728101446973, 48.814016072608865 ], [ 2.265788168976246, 48.813648955471422 ], [ 2.264938092834417, 48.813573579318273 ], [ 2.263938101918665, 48.814471318193128 ] ] ] } },
{ "type": "Feature", "properties": { "insee_com": "92044", "nom_arrondissement": "Levallois-Perret", "avg_circumference_cm": null, "tree_count": null, "pct_young_trees": null }, "geometry": { "type": "Polygon", "coordinates": [ [ [ 2.280741587835336, 48.88913339356079 ], [ 2.27767594111357, 48.892071039851679 ], [ 2.277123062619456, 48.892697234149878 ], [ 2.276419665037195, 48.89325956319631 ], [ 2.27625105785978, 48.893418624790499 ], [ 2.273132475803882, 48.896398994089822 ], [ 2.272849014111524, 48.896674265827443 ], [ 2.271063962021799, 48.898398213472412 ], [ 2.274525308750283, 48.899614433042522 ], [ 2.27731439327736, 48.90033366683533 ], [ 2.282554566776922, 48.901568464622457 ], [ 2.284274409147287, 48.902285620685326 ], [ 2.287394727524697, 48.903641514683663 ], [ 2.295818869763579, 48.898772955962585 ], [ 2.298984013801223, 48.89700906704023 ], [ 2.303774362351612, 48.894153778940826 ], [ 2.300588268146194, 48.892628841516768 ], [ 2.299608319530779, 48.89217255104883 ], [ 2.297326658916109, 48.891053909942926 ], [ 2.295579536585645, 48.890149711861902 ], [ 2.295013183223064, 48.889874781252956 ], [ 2.292747623772231, 48.889593420822898 ], [ 2.291779590675396, 48.889473484248533 ], [ 2.291147763745907, 48.889301570766669 ], [ 2.290529215249999, 48.888956161736253 ], [ 2.288688176989797, 48.888052203086119 ], [ 2.287114077093995, 48.8872784091866 ], [ 2.285641616380019, 48.886554663551692 ], [ 2.284459571754662, 48.885639278193224 ], [ 2.283366455920863, 48.886687659127695 ], [ 2.280741587835336, 48.88913339356079 ] ] ] } },
{ "type": "Feature", "properties": { "insee_com": "92046", "nom_arrondissement": "Malakoff", "avg_circumference_cm": null, "tree_count": null, "pct_young_trees": null }, "geometry": { "type": "Polygon", "coordinates": [ [ [ 2.290437123309976, 48.808943757792569 ], [ 2.288733242287701, 48.809672035974323 ], [ 2.287354429371641, 48.810126113685492 ], [ 2.285204393899163, 48.81061334136939 ], [ 2.284814882035077, 48.810617307602207 ], [ 2.283483052043807, 48.810224391744356 ], [ 2.283256522946391, 48.81055670941052 ], [ 2.281823708018095, 48.810674925352444 ], [ 2.279911190583994, 48.810917949832643 ], [ 2.279966260199808, 48.810973144611566 ], [ 2.278498804557997, 48.811428385216388 ], [ 2.277374788899283, 48.811960333886482 ], [ 2.275957252731628, 48.812445524928179 ], [ 2.275390682698427, 48.812744288787272 ], [ 2.274505662815206, 48.813418863288149 ], [ 2.278183329673125, 48.814248778184748 ], [ 2.281273884892806, 48.814801635685455 ], [ 2.282264461937978, 48.814962281675498 ], [ 2.285265146391211, 48.815619724331839 ], [ 2.287630090279024, 48.816363243756072 ], [ 2.289029940981272, 48.816875234041326 ], [ 2.292219281319005, 48.818297202068329 ], [ 2.294129544916967, 48.819443521087784 ], [ 2.295459019922782, 48.820336358052487 ], [ 2.298945966058061, 48.823255568352451 ], [ 2.301315418488453, 48.825125760833103 ], [ 2.302099583430173, 48.824953161630852 ], [ 2.304066717016068, 48.824526626859949 ], [ 2.306863399755384, 48.823889918666666 ], [ 2.306959037060226, 48.823867988422421 ], [ 2.308348319891004, 48.82356304703147 ], [ 2.314145699672971, 48.822290535433098 ], [ 2.312259185199097, 48.820954908896951 ], [ 2.309653567574836, 48.819008015851551 ], [ 2.305868550535179, 48.816256463505681 ], [ 2.305814582232938, 48.816218375879814 ], [ 2.304400348094757, 48.815242414334243 ], [ 2.302496498655846, 48.813713152697439 ], [ 2.300485858165561, 48.811727241453703 ], [ 2.300097685539235, 48.811326538750855 ], [ 2.299681093549511, 48.81091307663511 ], [ 2.299580751869425, 48.810982641454906 ], [ 2.298019808367899, 48.812123809339838 ], [ 2.294823320875238, 48.810441120613433 ], [ 2.293833751389895, 48.811919278523241 ], [ 2.293576482321337, 48.811911462893057 ], [ 2.292004872154787, 48.809713940972323 ], [ 2.290449955798853, 48.809702024100105 ], [ 2.290437123309976, 48.808943757792569 ] ] ] } },
{ "type": "Feature", "properties": { "insee_com": "92047", "nom_arrondissement": "Marnes-la-Coquette", "avg_circumference_cm": null, "tree_count": null, "pct_young_trees": null }, "geometry": { "type": "Polygon", "coordinates": [ [ [ 2.186703458320242, 48.836915310618792 ], [ 2.1863110715339, 48.836479138545776 ], [ 2.185304922694038, 48.833907240735776 ], [ 2.180796681357069, 48.830624257439055 ], [ 2.17980187438013, 48.830386295870795 ], [ 2.178464215718134, 48.829170131725043 ], [ 2.178483708566948, 48.829056942268593 ], [ 2.178219732152064, 48.829038040223537 ], [ 2.177373647728535, 48.828614905497005 ], [ 2.176877925838987, 48.828261630951388 ], [ 2.176315802804598, 48.828231678291665 ], [ 2.176151591506065, 48.828106430979787 ], [ 2.17620467031509, 48.827506002061874 ], [ 2.176415935648733, 48.827239437947554 ], [ 2.175568779790766, 48.826283840766742 ], [ 2.17387684943765, 48.824314181023666 ], [ 2.167296201419895, 48.823392525267707 ], [ 2.164871331892318, 48.823158860040692 ], [ 2.164003915624508, 48.823229247823051 ], [ 2.162460615941624, 48.82365645540618 ], [ 2.161769848316168, 48.823667804469672 ], [ 2.160630464143544, 48.82252477110908 ], [ 2.159599822657288, 48.821060504380981 ], [ 2.159144147030812, 48.820854036378847 ], [ 2.158904921473055, 48.820823573061475 ], [ 2.158213258486952, 48.82097700036919 ], [ 2.15730019504185, 48.820923800203907 ], [ 2.156315872686502, 48.821402535551989 ], [ 2.15597933435798, 48.821493698236274 ], [ 2.154649759615607, 48.821423146832906 ], [ 2.153679073790045, 48.821479238594023 ], [ 2.153308329543673, 48.821411857134549 ], [ 2.152616214607437, 48.821004922063835 ], [ 2.151868031319095, 48.820110109226626 ], [ 2.151317297837204, 48.819637612925099 ], [ 2.15074729048807, 48.818843889994433 ], [ 2.150302093771602, 48.818749887367211 ], [ 2.151352070766768, 48.820932099308223 ], [ 2.151469665067264, 48.821406018955784 ], [ 2.151424245588232, 48.822104531129938 ], [ 2.151088515977636, 48.822981761651846 ], [ 2.151005629102971, 48.823554990221353 ], [ 2.151458974537662, 48.826080121205585 ], [ 2.151696850353285, 48.829794515121918 ], [ 2.154391303771425, 48.834755756295159 ], [ 2.155223783902374, 48.835929046521947 ], [ 2.155868699940372, 48.837413093536512 ], [ 2.155995235759097, 48.837592065213578 ], [ 2.156184000026446, 48.83763027188639 ], [ 2.157380537406873, 48.837780810040783 ], [ 2.159444432719854, 48.837711688230883 ], [ 2.166652002557024, 48.837704559346555 ], [ 2.167884638229039, 48.837814771314768 ], [ 2.171687951711841, 48.838459046722917 ], [ 2.176406044360924, 48.838126475027813 ], [ 2.178390503487774, 48.838168902520778 ], [ 2.182081868382268, 48.838229276523208 ], [ 2.185248573285289, 48.838383996849863 ], [ 2.186416378074679, 48.838548438182329 ], [ 2.186509885713315, 48.838318832021315 ], [ 2.187215294455066, 48.837730034166782 ], [ 2.187425128940569, 48.837554281196482 ], [ 2.186703458320242, 48.836915310618792 ] ] ] } },
{ "type": "Feature", "properties": { "insee_com": "92048", "nom_arrondissement": "Meudon", "avg_circumference_cm": null, "tree_count": null, "pct_young_trees": null }, "geometry": { "type": "Polygon", "coordinates": [ [ [ 2.226811652549706, 48.78166661537248 ], [ 2.226615567033259, 48.781581699868127 ], [ 2.224750267986936, 48.784013344424231 ], [ 2.223319655227995, 48.785943206953846 ], [ 2.223024310502216, 48.785942186298129 ], [ 2.221381575127051, 48.785934191588915 ], [ 2.219235511935469, 48.785361647473813 ], [ 2.21150882162595, 48.788138691828536 ], [ 2.208957941440307, 48.787603766200121 ], [ 2.207118284025952, 48.785234187643994 ], [ 2.207002296492579, 48.785343147583298 ], [ 2.206681957076848, 48.784927286419546 ], [ 2.206516468614453, 48.784711225311675 ], [ 2.206270138114364, 48.784888574579725 ], [ 2.211625072133447, 48.791255047228624 ], [ 2.211493467659805, 48.791316238796114 ], [ 2.209936904519872, 48.793876492494782 ], [ 2.20699276982021, 48.794925499292546 ], [ 2.206011935493398, 48.794969354368419 ], [ 2.205524702674655, 48.795139703654421 ], [ 2.204469391136816, 48.795782061713417 ], [ 2.2044038258067, 48.795974999539574 ], [ 2.20471024007914, 48.796593138082535 ], [ 2.204508906333172, 48.797118855043976 ], [ 2.20431274011721, 48.797305526791284 ], [ 2.203444590072592, 48.79772336796853 ], [ 2.202623728557705, 48.798431129421267 ], [ 2.204054621509177, 48.79905406662435 ], [ 2.204809649501602, 48.799538479099105 ], [ 2.206046599101975, 48.799937046918892 ], [ 2.204691929648058, 48.802080331496569 ], [ 2.204258499452136, 48.802110724998215 ], [ 2.20402900599801, 48.802249504976636 ], [ 2.203993173191838, 48.802367089084591 ], [ 2.204197501906007, 48.802628379112818 ], [ 2.204462413709127, 48.802667018329423 ], [ 2.205985111369972, 48.808895644040334 ], [ 2.20564186156238, 48.809170380330599 ], [ 2.208745571406895, 48.810672281074702 ], [ 2.210865738955745, 48.811487662324552 ], [ 2.211411256319696, 48.811704420157653 ], [ 2.215826321797914, 48.812779464326795 ], [ 2.219360764172535, 48.81447098064735 ], [ 2.220220799114839, 48.815061201930746 ], [ 2.220656316121536, 48.81517106996052 ], [ 2.220150621115091, 48.815746984796775 ], [ 2.219953820626836, 48.816339303283748 ], [ 2.219499185729273, 48.816596262104795 ], [ 2.217149173534718, 48.817733025786616 ], [ 2.217519026889545, 48.818044839073806 ], [ 2.217653415367755, 48.817983660138097 ], [ 2.218027412914354, 48.818291901284411 ], [ 2.218192125441671, 48.8182066363823 ], [ 2.218925166620104, 48.818731277829635 ], [ 2.219062507843514, 48.81865482691326 ], [ 2.219410953314829, 48.81894221048573 ], [ 2.21957226896199, 48.818901891316081 ], [ 2.220203524571409, 48.819221697453656 ], [ 2.220514270545107, 48.819298373384981 ], [ 2.220546362010101, 48.819611571909327 ], [ 2.220987924615694, 48.819592864045511 ], [ 2.221024794778659, 48.819951063181577 ], [ 2.22128779516269, 48.819941983521652 ], [ 2.221325204843931, 48.82026421019809 ], [ 2.221769764886878, 48.820227531066486 ], [ 2.221893714746015, 48.820318277097371 ], [ 2.221813920922576, 48.820371721449867 ], [ 2.222606804477512, 48.82090662164282 ], [ 2.225406520671722, 48.822688498747681 ], [ 2.225120324865812, 48.822882711858298 ], [ 2.225332104844234, 48.823021690875997 ], [ 2.224827164561022, 48.823361986101631 ], [ 2.226073766006141, 48.823984344382019 ], [ 2.226914515787189, 48.82341057520248 ], [ 2.227339732561725, 48.823669649768654 ], [ 2.228534892261989, 48.822892198119483 ], [ 2.228559735113385, 48.822778135731724 ], [ 2.228901139596037, 48.822533904574357 ], [ 2.229797441160368, 48.822068399934942 ], [ 2.229967239341658, 48.82154604753309 ], [ 2.230639678590283, 48.821758135413852 ], [ 2.230774172045788, 48.821597110167097 ], [ 2.231499878726698, 48.822076655071577 ], [ 2.231829189652126, 48.822374670709252 ], [ 2.23206512317046, 48.822261963449094 ], [ 2.232638353852012, 48.822737823560374 ], [ 2.233208040897491, 48.822436584539346 ], [ 2.234235245894847, 48.822051032613672 ], [ 2.236107248947369, 48.821548554439268 ], [ 2.237879868666046, 48.820947379913363 ], [ 2.240094072579325, 48.820509977294314 ], [ 2.241260508555524, 48.820471515459886 ], [ 2.242772680420163, 48.820541360377682 ], [ 2.242843235183338, 48.820184748768476 ], [ 2.242664276468203, 48.819002713683531 ], [ 2.245902522005335, 48.8184727520933 ], [ 2.248460962452337, 48.817951922913458 ], [ 2.249306164971163, 48.817801637467298 ], [ 2.250275046539867, 48.817195230007577 ], [ 2.25035588807946, 48.816971787976023 ], [ 2.250956244236915, 48.816325289037408 ], [ 2.251866495297641, 48.816384951715641 ], [ 2.252066775485944, 48.815999465424284 ], [ 2.252633214143438, 48.815531724992461 ], [ 2.253440490180588, 48.815078077339685 ], [ 2.254341318232301, 48.814271545440533 ], [ 2.253644919145499, 48.814116101772633 ], [ 2.25408197805463, 48.813455974902105 ], [ 2.254564119466155, 48.812403990412164 ], [ 2.254696842079416, 48.81093070608037 ], [ 2.255000924005436, 48.810139332410458 ], [ 2.25312705350004, 48.809767880830783 ], [ 2.252659543699711, 48.809608463770388 ], [ 2.251613914325368, 48.808647659778686 ], [ 2.25033768354157, 48.8078176115907 ], [ 2.248277191401094, 48.807459302452394 ], [ 2.248575928242446, 48.806477235418171 ], [ 2.249278952135202, 48.80606972642061 ], [ 2.249558240332136, 48.805585802825718 ], [ 2.249211152994381, 48.805671764808935 ], [ 2.248899197763826, 48.804641787605966 ], [ 2.248420708772383, 48.804019990411774 ], [ 2.248251771888092, 48.803932585321164 ], [ 2.246284049928264, 48.80479801228968 ], [ 2.246234549529149, 48.804643002758873 ], [ 2.245726258113732, 48.804295324872676 ], [ 2.245093610142294, 48.804732039022198 ], [ 2.244692054244996, 48.804536130599473 ], [ 2.243422563949248, 48.803912909877816 ], [ 2.242755456554548, 48.803252120140101 ], [ 2.242345580712239, 48.803442894940204 ], [ 2.241837522997248, 48.803081710313791 ], [ 2.241573207672121, 48.802906448296746 ], [ 2.241030834099277, 48.801910061582113 ], [ 2.241387413465719, 48.801825982194096 ], [ 2.241805932103643, 48.801601987249349 ], [ 2.241577823762982, 48.800903499842512 ], [ 2.241081225108226, 48.800786123089203 ], [ 2.24078694793131, 48.800799544178389 ], [ 2.240592129108606, 48.80071466168846 ], [ 2.240064707515171, 48.799629321983971 ], [ 2.239600400940297, 48.799632664873421 ], [ 2.238953990170548, 48.798493496813222 ], [ 2.238764587687424, 48.797758372443347 ], [ 2.236063835577842, 48.795600542258285 ], [ 2.234789457571507, 48.79542509898711 ], [ 2.236455431156926, 48.789029224650974 ], [ 2.236611986443898, 48.788934886662055 ], [ 2.236516767377812, 48.788744501315861 ], [ 2.236371943324446, 48.78878135145839 ], [ 2.235849963263196, 48.788268044990083 ], [ 2.235632118208821, 48.787342949355619 ], [ 2.235415808326386, 48.786963809673033 ], [ 2.234847092981064, 48.784534434178099 ], [ 2.232908856031506, 48.784076793279048 ], [ 2.229697666645812, 48.783093753021625 ], [ 2.228139732521262, 48.782235543163878 ], [ 2.226811652549706, 48.78166661537248 ] ] ] } },
{ "type": "Feature", "properties": { "insee_com": "92049", "nom_arrondissement": "Montrouge", "avg_circumference_cm": null, "tree_count": null, "pct_young_trees": null }, "geometry": { "type": "Polygon", "coordinates": [ [ [ 2.314443267377531, 48.810121733107884 ], [ 2.309941966419073, 48.810491568400799 ], [ 2.302689138640055, 48.811120431381063 ], [ 2.300097685539235, 48.811326538750855 ], [ 2.300485858165561, 48.811727241453703 ], [ 2.302496498655846, 48.813713152697439 ], [ 2.304400348094757, 48.815242414334243 ], [ 2.305814582232938, 48.816218375879814 ], [ 2.305868550535179, 48.816256463505681 ], [ 2.309653567574836, 48.819008015851551 ], [ 2.312259185199097, 48.820954908896951 ], [ 2.314145699672971, 48.822290535433098 ], [ 2.314615601049386, 48.822187102534109 ], [ 2.321039743668691, 48.820767650790003 ], [ 2.323964127671358, 48.820124072850206 ], [ 2.325503436242079, 48.819787402588354 ], [ 2.329296396286016, 48.818950726349179 ], [ 2.332461042459754, 48.818247130074461 ], [ 2.331898060637624, 48.817010929633305 ], [ 2.329063257287334, 48.813783346790586 ], [ 2.326526656768154, 48.810689576190413 ], [ 2.326519941498558, 48.810682343236813 ], [ 2.325557826171094, 48.809580561711009 ], [ 2.321885923102822, 48.809742366550282 ], [ 2.319077366036552, 48.810005214154522 ], [ 2.317538883747118, 48.809881319300217 ], [ 2.314443267377531, 48.810121733107884 ] ] ] } },
{ "type": "Feature", "properties": { "insee_com": "92050", "nom_arrondissement": "Nanterre", "avg_circumference_cm": null, "tree_count": null, "pct_young_trees": null }, "geometry": { "type": "Polygon", "coordinates": [ [ [ 2.192363419254874, 48.884108253343697 ], [ 2.185358401334428, 48.887757102338632 ], [ 2.183983132868953, 48.888490595066628 ], [ 2.180651489557471, 48.890130727919768 ], [ 2.177157651853096, 48.891578092967002 ], [ 2.176109105233387, 48.891991774796054 ], [ 2.169348699832831, 48.895814931100553 ], [ 2.171302831550738, 48.897300685604883 ], [ 2.174379390315698, 48.899063949210252 ], [ 2.176587871532709, 48.90035441020671 ], [ 2.180825800551712, 48.9019366197981 ], [ 2.182615793962783, 48.902529817614045 ], [ 2.188142478497013, 48.90363671124905 ], [ 2.19199079864921, 48.904607029999376 ], [ 2.193124055011122, 48.90498519293007 ], [ 2.194055525907521, 48.905356591352508 ], [ 2.196387710353294, 48.906901117046225 ], [ 2.200467697781702, 48.908624547421191 ], [ 2.205445396672949, 48.910636179326012 ], [ 2.20767239576119, 48.911688747078855 ], [ 2.209721019220662, 48.912992804125849 ], [ 2.212138945795258, 48.914694953243512 ], [ 2.213164818050145, 48.915701736614459 ], [ 2.214197104332567, 48.916557466940084 ], [ 2.220398136819999, 48.920613415981848 ], [ 2.223363167681808, 48.918530977851887 ], [ 2.224144970755135, 48.917988361018857 ], [ 2.224030053740272, 48.917916570971016 ], [ 2.223170628843216, 48.917351628002571 ], [ 2.222109648093962, 48.916487696535675 ], [ 2.223962762047756, 48.915200203031475 ], [ 2.223836923212437, 48.915129241140633 ], [ 2.225768034917381, 48.913086797212152 ], [ 2.22562981301848, 48.913022951562532 ], [ 2.226368115724682, 48.912003398127112 ], [ 2.226639994425855, 48.912070803879885 ], [ 2.228021329084916, 48.91000948027078 ], [ 2.229144443867447, 48.908334083704432 ], [ 2.227948608290635, 48.907921687357778 ], [ 2.229099484159876, 48.906027032330201 ], [ 2.230642126048025, 48.90327962239612 ], [ 2.231897576721181, 48.900940438528416 ], [ 2.231629014521642, 48.900651830419186 ], [ 2.230571037804304, 48.900336568804562 ], [ 2.231821351930305, 48.898340890760274 ], [ 2.233594960332163, 48.895907874504651 ], [ 2.2337839378819, 48.895671660306967 ], [ 2.234267668437409, 48.895055114880698 ], [ 2.231094697424034, 48.892496865665784 ], [ 2.230084239594864, 48.891100900645846 ], [ 2.229955576923029, 48.891039817831093 ], [ 2.23006654963771, 48.890913725094734 ], [ 2.230803118902711, 48.890076680417486 ], [ 2.230475337035296, 48.88992348584069 ], [ 2.230699063499114, 48.889642531750667 ], [ 2.228603563358883, 48.888399656103701 ], [ 2.228249600966337, 48.888081707539939 ], [ 2.227004000217958, 48.887195018721286 ], [ 2.224492298268971, 48.885433157890013 ], [ 2.224530927419019, 48.885128531516287 ], [ 2.223565576868953, 48.884204047479336 ], [ 2.222451018206857, 48.883137388897353 ], [ 2.223615689603868, 48.882763625770643 ], [ 2.218957730750793, 48.87974840361494 ], [ 2.216437786753492, 48.87812300486479 ], [ 2.2161933360654, 48.877785947845766 ], [ 2.216300633049757, 48.877542027644367 ], [ 2.21686168043343, 48.876954827415474 ], [ 2.216609209132485, 48.876788594675588 ], [ 2.215978010715191, 48.876691829441029 ], [ 2.214823034049083, 48.876608714137589 ], [ 2.214625532085418, 48.876504892741544 ], [ 2.213137690276967, 48.876433966409351 ], [ 2.211929422615573, 48.876989910208323 ], [ 2.211646820668723, 48.877283935285014 ], [ 2.211529338438718, 48.877208515583675 ], [ 2.210827551210258, 48.877271342382606 ], [ 2.210653270456252, 48.876715294840089 ], [ 2.210782936679089, 48.876526387018693 ], [ 2.210450690438812, 48.875867670662764 ], [ 2.210099923429609, 48.875531697607109 ], [ 2.207759604429106, 48.874229260005372 ], [ 2.206315548234041, 48.875316003533705 ], [ 2.203032926784041, 48.87750749559126 ], [ 2.200100398481909, 48.879436826409425 ], [ 2.197067680888246, 48.881217019258159 ], [ 2.195202084848238, 48.88228820591484 ], [ 2.192147942667168, 48.88402136178027 ], [ 2.192363419254874, 48.884108253343697 ] ] ] } },
{ "type": "Feature", "properties": { "insee_com": "92051", "nom_arrondissement": "Neuilly-sur-Seine", "avg_circumference_cm": null, "tree_count": null, "pct_young_trees": null }, "geometry": { "type": "Polygon", "coordinates": [ [ [ 2.245703788405577, 48.876459232468001 ], [ 2.248039560598631, 48.878715094394984 ], [ 2.251016269660814, 48.881170972811013 ], [ 2.251935912124726, 48.882079660942679 ], [ 2.254392422876372, 48.884891929465191 ], [ 2.252476017734698, 48.885491529586538 ], [ 2.253761015339158, 48.886891719060181 ], [ 2.254352762925304, 48.887661639942181 ], [ 2.256831869014618, 48.889587239550551 ], [ 2.259112637322935, 48.891087071518726 ], [ 2.26334469853922, 48.894843604033788 ], [ 2.265153387041037, 48.895899735831946 ], [ 2.26791370579508, 48.897186491611478 ], [ 2.271063962021799, 48.898398213472412 ], [ 2.272849014111524, 48.896674265827443 ], [ 2.273132475803882, 48.896398994089822 ], [ 2.27625105785978, 48.893418624790499 ], [ 2.276419665037195, 48.89325956319631 ], [ 2.277123062619456, 48.892697234149878 ], [ 2.27767594111357, 48.892071039851679 ], [ 2.280741587835336, 48.88913339356079 ], [ 2.283366455920863, 48.886687659127695 ], [ 2.284459571754662, 48.885639278193224 ], [ 2.284538198303594, 48.885574096660555 ], [ 2.281108010153241, 48.883040806398611 ], [ 2.280897352279332, 48.882792223694899 ], [ 2.280668770180328, 48.881768303996623 ], [ 2.279959643017463, 48.878616354327534 ], [ 2.279949332567544, 48.878573123973439 ], [ 2.279469949480847, 48.878531568000348 ], [ 2.277487029813821, 48.877968320844197 ], [ 2.270750115672039, 48.878834007579485 ], [ 2.261542031184246, 48.880001565755244 ], [ 2.258467171114177, 48.880387263077431 ], [ 2.256057163140736, 48.875559924476931 ], [ 2.255410336689475, 48.874263542667862 ], [ 2.254817140668557, 48.87408088136047 ], [ 2.246397777702424, 48.876177611377628 ], [ 2.245703788405577, 48.876459232468001 ] ] ] } },
{ "type": "Feature", "properties": { "insee_com": "92060", "nom_arrondissement": "Le Plessis-Robinson", "avg_circumference_cm": null, "tree_count": null, "pct_young_trees": null }, "geometry": { "type": "Polygon", "coordinates": [ [ [ 2.25412640461748, 48.773025895008374 ], [ 2.254070392522063, 48.772755716923143 ], [ 2.252318685787448, 48.772594561582807 ], [ 2.251228898172291, 48.77258233919882 ], [ 2.2508641253931, 48.772683486511013 ], [ 2.25072205640999, 48.772816610324035 ], [ 2.249850855307094, 48.773027905001783 ], [ 2.246471902385538, 48.773511218460811 ], [ 2.246320091954513, 48.772716065425968 ], [ 2.244939676301225, 48.772852156357658 ], [ 2.24494716906707, 48.772804533986154 ], [ 2.244536687418903, 48.772960238289876 ], [ 2.243838398541419, 48.773069148322747 ], [ 2.242685293017275, 48.773387437050353 ], [ 2.241918158186066, 48.773832285692421 ], [ 2.242058627391159, 48.773061467173093 ], [ 2.240653203073, 48.773044447037819 ], [ 2.239195955533968, 48.772661911956817 ], [ 2.239023894157681, 48.773263433728694 ], [ 2.238735988194096, 48.773223823368674 ], [ 2.238499067244211, 48.773793450796276 ], [ 2.238244072571361, 48.773829601094057 ], [ 2.237255266230457, 48.77361012716014 ], [ 2.236807367040915, 48.773716996903467 ], [ 2.236486920733896, 48.774971451038589 ], [ 2.237235314900264, 48.775533876999759 ], [ 2.237165807560502, 48.775820350558092 ], [ 2.237455504466116, 48.776297097547051 ], [ 2.237680273662995, 48.776281442886621 ], [ 2.240304314309081, 48.774763735038107 ], [ 2.24066898855168, 48.776074720229524 ], [ 2.239203527637806, 48.77624977934574 ], [ 2.240277994834056, 48.779843524920629 ], [ 2.246317644313486, 48.779104674970597 ], [ 2.24648184304313, 48.779702927893297 ], [ 2.246827215628888, 48.780384169957372 ], [ 2.248498819656543, 48.782627959773841 ], [ 2.250572116040734, 48.784679966483914 ], [ 2.25066061952954, 48.78448804587903 ], [ 2.251745573008062, 48.784475057759487 ], [ 2.253426290016716, 48.784678945908041 ], [ 2.255614734961339, 48.785166592841826 ], [ 2.258728625725827, 48.786142930873389 ], [ 2.258733667462367, 48.786267081673998 ], [ 2.263698352687258, 48.788337650999409 ], [ 2.264148202262072, 48.78848342888304 ], [ 2.264926802503382, 48.788579061722032 ], [ 2.268786147098284, 48.789324968697649 ], [ 2.270836475388334, 48.790076814302424 ], [ 2.271721900552649, 48.790518428562144 ], [ 2.272025097484228, 48.789665834193016 ], [ 2.272067449544311, 48.789166918032166 ], [ 2.27302678917303, 48.788406457900059 ], [ 2.27364055700914, 48.78812147845634 ], [ 2.274492659192621, 48.787924286817251 ], [ 2.274965565248343, 48.787686114158156 ], [ 2.274824269794296, 48.78756923236358 ], [ 2.273993290899463, 48.787716187539225 ], [ 2.273831064543281, 48.786658389809375 ], [ 2.274045376062605, 48.786320612549368 ], [ 2.274764875273899, 48.785770941761584 ], [ 2.275605360385358, 48.785917248221629 ], [ 2.275950576215922, 48.78605155456178 ], [ 2.276705985505181, 48.786051632428205 ], [ 2.278421030209807, 48.785653666996403 ], [ 2.280190662153742, 48.785539321608773 ], [ 2.280151213171646, 48.785044405544099 ], [ 2.279097066633943, 48.785191850385509 ], [ 2.278753298611939, 48.784263377504161 ], [ 2.279477589357958, 48.784050987924914 ], [ 2.279532717084509, 48.784099888821238 ], [ 2.279915462539166, 48.784078811209774 ], [ 2.280801547812407, 48.783878181553803 ], [ 2.280877150011106, 48.783527864155566 ], [ 2.281319859537486, 48.783401911194694 ], [ 2.281890083849051, 48.783405339611264 ], [ 2.281853105144182, 48.783224334608327 ], [ 2.281982973480441, 48.783182842503294 ], [ 2.281799118590299, 48.782598015876452 ], [ 2.280571060641436, 48.78332005513888 ], [ 2.279475217603877, 48.782547148483907 ], [ 2.278975645346166, 48.782750101465503 ], [ 2.278274945797773, 48.782045224593375 ], [ 2.278093239395738, 48.782095393698953 ], [ 2.277508098695573, 48.781106094204368 ], [ 2.276440342412156, 48.781356866549764 ], [ 2.276284502943734, 48.78121021684661 ], [ 2.276226024609285, 48.781305201020722 ], [ 2.27585244671454, 48.780765084793529 ], [ 2.275377528740945, 48.779486828045179 ], [ 2.275061657466364, 48.779496604334412 ], [ 2.274392605985353, 48.777011938515955 ], [ 2.272386191725841, 48.777340616757513 ], [ 2.271689136669199, 48.776971203872399 ], [ 2.269887763597756, 48.776552770130635 ], [ 2.269555905005916, 48.776344773623954 ], [ 2.269332364022728, 48.77598183835908 ], [ 2.268304664009017, 48.776195007905031 ], [ 2.267402910353669, 48.7764512139182 ], [ 2.26725197906949, 48.776151679610436 ], [ 2.267288033117276, 48.775909955695951 ], [ 2.267070766827625, 48.775682867507079 ], [ 2.267228735600964, 48.775287190384503 ], [ 2.266386548845087, 48.775275725703622 ], [ 2.265917203656938, 48.775556161383157 ], [ 2.265098351860202, 48.774950311237802 ], [ 2.264966331898145, 48.775048435782566 ], [ 2.264732294867147, 48.774853619204798 ], [ 2.264556161935374, 48.774991945927248 ], [ 2.264287517677918, 48.774935426884127 ], [ 2.264397251878037, 48.774680665856188 ], [ 2.264310062327774, 48.774591085843383 ], [ 2.26380378616833, 48.774595162403863 ], [ 2.259916315965811, 48.773227399631402 ], [ 2.258940634750273, 48.773132307833947 ], [ 2.257220965812277, 48.773299714306049 ], [ 2.256565037577113, 48.773111251509668 ], [ 2.256492426283086, 48.77324121657432 ], [ 2.25570731950999, 48.773237227033434 ], [ 2.255714030702404, 48.773052886218089 ], [ 2.25412640461748, 48.773025895008374 ] ] ] } },
{ "type": "Feature", "properties": { "insee_com": "92062", "nom_arrondissement": "Puteaux", "avg_circumference_cm": null, "tree_count": null, "pct_young_trees": null }, "geometry": { "type": "Polygon", "coordinates": [ [ [ 2.232073494956493, 48.875791591953586 ], [ 2.231925168618025, 48.875864386861416 ], [ 2.236401206897697, 48.879596528567738 ], [ 2.235502239492178, 48.879715800064758 ], [ 2.233341023834785, 48.879807202531843 ], [ 2.230523246547018, 48.879944711090801 ], [ 2.230105984927792, 48.88012999144626 ], [ 2.229882255444317, 48.880229279031916 ], [ 2.226435534232411, 48.881213423817542 ], [ 2.223615689603868, 48.882763625770643 ], [ 2.222451018206857, 48.883137388897353 ], [ 2.223565576868953, 48.884204047479336 ], [ 2.224530927419019, 48.885128531516287 ], [ 2.224492298268971, 48.885433157890013 ], [ 2.227004000217958, 48.887195018721286 ], [ 2.228249600966337, 48.888081707539939 ], [ 2.228603563358883, 48.888399656103701 ], [ 2.230699063499114, 48.889642531750667 ], [ 2.230475337035296, 48.88992348584069 ], [ 2.230803118902711, 48.890076680417486 ], [ 2.23006654963771, 48.890913725094734 ], [ 2.229955576923029, 48.891039817831093 ], [ 2.230084239594864, 48.891100900645846 ], [ 2.231094697424034, 48.892496865665784 ], [ 2.234267668437409, 48.895055114880698 ], [ 2.2337839378819, 48.895671660306967 ], [ 2.23507382459496, 48.895515328694891 ], [ 2.235737650720115, 48.895079793926172 ], [ 2.237157488525132, 48.894710228246765 ], [ 2.237809123061402, 48.894639732953607 ], [ 2.23835211547798, 48.894723228240665 ], [ 2.240046330586254, 48.894990301205105 ], [ 2.240507906680349, 48.895138921120825 ], [ 2.24054688140569, 48.894991677991065 ], [ 2.240611047719516, 48.894706996881531 ], [ 2.241168650222951, 48.890887467251638 ], [ 2.241868915482318, 48.890658075916605 ], [ 2.242362194770038, 48.890500217118266 ], [ 2.252471874546871, 48.887300070313628 ], [ 2.25303493138422, 48.887121918349571 ], [ 2.253761015339158, 48.886891719060181 ], [ 2.252476017734698, 48.885491529586538 ], [ 2.254392422876372, 48.884891929465191 ], [ 2.251935912124726, 48.882079660942679 ], [ 2.251016269660814, 48.881170972811013 ], [ 2.248039560598631, 48.878715094394984 ], [ 2.245703788405577, 48.876459232468001 ], [ 2.243010273208006, 48.873784659113376 ], [ 2.241856061513682, 48.872901388688213 ], [ 2.240945304504728, 48.872341617504404 ], [ 2.23922505676246, 48.871573443549828 ], [ 2.23557581105711, 48.870523134645708 ], [ 2.233702274504686, 48.869897796483308 ], [ 2.23173635974686, 48.869068581601802 ], [ 2.234721086970152, 48.871817235565565 ], [ 2.236834477596397, 48.873478337716499 ], [ 2.236171260712495, 48.873798772527422 ], [ 2.232073494956493, 48.875791591953586 ] ] ] } },
{ "type": "Feature", "properties": { "insee_com": "92063", "nom_arrondissement": "Rueil-Malmaison", "avg_circumference_cm": null, "tree_count": null, "pct_young_trees": null }, "geometry": { "type": "Polygon", "coordinates": [ [ [ 2.184349128248193, 48.851631104978509 ], [ 2.182619353877624, 48.85156623746412 ], [ 2.17659708850744, 48.8516481587653 ], [ 2.173585930092882, 48.850143430098093 ], [ 2.171341757639839, 48.84977895019771 ], [ 2.169342045228251, 48.849725510823568 ], [ 2.164666246755287, 48.848626295023699 ], [ 2.164624056308969, 48.84853786142579 ], [ 2.159886626042021, 48.847639486788054 ], [ 2.159865679781007, 48.847755359591375 ], [ 2.159376944787324, 48.848147653268114 ], [ 2.159141807053721, 48.849291808807045 ], [ 2.15437594093117, 48.852750499811151 ], [ 2.154248146040541, 48.853318901173829 ], [ 2.150749795185811, 48.856152334144532 ], [ 2.151263996014384, 48.856548109111131 ], [ 2.150130823489337, 48.856999645783553 ], [ 2.150467358641937, 48.857759306983425 ], [ 2.150342809512824, 48.85804172484837 ], [ 2.150685908174639, 48.858232129173928 ], [ 2.150995069771679, 48.85816327269346 ], [ 2.151542666296291, 48.859104301359118 ], [ 2.150133200597347, 48.859527796363736 ], [ 2.151133501328582, 48.860542190748525 ], [ 2.15220210771109, 48.861047117306249 ], [ 2.153290791419384, 48.861408277015158 ], [ 2.153104122808105, 48.861990646291467 ], [ 2.153332126996536, 48.86255526397408 ], [ 2.154349511693463, 48.863448334187986 ], [ 2.154941204580842, 48.863778983829491 ], [ 2.153758803524051, 48.864400185410688 ], [ 2.154096933398403, 48.864899925216505 ], [ 2.154476049652614, 48.866066382868382 ], [ 2.154651755520234, 48.866327540436238 ], [ 2.156697402855138, 48.868466268193018 ], [ 2.15729642547503, 48.868938155687601 ], [ 2.157349603730349, 48.869190351448751 ], [ 2.157202260325787, 48.869618309570882 ], [ 2.156999660603366, 48.86958540515154 ], [ 2.152202013855819, 48.868256436175706 ], [ 2.148478599810693, 48.868443152993798 ], [ 2.148014622236868, 48.869305038618613 ], [ 2.149373795219819, 48.870058478579345 ], [ 2.150391362210058, 48.870861640985495 ], [ 2.152155411625813, 48.872459722070651 ], [ 2.152741883034503, 48.873116809739038 ], [ 2.157680203085672, 48.880023640142902 ], [ 2.158318482890037, 48.880606413144776 ], [ 2.159729651376717, 48.881122661339901 ], [ 2.161449584324616, 48.881604182122885 ], [ 2.162714031271208, 48.882344204164809 ], [ 2.163160045714448, 48.882761923059036 ], [ 2.163380650190499, 48.883120506766907 ], [ 2.16353339064514, 48.884393253863777 ], [ 2.163286973932849, 48.885640726768543 ], [ 2.162930088736641, 48.887057402110145 ], [ 2.16297656700907, 48.887559562341202 ], [ 2.163198613082424, 48.888169072240942 ], [ 2.163497259959362, 48.888764727000165 ], [ 2.164142290652139, 48.889617313628918 ], [ 2.16604327472061, 48.891332126431102 ], [ 2.166639359827368, 48.89209442201269 ], [ 2.167101773827628, 48.893199332659869 ], [ 2.167902152838636, 48.894494551188046 ], [ 2.168329118211585, 48.895003845456948 ], [ 2.169348699832831, 48.895814931100553 ], [ 2.176109105233387, 48.891991774796054 ], [ 2.177157651853096, 48.891578092967002 ], [ 2.180651489557471, 48.890130727919768 ], [ 2.183983132868953, 48.888490595066628 ], [ 2.185358401334428, 48.887757102338632 ], [ 2.192363419254874, 48.884108253343697 ], [ 2.192147942667168, 48.88402136178027 ], [ 2.195202084848238, 48.88228820591484 ], [ 2.197067680888246, 48.881217019258159 ], [ 2.200100398481909, 48.879436826409425 ], [ 2.203032926784041, 48.87750749559126 ], [ 2.206315548234041, 48.875316003533705 ], [ 2.207759604429106, 48.874229260005372 ], [ 2.206798243272014, 48.873702168573331 ], [ 2.208307263485679, 48.872463857003439 ], [ 2.208730825332978, 48.871864990277238 ], [ 2.209302126018115, 48.871681699984819 ], [ 2.210808216557568, 48.869999054795336 ], [ 2.210963781158784, 48.86998928814721 ], [ 2.213211896493295, 48.870619245436487 ], [ 2.211818502330652, 48.869543443354608 ], [ 2.211394836421162, 48.868982152971519 ], [ 2.211224966299777, 48.868406345168324 ], [ 2.211289686615582, 48.867553282323456 ], [ 2.211404838831931, 48.86670055110266 ], [ 2.209998805694016, 48.866827081593513 ], [ 2.209137111263162, 48.867105587737996 ], [ 2.20777663562375, 48.864414702455242 ], [ 2.206942394062398, 48.864682582625477 ], [ 2.204574393995389, 48.865140830283231 ], [ 2.203524749249411, 48.865408154199464 ], [ 2.202050202969002, 48.866181674092516 ], [ 2.200792587729042, 48.863564238633231 ], [ 2.199785496110201, 48.861417026708075 ], [ 2.203558294743559, 48.860628271353832 ], [ 2.202546217477184, 48.85844686829401 ], [ 2.201823235813284, 48.857506707751249 ], [ 2.200768633098436, 48.857040092418664 ], [ 2.198838613590237, 48.855359758663027 ], [ 2.198719005626461, 48.855161096748475 ], [ 2.197881676149754, 48.854750770765961 ], [ 2.195277516065504, 48.855610169877494 ], [ 2.194312954050146, 48.856113620964805 ], [ 2.19347647074218, 48.855297654789403 ], [ 2.192917505688383, 48.854868484311233 ], [ 2.192119108869099, 48.854411612929248 ], [ 2.192043569027281, 48.854185361047939 ], [ 2.192311619453051, 48.854037875319804 ], [ 2.192078085011599, 48.853805160562018 ], [ 2.190360591793973, 48.85206765818603 ], [ 2.187304305383996, 48.852555982535527 ], [ 2.186857499920678, 48.852193198085622 ], [ 2.184349128248193, 48.851631104978509 ] ] ] } },
{ "type": "Feature", "properties": { "insee_com": "92064", "nom_arrondissement": "Saint-Cloud", "avg_circumference_cm": null, "tree_count": null, "pct_young_trees": null }, "geometry": { "type": "Polygon", "coordinates": [ [ [ 2.186703458320242, 48.836915310618792 ], [ 2.187425128940569, 48.837554281196482 ], [ 2.187215294455066, 48.837730034166782 ], [ 2.188171150460417, 48.838380483915614 ], [ 2.187566078533283, 48.838913307457041 ], [ 2.188663082988828, 48.839250826572787 ], [ 2.189923543982191, 48.839592140634096 ], [ 2.191886339365729, 48.83998135829976 ], [ 2.193859783545604, 48.840564881443022 ], [ 2.198314035463641, 48.841442931220506 ], [ 2.198821637101919, 48.841484105881584 ], [ 2.199089975987244, 48.842819681586938 ], [ 2.198916812810988, 48.844156796264656 ], [ 2.198389577822775, 48.844770237233142 ], [ 2.197909052761609, 48.845889438207372 ], [ 2.197820571331123, 48.846503118569608 ], [ 2.197894134760822, 48.847301357554905 ], [ 2.19802286576173, 48.847437126767595 ], [ 2.199005101516853, 48.847898790443189 ], [ 2.20102483951264, 48.849042808185565 ], [ 2.201741212608051, 48.849516163222987 ], [ 2.203877801347569, 48.85042347579482 ], [ 2.205153237690555, 48.851057918111273 ], [ 2.205497267703519, 48.851822869367282 ], [ 2.203969316778804, 48.852194046604744 ], [ 2.201441985095157, 48.853124242272024 ], [ 2.199709225281663, 48.854048009602522 ], [ 2.197881676149754, 48.854750770765961 ], [ 2.198719005626461, 48.855161096748475 ], [ 2.198838613590237, 48.855359758663027 ], [ 2.200768633098436, 48.857040092418664 ], [ 2.201823235813284, 48.857506707751249 ], [ 2.202546217477184, 48.85844686829401 ], [ 2.203558294743559, 48.860628271353832 ], [ 2.205265549826048, 48.860314051964416 ], [ 2.205845007425187, 48.860303508973473 ], [ 2.210027786084184, 48.860960747635829 ], [ 2.212396395044694, 48.861618504201729 ], [ 2.212625686891561, 48.861689263861663 ], [ 2.213693631188038, 48.859388521864851 ], [ 2.213721046132226, 48.859287973312696 ], [ 2.213858480726005, 48.859303266068252 ], [ 2.215277484776526, 48.85965883441375 ], [ 2.216605726367803, 48.859797045204807 ], [ 2.218756332235748, 48.859814702015193 ], [ 2.220214170832838, 48.859946523743538 ], [ 2.221495262783259, 48.859957562831738 ], [ 2.224260573198487, 48.859611279108222 ], [ 2.225670292256979, 48.859404562387908 ], [ 2.224407449942075, 48.856154179452894 ], [ 2.224219105880447, 48.853516917548411 ], [ 2.224335209393279, 48.85295016966878 ], [ 2.22548319597127, 48.849709986797684 ], [ 2.225528911883337, 48.847642629791039 ], [ 2.225369607159151, 48.846533572298306 ], [ 2.223593532452722, 48.841261616950767 ], [ 2.223039904221158, 48.839645438574763 ], [ 2.222934975734856, 48.838915361080495 ], [ 2.222938033831907, 48.837979127296137 ], [ 2.223117256008488, 48.836558371609932 ], [ 2.223456059624983, 48.835856356453036 ], [ 2.224049690235516, 48.835149697715721 ], [ 2.22209348055373, 48.835411302466454 ], [ 2.222171755039133, 48.832630920046235 ], [ 2.222213485533016, 48.83229931873467 ], [ 2.222423152077543, 48.831942727103971 ], [ 2.222430234786848, 48.831467898091383 ], [ 2.222863538765609, 48.830730520519751 ], [ 2.223791426430394, 48.829712146000695 ], [ 2.22207414661859, 48.829312453170452 ], [ 2.221906789087864, 48.829207934989206 ], [ 2.221676499679736, 48.829212732193341 ], [ 2.220828316650395, 48.828450824680779 ], [ 2.221647819258021, 48.827027933184887 ], [ 2.219432179764769, 48.826622257959436 ], [ 2.218887038872071, 48.826367768946199 ], [ 2.218432001556637, 48.826736243638635 ], [ 2.218570175805184, 48.826969188929517 ], [ 2.218063143390117, 48.827443450158242 ], [ 2.214076872780308, 48.827657456506437 ], [ 2.211027082640014, 48.827646369024158 ], [ 2.2069437354732, 48.828865913704718 ], [ 2.200583327943915, 48.829853367481341 ], [ 2.199433265119229, 48.829785415540996 ], [ 2.198269266069335, 48.829738045039754 ], [ 2.196889602738625, 48.829807035124979 ], [ 2.194271814329344, 48.829424275382948 ], [ 2.193984090082665, 48.829531162743571 ], [ 2.193753740154626, 48.829627643534714 ], [ 2.193241411508266, 48.829371460101086 ], [ 2.191035258248874, 48.82923963685608 ], [ 2.190117790543713, 48.829371034080211 ], [ 2.189012724218119, 48.829214246799424 ], [ 2.188330413616335, 48.828940700217672 ], [ 2.187559255073014, 48.828774473001303 ], [ 2.187518240895572, 48.828871328587596 ], [ 2.186723004606249, 48.828764292174888 ], [ 2.186157725450737, 48.828848587067817 ], [ 2.184987095289117, 48.829227353264365 ], [ 2.184777438833422, 48.828870664851927 ], [ 2.180796681357069, 48.830624257439055 ], [ 2.185304922694038, 48.833907240735776 ], [ 2.1863110715339, 48.836479138545776 ], [ 2.186703458320242, 48.836915310618792 ] ] ] } },
{ "type": "Feature", "properties": { "insee_com": "92071", "nom_arrondissement": "Sceaux", "avg_circumference_cm": null, "tree_count": null, "pct_young_trees": null }, "geometry": { "type": "Polygon", "coordinates": [ [ [ 2.312723577637828, 48.776629687010875 ], [ 2.314253496344108, 48.776812066211725 ], [ 2.313879008317055, 48.775796270918832 ], [ 2.31239901250605, 48.772137012230786 ], [ 2.311831638180712, 48.770688372300661 ], [ 2.310856631244987, 48.770848245369422 ], [ 2.309960741967445, 48.77088984363094 ], [ 2.308996964334035, 48.770920249409585 ], [ 2.307434379643458, 48.770752901674896 ], [ 2.307404338834442, 48.770248150539906 ], [ 2.307164879436447, 48.769631555459306 ], [ 2.306893437684423, 48.769374544065215 ], [ 2.306576919732311, 48.769233296183728 ], [ 2.290254897776367, 48.766600144563476 ], [ 2.286285710933607, 48.771302086012739 ], [ 2.286222082030233, 48.772870303175708 ], [ 2.286440022081373, 48.773351897723302 ], [ 2.287013435490351, 48.773711493272025 ], [ 2.286303809973161, 48.774157867146151 ], [ 2.285252086617691, 48.774245119378655 ], [ 2.285068923357679, 48.774404120749878 ], [ 2.284852483418828, 48.774310184657772 ], [ 2.284467595782052, 48.774294388628171 ], [ 2.283186701872476, 48.774322686748917 ], [ 2.282527688043897, 48.774450046534952 ], [ 2.282709590079548, 48.774779428416558 ], [ 2.281480727934023, 48.774486926498909 ], [ 2.280134575261626, 48.773918481275899 ], [ 2.279144572363299, 48.77505388052824 ], [ 2.278659307897951, 48.775998943466178 ], [ 2.278299201724132, 48.776453675324589 ], [ 2.280112414738961, 48.779076534302035 ], [ 2.280440406692476, 48.78016141151835 ], [ 2.279943063880727, 48.782078673971675 ], [ 2.27977341159967, 48.782340281438152 ], [ 2.279475217603877, 48.782547148483907 ], [ 2.280571060641436, 48.78332005513888 ], [ 2.281799118590299, 48.782598015876452 ], [ 2.281982973480441, 48.783182842503294 ], [ 2.282415495109792, 48.783005557495486 ], [ 2.282841111659794, 48.782934360664868 ], [ 2.285267244369759, 48.782478502953659 ], [ 2.286636475732397, 48.782474093819793 ], [ 2.287925179566481, 48.782586113280097 ], [ 2.290016576148524, 48.783220954848751 ], [ 2.290093607099992, 48.783161151675422 ], [ 2.290709729301039, 48.783392362902973 ], [ 2.291557824645934, 48.783579975711632 ], [ 2.29147814480178, 48.783834937227873 ], [ 2.293453378575722, 48.784209997103346 ], [ 2.296088262747297, 48.7845205564007 ], [ 2.296296172534392, 48.784545165796708 ], [ 2.303407207989392, 48.785397204489406 ], [ 2.303591971581723, 48.785320931955177 ], [ 2.304102617875384, 48.785200687423256 ], [ 2.306182683690018, 48.784969941937412 ], [ 2.309697914061021, 48.784897661951454 ], [ 2.31047110607535, 48.784889534480754 ], [ 2.310160435735341, 48.784195193421368 ], [ 2.310099698128928, 48.784259600492227 ], [ 2.309302159378249, 48.78292026308381 ], [ 2.309385888997159, 48.782866782211791 ], [ 2.306851637602414, 48.77836222142475 ], [ 2.307445335628537, 48.77823344994367 ], [ 2.306911209804059, 48.777463148630964 ], [ 2.310576614195722, 48.776904231459753 ], [ 2.312068753552152, 48.776545869905867 ], [ 2.312723577637828, 48.776629687010875 ] ] ] } },
{ "type": "Feature", "properties": { "insee_com": "92072", "nom_arrondissement": "Sèvres", "avg_circumference_cm": null, "tree_count": null, "pct_young_trees": null }, "geometry": { "type": "Polygon", "coordinates": [ [ [ 2.204015995784734, 48.810328791294587 ], [ 2.197188572891754, 48.814816127973174 ], [ 2.196691920491487, 48.815141972795168 ], [ 2.197228463628705, 48.815763464649734 ], [ 2.198781677051466, 48.816429545657854 ], [ 2.199111558271921, 48.816587351890348 ], [ 2.199542593394442, 48.817075913867377 ], [ 2.199199482286365, 48.817247200325156 ], [ 2.198966202299721, 48.817272619653984 ], [ 2.198581820980298, 48.817824972827104 ], [ 2.198210608307401, 48.818051830724329 ], [ 2.200261284949704, 48.819055801213807 ], [ 2.199602371976448, 48.819658485321966 ], [ 2.199549903788126, 48.819704902729718 ], [ 2.199532070528312, 48.819801918197705 ], [ 2.198866176699387, 48.820237263508218 ], [ 2.197879163915475, 48.820916885871924 ], [ 2.197603844879056, 48.820752247984416 ], [ 2.197204341972557, 48.820249502057102 ], [ 2.196183911787545, 48.819738084990988 ], [ 2.194616163457407, 48.818509750918892 ], [ 2.193925028033015, 48.818285640384303 ], [ 2.191724268830257, 48.816869519325884 ], [ 2.191485033061791, 48.817015403409819 ], [ 2.190907072249352, 48.816960227971784 ], [ 2.190096332932929, 48.816722693729218 ], [ 2.189576359889998, 48.816704780010632 ], [ 2.190008733533392, 48.816400114967259 ], [ 2.189678351605696, 48.816101074086227 ], [ 2.189773537315152, 48.815759946794124 ], [ 2.182858738398171, 48.815443067298169 ], [ 2.181798961222688, 48.81485030852371 ], [ 2.181105974533619, 48.81466388471658 ], [ 2.17852220827748, 48.814856620261409 ], [ 2.179216094236425, 48.815418116179444 ], [ 2.181568706315606, 48.817806864426721 ], [ 2.181987166753201, 48.817871786661527 ], [ 2.183100030452764, 48.817514238548569 ], [ 2.183436674483853, 48.817498550081403 ], [ 2.1841039237768, 48.817504903915747 ], [ 2.184933757043573, 48.817652668878104 ], [ 2.186296565721412, 48.81812064504323 ], [ 2.187218888332236, 48.818714225950245 ], [ 2.19086794369523, 48.820535072517643 ], [ 2.193204503747164, 48.821633734033512 ], [ 2.193861035631715, 48.821808147742502 ], [ 2.194205986759954, 48.821785289686936 ], [ 2.195093003140848, 48.821764281881158 ], [ 2.196519441012007, 48.82200501977735 ], [ 2.1988590813622, 48.822205993087785 ], [ 2.19849566622056, 48.823164111115233 ], [ 2.198393914876022, 48.823757928455606 ], [ 2.19939261592689, 48.82373943598548 ], [ 2.199419370142564, 48.82403731434249 ], [ 2.200859352497961, 48.824021763077532 ], [ 2.200968009234746, 48.825908515078986 ], [ 2.198205508050928, 48.826000650413576 ], [ 2.199433265119229, 48.829785415540996 ], [ 2.200583327943915, 48.829853367481341 ], [ 2.2069437354732, 48.828865913704718 ], [ 2.211027082640014, 48.827646369024158 ], [ 2.214076872780308, 48.827657456506437 ], [ 2.218063143390117, 48.827443450158242 ], [ 2.218570175805184, 48.826969188929517 ], [ 2.218432001556637, 48.826736243638635 ], [ 2.218887038872071, 48.826367768946199 ], [ 2.219432179764769, 48.826622257959436 ], [ 2.221647819258021, 48.827027933184887 ], [ 2.220828316650395, 48.828450824680779 ], [ 2.221676499679736, 48.829212732193341 ], [ 2.221906789087864, 48.829207934989206 ], [ 2.22207414661859, 48.829312453170452 ], [ 2.223791426430394, 48.829712146000695 ], [ 2.222863538765609, 48.830730520519751 ], [ 2.222430234786848, 48.831467898091383 ], [ 2.222423152077543, 48.831942727103971 ], [ 2.222213485533016, 48.83229931873467 ], [ 2.222171755039133, 48.832630920046235 ], [ 2.22209348055373, 48.835411302466454 ], [ 2.224049690235516, 48.835149697715721 ], [ 2.225919308987407, 48.832736177729757 ], [ 2.226267102038434, 48.831699639942279 ], [ 2.226420854686464, 48.830518843130413 ], [ 2.226920730751913, 48.828411216709505 ], [ 2.227637373901618, 48.826840120624325 ], [ 2.228499265247991, 48.825760122409271 ], [ 2.229140547693534, 48.82513468566178 ], [ 2.230682286226585, 48.823947526650635 ], [ 2.232638353852012, 48.822737823560374 ], [ 2.23206512317046, 48.822261963449094 ], [ 2.231829189652126, 48.822374670709252 ], [ 2.231499878726698, 48.822076655071577 ], [ 2.230774172045788, 48.821597110167097 ], [ 2.230639678590283, 48.821758135413852 ], [ 2.229967239341658, 48.82154604753309 ], [ 2.229797441160368, 48.822068399934942 ], [ 2.228901139596037, 48.822533904574357 ], [ 2.228559735113385, 48.822778135731724 ], [ 2.228534892261989, 48.822892198119483 ], [ 2.227339732561725, 48.823669649768654 ], [ 2.226914515787189, 48.82341057520248 ], [ 2.226073766006141, 48.823984344382019 ], [ 2.224827164561022, 48.823361986101631 ], [ 2.225332104844234, 48.823021690875997 ], [ 2.225120324865812, 48.822882711858298 ], [ 2.225406520671722, 48.822688498747681 ], [ 2.222606804477512, 48.82090662164282 ], [ 2.221813920922576, 48.820371721449867 ], [ 2.221893714746015, 48.820318277097371 ], [ 2.221769764886878, 48.820227531066486 ], [ 2.221325204843931, 48.82026421019809 ], [ 2.22128779516269, 48.819941983521652 ], [ 2.221024794778659, 48.819951063181577 ], [ 2.220987924615694, 48.819592864045511 ], [ 2.220546362010101, 48.819611571909327 ], [ 2.220514270545107, 48.819298373384981 ], [ 2.220203524571409, 48.819221697453656 ], [ 2.21957226896199, 48.818901891316081 ], [ 2.219410953314829, 48.81894221048573 ], [ 2.219062507843514, 48.81865482691326 ], [ 2.218925166620104, 48.818731277829635 ], [ 2.218192125441671, 48.8182066363823 ], [ 2.218027412914354, 48.818291901284411 ], [ 2.217653415367755, 48.817983660138097 ], [ 2.217519026889545, 48.818044839073806 ], [ 2.217149173534718, 48.817733025786616 ], [ 2.219499185729273, 48.816596262104795 ], [ 2.219953820626836, 48.816339303283748 ], [ 2.220150621115091, 48.815746984796775 ], [ 2.220656316121536, 48.81517106996052 ], [ 2.220220799114839, 48.815061201930746 ], [ 2.219360764172535, 48.81447098064735 ], [ 2.215826321797914, 48.812779464326795 ], [ 2.211411256319696, 48.811704420157653 ], [ 2.210865738955745, 48.811487662324552 ], [ 2.208745571406895, 48.810672281074702 ], [ 2.20564186156238, 48.809170380330599 ], [ 2.204015995784734, 48.810328791294587 ] ] ] } },
{ "type": "Feature", "properties": { "insee_com": "92073", "nom_arrondissement": "Suresnes", "avg_circumference_cm": null, "tree_count": null, "pct_young_trees": null }, "geometry": { "type": "Polygon", "coordinates": [ [ [ 2.199785496110201, 48.861417026708075 ], [ 2.200792587729042, 48.863564238633231 ], [ 2.202050202969002, 48.866181674092516 ], [ 2.203524749249411, 48.865408154199464 ], [ 2.204574393995389, 48.865140830283231 ], [ 2.206942394062398, 48.864682582625477 ], [ 2.20777663562375, 48.864414702455242 ], [ 2.209137111263162, 48.867105587737996 ], [ 2.209998805694016, 48.866827081593513 ], [ 2.211404838831931, 48.86670055110266 ], [ 2.211289686615582, 48.867553282323456 ], [ 2.211224966299777, 48.868406345168324 ], [ 2.211394836421162, 48.868982152971519 ], [ 2.211818502330652, 48.869543443354608 ], [ 2.213211896493295, 48.870619245436487 ], [ 2.210963781158784, 48.86998928814721 ], [ 2.210808216557568, 48.869999054795336 ], [ 2.209302126018115, 48.871681699984819 ], [ 2.208730825332978, 48.871864990277238 ], [ 2.208307263485679, 48.872463857003439 ], [ 2.206798243272014, 48.873702168573331 ], [ 2.207759604429106, 48.874229260005372 ], [ 2.210099923429609, 48.875531697607109 ], [ 2.210450690438812, 48.875867670662764 ], [ 2.210782936679089, 48.876526387018693 ], [ 2.210653270456252, 48.876715294840089 ], [ 2.210827551210258, 48.877271342382606 ], [ 2.211529338438718, 48.877208515583675 ], [ 2.211646820668723, 48.877283935285014 ], [ 2.211929422615573, 48.876989910208323 ], [ 2.213137690276967, 48.876433966409351 ], [ 2.214625532085418, 48.876504892741544 ], [ 2.214823034049083, 48.876608714137589 ], [ 2.215978010715191, 48.876691829441029 ], [ 2.216609209132485, 48.876788594675588 ], [ 2.21686168043343, 48.876954827415474 ], [ 2.216300633049757, 48.877542027644367 ], [ 2.2161933360654, 48.877785947845766 ], [ 2.216437786753492, 48.87812300486479 ], [ 2.218957730750793, 48.87974840361494 ], [ 2.223615689603868, 48.882763625770643 ], [ 2.226435534232411, 48.881213423817542 ], [ 2.229882255444317, 48.880229279031916 ], [ 2.230105984927792, 48.88012999144626 ], [ 2.230523246547018, 48.879944711090801 ], [ 2.233341023834785, 48.879807202531843 ], [ 2.235502239492178, 48.879715800064758 ], [ 2.236401206897697, 48.879596528567738 ], [ 2.231925168618025, 48.875864386861416 ], [ 2.232073494956493, 48.875791591953586 ], [ 2.236171260712495, 48.873798772527422 ], [ 2.236834477596397, 48.873478337716499 ], [ 2.234721086970152, 48.871817235565565 ], [ 2.23173635974686, 48.869068581601802 ], [ 2.230658982743392, 48.868079566918482 ], [ 2.229615132438551, 48.866854226755528 ], [ 2.228248359287424, 48.865161826511972 ], [ 2.227181294011469, 48.862384917761567 ], [ 2.225670292256979, 48.859404562387908 ], [ 2.224260573198487, 48.859611279108222 ], [ 2.221495262783259, 48.859957562831738 ], [ 2.220214170832838, 48.859946523743538 ], [ 2.218756332235748, 48.859814702015193 ], [ 2.216605726367803, 48.859797045204807 ], [ 2.215277484776526, 48.85965883441375 ], [ 2.213858480726005, 48.859303266068252 ], [ 2.213721046132226, 48.859287973312696 ], [ 2.213693631188038, 48.859388521864851 ], [ 2.212625686891561, 48.861689263861663 ], [ 2.212396395044694, 48.861618504201729 ], [ 2.210027786084184, 48.860960747635829 ], [ 2.205845007425187, 48.860303508973473 ], [ 2.205265549826048, 48.860314051964416 ], [ 2.203558294743559, 48.860628271353832 ], [ 2.199785496110201, 48.861417026708075 ] ] ] } },
{ "type": "Feature", "properties": { "insee_com": "92075", "nom_arrondissement": "Vanves", "avg_circumference_cm": null, "tree_count": null, "pct_young_trees": null }, "geometry": { "type": "Polygon", "coordinates": [ [ [ 2.278183329673125, 48.814248778184748 ], [ 2.278070533915822, 48.814821909442514 ], [ 2.277188994353072, 48.815343626992529 ], [ 2.276102189282937, 48.814953910783004 ], [ 2.274475730250409, 48.81459149026022 ], [ 2.272560936455356, 48.814399077456102 ], [ 2.273156224207425, 48.815168980405005 ], [ 2.275034267534019, 48.816635598223776 ], [ 2.275949990184689, 48.817284211339214 ], [ 2.277117670027516, 48.81744327359057 ], [ 2.278232779087032, 48.818252265711131 ], [ 2.279492549739333, 48.818845365766713 ], [ 2.281447580756507, 48.820084795041062 ], [ 2.281872979911072, 48.820249240367851 ], [ 2.281374679653061, 48.82112494782897 ], [ 2.281952397617502, 48.82130649693093 ], [ 2.281111141018477, 48.822852883079946 ], [ 2.281562920887116, 48.823081343912087 ], [ 2.281012298675695, 48.823501644860912 ], [ 2.280819933127719, 48.824709260702065 ], [ 2.280017722338587, 48.825197295837476 ], [ 2.280830210610702, 48.825642882598551 ], [ 2.280496816513082, 48.825915189007958 ], [ 2.280560260908528, 48.825956942321987 ], [ 2.282979054110691, 48.827073212545884 ], [ 2.284590127377325, 48.827497475956783 ], [ 2.28465618535803, 48.827448405135151 ], [ 2.286090676546761, 48.827439888806502 ], [ 2.287878076392344, 48.827523395331717 ], [ 2.28789226070753, 48.827581939550427 ], [ 2.286578281728182, 48.828439312432174 ], [ 2.286654152889123, 48.828469444558152 ], [ 2.287752717139195, 48.828224165696753 ], [ 2.289407656009721, 48.82833384157577 ], [ 2.292191836480192, 48.827141584926821 ], [ 2.292292946367538, 48.827118799412766 ], [ 2.296970964406, 48.826084222652732 ], [ 2.301315418488453, 48.825125760833103 ], [ 2.298945966058061, 48.823255568352451 ], [ 2.295459019922782, 48.820336358052487 ], [ 2.294129544916967, 48.819443521087784 ], [ 2.292219281319005, 48.818297202068329 ], [ 2.289029940981272, 48.816875234041326 ], [ 2.287630090279024, 48.816363243756072 ], [ 2.285265146391211, 48.815619724331839 ], [ 2.282264461937978, 48.814962281675498 ], [ 2.281273884892806, 48.814801635685455 ], [ 2.278183329673125, 48.814248778184748 ] ] ] } },
{ "type": "Feature", "properties": { "insee_com": "92076", "nom_arrondissement": "Vaucresson", "avg_circumference_cm": null, "tree_count": null, "pct_young_trees": null }, "geometry": { "type": "Polygon", "coordinates": [ [ [ 2.148481478955963, 48.828486428990864 ], [ 2.145953524884094, 48.835865911953142 ], [ 2.145867176600167, 48.836895096736647 ], [ 2.146204850933185, 48.838155752570174 ], [ 2.146223538920063, 48.838678430478275 ], [ 2.145719006667272, 48.839534642871904 ], [ 2.145840029914647, 48.840796447406966 ], [ 2.145727366208376, 48.841767879046628 ], [ 2.147479472952191, 48.843194211321844 ], [ 2.149372164635443, 48.845864461424547 ], [ 2.149642579668314, 48.846245023481316 ], [ 2.149847368969299, 48.846304938723954 ], [ 2.149872226742563, 48.846535356967649 ], [ 2.150024888729161, 48.846616486600844 ], [ 2.149978575258674, 48.846698900606114 ], [ 2.151039181181718, 48.848095074788652 ], [ 2.151531634970047, 48.848482603289 ], [ 2.151731027552192, 48.84845613641896 ], [ 2.151797109334193, 48.848666160306124 ], [ 2.151936096005351, 48.848750787843592 ], [ 2.153025771402551, 48.848867331790409 ], [ 2.157081819787878, 48.847742973241061 ], [ 2.158384840156104, 48.847558780084206 ], [ 2.159871956896581, 48.847535055803853 ], [ 2.159886626042021, 48.847639486788054 ], [ 2.164624056308969, 48.84853786142579 ], [ 2.164666246755287, 48.848626295023699 ], [ 2.169342045228251, 48.849725510823568 ], [ 2.171341757639839, 48.84977895019771 ], [ 2.173585930092882, 48.850143430098093 ], [ 2.17659708850744, 48.8516481587653 ], [ 2.182619353877624, 48.85156623746412 ], [ 2.181751037815458, 48.84819394314389 ], [ 2.180437641790013, 48.846182940167814 ], [ 2.179508962208969, 48.845188157899877 ], [ 2.179161581585225, 48.844403315152114 ], [ 2.178901664399803, 48.844121824443057 ], [ 2.175360577150814, 48.843493983107706 ], [ 2.175225123519326, 48.843529024526475 ], [ 2.174359947996976, 48.84317949302919 ], [ 2.167043908320184, 48.842168235699489 ], [ 2.166951243507499, 48.841913065126555 ], [ 2.167375017738759, 48.841826976578076 ], [ 2.167320320391888, 48.839365881684337 ], [ 2.166860245582987, 48.839337495386928 ], [ 2.166652002557024, 48.837704559346555 ], [ 2.159444432719854, 48.837711688230883 ], [ 2.157380537406873, 48.837780810040783 ], [ 2.156184000026446, 48.83763027188639 ], [ 2.155995235759097, 48.837592065213578 ], [ 2.155868699940372, 48.837413093536512 ], [ 2.155223783902374, 48.835929046521947 ], [ 2.154391303771425, 48.834755756295159 ], [ 2.151696850353285, 48.829794515121918 ], [ 2.151458974537662, 48.826080121205585 ], [ 2.151005629102971, 48.823554990221353 ], [ 2.151088515977636, 48.822981761651846 ], [ 2.151424245588232, 48.822104531129938 ], [ 2.151469665067264, 48.821406018955784 ], [ 2.149018602550854, 48.826959479527183 ], [ 2.148481478955963, 48.828486428990864 ] ] ] } },
{ "type": "Feature", "properties": { "insee_com": "92077", "nom_arrondissement": "Ville-d'Avray", "avg_circumference_cm": null, "tree_count": null, "pct_young_trees": null }, "geometry": { "type": "Polygon", "coordinates": [ [ [ 2.169315492582344, 48.815912765573366 ], [ 2.167670638402333, 48.813077195464324 ], [ 2.166532314684151, 48.812300272806155 ], [ 2.162728086954894, 48.812429288535675 ], [ 2.16204412072101, 48.812535123620897 ], [ 2.161277542970825, 48.81278158216341 ], [ 2.160491141771125, 48.813074665740878 ], [ 2.159860759468595, 48.813488461667653 ], [ 2.158543044016629, 48.813961276492037 ], [ 2.157344389329558, 48.814565329833187 ], [ 2.154492912481017, 48.816060697075308 ], [ 2.154303999513441, 48.816120520540018 ], [ 2.15323868822264, 48.816139063338348 ], [ 2.151639844304857, 48.81697406951659 ], [ 2.151225883788785, 48.817639389101764 ], [ 2.15082132916252, 48.817977390736068 ], [ 2.15074729048807, 48.818843889994433 ], [ 2.151317297837204, 48.819637612925099 ], [ 2.151868031319095, 48.820110109226626 ], [ 2.152616214607437, 48.821004922063835 ], [ 2.153308329543673, 48.821411857134549 ], [ 2.153679073790045, 48.821479238594023 ], [ 2.154649759615607, 48.821423146832906 ], [ 2.15597933435798, 48.821493698236274 ], [ 2.156315872686502, 48.821402535551989 ], [ 2.15730019504185, 48.820923800203907 ], [ 2.158213258486952, 48.82097700036919 ], [ 2.158904921473055, 48.820823573061475 ], [ 2.159144147030812, 48.820854036378847 ], [ 2.159599822657288, 48.821060504380981 ], [ 2.160630464143544, 48.82252477110908 ], [ 2.161769848316168, 48.823667804469672 ], [ 2.162460615941624, 48.82365645540618 ], [ 2.164003915624508, 48.823229247823051 ], [ 2.164871331892318, 48.823158860040692 ], [ 2.167296201419895, 48.823392525267707 ], [ 2.17387684943765, 48.824314181023666 ], [ 2.175568779790766, 48.826283840766742 ], [ 2.176415935648733, 48.827239437947554 ], [ 2.17620467031509, 48.827506002061874 ], [ 2.176151591506065, 48.828106430979787 ], [ 2.176315802804598, 48.828231678291665 ], [ 2.176877925838987, 48.828261630951388 ], [ 2.177373647728535, 48.828614905497005 ], [ 2.178219732152064, 48.829038040223537 ], [ 2.178483708566948, 48.829056942268593 ], [ 2.178464215718134, 48.829170131725043 ], [ 2.17980187438013, 48.830386295870795 ], [ 2.180796681357069, 48.830624257439055 ], [ 2.184777438833422, 48.828870664851927 ], [ 2.184987095289117, 48.829227353264365 ], [ 2.186157725450737, 48.828848587067817 ], [ 2.186723004606249, 48.828764292174888 ], [ 2.187518240895572, 48.828871328587596 ], [ 2.187559255073014, 48.828774473001303 ], [ 2.188330413616335, 48.828940700217672 ], [ 2.189012724218119, 48.829214246799424 ], [ 2.190117790543713, 48.829371034080211 ], [ 2.191035258248874, 48.82923963685608 ], [ 2.193241411508266, 48.829371460101086 ], [ 2.193753740154626, 48.829627643534714 ], [ 2.193984090082665, 48.829531162743571 ], [ 2.194271814329344, 48.829424275382948 ], [ 2.196889602738625, 48.829807035124979 ], [ 2.198269266069335, 48.829738045039754 ], [ 2.199433265119229, 48.829785415540996 ], [ 2.198205508050928, 48.826000650413576 ], [ 2.200968009234746, 48.825908515078986 ], [ 2.200859352497961, 48.824021763077532 ], [ 2.199419370142564, 48.82403731434249 ], [ 2.19939261592689, 48.82373943598548 ], [ 2.198393914876022, 48.823757928455606 ], [ 2.19849566622056, 48.823164111115233 ], [ 2.1988590813622, 48.822205993087785 ], [ 2.196519441012007, 48.82200501977735 ], [ 2.195093003140848, 48.821764281881158 ], [ 2.194205986759954, 48.821785289686936 ], [ 2.193861035631715, 48.821808147742502 ], [ 2.193204503747164, 48.821633734033512 ], [ 2.19086794369523, 48.820535072517643 ], [ 2.187218888332236, 48.818714225950245 ], [ 2.186296565721412, 48.81812064504323 ], [ 2.184933757043573, 48.817652668878104 ], [ 2.1841039237768, 48.817504903915747 ], [ 2.183436674483853, 48.817498550081403 ], [ 2.183100030452764, 48.817514238548569 ], [ 2.181987166753201, 48.817871786661527 ], [ 2.181568706315606, 48.817806864426721 ], [ 2.179216094236425, 48.815418116179444 ], [ 2.17852220827748, 48.814856620261409 ], [ 2.176743373930548, 48.814008838904989 ], [ 2.174815279917994, 48.815109908134929 ], [ 2.169315492582344, 48.815912765573366 ] ] ] } },
{ "type": "Feature", "properties": { "insee_com": "92078", "nom_arrondissement": "Villeneuve-la-Garenne", "avg_circumference_cm": null, "tree_count": null, "pct_young_trees": null }, "geometry": { "type": "Polygon", "coordinates": [ [ [ 2.334498518645076, 48.928684725251706 ], [ 2.333627462202486, 48.927535982375908 ], [ 2.32992161677155, 48.923966692965386 ], [ 2.328449672778644, 48.922759687332793 ], [ 2.325449490436194, 48.924914641079909 ], [ 2.318357997649843, 48.927548121287664 ], [ 2.320856859820676, 48.931213444989297 ], [ 2.321101172462344, 48.931318247945292 ], [ 2.322158123023634, 48.932849430257548 ], [ 2.321104898463506, 48.934275139836245 ], [ 2.319383859511885, 48.936034281539001 ], [ 2.318101651733853, 48.937006318832111 ], [ 2.317431737675187, 48.93729387500796 ], [ 2.314602717459937, 48.938067305641482 ], [ 2.312594879774392, 48.939189808813381 ], [ 2.309202818691266, 48.940304308098305 ], [ 2.309984035138957, 48.941306116074621 ], [ 2.309312234012915, 48.941522571883965 ], [ 2.311668101190335, 48.947948907661143 ], [ 2.315573525872685, 48.947282419744312 ], [ 2.317068086105394, 48.947109288700617 ], [ 2.322195826458922, 48.946298463372983 ], [ 2.324149588407875, 48.945980357724331 ], [ 2.325945910785542, 48.945588493393302 ], [ 2.329467167688093, 48.944617234293524 ], [ 2.33211028915091, 48.943552852524192 ], [ 2.333203509850459, 48.94293843428003 ], [ 2.334912655466455, 48.941556739665288 ], [ 2.335439789215533, 48.940901388051664 ], [ 2.335852686096147, 48.939997198473243 ], [ 2.336432844657377, 48.938072344798215 ], [ 2.336899598586291, 48.93561717741121 ], [ 2.336960328685078, 48.935350424908904 ], [ 2.336839699989623, 48.933570065182558 ], [ 2.336386662339598, 48.932276177030126 ], [ 2.335292964143958, 48.930064153646406 ], [ 2.334498518645076, 48.928684725251706 ] ] ] } },
{ "type": "Feature", "properties": { "insee_com": "93001", "nom_arrondissement": "Aubervilliers", "avg_circumference_cm": null, "tree_count": null, "pct_young_trees": null }, "geometry": { "type": "Polygon", "coordinates": [ [ [ 2.380350078692644, 48.902058592479264 ], [ 2.379775917060788, 48.902047526815622 ], [ 2.370301804653316, 48.901847906168115 ], [ 2.365619903608481, 48.901757549597015 ], [ 2.365968058767639, 48.904868313852603 ], [ 2.365922874309572, 48.90712174438378 ], [ 2.365701882451893, 48.909023509770329 ], [ 2.366706501155185, 48.915374316691377 ], [ 2.366393882835352, 48.915387052579035 ], [ 2.366337783626789, 48.917865228686125 ], [ 2.366939821527173, 48.917842331610629 ], [ 2.366832510212889, 48.920157458748285 ], [ 2.366905942503372, 48.920963617271951 ], [ 2.366524061009629, 48.920946310810194 ], [ 2.366138270816233, 48.921473956410438 ], [ 2.36761431376043, 48.922075291464381 ], [ 2.366675256007322, 48.923547874251895 ], [ 2.366986826452027, 48.923737473276098 ], [ 2.368299003881965, 48.92446563223217 ], [ 2.369193156099481, 48.923767993906011 ], [ 2.370107125589374, 48.923235023746109 ], [ 2.371994337779057, 48.922454449378264 ], [ 2.372550920880874, 48.923036511300495 ], [ 2.373048569680359, 48.923300810967731 ], [ 2.373949559814702, 48.92361577841671 ], [ 2.37475008477201, 48.923774636892283 ], [ 2.377106740283385, 48.922419983450368 ], [ 2.378420827245522, 48.921854855925915 ], [ 2.378785675676144, 48.921585160866726 ], [ 2.379338651507986, 48.920644665229119 ], [ 2.379802928652155, 48.920160549990179 ], [ 2.380009354252954, 48.91978571229906 ], [ 2.382642412676245, 48.91948995030026 ], [ 2.386462022256882, 48.919244278022795 ], [ 2.386511967522469, 48.919290397905215 ], [ 2.387033559402573, 48.919378500695814 ], [ 2.386982276790649, 48.919561694812607 ], [ 2.388106947065943, 48.919539565634693 ], [ 2.388932894523986, 48.919855836699099 ], [ 2.389814398230768, 48.91997364050637 ], [ 2.390270232337691, 48.920550610956383 ], [ 2.39023437015273, 48.920699711468849 ], [ 2.390541695855299, 48.921141030362598 ], [ 2.390994773780424, 48.921488663251303 ], [ 2.391155390908516, 48.921873478193234 ], [ 2.39170541385358, 48.922334012398736 ], [ 2.392341059143427, 48.92259173778357 ], [ 2.392587417143704, 48.922530036363902 ], [ 2.393661679653185, 48.921920360488407 ], [ 2.394456851698452, 48.921721141338345 ], [ 2.394875434168378, 48.921752033451931 ], [ 2.395307794123938, 48.921889110303553 ], [ 2.395368954541749, 48.922027910179381 ], [ 2.395625188739651, 48.922055282422356 ], [ 2.396929448137521, 48.921966528931165 ], [ 2.39816789037194, 48.922376538492138 ], [ 2.398554430011093, 48.92246481150449 ], [ 2.400001864456782, 48.922267928710539 ], [ 2.400802424004977, 48.922073191052327 ], [ 2.401758847201812, 48.921733540832534 ], [ 2.402367131604674, 48.921169122152051 ], [ 2.402523659422318, 48.921085369170569 ], [ 2.402619190156576, 48.920609219673246 ], [ 2.403257505497349, 48.920160954726917 ], [ 2.40386659345642, 48.919880708956612 ], [ 2.403701273790809, 48.919660458365854 ], [ 2.40387113643841, 48.91948414252122 ], [ 2.405276340270106, 48.918913778337419 ], [ 2.405991892383756, 48.918748260519536 ], [ 2.406834367624617, 48.918700275279029 ], [ 2.407693959646444, 48.918107395593132 ], [ 2.407621026185204, 48.918041386410763 ], [ 2.405761773174598, 48.916315421694883 ], [ 2.404529062117861, 48.915173487633233 ], [ 2.404389992350312, 48.915045095916589 ], [ 2.405550675184283, 48.914488798975007 ], [ 2.407486416117929, 48.913924635558757 ], [ 2.407810878487434, 48.913708609408189 ], [ 2.411501970360828, 48.911265413640756 ], [ 2.408337305775845, 48.908088775925833 ], [ 2.40605311839366, 48.908482158658536 ], [ 2.402944198834068, 48.909884905027326 ], [ 2.400403383688417, 48.911345272012483 ], [ 2.400360182606414, 48.911305486481659 ], [ 2.400159071189353, 48.911116525471662 ], [ 2.396357797502086, 48.9076036347901 ], [ 2.395889509565353, 48.907163312104906 ], [ 2.392034522699167, 48.9036266156279 ], [ 2.390736259138689, 48.902425735388583 ], [ 2.390053417886917, 48.901793641839468 ], [ 2.38933240090448, 48.901161349307074 ], [ 2.384871915446142, 48.902076505426628 ], [ 2.384530045616337, 48.902147593344829 ], [ 2.380350078692644, 48.902058592479264 ] ] ] } },
{ "type": "Feature", "properties": { "insee_com": "93005", "nom_arrondissement": "Aulnay-sous-Bois", "avg_circumference_cm": null, "tree_count": null, "pct_young_trees": null }, "geometry": { "type": "Polygon", "coordinates": [ [ [ 2.49026203278392, 48.917509605873533 ], [ 2.489132626921257, 48.918163075398503 ], [ 2.488681789153005, 48.918635077593393 ], [ 2.486122801040502, 48.918683482449289 ], [ 2.485338628008913, 48.917811402859996 ], [ 2.4822603597029, 48.91848879479079 ], [ 2.482184647137146, 48.918144039632551 ], [ 2.479442403730318, 48.918371367583873 ], [ 2.479387411144055, 48.919230849420678 ], [ 2.479478710790081, 48.919925497107542 ], [ 2.480912649807735, 48.922957819563941 ], [ 2.481035628773366, 48.923352239437975 ], [ 2.481032386138586, 48.924087840787458 ], [ 2.481081977367563, 48.924725648445566 ], [ 2.481456047214757, 48.927039325664246 ], [ 2.481407799860355, 48.928730666015348 ], [ 2.480077383215971, 48.929386772048304 ], [ 2.479293681163686, 48.930370779178538 ], [ 2.480651826058865, 48.930768758547089 ], [ 2.480967760795095, 48.930976961533233 ], [ 2.481000391684212, 48.932084115104963 ], [ 2.482205736449328, 48.932069544790309 ], [ 2.482370644539145, 48.932231227971734 ], [ 2.481971851096245, 48.932529863729663 ], [ 2.481823501858227, 48.932761236090379 ], [ 2.481611319164338, 48.933508517341139 ], [ 2.481775045201358, 48.934063179981422 ], [ 2.483154249497951, 48.934001689933623 ], [ 2.483606459375804, 48.934647521065315 ], [ 2.484234982024412, 48.935959572560733 ], [ 2.483775471437423, 48.93604752177005 ], [ 2.482582015280056, 48.936092734886401 ], [ 2.48337080153937, 48.937485516298764 ], [ 2.478495208456309, 48.938680219478634 ], [ 2.47612616350453, 48.939694160281306 ], [ 2.477590358735595, 48.940972121033418 ], [ 2.479616266235618, 48.942739906166992 ], [ 2.47929812556648, 48.943018197445667 ], [ 2.478253006663129, 48.944318492277922 ], [ 2.477325190663689, 48.944401679447239 ], [ 2.477192825064233, 48.944531496145949 ], [ 2.476659497972828, 48.94475578456742 ], [ 2.476192149425098, 48.945341864580413 ], [ 2.475377939890443, 48.945935417705876 ], [ 2.474087291993365, 48.94584792916568 ], [ 2.471481795983749, 48.947115228173047 ], [ 2.471559687380504, 48.949661392175834 ], [ 2.472349508596525, 48.951616272877921 ], [ 2.469714774320863, 48.952236829978403 ], [ 2.466001189857035, 48.952999108592365 ], [ 2.464170499696025, 48.953228346131006 ], [ 2.463087275032745, 48.953269362528189 ], [ 2.460978739865993, 48.953691547405569 ], [ 2.460080877295996, 48.954684788549272 ], [ 2.45948856613789, 48.955049018334101 ], [ 2.460299049080212, 48.956556232252275 ], [ 2.460183964949902, 48.956987358680514 ], [ 2.460718304092, 48.958396203468041 ], [ 2.461141490291127, 48.958541987240991 ], [ 2.462946633788481, 48.959747896337213 ], [ 2.464254506507718, 48.961243813891677 ], [ 2.467346398377449, 48.964306057945315 ], [ 2.469495521729018, 48.963021559494877 ], [ 2.47310082364682, 48.965867400364466 ], [ 2.475030243265647, 48.967668066685711 ], [ 2.47779754506965, 48.966702664068663 ], [ 2.478532782694375, 48.967612306473008 ], [ 2.478824826621498, 48.967500270589639 ], [ 2.480767150285282, 48.969812568377634 ], [ 2.481509749626969, 48.969582876042452 ], [ 2.483829249892001, 48.968320446050264 ], [ 2.486772198986428, 48.967258474508526 ], [ 2.490257507557485, 48.970069997335429 ], [ 2.488320890290876, 48.971297314240971 ], [ 2.492490359430907, 48.974585577252384 ], [ 2.496175981227112, 48.972598501815405 ], [ 2.500465745957887, 48.969259564967828 ], [ 2.505059036135259, 48.965685217251632 ], [ 2.505151442777348, 48.965734158001865 ], [ 2.508023346949479, 48.964612920478935 ], [ 2.511631408392736, 48.961875063428216 ], [ 2.512191230977165, 48.961449298367604 ], [ 2.512648895110792, 48.961577054447247 ], [ 2.513325594406648, 48.960773173912514 ], [ 2.514035374198615, 48.959934352253981 ], [ 2.515421354199986, 48.958628850046509 ], [ 2.514848010332664, 48.958314490566885 ], [ 2.515842938040161, 48.957496593518542 ], [ 2.518071837348902, 48.955989428523459 ], [ 2.518769829129877, 48.955523719630186 ], [ 2.519018426068326, 48.955663202553481 ], [ 2.519220779644022, 48.955635237925605 ], [ 2.519892090658774, 48.955247650714036 ], [ 2.522344255932063, 48.952303384376762 ], [ 2.521932343163328, 48.952106603484829 ], [ 2.52411627300452, 48.950545185269789 ], [ 2.523242192671354, 48.950273733051475 ], [ 2.521414772634856, 48.949741283937989 ], [ 2.519922142238963, 48.949478127503205 ], [ 2.519144395144831, 48.949128794962583 ], [ 2.51755782872494, 48.94854509478494 ], [ 2.517495935689991, 48.948446826133157 ], [ 2.517009258016547, 48.948220050834344 ], [ 2.517320215816647, 48.947373298539169 ], [ 2.51701412301163, 48.946961102442934 ], [ 2.517261917205099, 48.946740881711747 ], [ 2.515302633729762, 48.946313919029386 ], [ 2.515530531976976, 48.946031572050209 ], [ 2.51515984456133, 48.945667669837199 ], [ 2.514077464759567, 48.945055384225235 ], [ 2.513398451668142, 48.944670442109434 ], [ 2.512195565745691, 48.944247394680083 ], [ 2.509955882758631, 48.942442423817582 ], [ 2.509128321570421, 48.9414588355326 ], [ 2.508266490339407, 48.940349202200267 ], [ 2.508890338475112, 48.940205178919641 ], [ 2.509823540098968, 48.940116374044344 ], [ 2.510049220425025, 48.939924853028941 ], [ 2.510183888637732, 48.939540515905506 ], [ 2.509950535926932, 48.939532367928557 ], [ 2.50817040929665, 48.937228338257093 ], [ 2.507225852489879, 48.935639040549205 ], [ 2.505351191305785, 48.935982934206244 ], [ 2.505204158565286, 48.935081255009052 ], [ 2.505276740008176, 48.934625622560418 ], [ 2.505393298392398, 48.934425565407594 ], [ 2.505979064247907, 48.934116832294279 ], [ 2.508941947720798, 48.933726133567617 ], [ 2.510196336181615, 48.933434505871787 ], [ 2.510333957550265, 48.933314565360249 ], [ 2.510257774955214, 48.932997709147422 ], [ 2.50998900274697, 48.932405786363994 ], [ 2.510700029853906, 48.932124520182853 ], [ 2.511079856113487, 48.93193812159263 ], [ 2.512706070152628, 48.931433056619753 ], [ 2.51443457559252, 48.930347450926035 ], [ 2.513681183964399, 48.929471197234001 ], [ 2.513535793179332, 48.928964313391866 ], [ 2.51353857352231, 48.928520980231006 ], [ 2.513414347344196, 48.92794044078034 ], [ 2.51453044667922, 48.927386514823148 ], [ 2.515041088810108, 48.926923654683357 ], [ 2.515508662686609, 48.926688136040951 ], [ 2.516425513616981, 48.926275472588976 ], [ 2.516733232608215, 48.926058188773283 ], [ 2.516783291463935, 48.926105153246986 ], [ 2.517149263369001, 48.925933966556521 ], [ 2.517343292610692, 48.925761187012768 ], [ 2.517683579262481, 48.925710398857717 ], [ 2.517673481242725, 48.925474746558166 ], [ 2.518128422341392, 48.92542172073577 ], [ 2.518140723152495, 48.925125007353401 ], [ 2.517625964882029, 48.925153511844663 ], [ 2.517604671811096, 48.924653425501319 ], [ 2.516531514782147, 48.923973739434274 ], [ 2.515989761424262, 48.923237737517233 ], [ 2.515602832917908, 48.922876460600882 ], [ 2.514964985033522, 48.9232290972786 ], [ 2.513604375603273, 48.921628252050219 ], [ 2.513748276504784, 48.921562289046292 ], [ 2.513643235972009, 48.921412581446248 ], [ 2.512262418242805, 48.919356596951417 ], [ 2.510831254222796, 48.919184394376082 ], [ 2.507197445926046, 48.918753133312194 ], [ 2.506171131172176, 48.918628403025451 ], [ 2.497193487804043, 48.917535298551286 ], [ 2.491872590510554, 48.916905829428387 ], [ 2.491441780671461, 48.917426488990515 ], [ 2.491328926865143, 48.917385541863034 ], [ 2.49026203278392, 48.917509605873533 ] ] ] } },
{ "type": "Feature", "properties": { "insee_com": "93006", "nom_arrondissement": "Bagnolet", "avg_circumference_cm": null, "tree_count": null, "pct_young_trees": null }, "geometry": { "type": "Polygon", "coordinates": [ [ [ 2.421980118817544, 48.857095377560277 ], [ 2.41769302762098, 48.856178844545227 ], [ 2.416803771490973, 48.855870534946419 ], [ 2.415286455935682, 48.855177828320024 ], [ 2.414777613619788, 48.858254699802664 ], [ 2.414701692063775, 48.858704000531041 ], [ 2.414370428780846, 48.860649457756914 ], [ 2.414117481122137, 48.863507225389988 ], [ 2.413977335687163, 48.865181109176135 ], [ 2.41393245838964, 48.869533680240004 ], [ 2.413649310091608, 48.872403867058033 ], [ 2.413431063629795, 48.87314025049789 ], [ 2.41583746322237, 48.875078385851211 ], [ 2.417584359854874, 48.876020402366684 ], [ 2.420279684956507, 48.877751203191472 ], [ 2.420833372953715, 48.877985909759481 ], [ 2.421870618923478, 48.878264318947146 ], [ 2.422542344199424, 48.878307131383636 ], [ 2.425554321508371, 48.878304534908608 ], [ 2.427430335455672, 48.878193911701274 ], [ 2.428883439755706, 48.878227832592309 ], [ 2.429771402225879, 48.878321998135995 ], [ 2.431396486418315, 48.878589633098265 ], [ 2.432966660841978, 48.879017965131091 ], [ 2.434170978763189, 48.87835906135485 ], [ 2.437058115572026, 48.877291682067991 ], [ 2.43658565196592, 48.876474668852005 ], [ 2.436699191056566, 48.876440129389643 ], [ 2.436264783408219, 48.874753642414269 ], [ 2.435948521087547, 48.874749454626858 ], [ 2.435434724209983, 48.87460493851551 ], [ 2.434325666502291, 48.874159930614709 ], [ 2.433947805011969, 48.873927915963925 ], [ 2.433672180261433, 48.873572276223086 ], [ 2.432456359037554, 48.871793037005034 ], [ 2.43218601326091, 48.871580411878398 ], [ 2.430931046928513, 48.871022262065829 ], [ 2.430469205071357, 48.870743970328661 ], [ 2.430517069022172, 48.870231578242581 ], [ 2.430290318465754, 48.869524522377375 ], [ 2.428707133206275, 48.868321760887717 ], [ 2.429389962482095, 48.868210802604402 ], [ 2.429049345661002, 48.867944773749095 ], [ 2.42955853948606, 48.867630635628977 ], [ 2.429223985690613, 48.867184768866451 ], [ 2.428724995973614, 48.866817257792455 ], [ 2.427805405821583, 48.866393774224569 ], [ 2.428669213272242, 48.863575779279721 ], [ 2.426228193030521, 48.863177385476774 ], [ 2.426227572840999, 48.863109932052943 ], [ 2.423887227034009, 48.862732657583685 ], [ 2.424039003560125, 48.862073272473722 ], [ 2.423586679317366, 48.861930797607805 ], [ 2.423208047304307, 48.861903791798468 ], [ 2.42296818298046, 48.861777627143731 ], [ 2.42246039755791, 48.860859648420771 ], [ 2.422735747588332, 48.860735069127635 ], [ 2.423136659724385, 48.860349386063547 ], [ 2.42344144521803, 48.859658361431251 ], [ 2.423404955353005, 48.857290214550609 ], [ 2.421980118817544, 48.857095377560277 ] ] ] } },
{ "type": "Feature", "properties": { "insee_com": "93007", "nom_arrondissement": "Le Blanc-Mesnil", "avg_circumference_cm": null, "tree_count": null, "pct_young_trees": null }, "geometry": { "type": "Polygon", "coordinates": [ [ [ 2.457437006797785, 48.934426693638351 ], [ 2.45765984950016, 48.935047304756878 ], [ 2.457614822354764, 48.935176596978138 ], [ 2.458029300070681, 48.935484226291926 ], [ 2.457823128186544, 48.935620883233014 ], [ 2.457800386201415, 48.935838405417137 ], [ 2.456663431479538, 48.936353038664073 ], [ 2.455529185293029, 48.937519648446106 ], [ 2.455122572504379, 48.937764202210936 ], [ 2.453896294315304, 48.938068871340874 ], [ 2.453507310311842, 48.93858328243379 ], [ 2.452269546616166, 48.939198132258475 ], [ 2.451793696051856, 48.939144698164924 ], [ 2.451125748273256, 48.939184806524381 ], [ 2.450446043307168, 48.939303993438564 ], [ 2.450202952237459, 48.939443165496385 ], [ 2.449090271490759, 48.93958463833566 ], [ 2.448237903762488, 48.939636472697998 ], [ 2.447633321197602, 48.939493401248676 ], [ 2.446766864212333, 48.939073040843851 ], [ 2.446360981842445, 48.938602644257706 ], [ 2.445975112777541, 48.938432696728626 ], [ 2.445612991884442, 48.938340195495243 ], [ 2.443838877363424, 48.937530721272459 ], [ 2.442519878448444, 48.937310565706881 ], [ 2.440353178550752, 48.936458744556084 ], [ 2.438910257393205, 48.936088689956499 ], [ 2.438686764798707, 48.937699149073907 ], [ 2.435966983400852, 48.937755625399305 ], [ 2.432986296885524, 48.938203790193775 ], [ 2.4311895428798, 48.938733943786232 ], [ 2.431319942574285, 48.938918014980977 ], [ 2.430999321162054, 48.939027104380713 ], [ 2.431957450464652, 48.940416533783292 ], [ 2.430928346006537, 48.940274063254911 ], [ 2.433205989911547, 48.942971886282031 ], [ 2.435182865538128, 48.94510080150495 ], [ 2.437804543748835, 48.948093304970307 ], [ 2.442472548467493, 48.953316458409454 ], [ 2.442870119249198, 48.953168129460906 ], [ 2.443935155831793, 48.954318735031627 ], [ 2.445034371719096, 48.954830112675381 ], [ 2.445323266535185, 48.954885405232595 ], [ 2.446495387571102, 48.954451082732611 ], [ 2.44672523543274, 48.954922457704434 ], [ 2.446838587576691, 48.954792587720668 ], [ 2.447763677191468, 48.955116989320267 ], [ 2.447532917436198, 48.955373115090907 ], [ 2.447306309094694, 48.955623863935095 ], [ 2.447517370613078, 48.955679691591534 ], [ 2.447486298865601, 48.955776668627934 ], [ 2.448013029410649, 48.955939163147526 ], [ 2.448572420134825, 48.955468725708513 ], [ 2.449226247519652, 48.955105731480579 ], [ 2.450306698798066, 48.954944326385927 ], [ 2.452628542665, 48.95528587682373 ], [ 2.453836258699393, 48.955617815950312 ], [ 2.45587853604342, 48.955668467343571 ], [ 2.456749082140131, 48.955730866717893 ], [ 2.45948856613789, 48.955049018334101 ], [ 2.460080877295996, 48.954684788549272 ], [ 2.460978739865993, 48.953691547405569 ], [ 2.463087275032745, 48.953269362528189 ], [ 2.464170499696025, 48.953228346131006 ], [ 2.466001189857035, 48.952999108592365 ], [ 2.469714774320863, 48.952236829978403 ], [ 2.472349508596525, 48.951616272877921 ], [ 2.471559687380504, 48.949661392175834 ], [ 2.471481795983749, 48.947115228173047 ], [ 2.474087291993365, 48.94584792916568 ], [ 2.475377939890443, 48.945935417705876 ], [ 2.476192149425098, 48.945341864580413 ], [ 2.476659497972828, 48.94475578456742 ], [ 2.477192825064233, 48.944531496145949 ], [ 2.477325190663689, 48.944401679447239 ], [ 2.478253006663129, 48.944318492277922 ], [ 2.47929812556648, 48.943018197445667 ], [ 2.479616266235618, 48.942739906166992 ], [ 2.477590358735595, 48.940972121033418 ], [ 2.47612616350453, 48.939694160281306 ], [ 2.478495208456309, 48.938680219478634 ], [ 2.48337080153937, 48.937485516298764 ], [ 2.482582015280056, 48.936092734886401 ], [ 2.483775471437423, 48.93604752177005 ], [ 2.484234982024412, 48.935959572560733 ], [ 2.483606459375804, 48.934647521065315 ], [ 2.483154249497951, 48.934001689933623 ], [ 2.481775045201358, 48.934063179981422 ], [ 2.481611319164338, 48.933508517341139 ], [ 2.481823501858227, 48.932761236090379 ], [ 2.481971851096245, 48.932529863729663 ], [ 2.482370644539145, 48.932231227971734 ], [ 2.482205736449328, 48.932069544790309 ], [ 2.481000391684212, 48.932084115104963 ], [ 2.480967760795095, 48.930976961533233 ], [ 2.480651826058865, 48.930768758547089 ], [ 2.479293681163686, 48.930370779178538 ], [ 2.480077383215971, 48.929386772048304 ], [ 2.481407799860355, 48.928730666015348 ], [ 2.481456047214757, 48.927039325664246 ], [ 2.481081977367563, 48.924725648445566 ], [ 2.481032386138586, 48.924087840787458 ], [ 2.481035628773366, 48.923352239437975 ], [ 2.480912649807735, 48.922957819563941 ], [ 2.479478710790081, 48.919925497107542 ], [ 2.477028874903231, 48.920239472280038 ], [ 2.476034993142776, 48.919066054287896 ], [ 2.476052969607878, 48.918906958638551 ], [ 2.474369048491921, 48.918373498268117 ], [ 2.473899577823676, 48.919730264489168 ], [ 2.473655694981377, 48.91996300852707 ], [ 2.472611881983284, 48.920223708793273 ], [ 2.472267803778541, 48.920243776719843 ], [ 2.472108570531727, 48.92033660130695 ], [ 2.471897544201473, 48.920557795687301 ], [ 2.468739084740322, 48.918898132972963 ], [ 2.468125355210689, 48.91900062702647 ], [ 2.468583696425867, 48.919282340029035 ], [ 2.466645081370527, 48.919773731075033 ], [ 2.461962189967344, 48.920930863039295 ], [ 2.462230313215442, 48.921263005065349 ], [ 2.461907117711993, 48.921373965157812 ], [ 2.462000704534864, 48.921429242020039 ], [ 2.461914716433126, 48.922618614162822 ], [ 2.462421916674043, 48.923454530114775 ], [ 2.462353533998846, 48.923865197368208 ], [ 2.462743860202514, 48.923994646792394 ], [ 2.462160599201508, 48.924179081804191 ], [ 2.462629942859316, 48.92498245137984 ], [ 2.461873010206099, 48.925991649767234 ], [ 2.462103050185639, 48.92631372725549 ], [ 2.463021482320741, 48.927111015077571 ], [ 2.462182599578651, 48.927859953448461 ], [ 2.462559761039256, 48.928341862730782 ], [ 2.46338732505712, 48.929881545326253 ], [ 2.463877463828507, 48.930792912280339 ], [ 2.461232341689781, 48.932772056107723 ], [ 2.459552496939674, 48.933262693305849 ], [ 2.459017432635366, 48.933657760538765 ], [ 2.458225909799253, 48.934168572435183 ], [ 2.457437006797785, 48.934426693638351 ] ] ] } },
{ "type": "Feature", "properties": { "insee_com": "93008", "nom_arrondissement": "Bobigny", "avg_circumference_cm": null, "tree_count": null, "pct_young_trees": null }, "geometry": { "type": "Polygon", "coordinates": [ [ [ 2.461585614276662, 48.902197717180215 ], [ 2.45556821828204, 48.901052679159427 ], [ 2.441730307163358, 48.898443035777738 ], [ 2.427730701509412, 48.895902053964122 ], [ 2.423983487351536, 48.895202409633796 ], [ 2.42402938288337, 48.895492209240494 ], [ 2.424160601220203, 48.896330100444715 ], [ 2.42422425065836, 48.89674139217037 ], [ 2.421287035536833, 48.902070036132457 ], [ 2.419820145354674, 48.902479318989151 ], [ 2.418339076541351, 48.90305668547483 ], [ 2.417412334682501, 48.90358816844951 ], [ 2.416637474801458, 48.90383350505742 ], [ 2.41516630549127, 48.904615922035973 ], [ 2.411646231378443, 48.906228225473932 ], [ 2.414600806947868, 48.908926224549596 ], [ 2.412962904299713, 48.909718588375057 ], [ 2.414219037879619, 48.910723861834455 ], [ 2.415016959748729, 48.911592888512622 ], [ 2.415278116236546, 48.912028525607695 ], [ 2.414410457530953, 48.91238490679612 ], [ 2.413973680724908, 48.913127391133273 ], [ 2.413458750046416, 48.913539448084528 ], [ 2.412922366901182, 48.915368691630533 ], [ 2.412793683019182, 48.91552723664639 ], [ 2.410648808790523, 48.916364742032236 ], [ 2.410128760993786, 48.91662118021182 ], [ 2.41149445207994, 48.917963351285273 ], [ 2.413325368724, 48.919440879261614 ], [ 2.413506373738416, 48.919362627529736 ], [ 2.41494663202295, 48.918698795345819 ], [ 2.417728313986625, 48.917779777487958 ], [ 2.419748248469691, 48.917128595189965 ], [ 2.422874087996879, 48.916412566019709 ], [ 2.426338895904848, 48.915636027355887 ], [ 2.429540004070432, 48.915007416314459 ], [ 2.431473404127209, 48.914385300615422 ], [ 2.433397775360635, 48.913710951632467 ], [ 2.434071009257788, 48.913783379734632 ], [ 2.436885198812401, 48.913082598709082 ], [ 2.437008671882464, 48.913146129860024 ], [ 2.44110501209388, 48.915267865218532 ], [ 2.441549895142206, 48.915134146198398 ], [ 2.445950952957052, 48.913786751629061 ], [ 2.44906425979481, 48.913169803537301 ], [ 2.449949535968838, 48.913061459450034 ], [ 2.45277558236164, 48.911987152024651 ], [ 2.454362075681056, 48.911231784389521 ], [ 2.45556597414034, 48.910527715812442 ], [ 2.455943573496541, 48.910427810638303 ], [ 2.456438726267038, 48.910959744944911 ], [ 2.457860565301644, 48.910548014594106 ], [ 2.458537886485212, 48.911275911894897 ], [ 2.458903823386035, 48.911247888534525 ], [ 2.46135880386578, 48.911856984658684 ], [ 2.462116250933029, 48.911835207692405 ], [ 2.462944910288296, 48.911919862199802 ], [ 2.463637486767901, 48.912102824343464 ], [ 2.464004556128013, 48.912362565242951 ], [ 2.464937764332868, 48.913028618578132 ], [ 2.465503793276033, 48.913180428341335 ], [ 2.465868795341464, 48.913510298978991 ], [ 2.466662135668632, 48.913982366008007 ], [ 2.467259505084614, 48.914139702559297 ], [ 2.467005145869253, 48.914329221565623 ], [ 2.467102569927543, 48.914408792845691 ], [ 2.467656923358202, 48.91463698019399 ], [ 2.468434933966801, 48.914742954250762 ], [ 2.468723621924048, 48.914799091725733 ], [ 2.468955706756188, 48.914652636537902 ], [ 2.47071537981306, 48.915770151392053 ], [ 2.471217757863187, 48.915476502462724 ], [ 2.472480767526195, 48.916062114055393 ], [ 2.4739717640215, 48.916503927137938 ], [ 2.475485698754686, 48.916432326317718 ], [ 2.475726313710239, 48.914083527594386 ], [ 2.476182549123628, 48.913218603867399 ], [ 2.476209514599066, 48.91297950943985 ], [ 2.475891025006736, 48.912360300932328 ], [ 2.47476743405428, 48.911349068189473 ], [ 2.474290287269882, 48.910636531091903 ], [ 2.473059548887945, 48.909165268997022 ], [ 2.472319062081925, 48.908056771559309 ], [ 2.471584917836308, 48.907670433839357 ], [ 2.470955241146607, 48.905194578437417 ], [ 2.47015647579119, 48.904996798643388 ], [ 2.470053223653504, 48.905222965849134 ], [ 2.469422089245851, 48.905309202675099 ], [ 2.465610446136553, 48.905185241041821 ], [ 2.463542961256023, 48.905256936415562 ], [ 2.462079185298248, 48.905388864171051 ], [ 2.462027891536831, 48.9050720794828 ], [ 2.461585614276662, 48.902197717180215 ] ] ] } },
{ "type": "Feature", "properties": { "insee_com": "93010", "nom_arrondissement": "Bondy", "avg_circumference_cm": null, "tree_count": null, "pct_young_trees": null }, "geometry": { "type": "Polygon", "coordinates": [ [ [ 2.472093606871384, 48.890604742741012 ], [ 2.472697809047157, 48.892755862148277 ], [ 2.473433713685841, 48.893622438975726 ], [ 2.474451278164659, 48.895098180247281 ], [ 2.472855944585023, 48.895457187398883 ], [ 2.472807678881352, 48.895644031243016 ], [ 2.474633260339899, 48.898149432031289 ], [ 2.474003437843895, 48.898250087810062 ], [ 2.46913441516743, 48.899540692692085 ], [ 2.469654608900299, 48.901232792270989 ], [ 2.470652865154772, 48.903001642762611 ], [ 2.470681476119682, 48.903944238574539 ], [ 2.47015647579119, 48.904996798643388 ], [ 2.470955241146607, 48.905194578437417 ], [ 2.471584917836308, 48.907670433839357 ], [ 2.472319062081925, 48.908056771559309 ], [ 2.473059548887945, 48.909165268997022 ], [ 2.474290287269882, 48.910636531091903 ], [ 2.47476743405428, 48.911349068189473 ], [ 2.475891025006736, 48.912360300932328 ], [ 2.476209514599066, 48.91297950943985 ], [ 2.476182549123628, 48.913218603867399 ], [ 2.475726313710239, 48.914083527594386 ], [ 2.475485698754686, 48.916432326317718 ], [ 2.475434445651804, 48.917049915196714 ], [ 2.475694071293443, 48.917283968061163 ], [ 2.474369048491921, 48.918373498268117 ], [ 2.476052969607878, 48.918906958638551 ], [ 2.476034993142776, 48.919066054287896 ], [ 2.477028874903231, 48.920239472280038 ], [ 2.479478710790081, 48.919925497107542 ], [ 2.479387411144055, 48.919230849420678 ], [ 2.479442403730318, 48.918371367583873 ], [ 2.482184647137146, 48.918144039632551 ], [ 2.4822603597029, 48.91848879479079 ], [ 2.485338628008913, 48.917811402859996 ], [ 2.486122801040502, 48.918683482449289 ], [ 2.488681789153005, 48.918635077593393 ], [ 2.489132626921257, 48.918163075398503 ], [ 2.49026203278392, 48.917509605873533 ], [ 2.491328926865143, 48.917385541863034 ], [ 2.491441780671461, 48.917426488990515 ], [ 2.491872590510554, 48.916905829428387 ], [ 2.492166778683397, 48.915982606115129 ], [ 2.491432479036403, 48.913351759954949 ], [ 2.491198228500263, 48.91065647968508 ], [ 2.491006879223389, 48.909715003423123 ], [ 2.490450347011028, 48.909007588958815 ], [ 2.492265077933117, 48.907865093555813 ], [ 2.492326194382521, 48.907613549237283 ], [ 2.49016009654164, 48.907301285871533 ], [ 2.490179653137868, 48.907254605600279 ], [ 2.49034725576742, 48.906856929628212 ], [ 2.493697751435809, 48.907283016905453 ], [ 2.493687437223707, 48.905678624541899 ], [ 2.497288139939922, 48.905759439359997 ], [ 2.497134320315948, 48.904736290273334 ], [ 2.499294324961783, 48.904682388137324 ], [ 2.4993460032638, 48.904840880891769 ], [ 2.499900623543183, 48.90461927220953 ], [ 2.499288108396203, 48.902350475509202 ], [ 2.499263252018802, 48.901956477408085 ], [ 2.499520390880391, 48.902026798411448 ], [ 2.498463406300868, 48.899599654871025 ], [ 2.497195431923444, 48.899680671544793 ], [ 2.496569348518841, 48.898410022070323 ], [ 2.495993409579837, 48.898162089380328 ], [ 2.495522660459203, 48.897757218497986 ], [ 2.496116853829924, 48.897527699086204 ], [ 2.495611561562889, 48.896746772901267 ], [ 2.500152301217381, 48.89574150074823 ], [ 2.498093429911735, 48.893124895777838 ], [ 2.497344470644586, 48.891591128763665 ], [ 2.497062977335188, 48.891082735511169 ], [ 2.498208740952033, 48.890924766982202 ], [ 2.498064923384787, 48.890139964667661 ], [ 2.497730322369812, 48.890188923095032 ], [ 2.49664900525403, 48.889607024249919 ], [ 2.495526557559455, 48.889331607589703 ], [ 2.492004576533622, 48.890244808110708 ], [ 2.491103847400463, 48.890866904606071 ], [ 2.489904267772818, 48.888441750007573 ], [ 2.489922112005918, 48.888290741306015 ], [ 2.487411654861914, 48.888409521879311 ], [ 2.487042552797905, 48.886977131770536 ], [ 2.486822730151693, 48.887004068602103 ], [ 2.48087614872138, 48.888042324274018 ], [ 2.479556019292056, 48.88845477491774 ], [ 2.477882178875825, 48.889186724290781 ], [ 2.477364744439258, 48.888835533048038 ], [ 2.476592132687217, 48.888771904239995 ], [ 2.471312666039233, 48.889076060820734 ], [ 2.472093606871384, 48.890604742741012 ] ] ] } },
{ "type": "Feature", "properties": { "insee_com": "93013", "nom_arrondissement": "Le Bourget", "avg_circumference_cm": null, "tree_count": null, "pct_young_trees": null }, "geometry": { "type": "Polygon", "coordinates": [ [ [ 2.420239153889948, 48.929649993531513 ], [ 2.419919184349104, 48.929336393111917 ], [ 2.417206723158951, 48.930360108551106 ], [ 2.416035307762407, 48.930393075376813 ], [ 2.414314000729268, 48.931382881323479 ], [ 2.412497904385705, 48.932662665890362 ], [ 2.413471277503216, 48.933009161159809 ], [ 2.41478937819457, 48.933046180317469 ], [ 2.415376880351016, 48.932994191398777 ], [ 2.4165442635496, 48.933082614338524 ], [ 2.417710259869282, 48.933661127995627 ], [ 2.415919422871609, 48.934272019005732 ], [ 2.41335307852747, 48.935502291532998 ], [ 2.413956410813316, 48.935986358333366 ], [ 2.416632499237809, 48.935681967651298 ], [ 2.415840464224547, 48.937292317336372 ], [ 2.41711447359572, 48.938715782807868 ], [ 2.417015351535973, 48.938912242584045 ], [ 2.416752923069267, 48.939428949774594 ], [ 2.417554382859019, 48.939903168917425 ], [ 2.418269604621966, 48.939179127015485 ], [ 2.421227651819208, 48.939923659817694 ], [ 2.42251041437291, 48.940331823420614 ], [ 2.421865255295347, 48.941265758781121 ], [ 2.421957156497961, 48.941472136048112 ], [ 2.422039742687033, 48.941656885686584 ], [ 2.422631467610587, 48.941724485124965 ], [ 2.426561570491599, 48.94260665419791 ], [ 2.427920889637458, 48.94413202162238 ], [ 2.428528029130731, 48.943918192887715 ], [ 2.4305725002804, 48.946343365242619 ], [ 2.435182865538128, 48.94510080150495 ], [ 2.433205989911547, 48.942971886282031 ], [ 2.430928346006537, 48.940274063254911 ], [ 2.431957450464652, 48.940416533783292 ], [ 2.430999321162054, 48.939027104380713 ], [ 2.431319942574285, 48.938918014980977 ], [ 2.4311895428798, 48.938733943786232 ], [ 2.432986296885524, 48.938203790193775 ], [ 2.435966983400852, 48.937755625399305 ], [ 2.438686764798707, 48.937699149073907 ], [ 2.438910257393205, 48.936088689956499 ], [ 2.440353178550752, 48.936458744556084 ], [ 2.442519878448444, 48.937310565706881 ], [ 2.444713711334589, 48.933836945532775 ], [ 2.444920272765304, 48.933538442214335 ], [ 2.444163296624783, 48.932719286568457 ], [ 2.44172848021874, 48.932701674365546 ], [ 2.438166935632978, 48.932620282640819 ], [ 2.435088403598707, 48.932303652386963 ], [ 2.431622054690383, 48.93175758567974 ], [ 2.428975769220806, 48.931238709701056 ], [ 2.429411798960714, 48.93105643344348 ], [ 2.426996671731319, 48.930745448808835 ], [ 2.424097860651744, 48.930237846455505 ], [ 2.423246628038443, 48.930198680653056 ], [ 2.422601380508508, 48.930046292279783 ], [ 2.420880982472389, 48.929618024765972 ], [ 2.420239153889948, 48.929649993531513 ] ] ] } },
{ "type": "Feature", "properties": { "insee_com": "93014", "nom_arrondissement": "Clichy-sous-Bois", "avg_circumference_cm": null, "tree_count": null, "pct_young_trees": null }, "geometry": { "type": "Polygon", "coordinates": [ [ [ 2.539801544487209, 48.899330367161973 ], [ 2.539383176351039, 48.899286491696522 ], [ 2.538529837925079, 48.899686993005012 ], [ 2.536883238133094, 48.898790328655906 ], [ 2.537185849910531, 48.898659301048752 ], [ 2.536018575289262, 48.89831754623107 ], [ 2.535687677086896, 48.894890815565489 ], [ 2.532007248862762, 48.895260492715451 ], [ 2.531523928294004, 48.89698256970663 ], [ 2.529817264133119, 48.903212536306341 ], [ 2.528981014180799, 48.903367527239467 ], [ 2.527674950910408, 48.903732895057423 ], [ 2.527212849444234, 48.90369509998002 ], [ 2.525923277629745, 48.90389504285455 ], [ 2.523584475875229, 48.903668132752621 ], [ 2.52140813657343, 48.903429235932514 ], [ 2.5213014322725, 48.903313699220995 ], [ 2.521139858284009, 48.903379601506103 ], [ 2.52205513027049, 48.904426443787791 ], [ 2.522245146338877, 48.90438313623094 ], [ 2.522499707235331, 48.904441706409926 ], [ 2.523582205792656, 48.904959516086322 ], [ 2.524949492957314, 48.905366033296986 ], [ 2.525243906174961, 48.905243996840831 ], [ 2.526997719828405, 48.906953303804691 ], [ 2.527367159842504, 48.907132822640847 ], [ 2.528582208076047, 48.907487436621039 ], [ 2.529207502582079, 48.907586120436477 ], [ 2.530056333006944, 48.907556179652566 ], [ 2.532984892484881, 48.908216923961795 ], [ 2.534512732926448, 48.908536724488428 ], [ 2.536308339434973, 48.908664193996316 ], [ 2.538327298460748, 48.909451679580961 ], [ 2.53855865160573, 48.911671124700611 ], [ 2.539670074375663, 48.911730257393209 ], [ 2.539827710427334, 48.911955685773904 ], [ 2.539786451686992, 48.912147076226574 ], [ 2.539889801552817, 48.912803055965689 ], [ 2.541138480757513, 48.915712548452191 ], [ 2.542565384930158, 48.916990496303384 ], [ 2.544495817201803, 48.918118361539868 ], [ 2.544723161643781, 48.918023002101251 ], [ 2.545286659963054, 48.917403735567376 ], [ 2.546257869054142, 48.916813888754312 ], [ 2.546553653658062, 48.916692705632308 ], [ 2.547156184007229, 48.916601458760091 ], [ 2.547589479419221, 48.916357590470618 ], [ 2.550584743276193, 48.91617102055524 ], [ 2.551573055803761, 48.915486769303627 ], [ 2.552918847559214, 48.914958521609435 ], [ 2.555257281129228, 48.916898892943159 ], [ 2.556961251543191, 48.919335073397988 ], [ 2.55848663348955, 48.920321822056437 ], [ 2.559227467196186, 48.921303868112616 ], [ 2.559157084750894, 48.920430406086865 ], [ 2.562261548078212, 48.920424701757376 ], [ 2.564641718662994, 48.913695929999157 ], [ 2.563761367314719, 48.913082110880822 ], [ 2.561886385642498, 48.912147202446704 ], [ 2.560051894820038, 48.911110792530181 ], [ 2.565202012421742, 48.908363376350096 ], [ 2.558985791597629, 48.905380176445277 ], [ 2.556900125457035, 48.904398542023372 ], [ 2.556002035020794, 48.903974345672573 ], [ 2.552049907082141, 48.902094487531301 ], [ 2.551827069273388, 48.901992932502203 ], [ 2.551199434915798, 48.902010366896477 ], [ 2.550231085666994, 48.901834069162355 ], [ 2.549032774334199, 48.901907802241176 ], [ 2.548572374276513, 48.901516671486746 ], [ 2.547204602882914, 48.899431427810512 ], [ 2.546828867468425, 48.899033414985624 ], [ 2.546551800648617, 48.899053050217923 ], [ 2.546296557215387, 48.899072767484498 ], [ 2.546225889114133, 48.89888634441121 ], [ 2.539801544487209, 48.899330367161973 ] ] ] } },
{ "type": "Feature", "properties": { "insee_com": "93015", "nom_arrondissement": "Coubron", "avg_circumference_cm": null, "tree_count": null, "pct_young_trees": null }, "geometry": { "type": "Polygon", "coordinates": [ [ [ 2.559227467196186, 48.921303868112616 ], [ 2.559544171444688, 48.922257371843237 ], [ 2.560191734766685, 48.923301117461484 ], [ 2.56078197719709, 48.924510115764825 ], [ 2.561945605197213, 48.924887576075569 ], [ 2.561669815402336, 48.925873975213065 ], [ 2.5632551268316, 48.926745767919599 ], [ 2.563827948060885, 48.927278427638363 ], [ 2.564425787035709, 48.928084555177733 ], [ 2.565402276804365, 48.927187025689477 ], [ 2.565564018399204, 48.925795531042802 ], [ 2.567495892265858, 48.924386156111488 ], [ 2.5721484184593, 48.924346204140889 ], [ 2.572075778747163, 48.924881914657121 ], [ 2.572259770449325, 48.924911348479299 ], [ 2.572108820478612, 48.925842461277654 ], [ 2.575067077842172, 48.92589795200518 ], [ 2.575728628633655, 48.926608926220901 ], [ 2.576003499168888, 48.92670792022934 ], [ 2.576460237337768, 48.92726618733451 ], [ 2.579259329991663, 48.927268853547034 ], [ 2.579763251216417, 48.92739741964003 ], [ 2.580849176454733, 48.926941692984499 ], [ 2.581616636378599, 48.926713261027416 ], [ 2.582226521309571, 48.926732475076101 ], [ 2.5818663146277, 48.927401179160647 ], [ 2.582804497938084, 48.927327111381359 ], [ 2.584345280080289, 48.92733066708324 ], [ 2.586555260741727, 48.927447124525308 ], [ 2.589469818867874, 48.928038076186695 ], [ 2.590604807000443, 48.928102210414607 ], [ 2.591231091881678, 48.927599855351275 ], [ 2.592115468896607, 48.927250353066931 ], [ 2.592330288383626, 48.927005581976907 ], [ 2.592596192681208, 48.926510985566054 ], [ 2.592033179741113, 48.925213213216281 ], [ 2.592599495589066, 48.925043378097456 ], [ 2.592109193790247, 48.924743150193464 ], [ 2.592210910984513, 48.924649971577111 ], [ 2.58991694217896, 48.922736572732163 ], [ 2.589692594839677, 48.92280594846109 ], [ 2.589338090734565, 48.922248979561516 ], [ 2.588751993524777, 48.920780243852292 ], [ 2.588609705511621, 48.920136769619496 ], [ 2.588934113216856, 48.919491299765738 ], [ 2.589034572023827, 48.918865744220227 ], [ 2.58893310979396, 48.917199924419272 ], [ 2.589064708046082, 48.917123037479897 ], [ 2.589691239627492, 48.917093709868475 ], [ 2.589793045755793, 48.915949269953948 ], [ 2.589933563006798, 48.915778886930134 ], [ 2.590394481063754, 48.915812837897242 ], [ 2.590349320569976, 48.91444307226017 ], [ 2.590319909838615, 48.913326058299837 ], [ 2.58972550916648, 48.913439132837716 ], [ 2.589211383160612, 48.912024590899591 ], [ 2.590732605650715, 48.91185533575873 ], [ 2.588826300175558, 48.909476483875011 ], [ 2.592323124705043, 48.907715034808433 ], [ 2.591979904825103, 48.907120333902142 ], [ 2.591583889941623, 48.907343807204569 ], [ 2.591416939124419, 48.907061759590832 ], [ 2.588883765887743, 48.908246451875165 ], [ 2.588637715713597, 48.908480322067902 ], [ 2.588285269020572, 48.908539363697599 ], [ 2.583965621943583, 48.910635972218088 ], [ 2.583163250603363, 48.90980313865353 ], [ 2.581647228047623, 48.908990291027166 ], [ 2.578930422290358, 48.908212777372256 ], [ 2.578333779762075, 48.907091060059102 ], [ 2.577499651021221, 48.906490990461734 ], [ 2.577326057959453, 48.906532644809793 ], [ 2.572129301898843, 48.907751621471448 ], [ 2.571014961233611, 48.90755608663212 ], [ 2.570698355722942, 48.907568441754833 ], [ 2.565804512232252, 48.908096673348822 ], [ 2.565202012421742, 48.908363376350096 ], [ 2.560051894820038, 48.911110792530181 ], [ 2.561886385642498, 48.912147202446704 ], [ 2.563761367314719, 48.913082110880822 ], [ 2.564641718662994, 48.913695929999157 ], [ 2.562261548078212, 48.920424701757376 ], [ 2.559157084750894, 48.920430406086865 ], [ 2.559227467196186, 48.921303868112616 ] ] ] } },
{ "type": "Feature", "properties": { "insee_com": "93027", "nom_arrondissement": "La Courneuve", "avg_circumference_cm": null, "tree_count": null, "pct_young_trees": null }, "geometry": { "type": "Polygon", "coordinates": [ [ [ 2.380009354252954, 48.91978571229906 ], [ 2.379802928652155, 48.920160549990179 ], [ 2.379338651507986, 48.920644665229119 ], [ 2.378785675676144, 48.921585160866726 ], [ 2.378420827245522, 48.921854855925915 ], [ 2.377106740283385, 48.922419983450368 ], [ 2.37475008477201, 48.923774636892283 ], [ 2.374634680062314, 48.923838783816251 ], [ 2.377834578434738, 48.925347368688684 ], [ 2.37718788706835, 48.925901570434966 ], [ 2.375104343331564, 48.927684809655972 ], [ 2.377613661802992, 48.931836395878996 ], [ 2.380014111865965, 48.931526893428668 ], [ 2.381123312324959, 48.931335682683297 ], [ 2.382505670751058, 48.930783456645507 ], [ 2.383932049305819, 48.932504838174609 ], [ 2.383348019924796, 48.932837268161762 ], [ 2.383559910343771, 48.93396156552695 ], [ 2.38465192958165, 48.940303518729372 ], [ 2.385858238626041, 48.940920315996536 ], [ 2.387580922722172, 48.94139405691454 ], [ 2.387422366403732, 48.942222380958107 ], [ 2.388869532898473, 48.942447392961903 ], [ 2.390239090864758, 48.942888718347334 ], [ 2.393958493321239, 48.94424030751199 ], [ 2.394991445805505, 48.94475451499261 ], [ 2.396107939438058, 48.94548316135797 ], [ 2.396540100250712, 48.945890010888021 ], [ 2.397485096788481, 48.94740194579304 ], [ 2.397655770738489, 48.947401004923769 ], [ 2.397963731930469, 48.947688520444956 ], [ 2.398154206750639, 48.948218248688036 ], [ 2.398992539898106, 48.948806980767614 ], [ 2.399247294696058, 48.948619410705049 ], [ 2.399462423517091, 48.948907356014253 ], [ 2.399698619878001, 48.949026343441581 ], [ 2.399738462655477, 48.949241468642668 ], [ 2.400396774041968, 48.949578392302108 ], [ 2.400694131107882, 48.949840667489809 ], [ 2.400894569677949, 48.949864151049987 ], [ 2.401324675241397, 48.950100109790775 ], [ 2.401592387135519, 48.950091554380919 ], [ 2.401862426302735, 48.950236785100131 ], [ 2.402285348916674, 48.950266771730391 ], [ 2.402976676660509, 48.950703664234013 ], [ 2.40367478077252, 48.951145981833392 ], [ 2.404119490403759, 48.951539374758688 ], [ 2.406170175595943, 48.950118812921637 ], [ 2.406164427236739, 48.950024361163258 ], [ 2.405777732717358, 48.949811116791558 ], [ 2.40579225892207, 48.949734750868508 ], [ 2.408372419835688, 48.947247539409794 ], [ 2.408669291322145, 48.947074545451599 ], [ 2.409231945726382, 48.945979308306519 ], [ 2.412289869783633, 48.944674206521405 ], [ 2.412899465320633, 48.94400723480932 ], [ 2.413183498462791, 48.943638124687425 ], [ 2.414630291485488, 48.942575061889876 ], [ 2.416230105699383, 48.94198214800641 ], [ 2.416906138710809, 48.941470153620934 ], [ 2.417308618210023, 48.941369593385858 ], [ 2.417958233996378, 48.94016682019253 ], [ 2.417408259450441, 48.940030156092568 ], [ 2.417554382859019, 48.939903168917425 ], [ 2.416752923069267, 48.939428949774594 ], [ 2.417015351535973, 48.938912242584045 ], [ 2.41711447359572, 48.938715782807868 ], [ 2.415840464224547, 48.937292317336372 ], [ 2.416632499237809, 48.935681967651298 ], [ 2.413956410813316, 48.935986358333366 ], [ 2.41335307852747, 48.935502291532998 ], [ 2.415919422871609, 48.934272019005732 ], [ 2.417710259869282, 48.933661127995627 ], [ 2.4165442635496, 48.933082614338524 ], [ 2.415376880351016, 48.932994191398777 ], [ 2.41478937819457, 48.933046180317469 ], [ 2.413471277503216, 48.933009161159809 ], [ 2.412497904385705, 48.932662665890362 ], [ 2.414314000729268, 48.931382881323479 ], [ 2.416035307762407, 48.930393075376813 ], [ 2.417206723158951, 48.930360108551106 ], [ 2.419919184349104, 48.929336393111917 ], [ 2.420239153889948, 48.929649993531513 ], [ 2.420880982472389, 48.929618024765972 ], [ 2.422601380508508, 48.930046292279783 ], [ 2.421291670130057, 48.928647881023217 ], [ 2.421403708480048, 48.928636731305851 ], [ 2.420926737304836, 48.928082265678924 ], [ 2.420093608271252, 48.926789558504211 ], [ 2.418551765291069, 48.924805450808407 ], [ 2.417745802776045, 48.924021853000752 ], [ 2.417826757703114, 48.923982677586103 ], [ 2.417706206757922, 48.923779751524378 ], [ 2.416867842982586, 48.922602099929129 ], [ 2.416290032666423, 48.921800715460343 ], [ 2.415684173292082, 48.921189840794625 ], [ 2.413506373738416, 48.919362627529736 ], [ 2.413325368724, 48.919440879261614 ], [ 2.41149445207994, 48.917963351285273 ], [ 2.410128760993786, 48.91662118021182 ], [ 2.409092776542287, 48.917371484229108 ], [ 2.407621026185204, 48.918041386410763 ], [ 2.407693959646444, 48.918107395593132 ], [ 2.406834367624617, 48.918700275279029 ], [ 2.405991892383756, 48.918748260519536 ], [ 2.405276340270106, 48.918913778337419 ], [ 2.40387113643841, 48.91948414252122 ], [ 2.403701273790809, 48.919660458365854 ], [ 2.40386659345642, 48.919880708956612 ], [ 2.403257505497349, 48.920160954726917 ], [ 2.402619190156576, 48.920609219673246 ], [ 2.402523659422318, 48.921085369170569 ], [ 2.402367131604674, 48.921169122152051 ], [ 2.401758847201812, 48.921733540832534 ], [ 2.400802424004977, 48.922073191052327 ], [ 2.400001864456782, 48.922267928710539 ], [ 2.398554430011093, 48.92246481150449 ], [ 2.39816789037194, 48.922376538492138 ], [ 2.396929448137521, 48.921966528931165 ], [ 2.395625188739651, 48.922055282422356 ], [ 2.395368954541749, 48.922027910179381 ], [ 2.395307794123938, 48.921889110303553 ], [ 2.394875434168378, 48.921752033451931 ], [ 2.394456851698452, 48.921721141338345 ], [ 2.393661679653185, 48.921920360488407 ], [ 2.392587417143704, 48.922530036363902 ], [ 2.392341059143427, 48.92259173778357 ], [ 2.39170541385358, 48.922334012398736 ], [ 2.391155390908516, 48.921873478193234 ], [ 2.390994773780424, 48.921488663251303 ], [ 2.390541695855299, 48.921141030362598 ], [ 2.39023437015273, 48.920699711468849 ], [ 2.390270232337691, 48.920550610956383 ], [ 2.389814398230768, 48.91997364050637 ], [ 2.388932894523986, 48.919855836699099 ], [ 2.388106947065943, 48.919539565634693 ], [ 2.386982276790649, 48.919561694812607 ], [ 2.387033559402573, 48.919378500695814 ], [ 2.386511967522469, 48.919290397905215 ], [ 2.386462022256882, 48.919244278022795 ], [ 2.382642412676245, 48.91948995030026 ], [ 2.380009354252954, 48.91978571229906 ] ] ] } },
{ "type": "Feature", "properties": { "insee_com": "93029", "nom_arrondissement": "Drancy", "avg_circumference_cm": null, "tree_count": null, "pct_young_trees": null }, "geometry": { "type": "Polygon", "coordinates": [ [ [ 2.434071009257788, 48.913783379734632 ], [ 2.433397775360635, 48.913710951632467 ], [ 2.431473404127209, 48.914385300615422 ], [ 2.429540004070432, 48.915007416314459 ], [ 2.426338895904848, 48.915636027355887 ], [ 2.422874087996879, 48.916412566019709 ], [ 2.419748248469691, 48.917128595189965 ], [ 2.417728313986625, 48.917779777487958 ], [ 2.41494663202295, 48.918698795345819 ], [ 2.413506373738416, 48.919362627529736 ], [ 2.415684173292082, 48.921189840794625 ], [ 2.416290032666423, 48.921800715460343 ], [ 2.416867842982586, 48.922602099929129 ], [ 2.417706206757922, 48.923779751524378 ], [ 2.417826757703114, 48.923982677586103 ], [ 2.417745802776045, 48.924021853000752 ], [ 2.418551765291069, 48.924805450808407 ], [ 2.420093608271252, 48.926789558504211 ], [ 2.420926737304836, 48.928082265678924 ], [ 2.421403708480048, 48.928636731305851 ], [ 2.421291670130057, 48.928647881023217 ], [ 2.422601380508508, 48.930046292279783 ], [ 2.423246628038443, 48.930198680653056 ], [ 2.424097860651744, 48.930237846455505 ], [ 2.426996671731319, 48.930745448808835 ], [ 2.429411798960714, 48.93105643344348 ], [ 2.428975769220806, 48.931238709701056 ], [ 2.431622054690383, 48.93175758567974 ], [ 2.435088403598707, 48.932303652386963 ], [ 2.438166935632978, 48.932620282640819 ], [ 2.44172848021874, 48.932701674365546 ], [ 2.444163296624783, 48.932719286568457 ], [ 2.444920272765304, 48.933538442214335 ], [ 2.444713711334589, 48.933836945532775 ], [ 2.442519878448444, 48.937310565706881 ], [ 2.443838877363424, 48.937530721272459 ], [ 2.445612991884442, 48.938340195495243 ], [ 2.445975112777541, 48.938432696728626 ], [ 2.446360981842445, 48.938602644257706 ], [ 2.446766864212333, 48.939073040843851 ], [ 2.447633321197602, 48.939493401248676 ], [ 2.448237903762488, 48.939636472697998 ], [ 2.449090271490759, 48.93958463833566 ], [ 2.450202952237459, 48.939443165496385 ], [ 2.450446043307168, 48.939303993438564 ], [ 2.451125748273256, 48.939184806524381 ], [ 2.451793696051856, 48.939144698164924 ], [ 2.452269546616166, 48.939198132258475 ], [ 2.453507310311842, 48.93858328243379 ], [ 2.453896294315304, 48.938068871340874 ], [ 2.455122572504379, 48.937764202210936 ], [ 2.455529185293029, 48.937519648446106 ], [ 2.456663431479538, 48.936353038664073 ], [ 2.457800386201415, 48.935838405417137 ], [ 2.457823128186544, 48.935620883233014 ], [ 2.458029300070681, 48.935484226291926 ], [ 2.457614822354764, 48.935176596978138 ], [ 2.45765984950016, 48.935047304756878 ], [ 2.457437006797785, 48.934426693638351 ], [ 2.458225909799253, 48.934168572435183 ], [ 2.459017432635366, 48.933657760538765 ], [ 2.459552496939674, 48.933262693305849 ], [ 2.461232341689781, 48.932772056107723 ], [ 2.463877463828507, 48.930792912280339 ], [ 2.46338732505712, 48.929881545326253 ], [ 2.462559761039256, 48.928341862730782 ], [ 2.462182599578651, 48.927859953448461 ], [ 2.463021482320741, 48.927111015077571 ], [ 2.462103050185639, 48.92631372725549 ], [ 2.461873010206099, 48.925991649767234 ], [ 2.462629942859316, 48.92498245137984 ], [ 2.462160599201508, 48.924179081804191 ], [ 2.462743860202514, 48.923994646792394 ], [ 2.462353533998846, 48.923865197368208 ], [ 2.462421916674043, 48.923454530114775 ], [ 2.461914716433126, 48.922618614162822 ], [ 2.462000704534864, 48.921429242020039 ], [ 2.461907117711993, 48.921373965157812 ], [ 2.462230313215442, 48.921263005065349 ], [ 2.461962189967344, 48.920930863039295 ], [ 2.466645081370527, 48.919773731075033 ], [ 2.468583696425867, 48.919282340029035 ], [ 2.468125355210689, 48.91900062702647 ], [ 2.468739084740322, 48.918898132972963 ], [ 2.471897544201473, 48.920557795687301 ], [ 2.472108570531727, 48.92033660130695 ], [ 2.472267803778541, 48.920243776719843 ], [ 2.472611881983284, 48.920223708793273 ], [ 2.473655694981377, 48.91996300852707 ], [ 2.473899577823676, 48.919730264489168 ], [ 2.474369048491921, 48.918373498268117 ], [ 2.475694071293443, 48.917283968061163 ], [ 2.475434445651804, 48.917049915196714 ], [ 2.475485698754686, 48.916432326317718 ], [ 2.4739717640215, 48.916503927137938 ], [ 2.472480767526195, 48.916062114055393 ], [ 2.471217757863187, 48.915476502462724 ], [ 2.47071537981306, 48.915770151392053 ], [ 2.468955706756188, 48.914652636537902 ], [ 2.468723621924048, 48.914799091725733 ], [ 2.468434933966801, 48.914742954250762 ], [ 2.467656923358202, 48.91463698019399 ], [ 2.467102569927543, 48.914408792845691 ], [ 2.467005145869253, 48.914329221565623 ], [ 2.467259505084614, 48.914139702559297 ], [ 2.466662135668632, 48.913982366008007 ], [ 2.465868795341464, 48.913510298978991 ], [ 2.465503793276033, 48.913180428341335 ], [ 2.464937764332868, 48.913028618578132 ], [ 2.464004556128013, 48.912362565242951 ], [ 2.463637486767901, 48.912102824343464 ], [ 2.462944910288296, 48.911919862199802 ], [ 2.462116250933029, 48.911835207692405 ], [ 2.46135880386578, 48.911856984658684 ], [ 2.458903823386035, 48.911247888534525 ], [ 2.458537886485212, 48.911275911894897 ], [ 2.457860565301644, 48.910548014594106 ], [ 2.456438726267038, 48.910959744944911 ], [ 2.455943573496541, 48.910427810638303 ], [ 2.45556597414034, 48.910527715812442 ], [ 2.454362075681056, 48.911231784389521 ], [ 2.45277558236164, 48.911987152024651 ], [ 2.449949535968838, 48.913061459450034 ], [ 2.44906425979481, 48.913169803537301 ], [ 2.445950952957052, 48.913786751629061 ], [ 2.441549895142206, 48.915134146198398 ], [ 2.44110501209388, 48.915267865218532 ], [ 2.437008671882464, 48.913146129860024 ], [ 2.436885198812401, 48.913082598709082 ], [ 2.434071009257788, 48.913783379734632 ] ] ] } },
{ "type": "Feature", "properties": { "insee_com": "93030", "nom_arrondissement": "Dugny", "avg_circumference_cm": null, "tree_count": null, "pct_young_trees": null }, "geometry": { "type": "Polygon", "coordinates": [ [ [ 2.42251041437291, 48.940331823420614 ], [ 2.421227651819208, 48.939923659817694 ], [ 2.418269604621966, 48.939179127015485 ], [ 2.417554382859019, 48.939903168917425 ], [ 2.417408259450441, 48.940030156092568 ], [ 2.417958233996378, 48.94016682019253 ], [ 2.417308618210023, 48.941369593385858 ], [ 2.416906138710809, 48.941470153620934 ], [ 2.416230105699383, 48.94198214800641 ], [ 2.414630291485488, 48.942575061889876 ], [ 2.413183498462791, 48.943638124687425 ], [ 2.412899465320633, 48.94400723480932 ], [ 2.412289869783633, 48.944674206521405 ], [ 2.409231945726382, 48.945979308306519 ], [ 2.408669291322145, 48.947074545451599 ], [ 2.408372419835688, 48.947247539409794 ], [ 2.40579225892207, 48.949734750868508 ], [ 2.405777732717358, 48.949811116791558 ], [ 2.406164427236739, 48.950024361163258 ], [ 2.406170175595943, 48.950118812921637 ], [ 2.404119490403759, 48.951539374758688 ], [ 2.403632305369387, 48.951873278690563 ], [ 2.403249792614703, 48.95189026001146 ], [ 2.403637471865291, 48.952018086543006 ], [ 2.404033886221287, 48.951979590655732 ], [ 2.406423982015282, 48.952285508156336 ], [ 2.406790021183458, 48.952396131174353 ], [ 2.407116597878439, 48.952375264888239 ], [ 2.408213542257849, 48.953171140012998 ], [ 2.407873054846763, 48.953334024711488 ], [ 2.407826304417803, 48.953722276879105 ], [ 2.4077301227131, 48.95377485849896 ], [ 2.407736085726609, 48.954090530327399 ], [ 2.407868639279682, 48.954321397075887 ], [ 2.407244412127312, 48.954338995734361 ], [ 2.406912333526446, 48.95460173762978 ], [ 2.407260304242534, 48.955460458065794 ], [ 2.407355517741699, 48.956092212407377 ], [ 2.408336042574672, 48.95728588142363 ], [ 2.409584145670393, 48.956926932756922 ], [ 2.409845082308955, 48.957037028198933 ], [ 2.409668979351038, 48.95787427433558 ], [ 2.410905105100608, 48.95797027997564 ], [ 2.412485198928293, 48.957718145662426 ], [ 2.413685309358266, 48.957738408143335 ], [ 2.413663251863883, 48.95799908632727 ], [ 2.414938491530157, 48.958260705763621 ], [ 2.415789262689077, 48.958745958795959 ], [ 2.417435655528243, 48.959523736208965 ], [ 2.41779462670552, 48.959418467668684 ], [ 2.418303386541579, 48.958252796738684 ], [ 2.418391374620867, 48.957589568367496 ], [ 2.418811955795727, 48.95771300804266 ], [ 2.422701633182855, 48.958895442152894 ], [ 2.424892208215193, 48.959128985156021 ], [ 2.425318444412893, 48.95911394275948 ], [ 2.425841018269482, 48.959402410810128 ], [ 2.427022154228013, 48.959413456111967 ], [ 2.428233934847985, 48.959245683209637 ], [ 2.428495769351879, 48.959030209789944 ], [ 2.42884431642672, 48.959001295665942 ], [ 2.429024238124192, 48.958907730237122 ], [ 2.42930552056715, 48.958661772761985 ], [ 2.429877483186769, 48.958557481637357 ], [ 2.43001924054492, 48.958332441208888 ], [ 2.431374092403126, 48.957940501428965 ], [ 2.431784648599846, 48.957734718450403 ], [ 2.432631797021832, 48.95756427335013 ], [ 2.43264456554155, 48.957395272706492 ], [ 2.432825911133706, 48.957420410687547 ], [ 2.432851498000869, 48.957202910532438 ], [ 2.433032183470803, 48.957163298282261 ], [ 2.433179774383909, 48.956777313693642 ], [ 2.433760782619374, 48.956592113216097 ], [ 2.433934770161798, 48.956414880926886 ], [ 2.434101042632641, 48.955942654010762 ], [ 2.435310234403328, 48.955626419057289 ], [ 2.435378937779676, 48.955461278330255 ], [ 2.435644214020565, 48.955427456006113 ], [ 2.435640012051637, 48.955185534604915 ], [ 2.435770938157685, 48.955074642219842 ], [ 2.435927484800675, 48.955119442672178 ], [ 2.436156732004318, 48.955385803402095 ], [ 2.436482487372798, 48.955441290595594 ], [ 2.437088125523851, 48.955753481672502 ], [ 2.439132492314646, 48.955862880167643 ], [ 2.440813351123004, 48.956252917109587 ], [ 2.441157305649384, 48.956394805459084 ], [ 2.441654045851513, 48.956424097463433 ], [ 2.441851985256029, 48.956557210405954 ], [ 2.443334233785968, 48.956497555769573 ], [ 2.443485992280988, 48.95660797005543 ], [ 2.443745095850758, 48.956512951455075 ], [ 2.444032344981946, 48.956722912211326 ], [ 2.444457949384429, 48.956636757342103 ], [ 2.444573121357543, 48.956720922147589 ], [ 2.444789075635054, 48.956574443559951 ], [ 2.445016814562836, 48.956731069976932 ], [ 2.445179210252213, 48.956740814131592 ], [ 2.447486298865601, 48.955776668627934 ], [ 2.447517370613078, 48.955679691591534 ], [ 2.447306309094694, 48.955623863935095 ], [ 2.447532917436198, 48.955373115090907 ], [ 2.447763677191468, 48.955116989320267 ], [ 2.446838587576691, 48.954792587720668 ], [ 2.44672523543274, 48.954922457704434 ], [ 2.446495387571102, 48.954451082732611 ], [ 2.445323266535185, 48.954885405232595 ], [ 2.445034371719096, 48.954830112675381 ], [ 2.443935155831793, 48.954318735031627 ], [ 2.442870119249198, 48.953168129460906 ], [ 2.442472548467493, 48.953316458409454 ], [ 2.437804543748835, 48.948093304970307 ], [ 2.435182865538128, 48.94510080150495 ], [ 2.4305725002804, 48.946343365242619 ], [ 2.428528029130731, 48.943918192887715 ], [ 2.427920889637458, 48.94413202162238 ], [ 2.426561570491599, 48.94260665419791 ], [ 2.422631467610587, 48.941724485124965 ], [ 2.422039742687033, 48.941656885686584 ], [ 2.421957156497961, 48.941472136048112 ], [ 2.421865255295347, 48.941265758781121 ], [ 2.42251041437291, 48.940331823420614 ] ] ] } },
{ "type": "Feature", "properties": { "insee_com": "93031", "nom_arrondissement": "Épinay-sur-Seine", "avg_circumference_cm": null, "tree_count": null, "pct_young_trees": null }, "geometry": { "type": "Polygon", "coordinates": [ [ [ 2.290046083322975, 48.955294918727944 ], [ 2.289192332653825, 48.956815031458618 ], [ 2.288774996935449, 48.957575141432827 ], [ 2.288329674499352, 48.958383644155212 ], [ 2.290015966077966, 48.961201168446074 ], [ 2.290329990135853, 48.961707518189186 ], [ 2.292210843831399, 48.962789664971254 ], [ 2.297934585325204, 48.965824167439429 ], [ 2.298875962416975, 48.966305386475156 ], [ 2.300460276903741, 48.96569864127553 ], [ 2.301154374941993, 48.965475173719845 ], [ 2.301502720438027, 48.965266774849496 ], [ 2.303539990993985, 48.963671633810854 ], [ 2.305084904147607, 48.962221983624687 ], [ 2.306766681149082, 48.962996994893992 ], [ 2.307136118871924, 48.962740140866572 ], [ 2.308939580384328, 48.96350862987849 ], [ 2.309350485861845, 48.96269985788868 ], [ 2.310371047331482, 48.961745313058287 ], [ 2.310789252990598, 48.961928470359474 ], [ 2.3109788107509, 48.962155275994661 ], [ 2.313004873082045, 48.962410601917696 ], [ 2.313402039060402, 48.962119715320767 ], [ 2.319090825648815, 48.958942662761885 ], [ 2.319770201474557, 48.958474401934325 ], [ 2.320617311802549, 48.958127589868994 ], [ 2.322692672791019, 48.957525129011088 ], [ 2.325541492118341, 48.958350530447724 ], [ 2.326981421540638, 48.959043864462352 ], [ 2.327918964264275, 48.959515843513699 ], [ 2.329224389301156, 48.958466512184053 ], [ 2.330803482289033, 48.957370132996026 ], [ 2.33336293544644, 48.95531786600754 ], [ 2.33518657585071, 48.95409059330624 ], [ 2.337326294299181, 48.952697774533178 ], [ 2.342240183621811, 48.949164606392593 ], [ 2.346018961110688, 48.946384032508782 ], [ 2.344720285017142, 48.945865251393116 ], [ 2.344195526400679, 48.946229287331953 ], [ 2.344209341599714, 48.946324686391556 ], [ 2.344585827332441, 48.94656775185301 ], [ 2.339378747941282, 48.947631792681946 ], [ 2.337873304783941, 48.946627087218495 ], [ 2.337576461650512, 48.946136239691469 ], [ 2.337762833812101, 48.945974499921022 ], [ 2.336869793667632, 48.945129636170002 ], [ 2.337061051951852, 48.945012888371167 ], [ 2.336986725039124, 48.94495312482691 ], [ 2.337511122504397, 48.944727606949833 ], [ 2.337895767737374, 48.944969839831408 ], [ 2.338560577169021, 48.944760380606098 ], [ 2.339224792662676, 48.945349474801624 ], [ 2.340764277814454, 48.944313887126917 ], [ 2.340490755157659, 48.944136123671285 ], [ 2.340627236932603, 48.94403165868534 ], [ 2.339602604749047, 48.943550298726564 ], [ 2.339299765829068, 48.943316615444061 ], [ 2.33833716506629, 48.942575693688937 ], [ 2.337303521081187, 48.943555596136669 ], [ 2.336386437826148, 48.944171026446497 ], [ 2.33551437321127, 48.944680583993858 ], [ 2.334423237512138, 48.945131364993735 ], [ 2.332636269830918, 48.945758120174276 ], [ 2.325278210585985, 48.947805058456652 ], [ 2.323389212773682, 48.94828272015102 ], [ 2.314353710168803, 48.950123465897349 ], [ 2.307642065547389, 48.951206293105798 ], [ 2.3020484086347, 48.951884288924006 ], [ 2.300576607087067, 48.951975531549444 ], [ 2.298328610877544, 48.95191023796356 ], [ 2.292214741721698, 48.951467826202325 ], [ 2.290046083322975, 48.955294918727944 ] ] ] } },
{ "type": "Feature", "properties": { "insee_com": "93032", "nom_arrondissement": "Gagny", "avg_circumference_cm": null, "tree_count": null, "pct_young_trees": null }, "geometry": { "type": "Polygon", "coordinates": [ [ [ 2.537355197482447, 48.872695899551999 ], [ 2.536886160132505, 48.872548395430883 ], [ 2.536287463173983, 48.873029913546297 ], [ 2.536019453307182, 48.873578361278263 ], [ 2.535471002693927, 48.874232739547921 ], [ 2.535326682422983, 48.874363480438113 ], [ 2.534044615330151, 48.875028491638993 ], [ 2.533479484036905, 48.874648575411214 ], [ 2.533210400809323, 48.874856169110579 ], [ 2.533639090261067, 48.875095260906235 ], [ 2.533084896636972, 48.87547261422656 ], [ 2.531229431369621, 48.876670452771783 ], [ 2.530972363956505, 48.876450011647947 ], [ 2.530674474540824, 48.875918244830579 ], [ 2.530305441808472, 48.874809732608142 ], [ 2.53004622865309, 48.874375241945131 ], [ 2.528552984615607, 48.878932523198237 ], [ 2.526524724617784, 48.879614296084618 ], [ 2.527204072245133, 48.879729395696124 ], [ 2.527650851466695, 48.880080094692808 ], [ 2.526962384415853, 48.880518042097627 ], [ 2.527096405795384, 48.880774877044864 ], [ 2.526757776056742, 48.880976784677088 ], [ 2.525756296494823, 48.881944983357798 ], [ 2.525777986257366, 48.882707689401691 ], [ 2.525784095709638, 48.882935240494206 ], [ 2.525207371488242, 48.882926659589003 ], [ 2.524974553787279, 48.883933868590177 ], [ 2.524824274645525, 48.884114034550258 ], [ 2.524620207141599, 48.884360536027806 ], [ 2.522126212461063, 48.887321939842366 ], [ 2.518153898152823, 48.891133488261836 ], [ 2.518518447247183, 48.890941603059453 ], [ 2.519227826099406, 48.89092017191782 ], [ 2.519665290682117, 48.890806815883423 ], [ 2.520571866827193, 48.891734039577024 ], [ 2.520650065907237, 48.891683991337374 ], [ 2.520975242238558, 48.891472156358404 ], [ 2.522877264593626, 48.893165053505768 ], [ 2.523611899479227, 48.893367624487894 ], [ 2.524127384057946, 48.893224885568202 ], [ 2.526091844311559, 48.89182256125531 ], [ 2.527216548609513, 48.891722687278104 ], [ 2.528251158935477, 48.892082893661531 ], [ 2.530423669572386, 48.892243415574782 ], [ 2.531682463300077, 48.892853579011692 ], [ 2.532576354834372, 48.893246471398271 ], [ 2.532160759554375, 48.89472150928826 ], [ 2.532007248862762, 48.895260492715451 ], [ 2.535687677086896, 48.894890815565489 ], [ 2.536018575289262, 48.89831754623107 ], [ 2.537185849910531, 48.898659301048752 ], [ 2.536883238133094, 48.898790328655906 ], [ 2.538529837925079, 48.899686993005012 ], [ 2.539383176351039, 48.899286491696522 ], [ 2.539801544487209, 48.899330367161973 ], [ 2.546225889114133, 48.89888634441121 ], [ 2.546241339425943, 48.898678664341361 ], [ 2.546432003850958, 48.898556182271442 ], [ 2.544182639591809, 48.896232837484021 ], [ 2.54444306064003, 48.895931662365633 ], [ 2.544681446238481, 48.896122322023949 ], [ 2.547709789743585, 48.895763284361387 ], [ 2.547075474615925, 48.894518947853108 ], [ 2.546500814204442, 48.893318898369976 ], [ 2.546875961445218, 48.892839189768374 ], [ 2.546811516055709, 48.892722036086653 ], [ 2.547674785702371, 48.892256761339105 ], [ 2.546690036188116, 48.891166674628401 ], [ 2.547498766082112, 48.890854076433982 ], [ 2.54743399346248, 48.890774692564129 ], [ 2.549006770130792, 48.890266222250986 ], [ 2.547631353341014, 48.888465114094672 ], [ 2.547121168201815, 48.887697872707044 ], [ 2.547233932729262, 48.887433002568457 ], [ 2.549529493041683, 48.887225826300885 ], [ 2.549671526403478, 48.886413383496432 ], [ 2.549468574484984, 48.885597843701618 ], [ 2.549664083092334, 48.885381845007409 ], [ 2.549961434134397, 48.884900032337654 ], [ 2.550008884604097, 48.884774306928939 ], [ 2.554232328481455, 48.885065295144528 ], [ 2.555094148226791, 48.885225880233669 ], [ 2.555194110462192, 48.88501761126237 ], [ 2.55678618418073, 48.88509635953384 ], [ 2.556772197148493, 48.885297753598479 ], [ 2.557589961236541, 48.885348441540387 ], [ 2.557970399783739, 48.885511722726775 ], [ 2.557901703967614, 48.88492961442509 ], [ 2.558690044360278, 48.884589884828578 ], [ 2.559200688200951, 48.885158332397772 ], [ 2.559752598447345, 48.885040754557338 ], [ 2.559721980572428, 48.884952509419719 ], [ 2.560679668632221, 48.884581014151038 ], [ 2.560373427129319, 48.88418958857887 ], [ 2.56138351856067, 48.883908211156246 ], [ 2.561273114278669, 48.883740534500028 ], [ 2.562111473398214, 48.883447729703171 ], [ 2.56219968188074, 48.883498413801306 ], [ 2.562694308864475, 48.883216937874735 ], [ 2.562484369749585, 48.883047999332007 ], [ 2.564809606733554, 48.881380153045136 ], [ 2.5657628401517, 48.882021227917775 ], [ 2.566965246554636, 48.881396962487777 ], [ 2.567058073028162, 48.881548382986146 ], [ 2.568070557999726, 48.881296634816849 ], [ 2.568470737318233, 48.881381714115477 ], [ 2.56887362037765, 48.881140350742307 ], [ 2.56923717160644, 48.880708189768313 ], [ 2.56980416645014, 48.880571734035968 ], [ 2.570718515787467, 48.879980568921134 ], [ 2.57141423518933, 48.879775319742521 ], [ 2.571411961828413, 48.879223131869338 ], [ 2.571938391032169, 48.878213284671908 ], [ 2.571114655838456, 48.878071841673815 ], [ 2.570327977690723, 48.876909800854889 ], [ 2.569980634586706, 48.876208884246829 ], [ 2.569809761797276, 48.875767604260702 ], [ 2.569331844427708, 48.875195717647543 ], [ 2.568829660036703, 48.874921416156788 ], [ 2.568233522489929, 48.874633283836893 ], [ 2.568020867446203, 48.874300667606278 ], [ 2.568361985587916, 48.873280270158631 ], [ 2.568283205534449, 48.873080336825538 ], [ 2.567783492383488, 48.872675637656016 ], [ 2.567786206334089, 48.872512870284829 ], [ 2.56897790046561, 48.871670905538458 ], [ 2.56955285016442, 48.870395037137691 ], [ 2.569715426846664, 48.870187878033043 ], [ 2.570366806271097, 48.869723469017089 ], [ 2.570660260582639, 48.869349504002386 ], [ 2.570334763548502, 48.868980512485628 ], [ 2.569495654127453, 48.868408224993509 ], [ 2.569232207489853, 48.868120392527679 ], [ 2.567610942597331, 48.865870728363454 ], [ 2.567341331144255, 48.865835579610447 ], [ 2.564309170152427, 48.86557186910445 ], [ 2.560568600078782, 48.866554648278729 ], [ 2.559189288370479, 48.867012729417539 ], [ 2.55825654843079, 48.867372618370283 ], [ 2.55699992853279, 48.868145890888215 ], [ 2.555204199243768, 48.869627614275892 ], [ 2.553252626215079, 48.873054861938073 ], [ 2.552592455384601, 48.873885168104081 ], [ 2.55187201818341, 48.874428361158493 ], [ 2.550278798995957, 48.873573426871971 ], [ 2.547097897787147, 48.872185470752434 ], [ 2.543030196168043, 48.87089297114008 ], [ 2.539252326701277, 48.869684184991513 ], [ 2.538736365922214, 48.870527563526785 ], [ 2.537355197482447, 48.872695899551999 ] ] ] } },
{ "type": "Feature", "properties": { "insee_com": "93033", "nom_arrondissement": "Gournay-sur-Marne", "avg_circumference_cm": null, "tree_count": null, "pct_young_trees": null }, "geometry": { "type": "Polygon", "coordinates": [ [ [ 2.583224927578536, 48.855415647364005 ], [ 2.581876629939334, 48.855297627526824 ], [ 2.580248843395021, 48.855362076656284 ], [ 2.579279674926167, 48.855213880138479 ], [ 2.577136986267441, 48.854574094705043 ], [ 2.574173842079237, 48.853443913091247 ], [ 2.570569705386827, 48.8571830592089 ], [ 2.569744654906973, 48.858066838334693 ], [ 2.567129495781074, 48.857534894369167 ], [ 2.566627982553123, 48.858348774534996 ], [ 2.566117467071834, 48.859587104232943 ], [ 2.565874175390608, 48.860813809499334 ], [ 2.565663698451048, 48.861045972519406 ], [ 2.564261462364931, 48.861823292818158 ], [ 2.564135608517381, 48.862040472447532 ], [ 2.564109239621459, 48.862422591675362 ], [ 2.56455036102505, 48.862972788598725 ], [ 2.564388441007755, 48.8637537163358 ], [ 2.564201536982678, 48.864587612709855 ], [ 2.566009742716047, 48.865156263106464 ], [ 2.566679802250016, 48.865556193643506 ], [ 2.567065950843245, 48.865674503599273 ], [ 2.567571467717813, 48.865699713627691 ], [ 2.567610942597331, 48.865870728363454 ], [ 2.568755626157901, 48.866079005458531 ], [ 2.569882840253888, 48.866423007030967 ], [ 2.570883646278978, 48.866889752329179 ], [ 2.572412706878781, 48.867937542721535 ], [ 2.575472969627129, 48.865945638297895 ], [ 2.575551362254642, 48.865358656093257 ], [ 2.576232665849544, 48.865223473327198 ], [ 2.578461247751134, 48.865240336619117 ], [ 2.583182991819126, 48.865598617881119 ], [ 2.58542809619384, 48.865425651119892 ], [ 2.586348117213435, 48.865094285063321 ], [ 2.587496386448469, 48.86502900008275 ], [ 2.587887351998741, 48.864543811309638 ], [ 2.588069048475543, 48.864320504451889 ], [ 2.586964626420908, 48.8602328468724 ], [ 2.585832079598283, 48.859533750086257 ], [ 2.583242205192915, 48.858367319078482 ], [ 2.581442221260932, 48.858986971839919 ], [ 2.583224927578536, 48.855415647364005 ] ] ] } },
{ "type": "Feature", "properties": { "insee_com": "93039", "nom_arrondissement": "L'Île-Saint-Denis", "avg_circumference_cm": null, "tree_count": null, "pct_young_trees": null }, "geometry": { "type": "Polygon", "coordinates": [ [ [ 2.340657278004831, 48.931323119128358 ], [ 2.339201014823626, 48.929275504141174 ], [ 2.337159392524035, 48.92722642910303 ], [ 2.335843802393232, 48.926045564435213 ], [ 2.333246223279866, 48.923205547257858 ], [ 2.331681701269442, 48.921339778129152 ], [ 2.33012285062585, 48.919678157933035 ], [ 2.328745034608774, 48.918693804507441 ], [ 2.328416220727116, 48.918478827106178 ], [ 2.327479766218691, 48.918085075360203 ], [ 2.324467630857652, 48.917078895371198 ], [ 2.319818622413776, 48.915937453249121 ], [ 2.321269691524998, 48.917982607986119 ], [ 2.322015312685549, 48.918671199646631 ], [ 2.322706079899198, 48.919172421090011 ], [ 2.323866358310079, 48.919772514051388 ], [ 2.325953226208402, 48.920688969861871 ], [ 2.328449672778644, 48.922759687332793 ], [ 2.32992161677155, 48.923966692965386 ], [ 2.333627462202486, 48.927535982375908 ], [ 2.334498518645076, 48.928684725251706 ], [ 2.335292964143958, 48.930064153646406 ], [ 2.336386662339598, 48.932276177030126 ], [ 2.336839699989623, 48.933570065182558 ], [ 2.336960328685078, 48.935350424908904 ], [ 2.336899598586291, 48.93561717741121 ], [ 2.336432844657377, 48.938072344798215 ], [ 2.335852686096147, 48.939997198473243 ], [ 2.335439789215533, 48.940901388051664 ], [ 2.334912655466455, 48.941556739665288 ], [ 2.333203509850459, 48.94293843428003 ], [ 2.33211028915091, 48.943552852524192 ], [ 2.329467167688093, 48.944617234293524 ], [ 2.325945910785542, 48.945588493393302 ], [ 2.324149588407875, 48.945980357724331 ], [ 2.322195826458922, 48.946298463372983 ], [ 2.317068086105394, 48.947109288700617 ], [ 2.315573525872685, 48.947282419744312 ], [ 2.311668101190335, 48.947948907661143 ], [ 2.306364089110817, 48.949154845848852 ], [ 2.303113139035645, 48.949971422772052 ], [ 2.299188800067739, 48.950494409286776 ], [ 2.295639688757196, 48.950526667673003 ], [ 2.293398984828159, 48.950633086404018 ], [ 2.292456608478497, 48.950751629057407 ], [ 2.29080533850887, 48.951088095014903 ], [ 2.292214741721698, 48.951467826202325 ], [ 2.298328610877544, 48.95191023796356 ], [ 2.300576607087067, 48.951975531549444 ], [ 2.3020484086347, 48.951884288924006 ], [ 2.307642065547389, 48.951206293105798 ], [ 2.314353710168803, 48.950123465897349 ], [ 2.323389212773682, 48.94828272015102 ], [ 2.325278210585985, 48.947805058456652 ], [ 2.332636269830918, 48.945758120174276 ], [ 2.334423237512138, 48.945131364993735 ], [ 2.33551437321127, 48.944680583993858 ], [ 2.336386437826148, 48.944171026446497 ], [ 2.337303521081187, 48.943555596136669 ], [ 2.33833716506629, 48.942575693688937 ], [ 2.340022696646423, 48.940245951749318 ], [ 2.341069556896683, 48.937890190308785 ], [ 2.341544461133265, 48.936822650064464 ], [ 2.341740311166837, 48.936016166495648 ], [ 2.341573933772209, 48.933847069590151 ], [ 2.341333852984847, 48.933080455361875 ], [ 2.341241513751812, 48.932827247478322 ], [ 2.340657278004831, 48.931323119128358 ] ] ] } },
{ "type": "Feature", "properties": { "insee_com": "93045", "nom_arrondissement": "Les Lilas", "avg_circumference_cm": null, "tree_count": null, "pct_young_trees": null }, "geometry": { "type": "Polygon", "coordinates": [ [ [ 2.417584359854874, 48.876020402366684 ], [ 2.41583746322237, 48.875078385851211 ], [ 2.413431063629795, 48.87314025049789 ], [ 2.412453090020587, 48.876443193688495 ], [ 2.412208384325074, 48.876742368478865 ], [ 2.410820319151064, 48.878436175801731 ], [ 2.411795320933248, 48.878668500313466 ], [ 2.411915020732441, 48.87881477949206 ], [ 2.41194602801967, 48.879449857035802 ], [ 2.411886491679013, 48.880254462186386 ], [ 2.411612483634886, 48.880731557489533 ], [ 2.411177621281372, 48.881445282976458 ], [ 2.411115675838865, 48.881738158437429 ], [ 2.411251648349013, 48.882616568462247 ], [ 2.411505243003417, 48.883223060611698 ], [ 2.41307760840793, 48.883576119374929 ], [ 2.41300685494544, 48.883078446335048 ], [ 2.41459691187797, 48.88343516919489 ], [ 2.41562371290608, 48.884165039977447 ], [ 2.416967436026008, 48.884482756639621 ], [ 2.41708320005621, 48.884252194344612 ], [ 2.417015303352473, 48.884226682718975 ], [ 2.417333845402535, 48.884032180933282 ], [ 2.418658689301779, 48.884820132407974 ], [ 2.420244863115555, 48.886758666446369 ], [ 2.420472407995836, 48.886653648167737 ], [ 2.420713781437082, 48.886653916874941 ], [ 2.421349948728697, 48.886960963327802 ], [ 2.421713113596854, 48.887291869037668 ], [ 2.422395848551473, 48.887582047510563 ], [ 2.422575624568787, 48.888464247574952 ], [ 2.422681603868847, 48.888991759397939 ], [ 2.42245681054918, 48.889094096995152 ], [ 2.423753164241432, 48.890503278435688 ], [ 2.423978502295866, 48.890968410204721 ], [ 2.424354847226205, 48.890974716565921 ], [ 2.424557705732695, 48.890883061954803 ], [ 2.424729189691914, 48.890421636959502 ], [ 2.425262731354098, 48.890518627299961 ], [ 2.425576535880848, 48.890136124608361 ], [ 2.425660477468623, 48.889820866815541 ], [ 2.426263746567118, 48.889777893655321 ], [ 2.426895357982024, 48.889637926808284 ], [ 2.42669598650276, 48.88928983573269 ], [ 2.42667890561705, 48.888611667984499 ], [ 2.426759167688853, 48.888505932666753 ], [ 2.426451810306724, 48.888304812069165 ], [ 2.426814424424756, 48.88707897762901 ], [ 2.427547894485687, 48.885981718685109 ], [ 2.426834600931618, 48.886113204348902 ], [ 2.426732284969129, 48.885868998614129 ], [ 2.424468958794328, 48.883118805567477 ], [ 2.424775055319153, 48.882936814655352 ], [ 2.425573474667188, 48.882749092143101 ], [ 2.426880473349777, 48.883184332953974 ], [ 2.42907422554161, 48.882590469084192 ], [ 2.428432014686558, 48.880225779316085 ], [ 2.430404912579766, 48.880612898606948 ], [ 2.430597398996272, 48.880592230454177 ], [ 2.429934078745269, 48.87990288873246 ], [ 2.429771402225879, 48.878321998135995 ], [ 2.428883439755706, 48.878227832592309 ], [ 2.427430335455672, 48.878193911701274 ], [ 2.425554321508371, 48.878304534908608 ], [ 2.422542344199424, 48.878307131383636 ], [ 2.421870618923478, 48.878264318947146 ], [ 2.420833372953715, 48.877985909759481 ], [ 2.420279684956507, 48.877751203191472 ], [ 2.417584359854874, 48.876020402366684 ] ] ] } },
{ "type": "Feature", "properties": { "insee_com": "93046", "nom_arrondissement": "Livry-Gargan", "avg_circumference_cm": null, "tree_count": null, "pct_young_trees": null }, "geometry": { "type": "Polygon", "coordinates": [ [ [ 2.522499707235331, 48.904441706409926 ], [ 2.522245146338877, 48.90438313623094 ], [ 2.52205513027049, 48.904426443787791 ], [ 2.521139858284009, 48.903379601506103 ], [ 2.520841395113671, 48.903497115381931 ], [ 2.520684709325171, 48.903328319505746 ], [ 2.519006228902013, 48.903245150380705 ], [ 2.518182790966988, 48.90304399486687 ], [ 2.516423414931559, 48.90285974243227 ], [ 2.516117964901726, 48.902994303114333 ], [ 2.515902834207763, 48.902951166709883 ], [ 2.514612029407197, 48.902402765296976 ], [ 2.513899839640882, 48.902416064399652 ], [ 2.5130841464347, 48.902119579095213 ], [ 2.513033340050802, 48.902155344572471 ], [ 2.51214511834862, 48.901738950803093 ], [ 2.51191691408138, 48.90149071319464 ], [ 2.511033834531859, 48.901836040198923 ], [ 2.51129079934589, 48.902071806563988 ], [ 2.511460785456091, 48.901982569937225 ], [ 2.511521669723307, 48.902035877024041 ], [ 2.514571884234058, 48.905098702175806 ], [ 2.515200199296437, 48.905746043527195 ], [ 2.515994428762102, 48.90615753649238 ], [ 2.517889327154772, 48.90748174850178 ], [ 2.517671777594684, 48.908139157262681 ], [ 2.517667113432108, 48.908495259465617 ], [ 2.519189583836161, 48.909978021746007 ], [ 2.521327098412797, 48.912093625365188 ], [ 2.521166638928698, 48.912035429414949 ], [ 2.519455543394545, 48.911612205470249 ], [ 2.5167904868718, 48.911222882968119 ], [ 2.512269858143584, 48.910555272988347 ], [ 2.510149395447941, 48.910297516379707 ], [ 2.508977824414937, 48.913149774441024 ], [ 2.50834162603572, 48.914635492534984 ], [ 2.50851406987277, 48.914724330601771 ], [ 2.508725211730878, 48.916206327472899 ], [ 2.505786755370401, 48.91743436194502 ], [ 2.507197445926046, 48.918753133312194 ], [ 2.510831254222796, 48.919184394376082 ], [ 2.512262418242805, 48.919356596951417 ], [ 2.513643235972009, 48.921412581446248 ], [ 2.513748276504784, 48.921562289046292 ], [ 2.513604375603273, 48.921628252050219 ], [ 2.514964985033522, 48.9232290972786 ], [ 2.515602832917908, 48.922876460600882 ], [ 2.515989761424262, 48.923237737517233 ], [ 2.516531514782147, 48.923973739434274 ], [ 2.517604671811096, 48.924653425501319 ], [ 2.517625964882029, 48.925153511844663 ], [ 2.518140723152495, 48.925125007353401 ], [ 2.519104543484784, 48.9250884115799 ], [ 2.521709414303876, 48.923938763732117 ], [ 2.522360366941774, 48.924533087790756 ], [ 2.524181937881842, 48.925012457594249 ], [ 2.523508117244294, 48.925720211979062 ], [ 2.524225571808011, 48.926061192165918 ], [ 2.524552820134267, 48.927138029680833 ], [ 2.524817643450091, 48.927579726886712 ], [ 2.525174532897852, 48.927504702828081 ], [ 2.525295727597289, 48.927833419773336 ], [ 2.525875584464824, 48.927702622117565 ], [ 2.526857537469147, 48.926727188202804 ], [ 2.527284466960088, 48.926602973982703 ], [ 2.527916199902935, 48.926167515152365 ], [ 2.529239285823419, 48.926094482915317 ], [ 2.529717849297676, 48.926296002137178 ], [ 2.531266757054069, 48.92615189118095 ], [ 2.53145048720063, 48.92620836506542 ], [ 2.531903104847173, 48.927019485357647 ], [ 2.531910416838243, 48.927268614164198 ], [ 2.533201763176292, 48.926932824757969 ], [ 2.534041483486687, 48.926583575497993 ], [ 2.534513926603923, 48.927319223170585 ], [ 2.536645080659889, 48.925854463556526 ], [ 2.539073710982457, 48.927460049734648 ], [ 2.539647359428867, 48.928489229908628 ], [ 2.539840181269701, 48.929062809913304 ], [ 2.540537759842492, 48.929662606041383 ], [ 2.540699215569139, 48.929771138088597 ], [ 2.540772072718041, 48.929712065077979 ], [ 2.541154030073825, 48.930198237855791 ], [ 2.54085694191225, 48.930456990648267 ], [ 2.542056290892664, 48.931271826527642 ], [ 2.541702599287772, 48.931448530872721 ], [ 2.540953351241753, 48.931595842168299 ], [ 2.540807608103025, 48.931716685888922 ], [ 2.541565294552962, 48.932315805402204 ], [ 2.542137926979278, 48.933006838046033 ], [ 2.542381169783171, 48.933129168966339 ], [ 2.542334345023393, 48.933176651642405 ], [ 2.543387746189013, 48.933523292654016 ], [ 2.54357962592008, 48.933744345354107 ], [ 2.543934770124543, 48.934648566607621 ], [ 2.545680976701127, 48.934286497197057 ], [ 2.545952662762564, 48.93412295998781 ], [ 2.549069548617816, 48.935298384895553 ], [ 2.556312190490006, 48.934004386425229 ], [ 2.556980621605578, 48.934210094457725 ], [ 2.557443681249069, 48.934169539483356 ], [ 2.55745610851335, 48.933671388931863 ], [ 2.558652341105272, 48.933605656873482 ], [ 2.559871228956063, 48.93376571325998 ], [ 2.560439374321712, 48.933079855436844 ], [ 2.561437988250385, 48.933463006572623 ], [ 2.561550528281995, 48.933065940186061 ], [ 2.561893021405127, 48.932591477689748 ], [ 2.563016273824896, 48.932110870676389 ], [ 2.563553210703367, 48.931233338243807 ], [ 2.563802308867507, 48.930987844220098 ], [ 2.564155608295899, 48.93019686932309 ], [ 2.564425787035709, 48.928084555177733 ], [ 2.563827948060885, 48.927278427638363 ], [ 2.5632551268316, 48.926745767919599 ], [ 2.561669815402336, 48.925873975213065 ], [ 2.561945605197213, 48.924887576075569 ], [ 2.56078197719709, 48.924510115764825 ], [ 2.560191734766685, 48.923301117461484 ], [ 2.559544171444688, 48.922257371843237 ], [ 2.559227467196186, 48.921303868112616 ], [ 2.55848663348955, 48.920321822056437 ], [ 2.556961251543191, 48.919335073397988 ], [ 2.555257281129228, 48.916898892943159 ], [ 2.552918847559214, 48.914958521609435 ], [ 2.551573055803761, 48.915486769303627 ], [ 2.550584743276193, 48.91617102055524 ], [ 2.547589479419221, 48.916357590470618 ], [ 2.547156184007229, 48.916601458760091 ], [ 2.546553653658062, 48.916692705632308 ], [ 2.546257869054142, 48.916813888754312 ], [ 2.545286659963054, 48.917403735567376 ], [ 2.544723161643781, 48.918023002101251 ], [ 2.544495817201803, 48.918118361539868 ], [ 2.542565384930158, 48.916990496303384 ], [ 2.541138480757513, 48.915712548452191 ], [ 2.539889801552817, 48.912803055965689 ], [ 2.539786451686992, 48.912147076226574 ], [ 2.539827710427334, 48.911955685773904 ], [ 2.539670074375663, 48.911730257393209 ], [ 2.53855865160573, 48.911671124700611 ], [ 2.538327298460748, 48.909451679580961 ], [ 2.536308339434973, 48.908664193996316 ], [ 2.534512732926448, 48.908536724488428 ], [ 2.532984892484881, 48.908216923961795 ], [ 2.530056333006944, 48.907556179652566 ], [ 2.529207502582079, 48.907586120436477 ], [ 2.528582208076047, 48.907487436621039 ], [ 2.527367159842504, 48.907132822640847 ], [ 2.526997719828405, 48.906953303804691 ], [ 2.525243906174961, 48.905243996840831 ], [ 2.524949492957314, 48.905366033296986 ], [ 2.523582205792656, 48.904959516086322 ], [ 2.522499707235331, 48.904441706409926 ] ] ] } },
{ "type": "Feature", "properties": { "insee_com": "93047", "nom_arrondissement": "Montfermeil", "avg_circumference_cm": null, "tree_count": null, "pct_young_trees": null }, "geometry": { "type": "Polygon", "coordinates": [ [ [ 2.570578145419993, 48.890720534358891 ], [ 2.570172039360626, 48.890353059547088 ], [ 2.568354525943425, 48.890960748118069 ], [ 2.567681663086114, 48.890364778400127 ], [ 2.567465025426822, 48.890504287934377 ], [ 2.567569436873358, 48.890576609576108 ], [ 2.566825731294639, 48.890957026163129 ], [ 2.566130031968769, 48.890321395540745 ], [ 2.565273341341945, 48.89002241636674 ], [ 2.564874636953559, 48.890243097104474 ], [ 2.56439940803989, 48.88982948651455 ], [ 2.564864036187307, 48.889553289783393 ], [ 2.564624972412703, 48.889275433988615 ], [ 2.564113802177679, 48.889083820308471 ], [ 2.563175789207605, 48.889378972337617 ], [ 2.563233855985551, 48.889447531556215 ], [ 2.562765212005996, 48.88971381496831 ], [ 2.562134782560294, 48.888784324642792 ], [ 2.561443042428704, 48.888822261989318 ], [ 2.561727945097342, 48.888026517492875 ], [ 2.561503207721398, 48.88750769248329 ], [ 2.560344855458323, 48.887250738776125 ], [ 2.559863551114009, 48.886918024437293 ], [ 2.559200688200951, 48.885158332397772 ], [ 2.558690044360278, 48.884589884828578 ], [ 2.557901703967614, 48.88492961442509 ], [ 2.557970399783739, 48.885511722726775 ], [ 2.557589961236541, 48.885348441540387 ], [ 2.556772197148493, 48.885297753598479 ], [ 2.55678618418073, 48.88509635953384 ], [ 2.555194110462192, 48.88501761126237 ], [ 2.555094148226791, 48.885225880233669 ], [ 2.554232328481455, 48.885065295144528 ], [ 2.550008884604097, 48.884774306928939 ], [ 2.549961434134397, 48.884900032337654 ], [ 2.549664083092334, 48.885381845007409 ], [ 2.549468574484984, 48.885597843701618 ], [ 2.549671526403478, 48.886413383496432 ], [ 2.549529493041683, 48.887225826300885 ], [ 2.547233932729262, 48.887433002568457 ], [ 2.547121168201815, 48.887697872707044 ], [ 2.547631353341014, 48.888465114094672 ], [ 2.549006770130792, 48.890266222250986 ], [ 2.54743399346248, 48.890774692564129 ], [ 2.547498766082112, 48.890854076433982 ], [ 2.546690036188116, 48.891166674628401 ], [ 2.547674785702371, 48.892256761339105 ], [ 2.546811516055709, 48.892722036086653 ], [ 2.546875961445218, 48.892839189768374 ], [ 2.546500814204442, 48.893318898369976 ], [ 2.547075474615925, 48.894518947853108 ], [ 2.547709789743585, 48.895763284361387 ], [ 2.544681446238481, 48.896122322023949 ], [ 2.54444306064003, 48.895931662365633 ], [ 2.544182639591809, 48.896232837484021 ], [ 2.546432003850958, 48.898556182271442 ], [ 2.546241339425943, 48.898678664341361 ], [ 2.546225889114133, 48.89888634441121 ], [ 2.546296557215387, 48.899072767484498 ], [ 2.546551800648617, 48.899053050217923 ], [ 2.546828867468425, 48.899033414985624 ], [ 2.547204602882914, 48.899431427810512 ], [ 2.548572374276513, 48.901516671486746 ], [ 2.549032774334199, 48.901907802241176 ], [ 2.550231085666994, 48.901834069162355 ], [ 2.551199434915798, 48.902010366896477 ], [ 2.551827069273388, 48.901992932502203 ], [ 2.552049907082141, 48.902094487531301 ], [ 2.556002035020794, 48.903974345672573 ], [ 2.556900125457035, 48.904398542023372 ], [ 2.558985791597629, 48.905380176445277 ], [ 2.565202012421742, 48.908363376350096 ], [ 2.565804512232252, 48.908096673348822 ], [ 2.570698355722942, 48.907568441754833 ], [ 2.571014961233611, 48.90755608663212 ], [ 2.572129301898843, 48.907751621471448 ], [ 2.577326057959453, 48.906532644809793 ], [ 2.577499651021221, 48.906490990461734 ], [ 2.578333779762075, 48.907091060059102 ], [ 2.578930422290358, 48.908212777372256 ], [ 2.581647228047623, 48.908990291027166 ], [ 2.583163250603363, 48.90980313865353 ], [ 2.583965621943583, 48.910635972218088 ], [ 2.588285269020572, 48.908539363697599 ], [ 2.588637715713597, 48.908480322067902 ], [ 2.588883765887743, 48.908246451875165 ], [ 2.591416939124419, 48.907061759590832 ], [ 2.591261822866808, 48.906836407440231 ], [ 2.590826132952017, 48.90655344153997 ], [ 2.589270439715256, 48.906442900084123 ], [ 2.589060912798222, 48.905507816285322 ], [ 2.587525075393113, 48.905478256449427 ], [ 2.586360138769925, 48.905125313377297 ], [ 2.585533389072468, 48.904618850926241 ], [ 2.584132742246125, 48.903380163849704 ], [ 2.584530072418011, 48.902992147867749 ], [ 2.584405065189785, 48.902759695925418 ], [ 2.584890930902782, 48.902387273751977 ], [ 2.584682543718844, 48.902176116071537 ], [ 2.585317448790403, 48.90175834458762 ], [ 2.585437245390904, 48.901617569746129 ], [ 2.585359831471498, 48.901575034831644 ], [ 2.587720569681011, 48.899569657672622 ], [ 2.589185830124106, 48.898668199883666 ], [ 2.58695922302013, 48.898049917410887 ], [ 2.587564989968369, 48.897341558336144 ], [ 2.588025349494221, 48.896046351603957 ], [ 2.586741835128418, 48.896224487471784 ], [ 2.587100952501167, 48.895142068061944 ], [ 2.586965438707104, 48.894515686539783 ], [ 2.586981950925745, 48.893981557798021 ], [ 2.586057372928138, 48.893793109057093 ], [ 2.585273372595656, 48.893764316697577 ], [ 2.584700620313449, 48.89426773997446 ], [ 2.583888943293547, 48.89480000734531 ], [ 2.582673157293029, 48.894357816393395 ], [ 2.582000670059958, 48.894029024044805 ], [ 2.58086132460571, 48.89375255287942 ], [ 2.578361288277157, 48.893421825893824 ], [ 2.57707057359199, 48.892811143495727 ], [ 2.576621074432725, 48.892237597436925 ], [ 2.575801411653006, 48.892571935935926 ], [ 2.575726430757248, 48.89240080242147 ], [ 2.574736062881973, 48.892761507815351 ], [ 2.574478834759917, 48.892528573474472 ], [ 2.574021587226616, 48.892739183700229 ], [ 2.573445805769102, 48.892268596352523 ], [ 2.573077668833923, 48.892090121364461 ], [ 2.572279296737516, 48.892486563811367 ], [ 2.570947228541343, 48.891444000150493 ], [ 2.571096146194517, 48.891246686339699 ], [ 2.57043571361625, 48.890792867313046 ], [ 2.570578145419993, 48.890720534358891 ] ] ] } },
{ "type": "Feature", "properties": { "insee_com": "93048", "nom_arrondissement": "Montreuil", "avg_circumference_cm": null, "tree_count": null, "pct_young_trees": null }, "geometry": { "type": "Polygon", "coordinates": [ [ [ 2.419003508190377, 48.849391537252203 ], [ 2.416341130298895, 48.849233783543355 ], [ 2.41543707679171, 48.85438623951103 ], [ 2.415286455935682, 48.855177828320024 ], [ 2.416803771490973, 48.855870534946419 ], [ 2.41769302762098, 48.856178844545227 ], [ 2.421980118817544, 48.857095377560277 ], [ 2.423404955353005, 48.857290214550609 ], [ 2.42344144521803, 48.859658361431251 ], [ 2.423136659724385, 48.860349386063547 ], [ 2.422735747588332, 48.860735069127635 ], [ 2.42246039755791, 48.860859648420771 ], [ 2.42296818298046, 48.861777627143731 ], [ 2.423208047304307, 48.861903791798468 ], [ 2.423586679317366, 48.861930797607805 ], [ 2.424039003560125, 48.862073272473722 ], [ 2.423887227034009, 48.862732657583685 ], [ 2.426227572840999, 48.863109932052943 ], [ 2.426228193030521, 48.863177385476774 ], [ 2.428669213272242, 48.863575779279721 ], [ 2.427805405821583, 48.866393774224569 ], [ 2.428724995973614, 48.866817257792455 ], [ 2.429223985690613, 48.867184768866451 ], [ 2.42955853948606, 48.867630635628977 ], [ 2.429049345661002, 48.867944773749095 ], [ 2.429389962482095, 48.868210802604402 ], [ 2.428707133206275, 48.868321760887717 ], [ 2.430290318465754, 48.869524522377375 ], [ 2.430517069022172, 48.870231578242581 ], [ 2.430469205071357, 48.870743970328661 ], [ 2.430931046928513, 48.871022262065829 ], [ 2.43218601326091, 48.871580411878398 ], [ 2.432456359037554, 48.871793037005034 ], [ 2.433672180261433, 48.873572276223086 ], [ 2.433947805011969, 48.873927915963925 ], [ 2.434325666502291, 48.874159930614709 ], [ 2.435434724209983, 48.87460493851551 ], [ 2.436496839395337, 48.873593700599308 ], [ 2.437278924799723, 48.872881512850917 ], [ 2.438382138047238, 48.871845268886652 ], [ 2.43796580349193, 48.871893677309565 ], [ 2.438250759306613, 48.871385993348724 ], [ 2.438637398779643, 48.87130956538973 ], [ 2.439995442834456, 48.871418450474401 ], [ 2.442343776071231, 48.871733387984548 ], [ 2.442283923944025, 48.871848223496904 ], [ 2.44330749436188, 48.871874572196283 ], [ 2.444026110356878, 48.871988529830652 ], [ 2.44521571087844, 48.872298922341031 ], [ 2.446067411816558, 48.872719256595836 ], [ 2.446364324662247, 48.87287531496284 ], [ 2.446697684886759, 48.873065715565971 ], [ 2.446947386140116, 48.873559702009125 ], [ 2.447744874470632, 48.874595813247353 ], [ 2.448995554989913, 48.876228460110887 ], [ 2.44931743235369, 48.876863067125718 ], [ 2.45124648515413, 48.877014018915823 ], [ 2.45176377982079, 48.878516463776307 ], [ 2.455662012391321, 48.878254562321928 ], [ 2.455709168857829, 48.878439138271617 ], [ 2.459080563163974, 48.878751195963673 ], [ 2.459293407479404, 48.878475165661811 ], [ 2.46015219554935, 48.878363927893105 ], [ 2.460859821447785, 48.878366217475062 ], [ 2.462912218653171, 48.878200074719032 ], [ 2.463117243427722, 48.878548133425845 ], [ 2.464252441234909, 48.878207878640083 ], [ 2.464949161742739, 48.878076995298251 ], [ 2.468376187660004, 48.877216321237697 ], [ 2.46745286754219, 48.876308395759878 ], [ 2.469638014081775, 48.874878276218837 ], [ 2.470099991494887, 48.874497209053921 ], [ 2.470262664901402, 48.874186762000491 ], [ 2.470875669755066, 48.871150643742766 ], [ 2.471022148747782, 48.87015123656635 ], [ 2.470814967748124, 48.86947672232899 ], [ 2.471553094530124, 48.869148130393675 ], [ 2.471887137938537, 48.868874409468511 ], [ 2.472198479301784, 48.867477322146492 ], [ 2.474370249262095, 48.867323201031901 ], [ 2.47698880505813, 48.868152164570432 ], [ 2.47912182518329, 48.868466339407064 ], [ 2.479463884505962, 48.868750217346694 ], [ 2.479559011601036, 48.869189504246506 ], [ 2.480836269723808, 48.86892615137802 ], [ 2.479720211729048, 48.867790846372522 ], [ 2.480611906974535, 48.867091441886622 ], [ 2.481214548618314, 48.867353962401637 ], [ 2.482180977488551, 48.867087448627395 ], [ 2.482682216624467, 48.864109226902869 ], [ 2.482824164447786, 48.863953356240138 ], [ 2.482721192037686, 48.863753259001996 ], [ 2.482654308007179, 48.863625264405499 ], [ 2.481591917991238, 48.861487443536213 ], [ 2.480807450121129, 48.860054996359047 ], [ 2.478402673169923, 48.860098499342655 ], [ 2.476362498745778, 48.860480801567043 ], [ 2.475890167891375, 48.860417578946233 ], [ 2.475262674539471, 48.860197189421903 ], [ 2.47320721994843, 48.860200749705506 ], [ 2.469443562538524, 48.860774088685957 ], [ 2.468358317473465, 48.860667647257486 ], [ 2.467901538268067, 48.860550501883289 ], [ 2.466751908674385, 48.860076829455309 ], [ 2.466796185580959, 48.860012274362461 ], [ 2.467132971444946, 48.859333874265779 ], [ 2.467091917886534, 48.858550366761584 ], [ 2.466947181902284, 48.858442700686155 ], [ 2.467408712945752, 48.856626288972521 ], [ 2.465719685860502, 48.856529724772301 ], [ 2.461437513908665, 48.856123811625238 ], [ 2.45889945653227, 48.856024226070382 ], [ 2.457583844257637, 48.855932832173082 ], [ 2.457568871788542, 48.855930965617524 ], [ 2.45549429761643, 48.855693110350003 ], [ 2.453966809220225, 48.855402856752882 ], [ 2.452381235986798, 48.854935146963058 ], [ 2.450362028014701, 48.854105686926076 ], [ 2.448822056959494, 48.85345647081715 ], [ 2.447535759812991, 48.852535903999545 ], [ 2.447894590554266, 48.852368483171382 ], [ 2.447140124141604, 48.851162572747896 ], [ 2.444763885198508, 48.851760427472591 ], [ 2.443631594436604, 48.851870284184933 ], [ 2.44299594076616, 48.85179807702756 ], [ 2.442472919885613, 48.851898166673408 ], [ 2.443291537133346, 48.85257558904479 ], [ 2.442656010206459, 48.852873012154674 ], [ 2.442062470826995, 48.852939495655818 ], [ 2.441117174593982, 48.853019622624231 ], [ 2.438823450661515, 48.85302777332344 ], [ 2.438770274060456, 48.853030221953013 ], [ 2.437653461540036, 48.853217438552527 ], [ 2.437344308619856, 48.852819373343479 ], [ 2.435232853178897, 48.853363423444648 ], [ 2.434846442047783, 48.852425378807602 ], [ 2.434634879088053, 48.851576294486925 ], [ 2.434577597086217, 48.850826866650515 ], [ 2.432617255572484, 48.851139553441897 ], [ 2.431552531778535, 48.850925850831871 ], [ 2.429576392506658, 48.851061241113605 ], [ 2.429311487432927, 48.848745051484698 ], [ 2.424882523822556, 48.849004441275227 ], [ 2.422020156588382, 48.849185807099339 ], [ 2.421032785184891, 48.84925388065799 ], [ 2.419003508190377, 48.849391537252203 ] ] ] } },
{ "type": "Feature", "properties": { "insee_com": "93049", "nom_arrondissement": "Neuilly-Plaisance", "avg_circumference_cm": null, "tree_count": null, "pct_young_trees": null }, "geometry": { "type": "Polygon", "coordinates": [ [ [ 2.51559236774801, 48.851290208732195 ], [ 2.514541101701041, 48.850766128118593 ], [ 2.513513330623282, 48.850063164174216 ], [ 2.513112938435085, 48.850327741088421 ], [ 2.513355074220558, 48.850665979769126 ], [ 2.513462166717925, 48.851310344537296 ], [ 2.511972159964221, 48.852527381339208 ], [ 2.511405937839159, 48.852452223899739 ], [ 2.508560817753058, 48.853419954903224 ], [ 2.508092477983368, 48.854091636609184 ], [ 2.507290065212623, 48.854636033409157 ], [ 2.506664675247734, 48.855338539015172 ], [ 2.505484355285314, 48.857212385717695 ], [ 2.504571702892497, 48.857302141842062 ], [ 2.503231601049557, 48.857194960914491 ], [ 2.502721967109344, 48.856898760512479 ], [ 2.500003124022952, 48.855743471697636 ], [ 2.499312583229185, 48.856548191052063 ], [ 2.497385483412732, 48.855977125789146 ], [ 2.496818534019799, 48.855693249732681 ], [ 2.494887068452385, 48.858812113128366 ], [ 2.497113222158129, 48.859192015817143 ], [ 2.496106748510031, 48.860662693961956 ], [ 2.497316946375119, 48.860397083379652 ], [ 2.499206542185394, 48.863326944226813 ], [ 2.499482037450269, 48.864020583300714 ], [ 2.499771823162622, 48.865072215229432 ], [ 2.50093519412413, 48.866999842122134 ], [ 2.501202035508084, 48.868174580035728 ], [ 2.500999039873633, 48.869584780936037 ], [ 2.500992617679839, 48.869970565944037 ], [ 2.501220513280301, 48.870800695916181 ], [ 2.500932064194582, 48.873018131906981 ], [ 2.502762264489224, 48.873098593811299 ], [ 2.503160722623582, 48.873060678006155 ], [ 2.503804853607494, 48.872851109025724 ], [ 2.504700657041847, 48.872411451497918 ], [ 2.505791440919182, 48.872111088534446 ], [ 2.506174573567566, 48.872825834969547 ], [ 2.505888734565503, 48.872920883217901 ], [ 2.505827657899928, 48.873035744714812 ], [ 2.507042946829884, 48.874850196234732 ], [ 2.507859021713242, 48.875778957611274 ], [ 2.507893176830365, 48.876204477616625 ], [ 2.509439448259478, 48.878070621063394 ], [ 2.51200660107954, 48.876643997809708 ], [ 2.511725763279651, 48.876495363880721 ], [ 2.513165739906683, 48.876037178410932 ], [ 2.512912866474385, 48.875668326912646 ], [ 2.514995074913137, 48.874906061630028 ], [ 2.515814617727173, 48.87503708313249 ], [ 2.515888765684207, 48.875127315297561 ], [ 2.518291095637772, 48.875124415973808 ], [ 2.517973700602754, 48.874505303535635 ], [ 2.51838161896859, 48.874328879440505 ], [ 2.518684676217144, 48.87443441985058 ], [ 2.51991634056524, 48.874376413193787 ], [ 2.520476209165065, 48.874576508305616 ], [ 2.521096860327564, 48.873801078396824 ], [ 2.521008346885232, 48.873493155575545 ], [ 2.521791435634596, 48.873436031839042 ], [ 2.521869567212458, 48.873687255232056 ], [ 2.522213623905209, 48.873633770258309 ], [ 2.522288987547783, 48.873741090534942 ], [ 2.522745263867567, 48.873641287005213 ], [ 2.52264941829136, 48.873239806484087 ], [ 2.523292584167944, 48.87312725611681 ], [ 2.523433401389792, 48.873382325450137 ], [ 2.52441759681111, 48.873248643193975 ], [ 2.524347526525208, 48.872859856878058 ], [ 2.523944055799379, 48.872254806356828 ], [ 2.522889304890206, 48.871311711619704 ], [ 2.522796773368039, 48.871144068225568 ], [ 2.522866776436203, 48.871092186407239 ], [ 2.52203859010763, 48.870570870596417 ], [ 2.521781880657752, 48.870318933255646 ], [ 2.521857386028565, 48.870261678014607 ], [ 2.521121474442852, 48.869789287591217 ], [ 2.520797117996235, 48.869482218316413 ], [ 2.519583127697099, 48.868819044240418 ], [ 2.518691389794727, 48.868101395274444 ], [ 2.517263091367299, 48.867622596348795 ], [ 2.516197767569231, 48.86740065729677 ], [ 2.517388614687335, 48.865845128171514 ], [ 2.51758999831232, 48.865737121091151 ], [ 2.518206441488142, 48.864672998013368 ], [ 2.518499593310167, 48.864516794816971 ], [ 2.518916746772505, 48.861855549565639 ], [ 2.519209567174372, 48.861881008312977 ], [ 2.519302995158586, 48.861062090691995 ], [ 2.519638179676551, 48.861075127908798 ], [ 2.519614645409046, 48.860375351432403 ], [ 2.519337815416911, 48.860390427887815 ], [ 2.519124682225559, 48.859263604274318 ], [ 2.5183698348778, 48.859384676930937 ], [ 2.517855803528801, 48.857931978055028 ], [ 2.517339879540207, 48.858010838539684 ], [ 2.516847934449714, 48.856385549583116 ], [ 2.516930906325654, 48.856256379897552 ], [ 2.516789570159379, 48.856212641022594 ], [ 2.516517261564069, 48.856330253716244 ], [ 2.516160227554009, 48.856325213274509 ], [ 2.51608447432501, 48.856117159851152 ], [ 2.516117645757773, 48.855627154576545 ], [ 2.51630057086976, 48.853539628040629 ], [ 2.516421285973266, 48.853308086154598 ], [ 2.520081785451563, 48.854053087818464 ], [ 2.520961225570374, 48.852230051783764 ], [ 2.517791899432997, 48.85187737011573 ], [ 2.5169850805182, 48.85173561722717 ], [ 2.51559236774801, 48.851290208732195 ] ] ] } },
{ "type": "Feature", "properties": { "insee_com": "93050", "nom_arrondissement": "Neuilly-sur-Marne", "avg_circumference_cm": null, "tree_count": null, "pct_young_trees": null }, "geometry": { "type": "Polygon", "coordinates": [ [ [ 2.531658926032808, 48.853470323191473 ], [ 2.529047388595501, 48.852906979040426 ], [ 2.527875401035636, 48.852753069974355 ], [ 2.525220635251347, 48.852604966397173 ], [ 2.520961225570374, 48.852230051783764 ], [ 2.520081785451563, 48.854053087818464 ], [ 2.516421285973266, 48.853308086154598 ], [ 2.51630057086976, 48.853539628040629 ], [ 2.516117645757773, 48.855627154576545 ], [ 2.51608447432501, 48.856117159851152 ], [ 2.516160227554009, 48.856325213274509 ], [ 2.516517261564069, 48.856330253716244 ], [ 2.516789570159379, 48.856212641022594 ], [ 2.516930906325654, 48.856256379897552 ], [ 2.516847934449714, 48.856385549583116 ], [ 2.517339879540207, 48.858010838539684 ], [ 2.517855803528801, 48.857931978055028 ], [ 2.5183698348778, 48.859384676930937 ], [ 2.519124682225559, 48.859263604274318 ], [ 2.519337815416911, 48.860390427887815 ], [ 2.519614645409046, 48.860375351432403 ], [ 2.519638179676551, 48.861075127908798 ], [ 2.519302995158586, 48.861062090691995 ], [ 2.519209567174372, 48.861881008312977 ], [ 2.518916746772505, 48.861855549565639 ], [ 2.518499593310167, 48.864516794816971 ], [ 2.518206441488142, 48.864672998013368 ], [ 2.51758999831232, 48.865737121091151 ], [ 2.517388614687335, 48.865845128171514 ], [ 2.516197767569231, 48.86740065729677 ], [ 2.517263091367299, 48.867622596348795 ], [ 2.518691389794727, 48.868101395274444 ], [ 2.519583127697099, 48.868819044240418 ], [ 2.520797117996235, 48.869482218316413 ], [ 2.521121474442852, 48.869789287591217 ], [ 2.521857386028565, 48.870261678014607 ], [ 2.521781880657752, 48.870318933255646 ], [ 2.52203859010763, 48.870570870596417 ], [ 2.522866776436203, 48.871092186407239 ], [ 2.522796773368039, 48.871144068225568 ], [ 2.522889304890206, 48.871311711619704 ], [ 2.523944055799379, 48.872254806356828 ], [ 2.524347526525208, 48.872859856878058 ], [ 2.52441759681111, 48.873248643193975 ], [ 2.523433401389792, 48.873382325450137 ], [ 2.523292584167944, 48.87312725611681 ], [ 2.52264941829136, 48.873239806484087 ], [ 2.522745263867567, 48.873641287005213 ], [ 2.522288987547783, 48.873741090534942 ], [ 2.522213623905209, 48.873633770258309 ], [ 2.521869567212458, 48.873687255232056 ], [ 2.521791435634596, 48.873436031839042 ], [ 2.521008346885232, 48.873493155575545 ], [ 2.521096860327564, 48.873801078396824 ], [ 2.520476209165065, 48.874576508305616 ], [ 2.522474014630279, 48.875270677550091 ], [ 2.522941293135082, 48.875161924025512 ], [ 2.523940961855177, 48.875278318991803 ], [ 2.524496132889026, 48.875398336708109 ], [ 2.524849070413026, 48.87556791130622 ], [ 2.526010506735028, 48.875438516736047 ], [ 2.529708678342906, 48.873859503738636 ], [ 2.53004622865309, 48.874375241945131 ], [ 2.530305441808472, 48.874809732608142 ], [ 2.530674474540824, 48.875918244830579 ], [ 2.530972363956505, 48.876450011647947 ], [ 2.531229431369621, 48.876670452771783 ], [ 2.533084896636972, 48.87547261422656 ], [ 2.533639090261067, 48.875095260906235 ], [ 2.533210400809323, 48.874856169110579 ], [ 2.533479484036905, 48.874648575411214 ], [ 2.534044615330151, 48.875028491638993 ], [ 2.535326682422983, 48.874363480438113 ], [ 2.535471002693927, 48.874232739547921 ], [ 2.536019453307182, 48.873578361278263 ], [ 2.536287463173983, 48.873029913546297 ], [ 2.536886160132505, 48.872548395430883 ], [ 2.537355197482447, 48.872695899551999 ], [ 2.538736365922214, 48.870527563526785 ], [ 2.539252326701277, 48.869684184991513 ], [ 2.543030196168043, 48.87089297114008 ], [ 2.547097897787147, 48.872185470752434 ], [ 2.550278798995957, 48.873573426871971 ], [ 2.55187201818341, 48.874428361158493 ], [ 2.552592455384601, 48.873885168104081 ], [ 2.553252626215079, 48.873054861938073 ], [ 2.555204199243768, 48.869627614275892 ], [ 2.55699992853279, 48.868145890888215 ], [ 2.55825654843079, 48.867372618370283 ], [ 2.559189288370479, 48.867012729417539 ], [ 2.560568600078782, 48.866554648278729 ], [ 2.564309170152427, 48.86557186910445 ], [ 2.567341331144255, 48.865835579610447 ], [ 2.567610942597331, 48.865870728363454 ], [ 2.567571467717813, 48.865699713627691 ], [ 2.567065950843245, 48.865674503599273 ], [ 2.566679802250016, 48.865556193643506 ], [ 2.566009742716047, 48.865156263106464 ], [ 2.564201536982678, 48.864587612709855 ], [ 2.564388441007755, 48.8637537163358 ], [ 2.56455036102505, 48.862972788598725 ], [ 2.564109239621459, 48.862422591675362 ], [ 2.564135608517381, 48.862040472447532 ], [ 2.564261462364931, 48.861823292818158 ], [ 2.565663698451048, 48.861045972519406 ], [ 2.565874175390608, 48.860813809499334 ], [ 2.566117467071834, 48.859587104232943 ], [ 2.566627982553123, 48.858348774534996 ], [ 2.567129495781074, 48.857534894369167 ], [ 2.567527389852749, 48.85688791328549 ], [ 2.56764845492201, 48.856423394907388 ], [ 2.56756404869892, 48.855919462458921 ], [ 2.567106332219873, 48.855401589084956 ], [ 2.565428961089686, 48.854872095745257 ], [ 2.564083239307299, 48.85461538675311 ], [ 2.562632616799669, 48.854030920598234 ], [ 2.561200226524859, 48.853874587785626 ], [ 2.55862544626555, 48.853919977528875 ], [ 2.555280956157596, 48.854409424189924 ], [ 2.551355346810769, 48.854637590950212 ], [ 2.546262269302721, 48.854490680782725 ], [ 2.545698427619104, 48.854447171868486 ], [ 2.544100151641705, 48.854095747365214 ], [ 2.543029360844579, 48.853583536723932 ], [ 2.541527075646626, 48.85301480395789 ], [ 2.540574271532266, 48.852882543874642 ], [ 2.539650094418707, 48.852904173321448 ], [ 2.537747264233057, 48.853250277660194 ], [ 2.536564166327935, 48.853575758658366 ], [ 2.535440151002993, 48.853692810733179 ], [ 2.532697670377103, 48.853592197833734 ], [ 2.531658926032808, 48.853470323191473 ] ] ] } },
{ "type": "Feature", "properties": { "insee_com": "93051", "nom_arrondissement": "Noisy-le-Grand", "avg_circumference_cm": null, "tree_count": null, "pct_young_trees": null }, "geometry": { "type": "Polygon", "coordinates": [ [ [ 2.552744472496403, 48.832365093811177 ], [ 2.549164132381024, 48.83507579509255 ], [ 2.547375207949687, 48.83415349717653 ], [ 2.547510670676462, 48.83486989509445 ], [ 2.547449909318355, 48.835591845609201 ], [ 2.547322825968329, 48.836106693667091 ], [ 2.547029376081008, 48.836012050113673 ], [ 2.545113458622693, 48.835436388403721 ], [ 2.544137694050484, 48.835005480841524 ], [ 2.54017242443948, 48.836182844904052 ], [ 2.538073608212222, 48.836883447857616 ], [ 2.536666525236589, 48.838539108245321 ], [ 2.537909317790026, 48.838818217589825 ], [ 2.539387903660833, 48.838934540304813 ], [ 2.539971420925974, 48.839044707822218 ], [ 2.540806525929897, 48.8393626890402 ], [ 2.540219280638183, 48.839828994620298 ], [ 2.539510995129895, 48.839806484472476 ], [ 2.539152521540934, 48.839976879783137 ], [ 2.537906484664514, 48.840828253560439 ], [ 2.537497356573966, 48.841024529240869 ], [ 2.537442991725857, 48.841162818764666 ], [ 2.537560294800063, 48.841455560601787 ], [ 2.537004669418216, 48.841884199331787 ], [ 2.536046261823976, 48.842558594592894 ], [ 2.535603844454662, 48.842971477225241 ], [ 2.535509062016712, 48.843669002671241 ], [ 2.534548628258435, 48.845327261754242 ], [ 2.528762376880615, 48.843584159731442 ], [ 2.526196326133836, 48.847067984389113 ], [ 2.524656662253776, 48.849143858565377 ], [ 2.523581397938536, 48.849003780921656 ], [ 2.52356418706424, 48.848799561413294 ], [ 2.523176800936826, 48.848691895623993 ], [ 2.523033076562835, 48.848910762588616 ], [ 2.520237899051844, 48.848198997883621 ], [ 2.519949354664744, 48.848309359176156 ], [ 2.519028619988137, 48.847965709123244 ], [ 2.51559236774801, 48.851290208732195 ], [ 2.5169850805182, 48.85173561722717 ], [ 2.517791899432997, 48.85187737011573 ], [ 2.520961225570374, 48.852230051783764 ], [ 2.525220635251347, 48.852604966397173 ], [ 2.527875401035636, 48.852753069974355 ], [ 2.529047388595501, 48.852906979040426 ], [ 2.531658926032808, 48.853470323191473 ], [ 2.532697670377103, 48.853592197833734 ], [ 2.535440151002993, 48.853692810733179 ], [ 2.536564166327935, 48.853575758658366 ], [ 2.537747264233057, 48.853250277660194 ], [ 2.539650094418707, 48.852904173321448 ], [ 2.540574271532266, 48.852882543874642 ], [ 2.541527075646626, 48.85301480395789 ], [ 2.543029360844579, 48.853583536723932 ], [ 2.544100151641705, 48.854095747365214 ], [ 2.545698427619104, 48.854447171868486 ], [ 2.546262269302721, 48.854490680782725 ], [ 2.551355346810769, 48.854637590950212 ], [ 2.555280956157596, 48.854409424189924 ], [ 2.55862544626555, 48.853919977528875 ], [ 2.561200226524859, 48.853874587785626 ], [ 2.562632616799669, 48.854030920598234 ], [ 2.564083239307299, 48.85461538675311 ], [ 2.565428961089686, 48.854872095745257 ], [ 2.567106332219873, 48.855401589084956 ], [ 2.56756404869892, 48.855919462458921 ], [ 2.56764845492201, 48.856423394907388 ], [ 2.567527389852749, 48.85688791328549 ], [ 2.567129495781074, 48.857534894369167 ], [ 2.569744654906973, 48.858066838334693 ], [ 2.570569705386827, 48.8571830592089 ], [ 2.574173842079237, 48.853443913091247 ], [ 2.576570655418764, 48.849970182849987 ], [ 2.576602260389963, 48.849937918483562 ], [ 2.577609519847204, 48.848231833597872 ], [ 2.578816231318652, 48.846286315881443 ], [ 2.579808337311776, 48.844751928612915 ], [ 2.580867719535015, 48.843146718725826 ], [ 2.586732180465908, 48.834378696489793 ], [ 2.587285093231877, 48.833542410044878 ], [ 2.586551518369359, 48.832594657375147 ], [ 2.585981419309473, 48.830620403273358 ], [ 2.585777439535897, 48.83023297460722 ], [ 2.5857251706797, 48.828925131309383 ], [ 2.586372030975908, 48.82740206219443 ], [ 2.586822343211988, 48.826956638417897 ], [ 2.587164847338965, 48.826191568749785 ], [ 2.587229584631059, 48.825584725607598 ], [ 2.587401556863775, 48.825368573721391 ], [ 2.587805289494587, 48.825470694106215 ], [ 2.588355881758071, 48.825949250347158 ], [ 2.589863529906072, 48.826494044873577 ], [ 2.591197239571302, 48.827684862907553 ], [ 2.591421522751331, 48.82774498686485 ], [ 2.592420640992116, 48.826963257876827 ], [ 2.592521880198192, 48.826732468154901 ], [ 2.592554501515809, 48.825695620270125 ], [ 2.592664064567706, 48.825445072662099 ], [ 2.592457710911249, 48.825009080268956 ], [ 2.592397787709932, 48.823788446126585 ], [ 2.593777061748837, 48.822451294645468 ], [ 2.594637003833201, 48.820983757853099 ], [ 2.594552112629845, 48.819990574595607 ], [ 2.594754499490501, 48.818833780908705 ], [ 2.595143932636234, 48.817615563073403 ], [ 2.595045160547383, 48.816830982838965 ], [ 2.595790801808971, 48.814456482538652 ], [ 2.595793241625762, 48.814141712445071 ], [ 2.595632055274021, 48.813854269352461 ], [ 2.595651508319201, 48.813628593989996 ], [ 2.595977942411603, 48.81280048065593 ], [ 2.596324721792563, 48.811101845494768 ], [ 2.595947328009241, 48.80989721395229 ], [ 2.595362235486541, 48.809315141112663 ], [ 2.594312791361129, 48.808563307762725 ], [ 2.593436884662257, 48.808086363330297 ], [ 2.592862859121347, 48.807662604308142 ], [ 2.591775429719271, 48.807249681474531 ], [ 2.59014707448353, 48.808791929103776 ], [ 2.587160830554088, 48.809153094365158 ], [ 2.582858621459624, 48.810093292374667 ], [ 2.581100675991474, 48.810602485023836 ], [ 2.578145511983843, 48.811982520196537 ], [ 2.574159689314532, 48.812984677232684 ], [ 2.574488840049844, 48.813700847278191 ], [ 2.571729755201505, 48.8142117302625 ], [ 2.570025333389823, 48.81497097503955 ], [ 2.569756340045211, 48.815222729682716 ], [ 2.569577979914134, 48.816867929114267 ], [ 2.568720509727214, 48.817959367531593 ], [ 2.570998787592863, 48.822615473381511 ], [ 2.572415457735121, 48.823590957895497 ], [ 2.569168361393885, 48.824083844834583 ], [ 2.56867646665171, 48.824436419648933 ], [ 2.567379991579074, 48.824739317671231 ], [ 2.561309061030218, 48.826540203391247 ], [ 2.560613409739528, 48.828756366110554 ], [ 2.560593869868909, 48.828812054470419 ], [ 2.560553245923769, 48.828945010069809 ], [ 2.558128855029595, 48.830035091368565 ], [ 2.556766605259904, 48.831641696323672 ], [ 2.555409310389076, 48.831060171785111 ], [ 2.553380784888104, 48.832667856042811 ], [ 2.552744472496403, 48.832365093811177 ] ] ] } },
{ "type": "Feature", "properties": { "insee_com": "93053", "nom_arrondissement": "Noisy-le-Sec", "avg_circumference_cm": null, "tree_count": null, "pct_young_trees": null }, "geometry": { "type": "Polygon", "coordinates": [ [ [ 2.464252441234909, 48.878207878640083 ], [ 2.463117243427722, 48.878548133425845 ], [ 2.462912218653171, 48.878200074719032 ], [ 2.460859821447785, 48.878366217475062 ], [ 2.46015219554935, 48.878363927893105 ], [ 2.459293407479404, 48.878475165661811 ], [ 2.459080563163974, 48.878751195963673 ], [ 2.455709168857829, 48.878439138271617 ], [ 2.455662012391321, 48.878254562321928 ], [ 2.45176377982079, 48.878516463776307 ], [ 2.449385512850563, 48.878677319931647 ], [ 2.449448807555872, 48.87913896456142 ], [ 2.450127490281509, 48.879429867513736 ], [ 2.450317268891093, 48.87966456328089 ], [ 2.45023650818948, 48.87982337276933 ], [ 2.449865244216987, 48.880247047395073 ], [ 2.45004792783615, 48.880637293722238 ], [ 2.450294619649244, 48.880776922436134 ], [ 2.452172020956228, 48.881315228967878 ], [ 2.452461535190368, 48.881792294842747 ], [ 2.453033949975038, 48.882339001003515 ], [ 2.453725699436325, 48.883210004175311 ], [ 2.45391249623985, 48.883211755644432 ], [ 2.454079627511124, 48.883658580830762 ], [ 2.454147450032891, 48.884343272650142 ], [ 2.453000415841736, 48.884363218721973 ], [ 2.453618820683396, 48.884688898162295 ], [ 2.453214900408732, 48.884845334454937 ], [ 2.452929843579339, 48.884850327555476 ], [ 2.45219415936965, 48.885043914788291 ], [ 2.452174384811371, 48.885756984360135 ], [ 2.451311634827988, 48.88545445991295 ], [ 2.450826679563824, 48.885664475859535 ], [ 2.450490342411164, 48.886005573213637 ], [ 2.450279661110609, 48.886069357066489 ], [ 2.450006549801522, 48.885717368486702 ], [ 2.449904302864546, 48.885843702745312 ], [ 2.449294682467632, 48.885590889678262 ], [ 2.448478348059932, 48.886444183092948 ], [ 2.448765084626691, 48.886539032640208 ], [ 2.448527910733884, 48.886786152369716 ], [ 2.447580019747497, 48.886282661064953 ], [ 2.447785269877334, 48.886088455675981 ], [ 2.447416815729222, 48.885984233425425 ], [ 2.447492492334452, 48.885920731007452 ], [ 2.447423596652026, 48.885859259371664 ], [ 2.446743188110254, 48.885467611356709 ], [ 2.446524520323715, 48.885256159956072 ], [ 2.44652826388072, 48.885032246640797 ], [ 2.446203833247191, 48.885020853960256 ], [ 2.445287004822194, 48.884550761967262 ], [ 2.44557974739809, 48.884079974628023 ], [ 2.443700808067137, 48.883299641620766 ], [ 2.443175050603252, 48.882861026550557 ], [ 2.441711045695496, 48.883449559763868 ], [ 2.442130236353784, 48.883906570304397 ], [ 2.441067758786277, 48.884434013040085 ], [ 2.44081143845792, 48.884048806138374 ], [ 2.440400582824469, 48.884593673667695 ], [ 2.44236264722918, 48.88614336298496 ], [ 2.442896761648452, 48.886823036506428 ], [ 2.443633230594903, 48.887455084410689 ], [ 2.443976517700083, 48.887873063218699 ], [ 2.444038824056057, 48.887912922512257 ], [ 2.444190969062773, 48.887840784113415 ], [ 2.444823145055315, 48.888408488296967 ], [ 2.444817126778002, 48.88858922314013 ], [ 2.444972503590183, 48.888725740325974 ], [ 2.444500400148151, 48.889004137930208 ], [ 2.444414906526053, 48.890753810317122 ], [ 2.442751813793867, 48.890555427542097 ], [ 2.442871031299183, 48.890757428960519 ], [ 2.442241068949161, 48.891000908737944 ], [ 2.442464351113931, 48.891291528035524 ], [ 2.441584998408532, 48.891643559285221 ], [ 2.442106099378169, 48.892269213171652 ], [ 2.44109857936223, 48.8926161468723 ], [ 2.438995936518595, 48.89320885519971 ], [ 2.439583998412655, 48.894581262614025 ], [ 2.441730307163358, 48.898443035777738 ], [ 2.45556821828204, 48.901052679159427 ], [ 2.461585614276662, 48.902197717180215 ], [ 2.462027891536831, 48.9050720794828 ], [ 2.462079185298248, 48.905388864171051 ], [ 2.463542961256023, 48.905256936415562 ], [ 2.465610446136553, 48.905185241041821 ], [ 2.469422089245851, 48.905309202675099 ], [ 2.470053223653504, 48.905222965849134 ], [ 2.47015647579119, 48.904996798643388 ], [ 2.470681476119682, 48.903944238574539 ], [ 2.470652865154772, 48.903001642762611 ], [ 2.469654608900299, 48.901232792270989 ], [ 2.46913441516743, 48.899540692692085 ], [ 2.474003437843895, 48.898250087810062 ], [ 2.474633260339899, 48.898149432031289 ], [ 2.472807678881352, 48.895644031243016 ], [ 2.472855944585023, 48.895457187398883 ], [ 2.474451278164659, 48.895098180247281 ], [ 2.473433713685841, 48.893622438975726 ], [ 2.472697809047157, 48.892755862148277 ], [ 2.472093606871384, 48.890604742741012 ], [ 2.471312666039233, 48.889076060820734 ], [ 2.476592132687217, 48.888771904239995 ], [ 2.475380193503422, 48.886291684046292 ], [ 2.473116370678495, 48.886570424261237 ], [ 2.470316033637402, 48.886769408267362 ], [ 2.469699028247641, 48.885088551077466 ], [ 2.469082116816015, 48.883937387387121 ], [ 2.468883726507012, 48.883735060016527 ], [ 2.466693768775187, 48.881602030269761 ], [ 2.466710991746687, 48.880452774055399 ], [ 2.466579553850157, 48.880239049157318 ], [ 2.46596057015778, 48.879701192756322 ], [ 2.465650265767985, 48.878980349745 ], [ 2.464949161742739, 48.878076995298251 ], [ 2.464252441234909, 48.878207878640083 ] ] ] } },
{ "type": "Feature", "properties": { "insee_com": "93055", "nom_arrondissement": "Pantin", "avg_circumference_cm": null, "tree_count": null, "pct_young_trees": null }, "geometry": { "type": "Polygon", "coordinates": [ [ [ 2.407426554194918, 48.888384839037414 ], [ 2.406742745629481, 48.888314903282158 ], [ 2.40584851224369, 48.88828079179202 ], [ 2.40367891882668, 48.888387817458934 ], [ 2.401536434451694, 48.888627139487859 ], [ 2.401680197297715, 48.889645888421974 ], [ 2.398941654577955, 48.889532348753995 ], [ 2.398772315958186, 48.890260847011788 ], [ 2.398236114786815, 48.892640448582668 ], [ 2.397667826349162, 48.894606196130361 ], [ 2.39598519344668, 48.897507005219026 ], [ 2.395518094601829, 48.898264568457591 ], [ 2.390837239618765, 48.900907312951013 ], [ 2.38933240090448, 48.901161349307074 ], [ 2.390053417886917, 48.901793641839468 ], [ 2.390736259138689, 48.902425735388583 ], [ 2.392034522699167, 48.9036266156279 ], [ 2.395889509565353, 48.907163312104906 ], [ 2.396357797502086, 48.9076036347901 ], [ 2.400159071189353, 48.911116525471662 ], [ 2.400360182606414, 48.911305486481659 ], [ 2.400403383688417, 48.911345272012483 ], [ 2.402944198834068, 48.909884905027326 ], [ 2.40605311839366, 48.908482158658536 ], [ 2.408337305775845, 48.908088775925833 ], [ 2.411501970360828, 48.911265413640756 ], [ 2.407810878487434, 48.913708609408189 ], [ 2.407486416117929, 48.913924635558757 ], [ 2.405550675184283, 48.914488798975007 ], [ 2.404389992350312, 48.915045095916589 ], [ 2.404529062117861, 48.915173487633233 ], [ 2.405761773174598, 48.916315421694883 ], [ 2.407621026185204, 48.918041386410763 ], [ 2.409092776542287, 48.917371484229108 ], [ 2.410128760993786, 48.91662118021182 ], [ 2.410648808790523, 48.916364742032236 ], [ 2.412793683019182, 48.91552723664639 ], [ 2.412922366901182, 48.915368691630533 ], [ 2.413458750046416, 48.913539448084528 ], [ 2.413973680724908, 48.913127391133273 ], [ 2.414410457530953, 48.91238490679612 ], [ 2.415278116236546, 48.912028525607695 ], [ 2.415016959748729, 48.911592888512622 ], [ 2.414219037879619, 48.910723861834455 ], [ 2.412962904299713, 48.909718588375057 ], [ 2.414600806947868, 48.908926224549596 ], [ 2.411646231378443, 48.906228225473932 ], [ 2.41516630549127, 48.904615922035973 ], [ 2.416637474801458, 48.90383350505742 ], [ 2.417412334682501, 48.90358816844951 ], [ 2.418339076541351, 48.90305668547483 ], [ 2.419820145354674, 48.902479318989151 ], [ 2.421287035536833, 48.902070036132457 ], [ 2.42422425065836, 48.89674139217037 ], [ 2.424160601220203, 48.896330100444715 ], [ 2.42402938288337, 48.895492209240494 ], [ 2.423983487351536, 48.895202409633796 ], [ 2.427730701509412, 48.895902053964122 ], [ 2.426607450142615, 48.892871389490615 ], [ 2.425405971708529, 48.893110244167495 ], [ 2.425179997746518, 48.892083040806448 ], [ 2.424333620273636, 48.892154517518783 ], [ 2.424101404255662, 48.891570644134561 ], [ 2.424534313944517, 48.891518766371561 ], [ 2.424354847226205, 48.890974716565921 ], [ 2.423978502295866, 48.890968410204721 ], [ 2.423753164241432, 48.890503278435688 ], [ 2.42245681054918, 48.889094096995152 ], [ 2.422681603868847, 48.888991759397939 ], [ 2.422575624568787, 48.888464247574952 ], [ 2.422395848551473, 48.887582047510563 ], [ 2.421713113596854, 48.887291869037668 ], [ 2.421349948728697, 48.886960963327802 ], [ 2.420713781437082, 48.886653916874941 ], [ 2.420472407995836, 48.886653648167737 ], [ 2.420244863115555, 48.886758666446369 ], [ 2.418658689301779, 48.884820132407974 ], [ 2.417333845402535, 48.884032180933282 ], [ 2.417015303352473, 48.884226682718975 ], [ 2.41708320005621, 48.884252194344612 ], [ 2.416967436026008, 48.884482756639621 ], [ 2.41562371290608, 48.884165039977447 ], [ 2.41459691187797, 48.88343516919489 ], [ 2.41300685494544, 48.883078446335048 ], [ 2.41307760840793, 48.883576119374929 ], [ 2.411505243003417, 48.883223060611698 ], [ 2.411551021648469, 48.883757484072241 ], [ 2.411143153304713, 48.884855351217773 ], [ 2.410482761060875, 48.884647955125232 ], [ 2.410254437610562, 48.885181927852877 ], [ 2.409991769520563, 48.886098841908222 ], [ 2.410016116219508, 48.887199731443232 ], [ 2.410300436363487, 48.887261386567559 ], [ 2.410126528677398, 48.889130216776536 ], [ 2.409253295677536, 48.889046771691369 ], [ 2.409153967462186, 48.888786378198326 ], [ 2.408857806155574, 48.888685991255642 ], [ 2.407426554194918, 48.888384839037414 ] ] ] } },
{ "type": "Feature", "properties": { "insee_com": "93057", "nom_arrondissement": "Les Pavillons-sous-Bois", "avg_circumference_cm": null, "tree_count": null, "pct_young_trees": null }, "geometry": { "type": "Polygon", "coordinates": [ [ [ 2.508032748061218, 48.898524208768251 ], [ 2.507161151844983, 48.897659091465854 ], [ 2.505143589895348, 48.89854378145656 ], [ 2.504755291052759, 48.898210333039209 ], [ 2.504007328476731, 48.898548074154355 ], [ 2.504566555100008, 48.89912324557951 ], [ 2.502318271542741, 48.899304576441509 ], [ 2.501024707584608, 48.897218202629716 ], [ 2.502161707059697, 48.896705833602958 ], [ 2.500663364530677, 48.89521573944242 ], [ 2.500152301217381, 48.89574150074823 ], [ 2.495611561562889, 48.896746772901267 ], [ 2.496116853829924, 48.897527699086204 ], [ 2.495522660459203, 48.897757218497986 ], [ 2.495993409579837, 48.898162089380328 ], [ 2.496569348518841, 48.898410022070323 ], [ 2.497195431923444, 48.899680671544793 ], [ 2.498463406300868, 48.899599654871025 ], [ 2.499520390880391, 48.902026798411448 ], [ 2.499263252018802, 48.901956477408085 ], [ 2.499288108396203, 48.902350475509202 ], [ 2.499900623543183, 48.90461927220953 ], [ 2.4993460032638, 48.904840880891769 ], [ 2.499294324961783, 48.904682388137324 ], [ 2.497134320315948, 48.904736290273334 ], [ 2.497288139939922, 48.905759439359997 ], [ 2.493687437223707, 48.905678624541899 ], [ 2.493697751435809, 48.907283016905453 ], [ 2.49034725576742, 48.906856929628212 ], [ 2.490179653137868, 48.907254605600279 ], [ 2.49016009654164, 48.907301285871533 ], [ 2.492326194382521, 48.907613549237283 ], [ 2.492265077933117, 48.907865093555813 ], [ 2.490450347011028, 48.909007588958815 ], [ 2.491006879223389, 48.909715003423123 ], [ 2.491198228500263, 48.91065647968508 ], [ 2.491432479036403, 48.913351759954949 ], [ 2.492166778683397, 48.915982606115129 ], [ 2.491872590510554, 48.916905829428387 ], [ 2.497193487804043, 48.917535298551286 ], [ 2.506171131172176, 48.918628403025451 ], [ 2.507197445926046, 48.918753133312194 ], [ 2.505786755370401, 48.91743436194502 ], [ 2.508725211730878, 48.916206327472899 ], [ 2.50851406987277, 48.914724330601771 ], [ 2.50834162603572, 48.914635492534984 ], [ 2.508977824414937, 48.913149774441024 ], [ 2.510149395447941, 48.910297516379707 ], [ 2.512269858143584, 48.910555272988347 ], [ 2.5167904868718, 48.911222882968119 ], [ 2.519455543394545, 48.911612205470249 ], [ 2.521166638928698, 48.912035429414949 ], [ 2.521327098412797, 48.912093625365188 ], [ 2.519189583836161, 48.909978021746007 ], [ 2.517667113432108, 48.908495259465617 ], [ 2.517671777594684, 48.908139157262681 ], [ 2.517889327154772, 48.90748174850178 ], [ 2.515994428762102, 48.90615753649238 ], [ 2.515200199296437, 48.905746043527195 ], [ 2.514571884234058, 48.905098702175806 ], [ 2.511521669723307, 48.902035877024041 ], [ 2.511460785456091, 48.901982569937225 ], [ 2.51129079934589, 48.902071806563988 ], [ 2.511033834531859, 48.901836040198923 ], [ 2.508474969060427, 48.899216689857177 ], [ 2.508019626846394, 48.898757973922869 ], [ 2.508197579122762, 48.898691257002724 ], [ 2.508032748061218, 48.898524208768251 ] ] ] } },
{ "type": "Feature", "properties": { "insee_com": "93059", "nom_arrondissement": "Pierrefitte-sur-Seine", "avg_circumference_cm": null, "tree_count": null, "pct_young_trees": null }, "geometry": { "type": "Polygon", "coordinates": [ [ [ 2.357585859930157, 48.949240625460781 ], [ 2.357559089821497, 48.948976095298129 ], [ 2.356078678300182, 48.949336855477831 ], [ 2.35620415288162, 48.949568642864534 ], [ 2.355546680904818, 48.94973777104881 ], [ 2.355803301184232, 48.950184290861884 ], [ 2.356893643916432, 48.951888871331505 ], [ 2.356555107058746, 48.951881659285476 ], [ 2.355563672544846, 48.952112842877824 ], [ 2.353014480661935, 48.950350926468253 ], [ 2.352093876060654, 48.950596852222645 ], [ 2.351600603216509, 48.950407136467248 ], [ 2.353708978237034, 48.954015609936278 ], [ 2.353661032909119, 48.956005435870203 ], [ 2.353500839306518, 48.956808518524142 ], [ 2.352975224887131, 48.956908199951897 ], [ 2.354878921630753, 48.959651330249471 ], [ 2.352802987031227, 48.960323585737882 ], [ 2.35306063175836, 48.960690077787511 ], [ 2.352445944289891, 48.961139989536825 ], [ 2.352453263557265, 48.961319882029841 ], [ 2.35246402944045, 48.961661660721582 ], [ 2.353535370129282, 48.962378759004132 ], [ 2.353031002082803, 48.962742039239906 ], [ 2.353548599936809, 48.963072162468862 ], [ 2.353012748400746, 48.963440668283276 ], [ 2.354557641290961, 48.964630623948061 ], [ 2.353495773037665, 48.965233704218633 ], [ 2.353466337547989, 48.965623824897754 ], [ 2.35364954589565, 48.965828045438151 ], [ 2.353924968475966, 48.965755790151285 ], [ 2.354803953525511, 48.966903482188414 ], [ 2.356548092762938, 48.968449686434631 ], [ 2.356929158326535, 48.968781758069703 ], [ 2.35642399834414, 48.969095587178799 ], [ 2.357506229661173, 48.97082706391015 ], [ 2.358984932694927, 48.972869091555332 ], [ 2.360092053240501, 48.972481129826541 ], [ 2.360495163784731, 48.972691007611324 ], [ 2.360918700781743, 48.973128504118364 ], [ 2.361628961346026, 48.974022547494975 ], [ 2.362672174464942, 48.973722349032784 ], [ 2.362653845519029, 48.973657505394584 ], [ 2.365291736135424, 48.973086079324084 ], [ 2.365741943332, 48.974028180497356 ], [ 2.366037541351283, 48.973983881331193 ], [ 2.367823338725979, 48.973387210281054 ], [ 2.368882172293018, 48.973033984266451 ], [ 2.37253737125274, 48.972368829789168 ], [ 2.375726334464835, 48.972074328495125 ], [ 2.374693923079464, 48.969668839725024 ], [ 2.373766879701849, 48.967481506765438 ], [ 2.373509753326702, 48.965243707739411 ], [ 2.373417784100871, 48.964148827829568 ], [ 2.37350628657144, 48.962584575884826 ], [ 2.37333123785057, 48.962151116231986 ], [ 2.373114610305953, 48.960748932592494 ], [ 2.373314937719538, 48.960104308439952 ], [ 2.369033847606845, 48.960088152910572 ], [ 2.369011735334146, 48.959997210859918 ], [ 2.368779855372953, 48.958961835928775 ], [ 2.365595777123334, 48.958806545216419 ], [ 2.365486689142513, 48.958793378290977 ], [ 2.365531559806354, 48.958697394290901 ], [ 2.367677113446806, 48.954414726232905 ], [ 2.36884315230884, 48.952734739302521 ], [ 2.369084238021711, 48.95244644309107 ], [ 2.371424506493619, 48.947483959857706 ], [ 2.365444906170811, 48.947670082284425 ], [ 2.365380582709939, 48.946787552648381 ], [ 2.362346996349041, 48.947002568919032 ], [ 2.361767252228073, 48.947517466590995 ], [ 2.359377240151758, 48.947686372292772 ], [ 2.359760259846264, 48.948736073918248 ], [ 2.357585859930157, 48.949240625460781 ] ] ] } },
{ "type": "Feature", "properties": { "insee_com": "93061", "nom_arrondissement": "Le Pré-Saint-Gervais", "avg_circumference_cm": null, "tree_count": null, "pct_young_trees": null }, "geometry": { "type": "Polygon", "coordinates": [ [ [ 2.41194602801967, 48.879449857035802 ], [ 2.411915020732441, 48.87881477949206 ], [ 2.411795320933248, 48.878668500313466 ], [ 2.410820319151064, 48.878436175801731 ], [ 2.409359835767223, 48.880255513376156 ], [ 2.408440118802962, 48.880436233703598 ], [ 2.40457585141299, 48.881268739606831 ], [ 2.403654858139889, 48.881676946370305 ], [ 2.401507160545184, 48.882631206040813 ], [ 2.400106665255306, 48.883821198741252 ], [ 2.399893615779398, 48.884204142661083 ], [ 2.399251617609397, 48.885361950376819 ], [ 2.399135941386647, 48.888532380103804 ], [ 2.398941654577955, 48.889532348753995 ], [ 2.401680197297715, 48.889645888421974 ], [ 2.401536434451694, 48.888627139487859 ], [ 2.40367891882668, 48.888387817458934 ], [ 2.40584851224369, 48.88828079179202 ], [ 2.406742745629481, 48.888314903282158 ], [ 2.407426554194918, 48.888384839037414 ], [ 2.408857806155574, 48.888685991255642 ], [ 2.409153967462186, 48.888786378198326 ], [ 2.409253295677536, 48.889046771691369 ], [ 2.410126528677398, 48.889130216776536 ], [ 2.410300436363487, 48.887261386567559 ], [ 2.410016116219508, 48.887199731443232 ], [ 2.409991769520563, 48.886098841908222 ], [ 2.410254437610562, 48.885181927852877 ], [ 2.410482761060875, 48.884647955125232 ], [ 2.411143153304713, 48.884855351217773 ], [ 2.411551021648469, 48.883757484072241 ], [ 2.411505243003417, 48.883223060611698 ], [ 2.411251648349013, 48.882616568462247 ], [ 2.411115675838865, 48.881738158437429 ], [ 2.411177621281372, 48.881445282976458 ], [ 2.411612483634886, 48.880731557489533 ], [ 2.411886491679013, 48.880254462186386 ], [ 2.41194602801967, 48.879449857035802 ] ] ] } },
{ "type": "Feature", "properties": { "insee_com": "93062", "nom_arrondissement": "Le Raincy", "avg_circumference_cm": null, "tree_count": null, "pct_young_trees": null }, "geometry": { "type": "Polygon", "coordinates": [ [ [ 2.519665290682117, 48.890806815883423 ], [ 2.519227826099406, 48.89092017191782 ], [ 2.518518447247183, 48.890941603059453 ], [ 2.518153898152823, 48.891133488261836 ], [ 2.517173573814308, 48.889634885986105 ], [ 2.5168820140759, 48.889015883291485 ], [ 2.516532161894603, 48.888653847321642 ], [ 2.515986265850882, 48.88781618106448 ], [ 2.515912359777707, 48.887844660289289 ], [ 2.513651680979852, 48.888825641927156 ], [ 2.512339258493538, 48.889169237014769 ], [ 2.511372258583224, 48.889614950594861 ], [ 2.511237887742958, 48.889691742961851 ], [ 2.511265158561728, 48.889837542672097 ], [ 2.511363552828602, 48.890397315558346 ], [ 2.510471462396342, 48.891430576604847 ], [ 2.510179837134823, 48.891550790896325 ], [ 2.510195865817134, 48.891731617699328 ], [ 2.509728506098304, 48.892120005443559 ], [ 2.509152935257736, 48.892267832218906 ], [ 2.506626775402077, 48.892733185479798 ], [ 2.506821999028646, 48.893288863155533 ], [ 2.50672909745402, 48.893305567380168 ], [ 2.507699520260916, 48.896115399539219 ], [ 2.50786795675634, 48.898208775220716 ], [ 2.508032748061218, 48.898524208768251 ], [ 2.508197579122762, 48.898691257002724 ], [ 2.508019626846394, 48.898757973922869 ], [ 2.508474969060427, 48.899216689857177 ], [ 2.511033834531859, 48.901836040198923 ], [ 2.51191691408138, 48.90149071319464 ], [ 2.51214511834862, 48.901738950803093 ], [ 2.513033340050802, 48.902155344572471 ], [ 2.5130841464347, 48.902119579095213 ], [ 2.513899839640882, 48.902416064399652 ], [ 2.514612029407197, 48.902402765296976 ], [ 2.515902834207763, 48.902951166709883 ], [ 2.516117964901726, 48.902994303114333 ], [ 2.516423414931559, 48.90285974243227 ], [ 2.518182790966988, 48.90304399486687 ], [ 2.519006228902013, 48.903245150380705 ], [ 2.520684709325171, 48.903328319505746 ], [ 2.520841395113671, 48.903497115381931 ], [ 2.521139858284009, 48.903379601506103 ], [ 2.5213014322725, 48.903313699220995 ], [ 2.52140813657343, 48.903429235932514 ], [ 2.523584475875229, 48.903668132752621 ], [ 2.525923277629745, 48.90389504285455 ], [ 2.527212849444234, 48.90369509998002 ], [ 2.527674950910408, 48.903732895057423 ], [ 2.528981014180799, 48.903367527239467 ], [ 2.529817264133119, 48.903212536306341 ], [ 2.531523928294004, 48.89698256970663 ], [ 2.532007248862762, 48.895260492715451 ], [ 2.532160759554375, 48.89472150928826 ], [ 2.532576354834372, 48.893246471398271 ], [ 2.531682463300077, 48.892853579011692 ], [ 2.530423669572386, 48.892243415574782 ], [ 2.528251158935477, 48.892082893661531 ], [ 2.527216548609513, 48.891722687278104 ], [ 2.526091844311559, 48.89182256125531 ], [ 2.524127384057946, 48.893224885568202 ], [ 2.523611899479227, 48.893367624487894 ], [ 2.522877264593626, 48.893165053505768 ], [ 2.520975242238558, 48.891472156358404 ], [ 2.520650065907237, 48.891683991337374 ], [ 2.520571866827193, 48.891734039577024 ], [ 2.519665290682117, 48.890806815883423 ] ] ] } },
{ "type": "Feature", "properties": { "insee_com": "93063", "nom_arrondissement": "Romainville", "avg_circumference_cm": null, "tree_count": null, "pct_young_trees": null }, "geometry": { "type": "Polygon", "coordinates": [ [ [ 2.429934078745269, 48.87990288873246 ], [ 2.430597398996272, 48.880592230454177 ], [ 2.430404912579766, 48.880612898606948 ], [ 2.428432014686558, 48.880225779316085 ], [ 2.42907422554161, 48.882590469084192 ], [ 2.426880473349777, 48.883184332953974 ], [ 2.425573474667188, 48.882749092143101 ], [ 2.424775055319153, 48.882936814655352 ], [ 2.424468958794328, 48.883118805567477 ], [ 2.426732284969129, 48.885868998614129 ], [ 2.426834600931618, 48.886113204348902 ], [ 2.427547894485687, 48.885981718685109 ], [ 2.426814424424756, 48.88707897762901 ], [ 2.426451810306724, 48.888304812069165 ], [ 2.426759167688853, 48.888505932666753 ], [ 2.42667890561705, 48.888611667984499 ], [ 2.42669598650276, 48.88928983573269 ], [ 2.426895357982024, 48.889637926808284 ], [ 2.426263746567118, 48.889777893655321 ], [ 2.425660477468623, 48.889820866815541 ], [ 2.425576535880848, 48.890136124608361 ], [ 2.425262731354098, 48.890518627299961 ], [ 2.424729189691914, 48.890421636959502 ], [ 2.424557705732695, 48.890883061954803 ], [ 2.424354847226205, 48.890974716565921 ], [ 2.424534313944517, 48.891518766371561 ], [ 2.424101404255662, 48.891570644134561 ], [ 2.424333620273636, 48.892154517518783 ], [ 2.425179997746518, 48.892083040806448 ], [ 2.425405971708529, 48.893110244167495 ], [ 2.426607450142615, 48.892871389490615 ], [ 2.427730701509412, 48.895902053964122 ], [ 2.441730307163358, 48.898443035777738 ], [ 2.439583998412655, 48.894581262614025 ], [ 2.438995936518595, 48.89320885519971 ], [ 2.44109857936223, 48.8926161468723 ], [ 2.442106099378169, 48.892269213171652 ], [ 2.441584998408532, 48.891643559285221 ], [ 2.442464351113931, 48.891291528035524 ], [ 2.442241068949161, 48.891000908737944 ], [ 2.442871031299183, 48.890757428960519 ], [ 2.442751813793867, 48.890555427542097 ], [ 2.444414906526053, 48.890753810317122 ], [ 2.444500400148151, 48.889004137930208 ], [ 2.444972503590183, 48.888725740325974 ], [ 2.444817126778002, 48.88858922314013 ], [ 2.444823145055315, 48.888408488296967 ], [ 2.444190969062773, 48.887840784113415 ], [ 2.444038824056057, 48.887912922512257 ], [ 2.443976517700083, 48.887873063218699 ], [ 2.443633230594903, 48.887455084410689 ], [ 2.442896761648452, 48.886823036506428 ], [ 2.44236264722918, 48.88614336298496 ], [ 2.440400582824469, 48.884593673667695 ], [ 2.44081143845792, 48.884048806138374 ], [ 2.441067758786277, 48.884434013040085 ], [ 2.442130236353784, 48.883906570304397 ], [ 2.441711045695496, 48.883449559763868 ], [ 2.443175050603252, 48.882861026550557 ], [ 2.443700808067137, 48.883299641620766 ], [ 2.44557974739809, 48.884079974628023 ], [ 2.445287004822194, 48.884550761967262 ], [ 2.446203833247191, 48.885020853960256 ], [ 2.44652826388072, 48.885032246640797 ], [ 2.446524520323715, 48.885256159956072 ], [ 2.446743188110254, 48.885467611356709 ], [ 2.447423596652026, 48.885859259371664 ], [ 2.447492492334452, 48.885920731007452 ], [ 2.447416815729222, 48.885984233425425 ], [ 2.447785269877334, 48.886088455675981 ], [ 2.447580019747497, 48.886282661064953 ], [ 2.448527910733884, 48.886786152369716 ], [ 2.448765084626691, 48.886539032640208 ], [ 2.448478348059932, 48.886444183092948 ], [ 2.449294682467632, 48.885590889678262 ], [ 2.449904302864546, 48.885843702745312 ], [ 2.450006549801522, 48.885717368486702 ], [ 2.450279661110609, 48.886069357066489 ], [ 2.450490342411164, 48.886005573213637 ], [ 2.450826679563824, 48.885664475859535 ], [ 2.451311634827988, 48.88545445991295 ], [ 2.452174384811371, 48.885756984360135 ], [ 2.45219415936965, 48.885043914788291 ], [ 2.452929843579339, 48.884850327555476 ], [ 2.453214900408732, 48.884845334454937 ], [ 2.453618820683396, 48.884688898162295 ], [ 2.453000415841736, 48.884363218721973 ], [ 2.454147450032891, 48.884343272650142 ], [ 2.454079627511124, 48.883658580830762 ], [ 2.45391249623985, 48.883211755644432 ], [ 2.453725699436325, 48.883210004175311 ], [ 2.453033949975038, 48.882339001003515 ], [ 2.452461535190368, 48.881792294842747 ], [ 2.452172020956228, 48.881315228967878 ], [ 2.450294619649244, 48.880776922436134 ], [ 2.45004792783615, 48.880637293722238 ], [ 2.449865244216987, 48.880247047395073 ], [ 2.45023650818948, 48.87982337276933 ], [ 2.450317268891093, 48.87966456328089 ], [ 2.450127490281509, 48.879429867513736 ], [ 2.449448807555872, 48.87913896456142 ], [ 2.449385512850563, 48.878677319931647 ], [ 2.45176377982079, 48.878516463776307 ], [ 2.45124648515413, 48.877014018915823 ], [ 2.44931743235369, 48.876863067125718 ], [ 2.448995554989913, 48.876228460110887 ], [ 2.447744874470632, 48.874595813247353 ], [ 2.446947386140116, 48.873559702009125 ], [ 2.446697684886759, 48.873065715565971 ], [ 2.446364324662247, 48.87287531496284 ], [ 2.446067411816558, 48.872719256595836 ], [ 2.44521571087844, 48.872298922341031 ], [ 2.444026110356878, 48.871988529830652 ], [ 2.44330749436188, 48.871874572196283 ], [ 2.442283923944025, 48.871848223496904 ], [ 2.442343776071231, 48.871733387984548 ], [ 2.439995442834456, 48.871418450474401 ], [ 2.438637398779643, 48.87130956538973 ], [ 2.438250759306613, 48.871385993348724 ], [ 2.43796580349193, 48.871893677309565 ], [ 2.438382138047238, 48.871845268886652 ], [ 2.437278924799723, 48.872881512850917 ], [ 2.436496839395337, 48.873593700599308 ], [ 2.435434724209983, 48.87460493851551 ], [ 2.435948521087547, 48.874749454626858 ], [ 2.436264783408219, 48.874753642414269 ], [ 2.436699191056566, 48.876440129389643 ], [ 2.43658565196592, 48.876474668852005 ], [ 2.437058115572026, 48.877291682067991 ], [ 2.434170978763189, 48.87835906135485 ], [ 2.432966660841978, 48.879017965131091 ], [ 2.431396486418315, 48.878589633098265 ], [ 2.429771402225879, 48.878321998135995 ], [ 2.429934078745269, 48.87990288873246 ] ] ] } },
{ "type": "Feature", "properties": { "insee_com": "93064", "nom_arrondissement": "Rosny-sous-Bois", "avg_circumference_cm": null, "tree_count": null, "pct_young_trees": null }, "geometry": { "type": "Polygon", "coordinates": [ [ [ 2.482721192037686, 48.863753259001996 ], [ 2.482824164447786, 48.863953356240138 ], [ 2.482682216624467, 48.864109226902869 ], [ 2.482180977488551, 48.867087448627395 ], [ 2.481214548618314, 48.867353962401637 ], [ 2.480611906974535, 48.867091441886622 ], [ 2.479720211729048, 48.867790846372522 ], [ 2.480836269723808, 48.86892615137802 ], [ 2.479559011601036, 48.869189504246506 ], [ 2.479463884505962, 48.868750217346694 ], [ 2.47912182518329, 48.868466339407064 ], [ 2.47698880505813, 48.868152164570432 ], [ 2.474370249262095, 48.867323201031901 ], [ 2.472198479301784, 48.867477322146492 ], [ 2.471887137938537, 48.868874409468511 ], [ 2.471553094530124, 48.869148130393675 ], [ 2.470814967748124, 48.86947672232899 ], [ 2.471022148747782, 48.87015123656635 ], [ 2.470875669755066, 48.871150643742766 ], [ 2.470262664901402, 48.874186762000491 ], [ 2.470099991494887, 48.874497209053921 ], [ 2.469638014081775, 48.874878276218837 ], [ 2.46745286754219, 48.876308395759878 ], [ 2.468376187660004, 48.877216321237697 ], [ 2.464949161742739, 48.878076995298251 ], [ 2.465650265767985, 48.878980349745 ], [ 2.46596057015778, 48.879701192756322 ], [ 2.466579553850157, 48.880239049157318 ], [ 2.466710991746687, 48.880452774055399 ], [ 2.466693768775187, 48.881602030269761 ], [ 2.468883726507012, 48.883735060016527 ], [ 2.469082116816015, 48.883937387387121 ], [ 2.469699028247641, 48.885088551077466 ], [ 2.470316033637402, 48.886769408267362 ], [ 2.473116370678495, 48.886570424261237 ], [ 2.475380193503422, 48.886291684046292 ], [ 2.476592132687217, 48.888771904239995 ], [ 2.477364744439258, 48.888835533048038 ], [ 2.477882178875825, 48.889186724290781 ], [ 2.479556019292056, 48.88845477491774 ], [ 2.48087614872138, 48.888042324274018 ], [ 2.486822730151693, 48.887004068602103 ], [ 2.487042552797905, 48.886977131770536 ], [ 2.491100113771757, 48.886225531453498 ], [ 2.493445225005515, 48.885709376227524 ], [ 2.49542860308238, 48.885225825167886 ], [ 2.49542781900182, 48.885025274385754 ], [ 2.49532793688359, 48.884778440772024 ], [ 2.494482902637378, 48.884874700035134 ], [ 2.495478319204234, 48.882909394321096 ], [ 2.493959555958988, 48.882739308792985 ], [ 2.495204672969999, 48.88117615328531 ], [ 2.496658653782085, 48.879720880379068 ], [ 2.497188230588503, 48.878677195704086 ], [ 2.497428201918381, 48.878394917148157 ], [ 2.498817316331667, 48.877573364769937 ], [ 2.500759320806912, 48.877101241305652 ], [ 2.501625697633073, 48.877752363012625 ], [ 2.501797151890099, 48.878073235107713 ], [ 2.503270092776198, 48.877603614784036 ], [ 2.504101020888883, 48.877256324225421 ], [ 2.505677964305507, 48.879327686943121 ], [ 2.509439448259478, 48.878070621063394 ], [ 2.507893176830365, 48.876204477616625 ], [ 2.507859021713242, 48.875778957611274 ], [ 2.507042946829884, 48.874850196234732 ], [ 2.505827657899928, 48.873035744714812 ], [ 2.505888734565503, 48.872920883217901 ], [ 2.506174573567566, 48.872825834969547 ], [ 2.505791440919182, 48.872111088534446 ], [ 2.504700657041847, 48.872411451497918 ], [ 2.503804853607494, 48.872851109025724 ], [ 2.503160722623582, 48.873060678006155 ], [ 2.502762264489224, 48.873098593811299 ], [ 2.500932064194582, 48.873018131906981 ], [ 2.501220513280301, 48.870800695916181 ], [ 2.500992617679839, 48.869970565944037 ], [ 2.500999039873633, 48.869584780936037 ], [ 2.501202035508084, 48.868174580035728 ], [ 2.50093519412413, 48.866999842122134 ], [ 2.499771823162622, 48.865072215229432 ], [ 2.499482037450269, 48.864020583300714 ], [ 2.499206542185394, 48.863326944226813 ], [ 2.497316946375119, 48.860397083379652 ], [ 2.496106748510031, 48.860662693961956 ], [ 2.494400409407735, 48.860224715038314 ], [ 2.49416547698404, 48.860556476668535 ], [ 2.492316262421401, 48.859955983295286 ], [ 2.491577415352489, 48.859547245596573 ], [ 2.49102410133659, 48.860796770215188 ], [ 2.488696874326573, 48.860574606352863 ], [ 2.488641406283519, 48.860809995499878 ], [ 2.486969029183354, 48.860666138648398 ], [ 2.486801322732499, 48.860671714937183 ], [ 2.481591917991238, 48.861487443536213 ], [ 2.482654308007179, 48.863625264405499 ], [ 2.482721192037686, 48.863753259001996 ] ] ] } },
{ "type": "Feature", "properties": { "insee_com": "93066", "nom_arrondissement": "Saint-Denis", "avg_circumference_cm": null, "tree_count": null, "pct_young_trees": null }, "geometry": { "type": "Polygon", "coordinates": [ [ [ 2.351983536160429, 48.901484898703877 ], [ 2.351429969066725, 48.904529675274972 ], [ 2.35119015662448, 48.907461928677293 ], [ 2.35164435042096, 48.908346610364177 ], [ 2.351460887458105, 48.90927460295638 ], [ 2.351269106015774, 48.910322157346087 ], [ 2.35083834985143, 48.91094843947819 ], [ 2.349756809356338, 48.911026209225241 ], [ 2.348398351369192, 48.9109909492079 ], [ 2.347058305040012, 48.914382129188859 ], [ 2.345471746069894, 48.91403353441693 ], [ 2.344157125206086, 48.914086598195389 ], [ 2.343237707767202, 48.914177786970171 ], [ 2.339601228167633, 48.914627233337846 ], [ 2.338510075197491, 48.914917084749383 ], [ 2.337802195658669, 48.915217139071331 ], [ 2.338787219581765, 48.917374613090381 ], [ 2.340011402618987, 48.919617926189517 ], [ 2.337135939634389, 48.920925822552761 ], [ 2.337209762796295, 48.92102245602792 ], [ 2.336992781573594, 48.921130070832461 ], [ 2.336822548016957, 48.921103049031849 ], [ 2.333246223279866, 48.923205547257858 ], [ 2.335843802393232, 48.926045564435213 ], [ 2.337159392524035, 48.92722642910303 ], [ 2.339201014823626, 48.929275504141174 ], [ 2.340657278004831, 48.931323119128358 ], [ 2.341241513751812, 48.932827247478322 ], [ 2.341333852984847, 48.933080455361875 ], [ 2.341573933772209, 48.933847069590151 ], [ 2.341740311166837, 48.936016166495648 ], [ 2.341544461133265, 48.936822650064464 ], [ 2.341069556896683, 48.937890190308785 ], [ 2.340022696646423, 48.940245951749318 ], [ 2.33833716506629, 48.942575693688937 ], [ 2.339299765829068, 48.943316615444061 ], [ 2.339602604749047, 48.943550298726564 ], [ 2.340627236932603, 48.94403165868534 ], [ 2.340490755157659, 48.944136123671285 ], [ 2.340764277814454, 48.944313887126917 ], [ 2.339224792662676, 48.945349474801624 ], [ 2.338560577169021, 48.944760380606098 ], [ 2.337895767737374, 48.944969839831408 ], [ 2.337511122504397, 48.944727606949833 ], [ 2.336986725039124, 48.94495312482691 ], [ 2.337061051951852, 48.945012888371167 ], [ 2.336869793667632, 48.945129636170002 ], [ 2.337762833812101, 48.945974499921022 ], [ 2.337576461650512, 48.946136239691469 ], [ 2.337873304783941, 48.946627087218495 ], [ 2.339378747941282, 48.947631792681946 ], [ 2.344585827332441, 48.94656775185301 ], [ 2.344209341599714, 48.946324686391556 ], [ 2.344195526400679, 48.946229287331953 ], [ 2.344720285017142, 48.945865251393116 ], [ 2.346018961110688, 48.946384032508782 ], [ 2.348085239322639, 48.947207334467357 ], [ 2.348574544676183, 48.947492367261916 ], [ 2.350576536138844, 48.948659698222585 ], [ 2.351600603216509, 48.950407136467248 ], [ 2.352093876060654, 48.950596852222645 ], [ 2.353014480661935, 48.950350926468253 ], [ 2.355563672544846, 48.952112842877824 ], [ 2.356555107058746, 48.951881659285476 ], [ 2.356893643916432, 48.951888871331505 ], [ 2.355803301184232, 48.950184290861884 ], [ 2.355546680904818, 48.94973777104881 ], [ 2.35620415288162, 48.949568642864534 ], [ 2.356078678300182, 48.949336855477831 ], [ 2.357559089821497, 48.948976095298129 ], [ 2.357585859930157, 48.949240625460781 ], [ 2.359760259846264, 48.948736073918248 ], [ 2.359377240151758, 48.947686372292772 ], [ 2.361767252228073, 48.947517466590995 ], [ 2.362346996349041, 48.947002568919032 ], [ 2.365380582709939, 48.946787552648381 ], [ 2.365444906170811, 48.947670082284425 ], [ 2.371424506493619, 48.947483959857706 ], [ 2.371680588971448, 48.946968219296885 ], [ 2.375226303299653, 48.947646818227703 ], [ 2.375243323358859, 48.947593849753218 ], [ 2.375768014001138, 48.946194613735742 ], [ 2.376492102674771, 48.945242452052938 ], [ 2.377068325940553, 48.944551206497259 ], [ 2.377342061883453, 48.944721692641743 ], [ 2.377712318099052, 48.944812643628964 ], [ 2.379353287524551, 48.944816654540169 ], [ 2.38187008795346, 48.945335051691096 ], [ 2.382132678860486, 48.94541104528998 ], [ 2.382948606652377, 48.94430194457847 ], [ 2.383115857833397, 48.944358560515276 ], [ 2.383671931393932, 48.94351610096377 ], [ 2.38401365029494, 48.943596094526754 ], [ 2.384439308560689, 48.943850977825896 ], [ 2.384786430805864, 48.943705278495401 ], [ 2.384801046752119, 48.943854633407064 ], [ 2.385475946898557, 48.943929138004457 ], [ 2.385660781425928, 48.94388422231961 ], [ 2.385770768234684, 48.944050252777274 ], [ 2.386076498959431, 48.943941207979414 ], [ 2.386262892443134, 48.944111226362317 ], [ 2.386936059753598, 48.944333195071913 ], [ 2.387548245831649, 48.944517078804466 ], [ 2.387829984442082, 48.944822473029021 ], [ 2.388753488965241, 48.945003443516256 ], [ 2.389752936345616, 48.945344864369105 ], [ 2.390154195909237, 48.945471905549482 ], [ 2.3901234128247, 48.945768509527376 ], [ 2.389738983929725, 48.946417627597747 ], [ 2.389818051655331, 48.946776840288088 ], [ 2.390278759191904, 48.946958139801211 ], [ 2.391062714040095, 48.947051152562658 ], [ 2.392803848872649, 48.947720050323014 ], [ 2.393743039801239, 48.947966707860303 ], [ 2.394228395131815, 48.948378330129039 ], [ 2.394718890991566, 48.948466238421155 ], [ 2.394927157344498, 48.948755056662385 ], [ 2.395267165384097, 48.948869181170743 ], [ 2.395566975093876, 48.949387773999426 ], [ 2.396190846385401, 48.949278508914141 ], [ 2.397006664646667, 48.949453476488912 ], [ 2.397284202004172, 48.949657207984494 ], [ 2.397703008919668, 48.94945248053174 ], [ 2.398159066212887, 48.948978157338161 ], [ 2.397418642677882, 48.948659693092566 ], [ 2.397699041264051, 48.948616138585002 ], [ 2.398154206750639, 48.948218248688036 ], [ 2.397963731930469, 48.947688520444956 ], [ 2.397655770738489, 48.947401004923769 ], [ 2.397485096788481, 48.94740194579304 ], [ 2.396540100250712, 48.945890010888021 ], [ 2.396107939438058, 48.94548316135797 ], [ 2.394991445805505, 48.94475451499261 ], [ 2.393958493321239, 48.94424030751199 ], [ 2.390239090864758, 48.942888718347334 ], [ 2.388869532898473, 48.942447392961903 ], [ 2.387422366403732, 48.942222380958107 ], [ 2.387580922722172, 48.94139405691454 ], [ 2.385858238626041, 48.940920315996536 ], [ 2.38465192958165, 48.940303518729372 ], [ 2.383559910343771, 48.93396156552695 ], [ 2.383348019924796, 48.932837268161762 ], [ 2.383932049305819, 48.932504838174609 ], [ 2.382505670751058, 48.930783456645507 ], [ 2.381123312324959, 48.931335682683297 ], [ 2.380014111865965, 48.931526893428668 ], [ 2.377613661802992, 48.931836395878996 ], [ 2.375104343331564, 48.927684809655972 ], [ 2.37718788706835, 48.925901570434966 ], [ 2.377834578434738, 48.925347368688684 ], [ 2.374634680062314, 48.923838783816251 ], [ 2.37475008477201, 48.923774636892283 ], [ 2.373949559814702, 48.92361577841671 ], [ 2.373048569680359, 48.923300810967731 ], [ 2.372550920880874, 48.923036511300495 ], [ 2.371994337779057, 48.922454449378264 ], [ 2.370107125589374, 48.923235023746109 ], [ 2.369193156099481, 48.923767993906011 ], [ 2.368299003881965, 48.92446563223217 ], [ 2.366986826452027, 48.923737473276098 ], [ 2.366675256007322, 48.923547874251895 ], [ 2.36761431376043, 48.922075291464381 ], [ 2.366138270816233, 48.921473956410438 ], [ 2.366524061009629, 48.920946310810194 ], [ 2.366905942503372, 48.920963617271951 ], [ 2.366832510212889, 48.920157458748285 ], [ 2.366939821527173, 48.917842331610629 ], [ 2.366337783626789, 48.917865228686125 ], [ 2.366393882835352, 48.915387052579035 ], [ 2.366706501155185, 48.915374316691377 ], [ 2.365701882451893, 48.909023509770329 ], [ 2.365922874309572, 48.90712174438378 ], [ 2.365968058767639, 48.904868313852603 ], [ 2.365619903608481, 48.901757549597015 ], [ 2.358702843883925, 48.901618190998576 ], [ 2.351983536160429, 48.901484898703877 ] ] ] } },
{ "type": "Feature", "properties": { "insee_com": "93070", "nom_arrondissement": "Saint-Ouen-sur-Seine", "avg_circumference_cm": null, "tree_count": null, "pct_young_trees": null }, "geometry": { "type": "Polygon", "coordinates": [ [ [ 2.319887174744135, 48.900459782082038 ], [ 2.319707744904218, 48.901037923982059 ], [ 2.319609480099527, 48.901354825005598 ], [ 2.320245170584547, 48.902920548287689 ], [ 2.320584968040771, 48.903747149077077 ], [ 2.320851271000658, 48.904665960956031 ], [ 2.317998659411549, 48.907899872698188 ], [ 2.318360553237984, 48.907976575543344 ], [ 2.318322731104058, 48.908051902551371 ], [ 2.316269114742933, 48.910157177936433 ], [ 2.316596384412446, 48.910274157230063 ], [ 2.313767501815613, 48.914044977129564 ], [ 2.319818622413776, 48.915937453249121 ], [ 2.324467630857652, 48.917078895371198 ], [ 2.327479766218691, 48.918085075360203 ], [ 2.328416220727116, 48.918478827106178 ], [ 2.328745034608774, 48.918693804507441 ], [ 2.33012285062585, 48.919678157933035 ], [ 2.331681701269442, 48.921339778129152 ], [ 2.333246223279866, 48.923205547257858 ], [ 2.336822548016957, 48.921103049031849 ], [ 2.336992781573594, 48.921130070832461 ], [ 2.337209762796295, 48.92102245602792 ], [ 2.337135939634389, 48.920925822552761 ], [ 2.340011402618987, 48.919617926189517 ], [ 2.338787219581765, 48.917374613090381 ], [ 2.337802195658669, 48.915217139071331 ], [ 2.338510075197491, 48.914917084749383 ], [ 2.339601228167633, 48.914627233337846 ], [ 2.343237707767202, 48.914177786970171 ], [ 2.344157125206086, 48.914086598195389 ], [ 2.345471746069894, 48.91403353441693 ], [ 2.347058305040012, 48.914382129188859 ], [ 2.348398351369192, 48.9109909492079 ], [ 2.349756809356338, 48.911026209225241 ], [ 2.35083834985143, 48.91094843947819 ], [ 2.351269106015774, 48.910322157346087 ], [ 2.351460887458105, 48.90927460295638 ], [ 2.35164435042096, 48.908346610364177 ], [ 2.35119015662448, 48.907461928677293 ], [ 2.351429969066725, 48.904529675274972 ], [ 2.351983536160429, 48.901484898703877 ], [ 2.347714950134087, 48.901399674653774 ], [ 2.344128257927195, 48.901327926935991 ], [ 2.343755951427352, 48.901320491669509 ], [ 2.335171130235882, 48.901147241466028 ], [ 2.334742913679454, 48.901138568485052 ], [ 2.330147116964155, 48.901043705510389 ], [ 2.329737986512133, 48.901036020687222 ], [ 2.325836365736297, 48.900953868187216 ], [ 2.323269608756061, 48.900812588864397 ], [ 2.320434138736961, 48.900775849598595 ], [ 2.319887174744135, 48.900459782082038 ] ] ] } },
{ "type": "Feature", "properties": { "insee_com": "93071", "nom_arrondissement": "Sevran", "avg_circumference_cm": null, "tree_count": null, "pct_young_trees": null }, "geometry": { "type": "Polygon", "coordinates": [ [ [ 2.524181937881842, 48.925012457594249 ], [ 2.522360366941774, 48.924533087790756 ], [ 2.521709414303876, 48.923938763732117 ], [ 2.519104543484784, 48.9250884115799 ], [ 2.518140723152495, 48.925125007353401 ], [ 2.518128422341392, 48.92542172073577 ], [ 2.517673481242725, 48.925474746558166 ], [ 2.517683579262481, 48.925710398857717 ], [ 2.517343292610692, 48.925761187012768 ], [ 2.517149263369001, 48.925933966556521 ], [ 2.516783291463935, 48.926105153246986 ], [ 2.516733232608215, 48.926058188773283 ], [ 2.516425513616981, 48.926275472588976 ], [ 2.515508662686609, 48.926688136040951 ], [ 2.515041088810108, 48.926923654683357 ], [ 2.51453044667922, 48.927386514823148 ], [ 2.513414347344196, 48.92794044078034 ], [ 2.51353857352231, 48.928520980231006 ], [ 2.513535793179332, 48.928964313391866 ], [ 2.513681183964399, 48.929471197234001 ], [ 2.51443457559252, 48.930347450926035 ], [ 2.512706070152628, 48.931433056619753 ], [ 2.511079856113487, 48.93193812159263 ], [ 2.510700029853906, 48.932124520182853 ], [ 2.50998900274697, 48.932405786363994 ], [ 2.510257774955214, 48.932997709147422 ], [ 2.510333957550265, 48.933314565360249 ], [ 2.510196336181615, 48.933434505871787 ], [ 2.508941947720798, 48.933726133567617 ], [ 2.505979064247907, 48.934116832294279 ], [ 2.505393298392398, 48.934425565407594 ], [ 2.505276740008176, 48.934625622560418 ], [ 2.505204158565286, 48.935081255009052 ], [ 2.505351191305785, 48.935982934206244 ], [ 2.507225852489879, 48.935639040549205 ], [ 2.50817040929665, 48.937228338257093 ], [ 2.509950535926932, 48.939532367928557 ], [ 2.510183888637732, 48.939540515905506 ], [ 2.510049220425025, 48.939924853028941 ], [ 2.509823540098968, 48.940116374044344 ], [ 2.508890338475112, 48.940205178919641 ], [ 2.508266490339407, 48.940349202200267 ], [ 2.509128321570421, 48.9414588355326 ], [ 2.509955882758631, 48.942442423817582 ], [ 2.512195565745691, 48.944247394680083 ], [ 2.513398451668142, 48.944670442109434 ], [ 2.514077464759567, 48.945055384225235 ], [ 2.51515984456133, 48.945667669837199 ], [ 2.515530531976976, 48.946031572050209 ], [ 2.515302633729762, 48.946313919029386 ], [ 2.517261917205099, 48.946740881711747 ], [ 2.51701412301163, 48.946961102442934 ], [ 2.517320215816647, 48.947373298539169 ], [ 2.517009258016547, 48.948220050834344 ], [ 2.517495935689991, 48.948446826133157 ], [ 2.51755782872494, 48.94854509478494 ], [ 2.519144395144831, 48.949128794962583 ], [ 2.519922142238963, 48.949478127503205 ], [ 2.521414772634856, 48.949741283937989 ], [ 2.523242192671354, 48.950273733051475 ], [ 2.52411627300452, 48.950545185269789 ], [ 2.524460762213874, 48.950649067793471 ], [ 2.525003740845254, 48.95054780539747 ], [ 2.525388696170064, 48.950556524031271 ], [ 2.526559894123953, 48.950888485259739 ], [ 2.52790392779668, 48.951435139222127 ], [ 2.528090787266054, 48.951156205325148 ], [ 2.529146037148088, 48.951328515729791 ], [ 2.530929140893667, 48.951642152511035 ], [ 2.531100273800038, 48.950531337861456 ], [ 2.532624692998914, 48.950609231065386 ], [ 2.532661856725848, 48.95012017879224 ], [ 2.532748477329156, 48.950053071940744 ], [ 2.535061651164252, 48.950024296057457 ], [ 2.535014168465093, 48.951059159190336 ], [ 2.536377814135996, 48.951254183765165 ], [ 2.538244604627233, 48.951527568582449 ], [ 2.538693093409924, 48.951455555900949 ], [ 2.542854395261207, 48.95057133760497 ], [ 2.543032546576684, 48.950186234766655 ], [ 2.543244092404268, 48.950040461696005 ], [ 2.544787540788657, 48.94934850690732 ], [ 2.545585506100831, 48.948810179818651 ], [ 2.547640496465982, 48.948318862169756 ], [ 2.547896708647989, 48.947273089327375 ], [ 2.547846228936652, 48.947111931207729 ], [ 2.550249423448183, 48.947076907401481 ], [ 2.550729602988949, 48.946016680117459 ], [ 2.551170434934571, 48.945400538334148 ], [ 2.551646860371673, 48.94493020832148 ], [ 2.553186639501881, 48.943998925335109 ], [ 2.553704303890149, 48.943651040224132 ], [ 2.553925541901001, 48.943323632415677 ], [ 2.554751984672529, 48.941669360348733 ], [ 2.554484981501645, 48.940966041855752 ], [ 2.556581055708069, 48.935288641192798 ], [ 2.556980621605578, 48.934210094457725 ], [ 2.556312190490006, 48.934004386425229 ], [ 2.549069548617816, 48.935298384895553 ], [ 2.545952662762564, 48.93412295998781 ], [ 2.545680976701127, 48.934286497197057 ], [ 2.543934770124543, 48.934648566607621 ], [ 2.54357962592008, 48.933744345354107 ], [ 2.543387746189013, 48.933523292654016 ], [ 2.542334345023393, 48.933176651642405 ], [ 2.542381169783171, 48.933129168966339 ], [ 2.542137926979278, 48.933006838046033 ], [ 2.541565294552962, 48.932315805402204 ], [ 2.540807608103025, 48.931716685888922 ], [ 2.540953351241753, 48.931595842168299 ], [ 2.541702599287772, 48.931448530872721 ], [ 2.542056290892664, 48.931271826527642 ], [ 2.54085694191225, 48.930456990648267 ], [ 2.541154030073825, 48.930198237855791 ], [ 2.540772072718041, 48.929712065077979 ], [ 2.540699215569139, 48.929771138088597 ], [ 2.540537759842492, 48.929662606041383 ], [ 2.539840181269701, 48.929062809913304 ], [ 2.539647359428867, 48.928489229908628 ], [ 2.539073710982457, 48.927460049734648 ], [ 2.536645080659889, 48.925854463556526 ], [ 2.534513926603923, 48.927319223170585 ], [ 2.534041483486687, 48.926583575497993 ], [ 2.533201763176292, 48.926932824757969 ], [ 2.531910416838243, 48.927268614164198 ], [ 2.531903104847173, 48.927019485357647 ], [ 2.53145048720063, 48.92620836506542 ], [ 2.531266757054069, 48.92615189118095 ], [ 2.529717849297676, 48.926296002137178 ], [ 2.529239285823419, 48.926094482915317 ], [ 2.527916199902935, 48.926167515152365 ], [ 2.527284466960088, 48.926602973982703 ], [ 2.526857537469147, 48.926727188202804 ], [ 2.525875584464824, 48.927702622117565 ], [ 2.525295727597289, 48.927833419773336 ], [ 2.525174532897852, 48.927504702828081 ], [ 2.524817643450091, 48.927579726886712 ], [ 2.524552820134267, 48.927138029680833 ], [ 2.524225571808011, 48.926061192165918 ], [ 2.523508117244294, 48.925720211979062 ], [ 2.524181937881842, 48.925012457594249 ] ] ] } },
{ "type": "Feature", "properties": { "insee_com": "93072", "nom_arrondissement": "Stains", "avg_circumference_cm": null, "tree_count": null, "pct_young_trees": null }, "geometry": { "type": "Polygon", "coordinates": [ [ [ 2.377342061883453, 48.944721692641743 ], [ 2.377068325940553, 48.944551206497259 ], [ 2.376492102674771, 48.945242452052938 ], [ 2.375768014001138, 48.946194613735742 ], [ 2.375243323358859, 48.947593849753218 ], [ 2.375226303299653, 48.947646818227703 ], [ 2.371680588971448, 48.946968219296885 ], [ 2.371424506493619, 48.947483959857706 ], [ 2.369084238021711, 48.95244644309107 ], [ 2.36884315230884, 48.952734739302521 ], [ 2.367677113446806, 48.954414726232905 ], [ 2.365531559806354, 48.958697394290901 ], [ 2.365486689142513, 48.958793378290977 ], [ 2.365595777123334, 48.958806545216419 ], [ 2.368779855372953, 48.958961835928775 ], [ 2.369011735334146, 48.959997210859918 ], [ 2.369033847606845, 48.960088152910572 ], [ 2.373314937719538, 48.960104308439952 ], [ 2.373114610305953, 48.960748932592494 ], [ 2.37333123785057, 48.962151116231986 ], [ 2.37350628657144, 48.962584575884826 ], [ 2.373417784100871, 48.964148827829568 ], [ 2.373509753326702, 48.965243707739411 ], [ 2.373766879701849, 48.967481506765438 ], [ 2.374693923079464, 48.969668839725024 ], [ 2.375726334464835, 48.972074328495125 ], [ 2.382440508419149, 48.971226919371333 ], [ 2.383483440190693, 48.97116574008858 ], [ 2.38415868006037, 48.971126044934117 ], [ 2.384588051369247, 48.970163349302005 ], [ 2.387695697397088, 48.967477892130091 ], [ 2.390242228258294, 48.965561960309991 ], [ 2.39098603737466, 48.965025285881161 ], [ 2.391128623618197, 48.965095252774155 ], [ 2.392248145649061, 48.964546089212369 ], [ 2.393334190136876, 48.963586683583948 ], [ 2.394564008335822, 48.9627089268117 ], [ 2.394320185865149, 48.962536836186935 ], [ 2.396541259877951, 48.961086735715199 ], [ 2.396673377212784, 48.961117076124516 ], [ 2.398903162744891, 48.959611220206689 ], [ 2.402536899245647, 48.957963946675214 ], [ 2.403293370661568, 48.958088214824016 ], [ 2.40481670978859, 48.957429431988885 ], [ 2.407355517741699, 48.956092212407377 ], [ 2.407260304242534, 48.955460458065794 ], [ 2.406912333526446, 48.95460173762978 ], [ 2.407244412127312, 48.954338995734361 ], [ 2.407868639279682, 48.954321397075887 ], [ 2.407736085726609, 48.954090530327399 ], [ 2.4077301227131, 48.95377485849896 ], [ 2.407826304417803, 48.953722276879105 ], [ 2.407873054846763, 48.953334024711488 ], [ 2.408213542257849, 48.953171140012998 ], [ 2.407116597878439, 48.952375264888239 ], [ 2.406790021183458, 48.952396131174353 ], [ 2.406423982015282, 48.952285508156336 ], [ 2.404033886221287, 48.951979590655732 ], [ 2.403637471865291, 48.952018086543006 ], [ 2.403249792614703, 48.95189026001146 ], [ 2.403632305369387, 48.951873278690563 ], [ 2.404119490403759, 48.951539374758688 ], [ 2.40367478077252, 48.951145981833392 ], [ 2.402976676660509, 48.950703664234013 ], [ 2.402285348916674, 48.950266771730391 ], [ 2.401862426302735, 48.950236785100131 ], [ 2.401592387135519, 48.950091554380919 ], [ 2.401324675241397, 48.950100109790775 ], [ 2.400894569677949, 48.949864151049987 ], [ 2.400694131107882, 48.949840667489809 ], [ 2.400396774041968, 48.949578392302108 ], [ 2.399738462655477, 48.949241468642668 ], [ 2.399698619878001, 48.949026343441581 ], [ 2.399462423517091, 48.948907356014253 ], [ 2.399247294696058, 48.948619410705049 ], [ 2.398992539898106, 48.948806980767614 ], [ 2.398154206750639, 48.948218248688036 ], [ 2.397699041264051, 48.948616138585002 ], [ 2.397418642677882, 48.948659693092566 ], [ 2.398159066212887, 48.948978157338161 ], [ 2.397703008919668, 48.94945248053174 ], [ 2.397284202004172, 48.949657207984494 ], [ 2.397006664646667, 48.949453476488912 ], [ 2.396190846385401, 48.949278508914141 ], [ 2.395566975093876, 48.949387773999426 ], [ 2.395267165384097, 48.948869181170743 ], [ 2.394927157344498, 48.948755056662385 ], [ 2.394718890991566, 48.948466238421155 ], [ 2.394228395131815, 48.948378330129039 ], [ 2.393743039801239, 48.947966707860303 ], [ 2.392803848872649, 48.947720050323014 ], [ 2.391062714040095, 48.947051152562658 ], [ 2.390278759191904, 48.946958139801211 ], [ 2.389818051655331, 48.946776840288088 ], [ 2.389738983929725, 48.946417627597747 ], [ 2.3901234128247, 48.945768509527376 ], [ 2.390154195909237, 48.945471905549482 ], [ 2.389752936345616, 48.945344864369105 ], [ 2.388753488965241, 48.945003443516256 ], [ 2.387829984442082, 48.944822473029021 ], [ 2.387548245831649, 48.944517078804466 ], [ 2.386936059753598, 48.944333195071913 ], [ 2.386262892443134, 48.944111226362317 ], [ 2.386076498959431, 48.943941207979414 ], [ 2.385770768234684, 48.944050252777274 ], [ 2.385660781425928, 48.94388422231961 ], [ 2.385475946898557, 48.943929138004457 ], [ 2.384801046752119, 48.943854633407064 ], [ 2.384786430805864, 48.943705278495401 ], [ 2.384439308560689, 48.943850977825896 ], [ 2.38401365029494, 48.943596094526754 ], [ 2.383671931393932, 48.94351610096377 ], [ 2.383115857833397, 48.944358560515276 ], [ 2.382948606652377, 48.94430194457847 ], [ 2.382132678860486, 48.94541104528998 ], [ 2.38187008795346, 48.945335051691096 ], [ 2.379353287524551, 48.944816654540169 ], [ 2.377712318099052, 48.944812643628964 ], [ 2.377342061883453, 48.944721692641743 ] ] ] } },
{ "type": "Feature", "properties": { "insee_com": "93073", "nom_arrondissement": "Tremblay-en-France", "avg_circumference_cm": null, "tree_count": null, "pct_young_trees": null }, "geometry": { "type": "Polygon", "coordinates": [ [ [ 2.565650101985586, 48.945890917745238 ], [ 2.565527240845308, 48.946543335858635 ], [ 2.565119210406703, 48.947011270270238 ], [ 2.564669459676342, 48.947406211578631 ], [ 2.563456281602124, 48.948152681780755 ], [ 2.562366566845793, 48.951583874076434 ], [ 2.562966280000989, 48.952684952495609 ], [ 2.563217945121418, 48.952959243230424 ], [ 2.563865481080756, 48.9537349597068 ], [ 2.564065821453568, 48.95410618111773 ], [ 2.564455957649538, 48.955456479500498 ], [ 2.563621525861829, 48.956608985227753 ], [ 2.563065273577104, 48.957316469309475 ], [ 2.561867048932235, 48.958526985425394 ], [ 2.562195921350945, 48.958878894346299 ], [ 2.562150116301147, 48.958966853633932 ], [ 2.559640580957001, 48.961336178756596 ], [ 2.559331567410549, 48.961702836167433 ], [ 2.559199372225097, 48.962153772815057 ], [ 2.559235413352909, 48.962251923301238 ], [ 2.558599483735625, 48.964126312728155 ], [ 2.557570044260171, 48.965533435732333 ], [ 2.555084721564286, 48.967565525952914 ], [ 2.55336117022006, 48.969142686520669 ], [ 2.550094900061739, 48.97125268871433 ], [ 2.543205370963153, 48.967195341480334 ], [ 2.540694246114442, 48.968519329917513 ], [ 2.540424336661641, 48.968305175166712 ], [ 2.539692913597867, 48.968075760663481 ], [ 2.539603631874741, 48.967978299590342 ], [ 2.53949420205851, 48.967996763587607 ], [ 2.539216735235536, 48.967711536656076 ], [ 2.539337967216849, 48.967594201345889 ], [ 2.539079730232892, 48.967451128511115 ], [ 2.538092528617112, 48.967111912057938 ], [ 2.537940944489048, 48.967263300541219 ], [ 2.537640764562453, 48.967229770832141 ], [ 2.537434303975239, 48.966640868313988 ], [ 2.536856168828292, 48.966379654304113 ], [ 2.536471391063748, 48.966337701671364 ], [ 2.536506774210644, 48.966045583499223 ], [ 2.536260854451356, 48.966054524524935 ], [ 2.536186948638133, 48.965765580695702 ], [ 2.535043693532177, 48.965777340163442 ], [ 2.533403286584238, 48.965485907890283 ], [ 2.532996215115985, 48.965646187803785 ], [ 2.532199323606107, 48.966932600936232 ], [ 2.531988556912645, 48.966677292089607 ], [ 2.531521168328131, 48.968527912081477 ], [ 2.531319382285135, 48.969245619660661 ], [ 2.530811638328749, 48.970114102009674 ], [ 2.527885144370976, 48.973356974200982 ], [ 2.525766641415043, 48.976638033963731 ], [ 2.522147829320322, 48.975908777845845 ], [ 2.520269444371072, 48.976361690343445 ], [ 2.517239344158443, 48.976530280577528 ], [ 2.513730021367822, 48.9765224002754 ], [ 2.508539110426018, 48.97680069131372 ], [ 2.501810733032451, 48.975571551130876 ], [ 2.500486996738162, 48.975434756812724 ], [ 2.500239401036986, 48.975612674355474 ], [ 2.502109909168733, 48.976568251991864 ], [ 2.500373635230396, 48.977706663370562 ], [ 2.501876591841172, 48.978534817714426 ], [ 2.503763817074798, 48.979470652579245 ], [ 2.504859110447906, 48.978789959733788 ], [ 2.506717600499412, 48.97988119695048 ], [ 2.506343324465939, 48.980307693797876 ], [ 2.508816110525458, 48.980592111064432 ], [ 2.509229172805573, 48.979817760979167 ], [ 2.510744416789381, 48.980377879797551 ], [ 2.510527626511698, 48.980622486767381 ], [ 2.514719023221285, 48.982231160537999 ], [ 2.512256811000528, 48.986049207777043 ], [ 2.51700552689205, 48.986109783642554 ], [ 2.516923230174116, 48.98761386378191 ], [ 2.519201539566858, 48.987843326479329 ], [ 2.518922721016899, 48.990951737616903 ], [ 2.520153878807725, 48.991099644451097 ], [ 2.520451778387544, 48.992282417691406 ], [ 2.522778777716495, 48.992144222221938 ], [ 2.523228110852003, 48.994254688736092 ], [ 2.524412408094987, 48.996247568637621 ], [ 2.527873991662036, 49.000452498909823 ], [ 2.529152063792368, 49.000427845921379 ], [ 2.529640738673497, 49.002003391502093 ], [ 2.530443822339978, 49.001913017790152 ], [ 2.530477387801223, 49.00197969110009 ], [ 2.530201117446137, 49.002303226897261 ], [ 2.53107262262389, 49.003112332227033 ], [ 2.532189253203343, 49.0052379358659 ], [ 2.534425855859098, 49.006249254664283 ], [ 2.535482141226451, 49.006586055753203 ], [ 2.535727781386339, 49.005253474282647 ], [ 2.538374679401066, 49.005322132717815 ], [ 2.538391331006401, 49.006216912982424 ], [ 2.541198180073023, 49.00628792236688 ], [ 2.541151801802259, 49.005658296725933 ], [ 2.544040053405133, 49.005639629766101 ], [ 2.544082043326472, 49.004748669791219 ], [ 2.546950852304251, 49.004915996100777 ], [ 2.546944475619895, 49.005020280668823 ], [ 2.547817606042323, 49.005049650529514 ], [ 2.548076574926143, 49.00309034137652 ], [ 2.549259557083952, 49.003162231101726 ], [ 2.548818768419054, 49.00670437056079 ], [ 2.553078554362989, 49.006782353200705 ], [ 2.553455632812101, 49.010141403078634 ], [ 2.555353735835325, 49.010687074416282 ], [ 2.555386812454019, 49.010974943130357 ], [ 2.557920107596767, 49.011900590805425 ], [ 2.559217234249092, 49.012078008365691 ], [ 2.564854597090343, 49.012251441281279 ], [ 2.565583893313414, 49.012332313617136 ], [ 2.56588872976092, 49.011024173261859 ], [ 2.569137206144139, 49.01128315899912 ], [ 2.570272139619437, 49.00925771856248 ], [ 2.570593629995075, 49.009060144285755 ], [ 2.569524452089266, 49.008761374500665 ], [ 2.570726427380166, 49.007711807327979 ], [ 2.569101477991269, 49.007186242063398 ], [ 2.566749606886368, 49.006963763940412 ], [ 2.566632268422115, 49.007430029931932 ], [ 2.564495449109792, 49.007316189082644 ], [ 2.564702306108844, 49.005630021537392 ], [ 2.566949757989092, 49.00574515756459 ], [ 2.566977135887166, 49.005576204762441 ], [ 2.570067665677869, 49.00588675210755 ], [ 2.570652413655779, 49.005090346407698 ], [ 2.568836816498681, 49.004819469796786 ], [ 2.56906834671936, 49.003765526153707 ], [ 2.571289532462569, 49.004239272503213 ], [ 2.572573614616199, 49.002495783982056 ], [ 2.573487819713759, 49.001014434962045 ], [ 2.571393398592777, 49.000761487781809 ], [ 2.571516905470465, 48.999871706156583 ], [ 2.57596070670167, 49.000278648518588 ], [ 2.577441513676006, 48.997168088896089 ], [ 2.577302439856878, 48.99712893276579 ], [ 2.578248021457146, 48.994952555275788 ], [ 2.578400645678196, 48.995005246301034 ], [ 2.578543721437278, 48.994718898035515 ], [ 2.578630826679414, 48.994762366454694 ], [ 2.57945222122544, 48.993735641677908 ], [ 2.579072099928204, 48.993595828974684 ], [ 2.581284567952528, 48.990530031601992 ], [ 2.579292370971527, 48.990187652822961 ], [ 2.580939580038508, 48.987391435126739 ], [ 2.581442925833296, 48.985967919301451 ], [ 2.579438040652556, 48.985526581643967 ], [ 2.579689973133534, 48.984615648090383 ], [ 2.576645820003708, 48.98412745452223 ], [ 2.579064656916324, 48.979333177769732 ], [ 2.578664260128593, 48.979179801872093 ], [ 2.578358250932805, 48.979179625909282 ], [ 2.574388250927528, 48.979353545729658 ], [ 2.57220804879545, 48.979669514306664 ], [ 2.568809186971068, 48.980483739758093 ], [ 2.566197689175703, 48.980413176817187 ], [ 2.564959111926944, 48.98051390167393 ], [ 2.563964446095136, 48.980689237579362 ], [ 2.563745021850987, 48.980626392819012 ], [ 2.562209663959606, 48.97914246094367 ], [ 2.566810994294667, 48.974851830322351 ], [ 2.567477407182882, 48.974054813533044 ], [ 2.569563047799135, 48.971111914920598 ], [ 2.573632225806153, 48.966931489309374 ], [ 2.573656964302317, 48.966912693154597 ], [ 2.57558622488867, 48.965147127016856 ], [ 2.576524436261727, 48.964651362997763 ], [ 2.57815326714916, 48.963533946627088 ], [ 2.578938550266562, 48.962016081310395 ], [ 2.579892785432602, 48.961047341991737 ], [ 2.581497002249795, 48.95889295703703 ], [ 2.582085576057917, 48.958382437656745 ], [ 2.582038114863985, 48.958340906750401 ], [ 2.582274951424973, 48.958097136128444 ], [ 2.583621872990808, 48.957014627372729 ], [ 2.583732838265689, 48.956970050121441 ], [ 2.585567543183926, 48.957042050789475 ], [ 2.586174420101418, 48.956797752161172 ], [ 2.587177517275878, 48.955837212848827 ], [ 2.58782100480564, 48.955622707033214 ], [ 2.588592251902611, 48.954619992154761 ], [ 2.589241588901144, 48.95400802893915 ], [ 2.589436768297432, 48.953672376838604 ], [ 2.589980982428483, 48.952709340179709 ], [ 2.591084271341357, 48.951143009860886 ], [ 2.591256705049499, 48.950745227774405 ], [ 2.591342221762374, 48.950287798183709 ], [ 2.591415814928442, 48.950305134873027 ], [ 2.591418932308642, 48.950082130036201 ], [ 2.591695688012881, 48.949612761926922 ], [ 2.59243027001353, 48.948389574404558 ], [ 2.593487516627954, 48.947452540523031 ], [ 2.593745498648272, 48.946935442284655 ], [ 2.59385577596021, 48.946275760022317 ], [ 2.593636639494532, 48.945316406842437 ], [ 2.594043518930782, 48.944086698016704 ], [ 2.594764368509359, 48.9423310807287 ], [ 2.595933186883085, 48.938608477403235 ], [ 2.594762836857597, 48.938497513707503 ], [ 2.59443971226406, 48.938622317980474 ], [ 2.594026947499645, 48.938164093725092 ], [ 2.593920806392612, 48.938471283027141 ], [ 2.591260875863949, 48.93805397516406 ], [ 2.590916718960308, 48.938248841027175 ], [ 2.590446809945453, 48.938291300334043 ], [ 2.589774751520091, 48.93800303547642 ], [ 2.58709346832363, 48.9377033655989 ], [ 2.587112069711509, 48.937595517683988 ], [ 2.585760132282731, 48.937494631369525 ], [ 2.584794260650158, 48.937423844330525 ], [ 2.583997547377166, 48.937537087190371 ], [ 2.581524109320991, 48.937199345112759 ], [ 2.581488099005608, 48.937263966625245 ], [ 2.580628457161437, 48.937055029659959 ], [ 2.580757030366107, 48.936853144253924 ], [ 2.57960637895867, 48.936509190647904 ], [ 2.578044143377322, 48.936592728478516 ], [ 2.577307575672136, 48.936527184345749 ], [ 2.577322394317856, 48.93638335369296 ], [ 2.577131278556899, 48.93638537736485 ], [ 2.575519765249524, 48.936987586118754 ], [ 2.574308847923501, 48.936839408591581 ], [ 2.574262003935456, 48.937559555691699 ], [ 2.57259855829383, 48.938825199182645 ], [ 2.572077513244243, 48.939107508303209 ], [ 2.571379941701059, 48.939275876452889 ], [ 2.571130728400838, 48.939534872934807 ], [ 2.57083286058405, 48.939899808011255 ], [ 2.570202903076126, 48.941300404517023 ], [ 2.56908337319684, 48.942963620516899 ], [ 2.568872773093102, 48.943336956728771 ], [ 2.56860955600302, 48.943799130112531 ], [ 2.56805420016221, 48.944752146772146 ], [ 2.567380200601483, 48.945030285945144 ], [ 2.566149466701233, 48.945274034268223 ], [ 2.565650101985586, 48.945890917745238 ] ] ] } },
{ "type": "Feature", "properties": { "insee_com": "93074", "nom_arrondissement": "Vaujours", "avg_circumference_cm": null, "tree_count": null, "pct_young_trees": null }, "geometry": { "type": "Polygon", "coordinates": [ [ [ 2.602426435340597, 48.932575423491109 ], [ 2.602920891582183, 48.931275818406689 ], [ 2.602859387645081, 48.930929395217909 ], [ 2.602384529814878, 48.930379265025401 ], [ 2.602722440459484, 48.929381294307142 ], [ 2.601564689182385, 48.929076194274209 ], [ 2.599577901071158, 48.928142421286736 ], [ 2.598631174558327, 48.927909939277868 ], [ 2.597713625348332, 48.927788158395217 ], [ 2.597739827200741, 48.927223502011174 ], [ 2.597553337998415, 48.926808310150918 ], [ 2.597232359804796, 48.926489787610848 ], [ 2.596378505921357, 48.925901486261296 ], [ 2.594151880230438, 48.925650261874218 ], [ 2.592599495589066, 48.925043378097456 ], [ 2.592033179741113, 48.925213213216281 ], [ 2.592596192681208, 48.926510985566054 ], [ 2.592330288383626, 48.927005581976907 ], [ 2.592115468896607, 48.927250353066931 ], [ 2.591231091881678, 48.927599855351275 ], [ 2.590604807000443, 48.928102210414607 ], [ 2.589469818867874, 48.928038076186695 ], [ 2.586555260741727, 48.927447124525308 ], [ 2.584345280080289, 48.92733066708324 ], [ 2.582804497938084, 48.927327111381359 ], [ 2.5818663146277, 48.927401179160647 ], [ 2.582226521309571, 48.926732475076101 ], [ 2.581616636378599, 48.926713261027416 ], [ 2.580849176454733, 48.926941692984499 ], [ 2.579763251216417, 48.92739741964003 ], [ 2.579259329991663, 48.927268853547034 ], [ 2.576460237337768, 48.92726618733451 ], [ 2.576003499168888, 48.92670792022934 ], [ 2.575728628633655, 48.926608926220901 ], [ 2.575067077842172, 48.92589795200518 ], [ 2.572108820478612, 48.925842461277654 ], [ 2.572259770449325, 48.924911348479299 ], [ 2.572075778747163, 48.924881914657121 ], [ 2.5721484184593, 48.924346204140889 ], [ 2.567495892265858, 48.924386156111488 ], [ 2.565564018399204, 48.925795531042802 ], [ 2.565402276804365, 48.927187025689477 ], [ 2.564425787035709, 48.928084555177733 ], [ 2.564155608295899, 48.93019686932309 ], [ 2.563802308867507, 48.930987844220098 ], [ 2.563553210703367, 48.931233338243807 ], [ 2.563016273824896, 48.932110870676389 ], [ 2.561893021405127, 48.932591477689748 ], [ 2.561550528281995, 48.933065940186061 ], [ 2.561437988250385, 48.933463006572623 ], [ 2.560439374321712, 48.933079855436844 ], [ 2.559871228956063, 48.93376571325998 ], [ 2.558652341105272, 48.933605656873482 ], [ 2.55745610851335, 48.933671388931863 ], [ 2.557443681249069, 48.934169539483356 ], [ 2.556980621605578, 48.934210094457725 ], [ 2.556581055708069, 48.935288641192798 ], [ 2.561115728863186, 48.936391650122879 ], [ 2.561707148651237, 48.935374941800909 ], [ 2.566739797333903, 48.936685489957632 ], [ 2.568454474020725, 48.936986636002757 ], [ 2.568782193077674, 48.938289955198869 ], [ 2.566325469408502, 48.942667708795412 ], [ 2.568872773093102, 48.943336956728771 ], [ 2.56908337319684, 48.942963620516899 ], [ 2.570202903076126, 48.941300404517023 ], [ 2.57083286058405, 48.939899808011255 ], [ 2.571130728400838, 48.939534872934807 ], [ 2.571379941701059, 48.939275876452889 ], [ 2.572077513244243, 48.939107508303209 ], [ 2.57259855829383, 48.938825199182645 ], [ 2.574262003935456, 48.937559555691699 ], [ 2.574308847923501, 48.936839408591581 ], [ 2.575519765249524, 48.936987586118754 ], [ 2.577131278556899, 48.93638537736485 ], [ 2.577322394317856, 48.93638335369296 ], [ 2.577307575672136, 48.936527184345749 ], [ 2.578044143377322, 48.936592728478516 ], [ 2.57960637895867, 48.936509190647904 ], [ 2.580757030366107, 48.936853144253924 ], [ 2.580628457161437, 48.937055029659959 ], [ 2.581488099005608, 48.937263966625245 ], [ 2.581524109320991, 48.937199345112759 ], [ 2.583997547377166, 48.937537087190371 ], [ 2.584794260650158, 48.937423844330525 ], [ 2.585760132282731, 48.937494631369525 ], [ 2.587112069711509, 48.937595517683988 ], [ 2.58709346832363, 48.9377033655989 ], [ 2.589774751520091, 48.93800303547642 ], [ 2.590446809945453, 48.938291300334043 ], [ 2.590916718960308, 48.938248841027175 ], [ 2.591260875863949, 48.93805397516406 ], [ 2.593920806392612, 48.938471283027141 ], [ 2.594026947499645, 48.938164093725092 ], [ 2.59443971226406, 48.938622317980474 ], [ 2.594762836857597, 48.938497513707503 ], [ 2.595933186883085, 48.938608477403235 ], [ 2.597721165358223, 48.938815926951278 ], [ 2.597718844642061, 48.938056939216757 ], [ 2.601641546781825, 48.938467515894025 ], [ 2.601530624952982, 48.937800791553435 ], [ 2.60331380964263, 48.937741060063409 ], [ 2.603076637816899, 48.937338303081006 ], [ 2.60271897587305, 48.936090734761486 ], [ 2.602185889182665, 48.93511685846115 ], [ 2.602147530918531, 48.934599652000486 ], [ 2.602426435340597, 48.932575423491109 ] ] ] } },
{ "type": "Feature", "properties": { "insee_com": "93077", "nom_arrondissement": "Villemomble", "avg_circumference_cm": null, "tree_count": null, "pct_young_trees": null }, "geometry": { "type": "Polygon", "coordinates": [ [ [ 2.509439448259478, 48.878070621063394 ], [ 2.505677964305507, 48.879327686943121 ], [ 2.504101020888883, 48.877256324225421 ], [ 2.503270092776198, 48.877603614784036 ], [ 2.501797151890099, 48.878073235107713 ], [ 2.501625697633073, 48.877752363012625 ], [ 2.500759320806912, 48.877101241305652 ], [ 2.498817316331667, 48.877573364769937 ], [ 2.497428201918381, 48.878394917148157 ], [ 2.497188230588503, 48.878677195704086 ], [ 2.496658653782085, 48.879720880379068 ], [ 2.495204672969999, 48.88117615328531 ], [ 2.493959555958988, 48.882739308792985 ], [ 2.495478319204234, 48.882909394321096 ], [ 2.494482902637378, 48.884874700035134 ], [ 2.49532793688359, 48.884778440772024 ], [ 2.49542781900182, 48.885025274385754 ], [ 2.49542860308238, 48.885225825167886 ], [ 2.493445225005515, 48.885709376227524 ], [ 2.491100113771757, 48.886225531453498 ], [ 2.487042552797905, 48.886977131770536 ], [ 2.487411654861914, 48.888409521879311 ], [ 2.489922112005918, 48.888290741306015 ], [ 2.489904267772818, 48.888441750007573 ], [ 2.491103847400463, 48.890866904606071 ], [ 2.492004576533622, 48.890244808110708 ], [ 2.495526557559455, 48.889331607589703 ], [ 2.49664900525403, 48.889607024249919 ], [ 2.497730322369812, 48.890188923095032 ], [ 2.498064923384787, 48.890139964667661 ], [ 2.498208740952033, 48.890924766982202 ], [ 2.497062977335188, 48.891082735511169 ], [ 2.497344470644586, 48.891591128763665 ], [ 2.498093429911735, 48.893124895777838 ], [ 2.500152301217381, 48.89574150074823 ], [ 2.500663364530677, 48.89521573944242 ], [ 2.502161707059697, 48.896705833602958 ], [ 2.501024707584608, 48.897218202629716 ], [ 2.502318271542741, 48.899304576441509 ], [ 2.504566555100008, 48.89912324557951 ], [ 2.504007328476731, 48.898548074154355 ], [ 2.504755291052759, 48.898210333039209 ], [ 2.505143589895348, 48.89854378145656 ], [ 2.507161151844983, 48.897659091465854 ], [ 2.508032748061218, 48.898524208768251 ], [ 2.50786795675634, 48.898208775220716 ], [ 2.507699520260916, 48.896115399539219 ], [ 2.50672909745402, 48.893305567380168 ], [ 2.506821999028646, 48.893288863155533 ], [ 2.506626775402077, 48.892733185479798 ], [ 2.509152935257736, 48.892267832218906 ], [ 2.509728506098304, 48.892120005443559 ], [ 2.510195865817134, 48.891731617699328 ], [ 2.510179837134823, 48.891550790896325 ], [ 2.510471462396342, 48.891430576604847 ], [ 2.511363552828602, 48.890397315558346 ], [ 2.511265158561728, 48.889837542672097 ], [ 2.511237887742958, 48.889691742961851 ], [ 2.511372258583224, 48.889614950594861 ], [ 2.512339258493538, 48.889169237014769 ], [ 2.513651680979852, 48.888825641927156 ], [ 2.515912359777707, 48.887844660289289 ], [ 2.515986265850882, 48.88781618106448 ], [ 2.516532161894603, 48.888653847321642 ], [ 2.5168820140759, 48.889015883291485 ], [ 2.517173573814308, 48.889634885986105 ], [ 2.518153898152823, 48.891133488261836 ], [ 2.522126212461063, 48.887321939842366 ], [ 2.524620207141599, 48.884360536027806 ], [ 2.524824274645525, 48.884114034550258 ], [ 2.524974553787279, 48.883933868590177 ], [ 2.525207371488242, 48.882926659589003 ], [ 2.525784095709638, 48.882935240494206 ], [ 2.525777986257366, 48.882707689401691 ], [ 2.525756296494823, 48.881944983357798 ], [ 2.526757776056742, 48.880976784677088 ], [ 2.527096405795384, 48.880774877044864 ], [ 2.526962384415853, 48.880518042097627 ], [ 2.527650851466695, 48.880080094692808 ], [ 2.527204072245133, 48.879729395696124 ], [ 2.526524724617784, 48.879614296084618 ], [ 2.528552984615607, 48.878932523198237 ], [ 2.53004622865309, 48.874375241945131 ], [ 2.529708678342906, 48.873859503738636 ], [ 2.526010506735028, 48.875438516736047 ], [ 2.524849070413026, 48.87556791130622 ], [ 2.524496132889026, 48.875398336708109 ], [ 2.523940961855177, 48.875278318991803 ], [ 2.522941293135082, 48.875161924025512 ], [ 2.522474014630279, 48.875270677550091 ], [ 2.520476209165065, 48.874576508305616 ], [ 2.51991634056524, 48.874376413193787 ], [ 2.518684676217144, 48.87443441985058 ], [ 2.51838161896859, 48.874328879440505 ], [ 2.517973700602754, 48.874505303535635 ], [ 2.518291095637772, 48.875124415973808 ], [ 2.515888765684207, 48.875127315297561 ], [ 2.515814617727173, 48.87503708313249 ], [ 2.514995074913137, 48.874906061630028 ], [ 2.512912866474385, 48.875668326912646 ], [ 2.513165739906683, 48.876037178410932 ], [ 2.511725763279651, 48.876495363880721 ], [ 2.51200660107954, 48.876643997809708 ], [ 2.509439448259478, 48.878070621063394 ] ] ] } },
{ "type": "Feature", "properties": { "insee_com": "93078", "nom_arrondissement": "Villepinte", "avg_circumference_cm": null, "tree_count": null, "pct_young_trees": null }, "geometry": { "type": "Polygon", "coordinates": [ [ [ 2.545585506100831, 48.948810179818651 ], [ 2.544787540788657, 48.94934850690732 ], [ 2.543244092404268, 48.950040461696005 ], [ 2.543032546576684, 48.950186234766655 ], [ 2.542854395261207, 48.95057133760497 ], [ 2.538693093409924, 48.951455555900949 ], [ 2.538244604627233, 48.951527568582449 ], [ 2.536377814135996, 48.951254183765165 ], [ 2.535014168465093, 48.951059159190336 ], [ 2.535061651164252, 48.950024296057457 ], [ 2.532748477329156, 48.950053071940744 ], [ 2.532661856725848, 48.95012017879224 ], [ 2.532624692998914, 48.950609231065386 ], [ 2.531100273800038, 48.950531337861456 ], [ 2.530929140893667, 48.951642152511035 ], [ 2.529146037148088, 48.951328515729791 ], [ 2.528090787266054, 48.951156205325148 ], [ 2.52790392779668, 48.951435139222127 ], [ 2.526559894123953, 48.950888485259739 ], [ 2.525388696170064, 48.950556524031271 ], [ 2.525003740845254, 48.95054780539747 ], [ 2.524460762213874, 48.950649067793471 ], [ 2.52411627300452, 48.950545185269789 ], [ 2.521932343163328, 48.952106603484829 ], [ 2.522344255932063, 48.952303384376762 ], [ 2.519892090658774, 48.955247650714036 ], [ 2.519220779644022, 48.955635237925605 ], [ 2.519018426068326, 48.955663202553481 ], [ 2.518769829129877, 48.955523719630186 ], [ 2.518071837348902, 48.955989428523459 ], [ 2.515842938040161, 48.957496593518542 ], [ 2.514848010332664, 48.958314490566885 ], [ 2.515421354199986, 48.958628850046509 ], [ 2.514035374198615, 48.959934352253981 ], [ 2.513325594406648, 48.960773173912514 ], [ 2.512648895110792, 48.961577054447247 ], [ 2.512191230977165, 48.961449298367604 ], [ 2.511631408392736, 48.961875063428216 ], [ 2.508023346949479, 48.964612920478935 ], [ 2.505151442777348, 48.965734158001865 ], [ 2.505059036135259, 48.965685217251632 ], [ 2.500465745957887, 48.969259564967828 ], [ 2.496175981227112, 48.972598501815405 ], [ 2.497961363267159, 48.973863129356047 ], [ 2.495790180937131, 48.975054509926323 ], [ 2.497243565874383, 48.975060610494481 ], [ 2.500486996738162, 48.975434756812724 ], [ 2.501810733032451, 48.975571551130876 ], [ 2.508539110426018, 48.97680069131372 ], [ 2.513730021367822, 48.9765224002754 ], [ 2.517239344158443, 48.976530280577528 ], [ 2.520269444371072, 48.976361690343445 ], [ 2.522147829320322, 48.975908777845845 ], [ 2.525766641415043, 48.976638033963731 ], [ 2.527885144370976, 48.973356974200982 ], [ 2.530811638328749, 48.970114102009674 ], [ 2.531319382285135, 48.969245619660661 ], [ 2.531521168328131, 48.968527912081477 ], [ 2.531988556912645, 48.966677292089607 ], [ 2.532199323606107, 48.966932600936232 ], [ 2.532996215115985, 48.965646187803785 ], [ 2.533403286584238, 48.965485907890283 ], [ 2.535043693532177, 48.965777340163442 ], [ 2.536186948638133, 48.965765580695702 ], [ 2.536260854451356, 48.966054524524935 ], [ 2.536506774210644, 48.966045583499223 ], [ 2.536471391063748, 48.966337701671364 ], [ 2.536856168828292, 48.966379654304113 ], [ 2.537434303975239, 48.966640868313988 ], [ 2.537640764562453, 48.967229770832141 ], [ 2.537940944489048, 48.967263300541219 ], [ 2.538092528617112, 48.967111912057938 ], [ 2.539079730232892, 48.967451128511115 ], [ 2.539337967216849, 48.967594201345889 ], [ 2.539216735235536, 48.967711536656076 ], [ 2.53949420205851, 48.967996763587607 ], [ 2.539603631874741, 48.967978299590342 ], [ 2.539692913597867, 48.968075760663481 ], [ 2.540424336661641, 48.968305175166712 ], [ 2.540694246114442, 48.968519329917513 ], [ 2.543205370963153, 48.967195341480334 ], [ 2.550094900061739, 48.97125268871433 ], [ 2.55336117022006, 48.969142686520669 ], [ 2.555084721564286, 48.967565525952914 ], [ 2.557570044260171, 48.965533435732333 ], [ 2.558599483735625, 48.964126312728155 ], [ 2.559235413352909, 48.962251923301238 ], [ 2.559199372225097, 48.962153772815057 ], [ 2.559331567410549, 48.961702836167433 ], [ 2.559640580957001, 48.961336178756596 ], [ 2.562150116301147, 48.958966853633932 ], [ 2.562195921350945, 48.958878894346299 ], [ 2.561867048932235, 48.958526985425394 ], [ 2.563065273577104, 48.957316469309475 ], [ 2.563621525861829, 48.956608985227753 ], [ 2.564455957649538, 48.955456479500498 ], [ 2.564065821453568, 48.95410618111773 ], [ 2.563865481080756, 48.9537349597068 ], [ 2.563217945121418, 48.952959243230424 ], [ 2.562966280000989, 48.952684952495609 ], [ 2.562366566845793, 48.951583874076434 ], [ 2.563456281602124, 48.948152681780755 ], [ 2.564669459676342, 48.947406211578631 ], [ 2.565119210406703, 48.947011270270238 ], [ 2.565527240845308, 48.946543335858635 ], [ 2.565650101985586, 48.945890917745238 ], [ 2.566149466701233, 48.945274034268223 ], [ 2.567380200601483, 48.945030285945144 ], [ 2.56805420016221, 48.944752146772146 ], [ 2.56860955600302, 48.943799130112531 ], [ 2.568872773093102, 48.943336956728771 ], [ 2.566325469408502, 48.942667708795412 ], [ 2.568782193077674, 48.938289955198869 ], [ 2.568454474020725, 48.936986636002757 ], [ 2.566739797333903, 48.936685489957632 ], [ 2.561707148651237, 48.935374941800909 ], [ 2.561115728863186, 48.936391650122879 ], [ 2.556581055708069, 48.935288641192798 ], [ 2.554484981501645, 48.940966041855752 ], [ 2.554751984672529, 48.941669360348733 ], [ 2.553925541901001, 48.943323632415677 ], [ 2.553704303890149, 48.943651040224132 ], [ 2.553186639501881, 48.943998925335109 ], [ 2.551646860371673, 48.94493020832148 ], [ 2.551170434934571, 48.945400538334148 ], [ 2.550729602988949, 48.946016680117459 ], [ 2.550249423448183, 48.947076907401481 ], [ 2.547846228936652, 48.947111931207729 ], [ 2.547896708647989, 48.947273089327375 ], [ 2.547640496465982, 48.948318862169756 ], [ 2.545585506100831, 48.948810179818651 ] ] ] } },
{ "type": "Feature", "properties": { "insee_com": "93079", "nom_arrondissement": "Villetaneuse", "avg_circumference_cm": null, "tree_count": null, "pct_young_trees": null }, "geometry": { "type": "Polygon", "coordinates": [ [ [ 2.33778060691913, 48.959697508091978 ], [ 2.338077640555296, 48.960072344069431 ], [ 2.337455172612837, 48.960908821630696 ], [ 2.338933183307638, 48.962921441712027 ], [ 2.339870665694148, 48.962551612657549 ], [ 2.341373635254528, 48.9647612747832 ], [ 2.343865039207027, 48.968421435836419 ], [ 2.344658869037401, 48.968183875347265 ], [ 2.345082199072944, 48.968190684110937 ], [ 2.347077595187286, 48.967656612569591 ], [ 2.347194451241131, 48.96770490947717 ], [ 2.348498626653731, 48.967503373031661 ], [ 2.350516493483083, 48.967024221204987 ], [ 2.351575943079199, 48.966620790687713 ], [ 2.351637331784872, 48.966188578256805 ], [ 2.352013701577442, 48.965907345291789 ], [ 2.352570484475729, 48.965725104672316 ], [ 2.353466337547989, 48.965623824897754 ], [ 2.353495773037665, 48.965233704218633 ], [ 2.354557641290961, 48.964630623948061 ], [ 2.353012748400746, 48.963440668283276 ], [ 2.353548599936809, 48.963072162468862 ], [ 2.353031002082803, 48.962742039239906 ], [ 2.353535370129282, 48.962378759004132 ], [ 2.35246402944045, 48.961661660721582 ], [ 2.352453263557265, 48.961319882029841 ], [ 2.352445944289891, 48.961139989536825 ], [ 2.35306063175836, 48.960690077787511 ], [ 2.352802987031227, 48.960323585737882 ], [ 2.354878921630753, 48.959651330249471 ], [ 2.352975224887131, 48.956908199951897 ], [ 2.353500839306518, 48.956808518524142 ], [ 2.353661032909119, 48.956005435870203 ], [ 2.353708978237034, 48.954015609936278 ], [ 2.351600603216509, 48.950407136467248 ], [ 2.350576536138844, 48.948659698222585 ], [ 2.348574544676183, 48.947492367261916 ], [ 2.348085239322639, 48.947207334467357 ], [ 2.346018961110688, 48.946384032508782 ], [ 2.342240183621811, 48.949164606392593 ], [ 2.337326294299181, 48.952697774533178 ], [ 2.33518657585071, 48.95409059330624 ], [ 2.33336293544644, 48.95531786600754 ], [ 2.334023806507689, 48.956174047684989 ], [ 2.334268490730846, 48.956047710035421 ], [ 2.335064397489604, 48.956811110837364 ], [ 2.335514937082128, 48.957139144247414 ], [ 2.335638070829391, 48.957120941900129 ], [ 2.336360759801015, 48.95773914508478 ], [ 2.336803790615078, 48.958443026084929 ], [ 2.33778060691913, 48.959697508091978 ] ] ] } },
{ "type": "Feature", "properties": { "insee_com": "94001", "nom_arrondissement": "Ablon-sur-Seine", "avg_circumference_cm": null, "tree_count": null, "pct_young_trees": null }, "geometry": { "type": "Polygon", "coordinates": [ [ [ 2.435010495891461, 48.724292470245295 ], [ 2.427797984110739, 48.723223740726866 ], [ 2.426319539960706, 48.722918924979901 ], [ 2.423316338280497, 48.722076056408866 ], [ 2.419929481690222, 48.720779721865959 ], [ 2.414441875505437, 48.717728956644713 ], [ 2.413216374743221, 48.718644878237576 ], [ 2.414851394743973, 48.719880661729178 ], [ 2.415822972668255, 48.720885613783722 ], [ 2.415034574067496, 48.721003177960355 ], [ 2.413353652193477, 48.721551687858025 ], [ 2.413409540431174, 48.722022376144636 ], [ 2.412980186892407, 48.721881749331104 ], [ 2.41233206177325, 48.721974800903318 ], [ 2.412064230062013, 48.721494073542551 ], [ 2.411447698466011, 48.721679020137756 ], [ 2.411502569765192, 48.721755744203065 ], [ 2.410711439729504, 48.721992893549107 ], [ 2.411079224747937, 48.722529883099675 ], [ 2.411195990096004, 48.72290463119748 ], [ 2.411192508317094, 48.723816657632092 ], [ 2.41089244629373, 48.726073696035122 ], [ 2.41087393169683, 48.726148258929328 ], [ 2.412867442846222, 48.726349665130989 ], [ 2.414275939849807, 48.726589542985089 ], [ 2.415515794032979, 48.726592922885686 ], [ 2.415368098295228, 48.72691330255028 ], [ 2.415389301456485, 48.727934279663295 ], [ 2.416332195472362, 48.727991961739065 ], [ 2.417181151182219, 48.727939445120775 ], [ 2.417233448664288, 48.728491960961563 ], [ 2.418708883035349, 48.72846587629229 ], [ 2.418716873499598, 48.728969605258719 ], [ 2.420199267951583, 48.728930044317813 ], [ 2.421106305500131, 48.729526282426235 ], [ 2.421429745400919, 48.729293994796137 ], [ 2.421547894799377, 48.729306260248336 ], [ 2.4215673863126, 48.729264980201457 ], [ 2.422776820484033, 48.729197080713334 ], [ 2.42271512938163, 48.728997105364854 ], [ 2.42330227392644, 48.728892010210828 ], [ 2.42327351641126, 48.728787535517647 ], [ 2.423724487833954, 48.728578343910264 ], [ 2.424364795371246, 48.729200252528301 ], [ 2.426027430156451, 48.728224265668601 ], [ 2.426669498127291, 48.728687868002623 ], [ 2.427256446547028, 48.728351594859618 ], [ 2.427611138009796, 48.728614135701378 ], [ 2.428808016715468, 48.727951581125623 ], [ 2.429189877189403, 48.727221258509573 ], [ 2.429759501561524, 48.72734810505812 ], [ 2.429931580714435, 48.727027824592007 ], [ 2.430941916520401, 48.727259306619104 ], [ 2.43138265885268, 48.726486983433105 ], [ 2.434106769897152, 48.726647439996142 ], [ 2.434456355996705, 48.725625526088614 ], [ 2.434562187372719, 48.725644915931881 ], [ 2.435010495891461, 48.724292470245295 ] ] ] } },
{ "type": "Feature", "properties": { "insee_com": "94002", "nom_arrondissement": "Alfortville", "avg_circumference_cm": null, "tree_count": null, "pct_young_trees": null }, "geometry": { "type": "Polygon", "coordinates": [ [ [ 2.42266871068176, 48.789537001379067 ], [ 2.42282832208581, 48.791104523669162 ], [ 2.422482796371728, 48.792683094513777 ], [ 2.421621636842388, 48.79447862033529 ], [ 2.420742366266136, 48.795693041309391 ], [ 2.418837218675184, 48.797339575742292 ], [ 2.41559128800459, 48.79980696989719 ], [ 2.411011915138286, 48.803740908045476 ], [ 2.410047567249916, 48.804737171383053 ], [ 2.409305344481781, 48.806074492254467 ], [ 2.408921119258657, 48.807538592347363 ], [ 2.409013500555885, 48.808518479452786 ], [ 2.409967876281193, 48.812503862964746 ], [ 2.410270296540199, 48.8145415527799 ], [ 2.410189996647098, 48.815259760912497 ], [ 2.409970193807332, 48.815909826801622 ], [ 2.409741509004468, 48.816261254479322 ], [ 2.40940041287323, 48.816557264347594 ], [ 2.41070145112728, 48.816397298808148 ], [ 2.413575837645488, 48.81620187602239 ], [ 2.415924536449185, 48.816248448204703 ], [ 2.416137575592829, 48.81595269394991 ], [ 2.41689602259823, 48.814866348424765 ], [ 2.41805393282095, 48.813492341901821 ], [ 2.419368165569918, 48.81226028488576 ], [ 2.421141400500661, 48.810891031515432 ], [ 2.422452253628496, 48.809705689961724 ], [ 2.423315937631205, 48.808564045367021 ], [ 2.424801655125338, 48.806329038220824 ], [ 2.425562744949443, 48.804479063815705 ], [ 2.426712165247769, 48.801729757853188 ], [ 2.427388014478521, 48.799943212773471 ], [ 2.428893900413105, 48.796324971208648 ], [ 2.43142727499641, 48.79008805353822 ], [ 2.432831619233327, 48.786618550881862 ], [ 2.433923605535037, 48.783948010773692 ], [ 2.433383206183484, 48.783829426519937 ], [ 2.432966362219943, 48.783738408270615 ], [ 2.430918865211125, 48.78253876408111 ], [ 2.430557228100056, 48.782378746104904 ], [ 2.430006727032707, 48.782314961787947 ], [ 2.430042836826984, 48.780379615614279 ], [ 2.428828315725373, 48.780183141823279 ], [ 2.428252512351765, 48.77609617992875 ], [ 2.416196719942258, 48.777095581293892 ], [ 2.414686070790019, 48.77722669888184 ], [ 2.417327837376364, 48.780729312840052 ], [ 2.419679873788259, 48.784126118366743 ], [ 2.422017034186211, 48.787910435479475 ], [ 2.42266871068176, 48.789537001379067 ] ] ] } },
{ "type": "Feature", "properties": { "insee_com": "94003", "nom_arrondissement": "Arcueil", "avg_circumference_cm": null, "tree_count": null, "pct_young_trees": null }, "geometry": { "type": "Polygon", "coordinates": [ [ [ 2.337555909130648, 48.798102115783031 ], [ 2.336388363385993, 48.798273720081696 ], [ 2.335012772092623, 48.798318239741064 ], [ 2.3337590135896, 48.798523515882479 ], [ 2.333282742482472, 48.799145043198777 ], [ 2.3328674817235, 48.799253352184657 ], [ 2.332919750081338, 48.799424529705448 ], [ 2.331547265925435, 48.79964890673584 ], [ 2.331489406636509, 48.799489389540533 ], [ 2.32814784682678, 48.799745869348094 ], [ 2.328033603513571, 48.79984236222446 ], [ 2.327402450328361, 48.800432415455269 ], [ 2.325176195258651, 48.801083623321816 ], [ 2.323942048304942, 48.801553330347559 ], [ 2.324025054137159, 48.801766957107716 ], [ 2.325601653601935, 48.805770080864725 ], [ 2.325982705362688, 48.806733682287422 ], [ 2.326357396525387, 48.808296241263626 ], [ 2.325248750258954, 48.808420400782268 ], [ 2.325004376961318, 48.808153700414323 ], [ 2.324759542623593, 48.807607285638298 ], [ 2.32478627716224, 48.807014736421365 ], [ 2.32453601007385, 48.806993535912525 ], [ 2.32434110498795, 48.8066929363331 ], [ 2.324442323609347, 48.805816599008978 ], [ 2.324275648650591, 48.805859727292543 ], [ 2.323994804403164, 48.805361673506134 ], [ 2.321739150073866, 48.805950591460572 ], [ 2.321027728277044, 48.805687527053422 ], [ 2.320411997239636, 48.806127429859814 ], [ 2.318392647903662, 48.806028691471369 ], [ 2.31833553487429, 48.806022969434103 ], [ 2.317860500313392, 48.80840455345561 ], [ 2.319077366036552, 48.810005214154522 ], [ 2.321885923102822, 48.809742366550282 ], [ 2.325557826171094, 48.809580561711009 ], [ 2.326519941498558, 48.810682343236813 ], [ 2.326526656768154, 48.810689576190413 ], [ 2.329063257287334, 48.813783346790586 ], [ 2.332055526079195, 48.813223593747367 ], [ 2.332151380414128, 48.813395012922975 ], [ 2.332794401596278, 48.813269091259329 ], [ 2.332651365566915, 48.812953507152379 ], [ 2.334136898678778, 48.812647903509649 ], [ 2.334621113101456, 48.813547288974796 ], [ 2.335095871776627, 48.813480677379964 ], [ 2.336349640783826, 48.813516423842522 ], [ 2.336657284590324, 48.813526225618183 ], [ 2.336820208181706, 48.813350849539383 ], [ 2.337144053020778, 48.813264505483808 ], [ 2.337349550194296, 48.813596619147731 ], [ 2.338414421119311, 48.813279636442658 ], [ 2.338294416120523, 48.813185436038346 ], [ 2.340256974203532, 48.812415613608493 ], [ 2.339061889078045, 48.810867460853139 ], [ 2.339114725576208, 48.810781411584813 ], [ 2.340683590487064, 48.810123626532921 ], [ 2.341977643562874, 48.80976650341384 ], [ 2.342296907140747, 48.809609068284615 ], [ 2.341967432048216, 48.808633215552163 ], [ 2.342250142073446, 48.808566417678421 ], [ 2.343419223604369, 48.80828953623903 ], [ 2.342609656419175, 48.806619413994923 ], [ 2.345029267731373, 48.805426610304742 ], [ 2.344350348349372, 48.804518998171119 ], [ 2.343869281656924, 48.803254508455488 ], [ 2.346371208940572, 48.802322951544802 ], [ 2.346187095456461, 48.80213037341349 ], [ 2.347534659868559, 48.8017213166518 ], [ 2.347478594657532, 48.801631970430833 ], [ 2.34781208130213, 48.801529460589528 ], [ 2.34606184335596, 48.799632064353595 ], [ 2.347727682828675, 48.799024180098669 ], [ 2.347401795184939, 48.798847018617089 ], [ 2.347655935582099, 48.798664928772141 ], [ 2.347026331295137, 48.798280145931649 ], [ 2.346744067491288, 48.798207551051014 ], [ 2.345245144717528, 48.797774832919877 ], [ 2.345992314463079, 48.79714214911349 ], [ 2.345226134605139, 48.796903210836142 ], [ 2.343810272656466, 48.79766353291874 ], [ 2.343534806885531, 48.797808622304288 ], [ 2.341033904924363, 48.798887629661422 ], [ 2.340001634899979, 48.797298091971854 ], [ 2.337555909130648, 48.798102115783031 ] ] ] } },
{ "type": "Feature", "properties": { "insee_com": "94004", "nom_arrondissement": "Boissy-Saint-Léger", "avg_circumference_cm": null, "tree_count": null, "pct_young_trees": null }, "geometry": { "type": "Polygon", "coordinates": [ [ [ 2.537237026268551, 48.754482151014628 ], [ 2.538946980499188, 48.755391779855721 ], [ 2.557299622982942, 48.754596885961398 ], [ 2.557268668158132, 48.753755816775488 ], [ 2.554965207014933, 48.753667206477367 ], [ 2.551173163712557, 48.749998675995229 ], [ 2.549133188134521, 48.752021879982415 ], [ 2.546450098626345, 48.751959552974959 ], [ 2.543719890489612, 48.749040426835698 ], [ 2.543467911340336, 48.748770536658341 ], [ 2.552632584148755, 48.746822899598946 ], [ 2.544597545977639, 48.736363665974508 ], [ 2.534424960515535, 48.729514806418791 ], [ 2.536522474325112, 48.728173813322179 ], [ 2.530815301490415, 48.727388790871736 ], [ 2.522450282407934, 48.732123534222204 ], [ 2.52039668631713, 48.734399866083102 ], [ 2.516929240284258, 48.738533169764452 ], [ 2.511800174118493, 48.744620329731603 ], [ 2.511783776969654, 48.744774064690496 ], [ 2.511902279463913, 48.745190983766669 ], [ 2.510438716791789, 48.747098070583448 ], [ 2.510172618873205, 48.746902703385253 ], [ 2.508324694710172, 48.745562158822487 ], [ 2.507515450161827, 48.745133394767471 ], [ 2.504535747206188, 48.743836684230651 ], [ 2.503096622718299, 48.745437980512136 ], [ 2.502644811489513, 48.746467741641645 ], [ 2.501591876250291, 48.746210612189792 ], [ 2.501458221358857, 48.747389201735913 ], [ 2.50147840830569, 48.747838998724824 ], [ 2.501587089681769, 48.747852044389006 ], [ 2.501133721676142, 48.748897081576594 ], [ 2.501554606511956, 48.748975290339587 ], [ 2.501071730189931, 48.750687575225946 ], [ 2.500945664600616, 48.750785085526047 ], [ 2.49921086734127, 48.752691793355375 ], [ 2.499020981988012, 48.752635232734434 ], [ 2.498370980440375, 48.753325058512239 ], [ 2.497489967166042, 48.754272042243315 ], [ 2.492990660287116, 48.759276278812003 ], [ 2.496866959704865, 48.760908022924525 ], [ 2.498580769306678, 48.76207367656589 ], [ 2.499597821915832, 48.762983651831895 ], [ 2.499758392521926, 48.76312193471567 ], [ 2.505468260066576, 48.761114836366389 ], [ 2.505958930671444, 48.761592657237493 ], [ 2.506778999315949, 48.761333417670706 ], [ 2.507348125557018, 48.761716218772811 ], [ 2.509247744546747, 48.761378664324198 ], [ 2.510531636291057, 48.761125801035405 ], [ 2.513798384928688, 48.760938574918519 ], [ 2.516693586906673, 48.761353263251451 ], [ 2.522866825456815, 48.757523193213267 ], [ 2.526494874430845, 48.756166022940917 ], [ 2.532933811475282, 48.755175937804431 ], [ 2.537237026268551, 48.754482151014628 ] ] ] } },
{ "type": "Feature", "properties": { "insee_com": "94011", "nom_arrondissement": "Bonneuil-sur-Marne", "avg_circumference_cm": null, "tree_count": null, "pct_young_trees": null }, "geometry": { "type": "Polygon", "coordinates": [ [ [ 2.477367591766772, 48.766124538072788 ], [ 2.474803173963053, 48.76934757427707 ], [ 2.474011633994396, 48.770257892163698 ], [ 2.473484066027853, 48.770086478956799 ], [ 2.472023851400563, 48.771454331606549 ], [ 2.472337420802305, 48.771528569211597 ], [ 2.47212545457385, 48.771767774887849 ], [ 2.472324768473478, 48.771837909928543 ], [ 2.471565461316118, 48.772916541630671 ], [ 2.472071189828538, 48.773096860353789 ], [ 2.47300224680364, 48.773739550451296 ], [ 2.474600785139236, 48.774584838433199 ], [ 2.473632656544071, 48.775590609671731 ], [ 2.472759319334963, 48.776504152007249 ], [ 2.474960538247675, 48.777645296616129 ], [ 2.473349724468028, 48.779085346920219 ], [ 2.47259547258222, 48.77992476001593 ], [ 2.47338683424218, 48.780262828188981 ], [ 2.473305590302432, 48.780356907270352 ], [ 2.475366192171021, 48.781423668979635 ], [ 2.476159787073845, 48.780594305511187 ], [ 2.476906858519303, 48.781009504328814 ], [ 2.475897911970643, 48.782684263535224 ], [ 2.475090895251731, 48.783085450837284 ], [ 2.474858574367043, 48.783450485578754 ], [ 2.474472161228196, 48.783709612452895 ], [ 2.474453997700168, 48.784296840027238 ], [ 2.473875242032965, 48.785948286080711 ], [ 2.473478370274873, 48.786567122051245 ], [ 2.472960757723515, 48.787010941012454 ], [ 2.472679754525818, 48.787206669154649 ], [ 2.472913862905754, 48.787206802616829 ], [ 2.474625537296417, 48.787671233625645 ], [ 2.478800244068473, 48.786019336041058 ], [ 2.4840901401092, 48.784702190494109 ], [ 2.486347588394287, 48.784201058052872 ], [ 2.486757584036091, 48.784167743299278 ], [ 2.490889517344029, 48.784041516180373 ], [ 2.493202925874769, 48.784074734949947 ], [ 2.495356369307265, 48.784323988148358 ], [ 2.498243921775535, 48.78466352875391 ], [ 2.499481964116089, 48.784715489666205 ], [ 2.500391331601235, 48.784695011635684 ], [ 2.507066808145008, 48.78416061383021 ], [ 2.510230176858178, 48.784122356343175 ], [ 2.511429754286124, 48.78435751260043 ], [ 2.512445147835886, 48.784787074175163 ], [ 2.512179897316771, 48.783897388490288 ], [ 2.512448300645947, 48.783867005097179 ], [ 2.512730338037207, 48.783688276318138 ], [ 2.513559877818239, 48.783906611970281 ], [ 2.51393620674343, 48.783832594147675 ], [ 2.514304164380258, 48.783926728180901 ], [ 2.514453061517325, 48.783867973184968 ], [ 2.514426612287257, 48.783785121263698 ], [ 2.514067909958245, 48.78357410371698 ], [ 2.513650010288518, 48.782997689062405 ], [ 2.51206226957935, 48.781921832432502 ], [ 2.511237776947053, 48.781604572711373 ], [ 2.510242651041976, 48.781343269965681 ], [ 2.509272428571043, 48.781039789379619 ], [ 2.508322701763037, 48.780584386697136 ], [ 2.507734999515592, 48.780561280604303 ], [ 2.507429409159343, 48.780207456640817 ], [ 2.506323682665326, 48.779989735314253 ], [ 2.506159020691871, 48.779701246891527 ], [ 2.505655334076277, 48.77928633927835 ], [ 2.504018714409612, 48.77851416645116 ], [ 2.502935544031384, 48.778648172716096 ], [ 2.502340601594351, 48.778530572713137 ], [ 2.502434055240416, 48.777007375431538 ], [ 2.50192423038973, 48.776813678353427 ], [ 2.500290801212076, 48.776432705876879 ], [ 2.497984847004992, 48.775659445026989 ], [ 2.49744369394103, 48.773069582346643 ], [ 2.497896256009842, 48.772703628324614 ], [ 2.497551531201211, 48.769076667366626 ], [ 2.495454693840282, 48.769228823360606 ], [ 2.495217968665409, 48.76781934795639 ], [ 2.494113812966499, 48.767892925494813 ], [ 2.493947222636248, 48.766691506737573 ], [ 2.494699980529812, 48.764264482465997 ], [ 2.49687764765009, 48.764598363236324 ], [ 2.499597821915832, 48.762983651831895 ], [ 2.498580769306678, 48.76207367656589 ], [ 2.496866959704865, 48.760908022924525 ], [ 2.492990660287116, 48.759276278812003 ], [ 2.491951838756419, 48.759084785474421 ], [ 2.490543697271411, 48.758961862723936 ], [ 2.489159817830084, 48.758584491917226 ], [ 2.485953558493757, 48.757607457360976 ], [ 2.483456295663774, 48.756476905088363 ], [ 2.483409353285254, 48.756546856780872 ], [ 2.479547843113735, 48.760465046553875 ], [ 2.476722528840238, 48.759490324393035 ], [ 2.476312299621723, 48.759972413062933 ], [ 2.473872721689864, 48.761091359161568 ], [ 2.473997376548601, 48.761141376153084 ], [ 2.473504398181475, 48.761731020169044 ], [ 2.477152286643869, 48.762762485513157 ], [ 2.475818024552647, 48.763946563278282 ], [ 2.474840011795197, 48.765280595293802 ], [ 2.474901724924654, 48.76536721031168 ], [ 2.476012449674758, 48.765721060453274 ], [ 2.477367591766772, 48.766124538072788 ] ] ] } },
{ "type": "Feature", "properties": { "insee_com": "94015", "nom_arrondissement": "Bry-sur-Marne", "avg_circumference_cm": null, "tree_count": null, "pct_young_trees": null }, "geometry": { "type": "Polygon", "coordinates": [ [ [ 2.515604510152036, 48.828579839460531 ], [ 2.510492804662082, 48.82765067163777 ], [ 2.510183279637479, 48.827829276614359 ], [ 2.5089060263871, 48.828070463607659 ], [ 2.507704245075026, 48.828540385366274 ], [ 2.507478211462258, 48.828675258226347 ], [ 2.507811617689245, 48.828998601949195 ], [ 2.507453437714672, 48.82913472952837 ], [ 2.505074291799467, 48.829644737991622 ], [ 2.504449157406432, 48.830062150604604 ], [ 2.503918613650951, 48.830702094045726 ], [ 2.505725068936504, 48.830257195373939 ], [ 2.506929644118975, 48.830218098885588 ], [ 2.508297528494612, 48.830051053350864 ], [ 2.510304090749373, 48.829469305954582 ], [ 2.511092695415437, 48.829335829584963 ], [ 2.511746138319793, 48.829379869597616 ], [ 2.513150223570996, 48.829854159921737 ], [ 2.514115165629912, 48.830239412369423 ], [ 2.515794491823746, 48.831150977845049 ], [ 2.516566775538938, 48.831750376302587 ], [ 2.517656354547166, 48.83413087595347 ], [ 2.517671660288868, 48.834832434985046 ], [ 2.517045706179289, 48.836224808380123 ], [ 2.516532672873688, 48.836896351950521 ], [ 2.516256437910632, 48.837154248964865 ], [ 2.514031490694133, 48.838630961521325 ], [ 2.513270260402962, 48.839320367727147 ], [ 2.512049653551953, 48.842505392048707 ], [ 2.511455047087966, 48.844307058903112 ], [ 2.511301387691579, 48.845145522734413 ], [ 2.511377616854992, 48.846897761417253 ], [ 2.511704515450061, 48.847930645380544 ], [ 2.512110564942973, 48.848661670521679 ], [ 2.512682164977509, 48.849323219338544 ], [ 2.513513330623282, 48.850063164174216 ], [ 2.514541101701041, 48.850766128118593 ], [ 2.51559236774801, 48.851290208732195 ], [ 2.519028619988137, 48.847965709123244 ], [ 2.519949354664744, 48.848309359176156 ], [ 2.520237899051844, 48.848198997883621 ], [ 2.523033076562835, 48.848910762588616 ], [ 2.523176800936826, 48.848691895623993 ], [ 2.52356418706424, 48.848799561413294 ], [ 2.523581397938536, 48.849003780921656 ], [ 2.524656662253776, 48.849143858565377 ], [ 2.526196326133836, 48.847067984389113 ], [ 2.528762376880615, 48.843584159731442 ], [ 2.534548628258435, 48.845327261754242 ], [ 2.535509062016712, 48.843669002671241 ], [ 2.535603844454662, 48.842971477225241 ], [ 2.536046261823976, 48.842558594592894 ], [ 2.537004669418216, 48.841884199331787 ], [ 2.537560294800063, 48.841455560601787 ], [ 2.537442991725857, 48.841162818764666 ], [ 2.537497356573966, 48.841024529240869 ], [ 2.537906484664514, 48.840828253560439 ], [ 2.539152521540934, 48.839976879783137 ], [ 2.539510995129895, 48.839806484472476 ], [ 2.540219280638183, 48.839828994620298 ], [ 2.540806525929897, 48.8393626890402 ], [ 2.539971420925974, 48.839044707822218 ], [ 2.539387903660833, 48.838934540304813 ], [ 2.537909317790026, 48.838818217589825 ], [ 2.536666525236589, 48.838539108245321 ], [ 2.5356988751135, 48.838269148310211 ], [ 2.536486531173311, 48.837330581905618 ], [ 2.533538509257622, 48.835631036758727 ], [ 2.535236503812207, 48.834353369098373 ], [ 2.533820270044732, 48.832612102114169 ], [ 2.533309512862978, 48.831840261308344 ], [ 2.5336278099072, 48.831740774933699 ], [ 2.531899793693525, 48.829236507860188 ], [ 2.528329277680321, 48.828958068093435 ], [ 2.526486860088772, 48.828889631253922 ], [ 2.525458231454852, 48.827263108549893 ], [ 2.524983344168337, 48.82720816097126 ], [ 2.523951029939744, 48.827784143853933 ], [ 2.521544601699516, 48.828916728170242 ], [ 2.520460194636617, 48.829668746336367 ], [ 2.520194723173222, 48.829651493145029 ], [ 2.518685227964969, 48.828784740597953 ], [ 2.518282758216079, 48.82899986593452 ], [ 2.517722274158706, 48.829361847787347 ], [ 2.515604510152036, 48.828579839460531 ] ] ] } },
{ "type": "Feature", "properties": { "insee_com": "94016", "nom_arrondissement": "Cachan", "avg_circumference_cm": null, "tree_count": null, "pct_young_trees": null }, "geometry": { "type": "Polygon", "coordinates": [ [ [ 2.326446934221254, 48.781224710823459 ], [ 2.325814779843311, 48.781908297517631 ], [ 2.324444038799042, 48.782241432854889 ], [ 2.324836843076726, 48.783228510163852 ], [ 2.324372931158676, 48.783318527371769 ], [ 2.32490562843942, 48.784434110842433 ], [ 2.324736288622472, 48.784478124548016 ], [ 2.325119460401384, 48.786316885991553 ], [ 2.322083238225995, 48.787020126633436 ], [ 2.318696264868557, 48.787997409559431 ], [ 2.319784738085083, 48.790850236893412 ], [ 2.320715877503889, 48.793249751728773 ], [ 2.321062257462478, 48.794143929321898 ], [ 2.32181111980559, 48.796122371496701 ], [ 2.322757035728178, 48.798551622282545 ], [ 2.323942048304942, 48.801553330347559 ], [ 2.325176195258651, 48.801083623321816 ], [ 2.327402450328361, 48.800432415455269 ], [ 2.328033603513571, 48.79984236222446 ], [ 2.32814784682678, 48.799745869348094 ], [ 2.331489406636509, 48.799489389540533 ], [ 2.331547265925435, 48.79964890673584 ], [ 2.332919750081338, 48.799424529705448 ], [ 2.3328674817235, 48.799253352184657 ], [ 2.333282742482472, 48.799145043198777 ], [ 2.3337590135896, 48.798523515882479 ], [ 2.335012772092623, 48.798318239741064 ], [ 2.336388363385993, 48.798273720081696 ], [ 2.337555909130648, 48.798102115783031 ], [ 2.340001634899979, 48.797298091971854 ], [ 2.341033904924363, 48.798887629661422 ], [ 2.343534806885531, 48.797808622304288 ], [ 2.343810272656466, 48.79766353291874 ], [ 2.344255298801599, 48.797025602993195 ], [ 2.344727307771652, 48.79608112356938 ], [ 2.344954966596628, 48.795080439113129 ], [ 2.344955510931058, 48.794278175999402 ], [ 2.344222790281675, 48.790731408331183 ], [ 2.343627890169929, 48.791060022620726 ], [ 2.343289574831998, 48.789387968617589 ], [ 2.343070225790638, 48.788322765406399 ], [ 2.342411930577648, 48.787095051453576 ], [ 2.341331674955308, 48.78447002332156 ], [ 2.340907216252917, 48.783916344374035 ], [ 2.339511873779883, 48.784261208365017 ], [ 2.339136856625589, 48.783781547873048 ], [ 2.339181203842858, 48.783718834396986 ], [ 2.338588196421255, 48.782720804613561 ], [ 2.337878687016172, 48.782861680239442 ], [ 2.337840464547201, 48.782763432569787 ], [ 2.335495927695622, 48.78336741292545 ], [ 2.335849453931102, 48.783821782263693 ], [ 2.334707136089573, 48.784174292344048 ], [ 2.334409417541103, 48.784253581281511 ], [ 2.334375263371846, 48.784370314411824 ], [ 2.333656681618599, 48.78436630930176 ], [ 2.329434296606971, 48.784504581960761 ], [ 2.329276475468525, 48.784393968022833 ], [ 2.328384347001922, 48.784443820991662 ], [ 2.327636662548874, 48.782050777421162 ], [ 2.326711420636693, 48.782032975454378 ], [ 2.326446934221254, 48.781224710823459 ] ] ] } },
{ "type": "Feature", "properties": { "insee_com": "94017", "nom_arrondissement": "Champigny-sur-Marne", "avg_circumference_cm": null, "tree_count": null, "pct_young_trees": null }, "geometry": { "type": "Polygon", "coordinates": [ [ [ 2.508745963640168, 48.810218242059904 ], [ 2.506452788823525, 48.810369785337507 ], [ 2.503282138578976, 48.810576101554304 ], [ 2.497876400307328, 48.810408719944149 ], [ 2.497233371743589, 48.810440193762886 ], [ 2.495620494287687, 48.810644753474037 ], [ 2.491158365303515, 48.811461365413855 ], [ 2.487661849985321, 48.812250474547824 ], [ 2.486181785377173, 48.812510337965008 ], [ 2.484083026197168, 48.812676677950193 ], [ 2.480095974553667, 48.813476039281227 ], [ 2.481187875059348, 48.814870315908991 ], [ 2.481956972155968, 48.81600056555515 ], [ 2.482210310343508, 48.817643017250234 ], [ 2.482522456924935, 48.819948556133909 ], [ 2.482528730905531, 48.820002545466515 ], [ 2.481705866520145, 48.820026862075352 ], [ 2.48173806048718, 48.820076466947498 ], [ 2.478716733470886, 48.823532198107728 ], [ 2.479095541691956, 48.825016004792836 ], [ 2.478445049117938, 48.824957408874255 ], [ 2.47820999377437, 48.826123759987098 ], [ 2.478007426543801, 48.827173333931079 ], [ 2.477314503322458, 48.827132534166935 ], [ 2.477289175382193, 48.827484974236668 ], [ 2.475687667276083, 48.830561879296773 ], [ 2.4776050534485, 48.830897637072013 ], [ 2.482951125742583, 48.831520741781119 ], [ 2.484779732380327, 48.831474671359295 ], [ 2.48700010236758, 48.831070509861398 ], [ 2.487719709475286, 48.831035821128708 ], [ 2.493203934725757, 48.831053789418803 ], [ 2.497647187109003, 48.830811720256001 ], [ 2.498872914148445, 48.830699945544112 ], [ 2.501049931110265, 48.830255770039237 ], [ 2.505074291799467, 48.829644737991622 ], [ 2.507453437714672, 48.82913472952837 ], [ 2.507811617689245, 48.828998601949195 ], [ 2.507478211462258, 48.828675258226347 ], [ 2.507704245075026, 48.828540385366274 ], [ 2.5089060263871, 48.828070463607659 ], [ 2.510183279637479, 48.827829276614359 ], [ 2.510492804662082, 48.82765067163777 ], [ 2.515604510152036, 48.828579839460531 ], [ 2.517722274158706, 48.829361847787347 ], [ 2.518282758216079, 48.82899986593452 ], [ 2.518685227964969, 48.828784740597953 ], [ 2.520194723173222, 48.829651493145029 ], [ 2.520460194636617, 48.829668746336367 ], [ 2.521544601699516, 48.828916728170242 ], [ 2.523951029939744, 48.827784143853933 ], [ 2.524983344168337, 48.82720816097126 ], [ 2.524115347216975, 48.827093189410661 ], [ 2.524072376675571, 48.825234937023097 ], [ 2.524233351890579, 48.825207697316223 ], [ 2.524238767736676, 48.824912727919838 ], [ 2.524334692548058, 48.824849254749431 ], [ 2.525476688242247, 48.824786339463621 ], [ 2.525695337493107, 48.824258381449582 ], [ 2.525930286446651, 48.824034472272054 ], [ 2.525838376561964, 48.823507080836634 ], [ 2.525750619923965, 48.822972510633456 ], [ 2.524971990404744, 48.821427908756789 ], [ 2.525653063692057, 48.821269625967787 ], [ 2.525625600315611, 48.821144505200898 ], [ 2.526626207087734, 48.821044144081299 ], [ 2.526973311396163, 48.821216397125866 ], [ 2.528823410693643, 48.821309141139643 ], [ 2.528892921501755, 48.82115292543854 ], [ 2.529571593789259, 48.821259024326217 ], [ 2.532026282969099, 48.820001449847815 ], [ 2.532791084997667, 48.819310129719192 ], [ 2.533304764622056, 48.818371397842434 ], [ 2.53448465140358, 48.818318437694991 ], [ 2.534764019183803, 48.817077498067611 ], [ 2.536911635705548, 48.817544512748569 ], [ 2.53903499993771, 48.817986212735214 ], [ 2.540282485248779, 48.818296800310549 ], [ 2.541449915070037, 48.818884972002898 ], [ 2.542635518094405, 48.81895696527851 ], [ 2.543573183388, 48.819503765221242 ], [ 2.544464503187297, 48.819745496049705 ], [ 2.544910562571959, 48.819820942508059 ], [ 2.547148724379886, 48.81992207439211 ], [ 2.548244474685128, 48.819836282647664 ], [ 2.54860074085594, 48.819744094112558 ], [ 2.549258672767783, 48.819100831615962 ], [ 2.549690034777043, 48.818828150323441 ], [ 2.550157270502708, 48.818659029489204 ], [ 2.553367134853582, 48.818519968784635 ], [ 2.554463427710381, 48.818206582518705 ], [ 2.555791019590947, 48.818877052575985 ], [ 2.555961752123666, 48.818819227963445 ], [ 2.556243774871311, 48.81896687150283 ], [ 2.556849375937108, 48.819020381286208 ], [ 2.557366342999972, 48.818765976975158 ], [ 2.560755460222575, 48.81674680687054 ], [ 2.562249244705953, 48.815957244614957 ], [ 2.565481081856963, 48.813974235056037 ], [ 2.565086548317922, 48.81360136117663 ], [ 2.56481408592297, 48.812798132208549 ], [ 2.564220243864044, 48.812322900560737 ], [ 2.562852859609563, 48.811695544287971 ], [ 2.562057048318927, 48.811599996606063 ], [ 2.561313317005534, 48.810817515052783 ], [ 2.558460533320586, 48.807761736202814 ], [ 2.558492071801771, 48.807574782840902 ], [ 2.557903784124099, 48.807582501835789 ], [ 2.556111855028838, 48.807905931984891 ], [ 2.554371412495004, 48.808097319203014 ], [ 2.554212151861672, 48.808091329183839 ], [ 2.553787050461664, 48.807486262971537 ], [ 2.553917931212041, 48.80714858649003 ], [ 2.554184394961596, 48.80640040093374 ], [ 2.554012258896107, 48.804875316275584 ], [ 2.552606176072196, 48.804034540650534 ], [ 2.55229531349389, 48.803926350841849 ], [ 2.551105996055955, 48.803216778197445 ], [ 2.551024741459465, 48.803166107847396 ], [ 2.548012335818135, 48.803723162319237 ], [ 2.547246507287136, 48.803955001797043 ], [ 2.546319296421033, 48.804425458431822 ], [ 2.546178365537373, 48.80450496808151 ], [ 2.545490011469537, 48.804906173265607 ], [ 2.545128416841688, 48.805464210418556 ], [ 2.544877017021624, 48.80556398374182 ], [ 2.544376947814382, 48.805918231972058 ], [ 2.54353241603566, 48.806269364452469 ], [ 2.543288040956449, 48.805721610113338 ], [ 2.5408022613119, 48.805978302778591 ], [ 2.539607405303888, 48.806062745283434 ], [ 2.535924771062893, 48.80585783764603 ], [ 2.535324235874746, 48.806324979584744 ], [ 2.534713801766382, 48.80606898088741 ], [ 2.533611336963227, 48.805869519878321 ], [ 2.533324559829278, 48.805811739904243 ], [ 2.533075303298402, 48.805973553871205 ], [ 2.53016236514543, 48.80602959386291 ], [ 2.528896284405719, 48.806158618289594 ], [ 2.528813169502499, 48.805260711705117 ], [ 2.527106566147761, 48.805172129227749 ], [ 2.527034314804615, 48.805632324984657 ], [ 2.526795750182759, 48.806114346722659 ], [ 2.526101144189392, 48.806885059614935 ], [ 2.525733955832301, 48.807135428974291 ], [ 2.52503842794665, 48.806807992491642 ], [ 2.525848856886564, 48.805879454633782 ], [ 2.525995484509119, 48.805626411557277 ], [ 2.526037206503872, 48.805080654397813 ], [ 2.526203030961572, 48.804812397576043 ], [ 2.525293058232885, 48.804712553868647 ], [ 2.524935924450259, 48.804607706529055 ], [ 2.524812291331208, 48.804727731895206 ], [ 2.524243018325008, 48.804594158253337 ], [ 2.522327098099814, 48.804171903775639 ], [ 2.522234611852132, 48.804458436166804 ], [ 2.520462497891176, 48.806464149460886 ], [ 2.520009610979164, 48.807146758151212 ], [ 2.519276107394579, 48.807693330143152 ], [ 2.518272618565269, 48.808279281742251 ], [ 2.516357638050971, 48.808920899490658 ], [ 2.51459898576945, 48.80929330848663 ], [ 2.513058378243649, 48.809498396641729 ], [ 2.511066303257557, 48.80963686434891 ], [ 2.509852185700405, 48.809872925443543 ], [ 2.508745963640168, 48.810218242059904 ] ] ] } },
{ "type": "Feature", "properties": { "insee_com": "94018", "nom_arrondissement": "Charenton-le-Pont", "avg_circumference_cm": null, "tree_count": null, "pct_young_trees": null }, "geometry": { "type": "Polygon", "coordinates": [ [ [ 2.40940041287323, 48.816557264347594 ], [ 2.409007350105887, 48.816871903274802 ], [ 2.408122262509268, 48.817339698621211 ], [ 2.405411222150176, 48.818132090254601 ], [ 2.400187539123583, 48.819852590529266 ], [ 2.397956491543014, 48.820691288814146 ], [ 2.395523780751688, 48.822001097985229 ], [ 2.390072014511326, 48.825692326811193 ], [ 2.390951448461554, 48.826084438411065 ], [ 2.394339872457587, 48.827538842574192 ], [ 2.39570666297783, 48.827727429555608 ], [ 2.399336932813713, 48.828665773239649 ], [ 2.401026650227233, 48.829206674351227 ], [ 2.401508451268692, 48.829361979067485 ], [ 2.402237349716065, 48.829589567197672 ], [ 2.403814047852145, 48.829059614967122 ], [ 2.40514539528833, 48.828301780734961 ], [ 2.407706677790518, 48.826350269357583 ], [ 2.409175132460023, 48.825502231564357 ], [ 2.409955145964196, 48.825183208437146 ], [ 2.410907282795905, 48.824939676030404 ], [ 2.411931955241783, 48.824785530531969 ], [ 2.413110929286841, 48.824717573915301 ], [ 2.415976094429698, 48.824777468846776 ], [ 2.41787247039753, 48.82450251391699 ], [ 2.418914650479385, 48.82424136871397 ], [ 2.419962519541093, 48.824080072237699 ], [ 2.419791748408064, 48.821310975311341 ], [ 2.41977456029551, 48.820774865125188 ], [ 2.419637337658668, 48.818541950643095 ], [ 2.419708939715166, 48.817615041319357 ], [ 2.419759482527856, 48.816867005071188 ], [ 2.418153282303646, 48.81667122976333 ], [ 2.415924536449185, 48.816248448204703 ], [ 2.413575837645488, 48.81620187602239 ], [ 2.41070145112728, 48.816397298808148 ], [ 2.40940041287323, 48.816557264347594 ] ] ] } },
{ "type": "Feature", "properties": { "insee_com": "94019", "nom_arrondissement": "Chennevières-sur-Marne", "avg_circumference_cm": null, "tree_count": null, "pct_young_trees": null }, "geometry": { "type": "Polygon", "coordinates": [ [ [ 2.525738535286835, 48.783571529006025 ], [ 2.525478429624942, 48.783588484242976 ], [ 2.524888746805698, 48.783927911244646 ], [ 2.522385564837237, 48.782025602225687 ], [ 2.519885722924951, 48.783478002258796 ], [ 2.520134475361654, 48.783659780090474 ], [ 2.518982323704703, 48.784183092756116 ], [ 2.518109009083141, 48.784722808724432 ], [ 2.518632398920522, 48.785083776931451 ], [ 2.517932114477121, 48.785455102004235 ], [ 2.518142919156397, 48.785619642063878 ], [ 2.516998041842942, 48.786379504904886 ], [ 2.518426652716816, 48.78717313956318 ], [ 2.519625811425152, 48.788056672888885 ], [ 2.520772211501702, 48.789353701835083 ], [ 2.521590469479319, 48.790667392689997 ], [ 2.522673166251736, 48.792689951729002 ], [ 2.523016786447382, 48.79426345366246 ], [ 2.523478507315061, 48.795726798797283 ], [ 2.523543313608158, 48.796381810021551 ], [ 2.523388212149426, 48.797563882984576 ], [ 2.52313519885012, 48.79813758041076 ], [ 2.523069169805143, 48.798658959652755 ], [ 2.523213556598451, 48.79894823785127 ], [ 2.523234983649362, 48.799433990316913 ], [ 2.523089417186741, 48.799720312777943 ], [ 2.52286289706856, 48.802307829862613 ], [ 2.522327098099814, 48.804171903775639 ], [ 2.524243018325008, 48.804594158253337 ], [ 2.524812291331208, 48.804727731895206 ], [ 2.524935924450259, 48.804607706529055 ], [ 2.525293058232885, 48.804712553868647 ], [ 2.526203030961572, 48.804812397576043 ], [ 2.526037206503872, 48.805080654397813 ], [ 2.525995484509119, 48.805626411557277 ], [ 2.525848856886564, 48.805879454633782 ], [ 2.52503842794665, 48.806807992491642 ], [ 2.525733955832301, 48.807135428974291 ], [ 2.526101144189392, 48.806885059614935 ], [ 2.526795750182759, 48.806114346722659 ], [ 2.527034314804615, 48.805632324984657 ], [ 2.527106566147761, 48.805172129227749 ], [ 2.528813169502499, 48.805260711705117 ], [ 2.528896284405719, 48.806158618289594 ], [ 2.53016236514543, 48.80602959386291 ], [ 2.533075303298402, 48.805973553871205 ], [ 2.533324559829278, 48.805811739904243 ], [ 2.533611336963227, 48.805869519878321 ], [ 2.534713801766382, 48.80606898088741 ], [ 2.535324235874746, 48.806324979584744 ], [ 2.535924771062893, 48.80585783764603 ], [ 2.539607405303888, 48.806062745283434 ], [ 2.5408022613119, 48.805978302778591 ], [ 2.543288040956449, 48.805721610113338 ], [ 2.54353241603566, 48.806269364452469 ], [ 2.544376947814382, 48.805918231972058 ], [ 2.544877017021624, 48.80556398374182 ], [ 2.545128416841688, 48.805464210418556 ], [ 2.545490011469537, 48.804906173265607 ], [ 2.546178365537373, 48.80450496808151 ], [ 2.546319296421033, 48.804425458431822 ], [ 2.547246507287136, 48.803955001797043 ], [ 2.548012335818135, 48.803723162319237 ], [ 2.551024741459465, 48.803166107847396 ], [ 2.551105996055955, 48.803216778197445 ], [ 2.55229531349389, 48.803926350841849 ], [ 2.552606176072196, 48.804034540650534 ], [ 2.554012258896107, 48.804875316275584 ], [ 2.554184394961596, 48.80640040093374 ], [ 2.553917931212041, 48.80714858649003 ], [ 2.553787050461664, 48.807486262971537 ], [ 2.554212151861672, 48.808091329183839 ], [ 2.554371412495004, 48.808097319203014 ], [ 2.556111855028838, 48.807905931984891 ], [ 2.557903784124099, 48.807582501835789 ], [ 2.558492071801771, 48.807574782840902 ], [ 2.558949052741452, 48.806670799420552 ], [ 2.558824283752001, 48.806611879646724 ], [ 2.559012345601691, 48.80643179914216 ], [ 2.559271164995166, 48.805773511431802 ], [ 2.559434008226007, 48.805676979117514 ], [ 2.559758049882264, 48.805033320328057 ], [ 2.55770723945705, 48.804747842632977 ], [ 2.55809248722127, 48.803631341762383 ], [ 2.566462640956687, 48.805163950423243 ], [ 2.569195403397833, 48.803172717752567 ], [ 2.570965881021138, 48.802116920665448 ], [ 2.571236389633197, 48.799518686275562 ], [ 2.5715370969436, 48.798875808393895 ], [ 2.567440688998358, 48.797229575975898 ], [ 2.565518477068014, 48.796573249748505 ], [ 2.561621205501125, 48.794924838804818 ], [ 2.55586173381263, 48.792346621256904 ], [ 2.555396659117126, 48.791972545849532 ], [ 2.554433915357081, 48.792652494191046 ], [ 2.555750029613207, 48.794434579811288 ], [ 2.554069261122838, 48.794704431522149 ], [ 2.553548461368611, 48.795273596434789 ], [ 2.553506198348485, 48.795599015665331 ], [ 2.553420484536869, 48.795593299117854 ], [ 2.553374938817391, 48.796461034317367 ], [ 2.553315240062581, 48.798027536166522 ], [ 2.553420852887868, 48.798253675739119 ], [ 2.547378488751838, 48.79753212628173 ], [ 2.548176399114249, 48.797043182674848 ], [ 2.547562305149718, 48.796900555812471 ], [ 2.547740255544522, 48.796474022062036 ], [ 2.54675858519477, 48.793670517841164 ], [ 2.545936690016686, 48.790663444227413 ], [ 2.544427910505959, 48.790730552519662 ], [ 2.541146770089972, 48.791272022636598 ], [ 2.539495481901832, 48.791289055089607 ], [ 2.539026717435655, 48.791192812040471 ], [ 2.533023659113193, 48.792123756896387 ], [ 2.532657711917426, 48.792098942309678 ], [ 2.532600977594976, 48.792050153464622 ], [ 2.531962973074136, 48.790487216583948 ], [ 2.53055068372869, 48.786787877433341 ], [ 2.528753461446927, 48.785948864745585 ], [ 2.525738535286835, 48.783571529006025 ] ] ] } },
{ "type": "Feature", "properties": { "insee_com": "94021", "nom_arrondissement": "Chevilly-Larue", "avg_circumference_cm": null, "tree_count": null, "pct_young_trees": null }, "geometry": { "type": "Polygon", "coordinates": [ [ [ 2.365426265948443, 48.757164556292686 ], [ 2.364328162229775, 48.757078667114108 ], [ 2.364308308454571, 48.757145119195918 ], [ 2.36198870096437, 48.756942070331071 ], [ 2.361897387824468, 48.758736842484154 ], [ 2.360103851366268, 48.760558480749978 ], [ 2.358571855430216, 48.759907172198055 ], [ 2.35812949911557, 48.760368000717449 ], [ 2.355484015794443, 48.759223172611129 ], [ 2.354249647893761, 48.760473005678115 ], [ 2.350965525964485, 48.759055693111605 ], [ 2.350512294421437, 48.75951103840994 ], [ 2.348102137078079, 48.758493244518469 ], [ 2.34616531341681, 48.760420926183883 ], [ 2.345568570045082, 48.759731393721481 ], [ 2.344926257515153, 48.758771778949331 ], [ 2.344661201315327, 48.757345627181266 ], [ 2.343932739524149, 48.756317175228126 ], [ 2.3416341868116, 48.757365854727119 ], [ 2.34280106954435, 48.758469587198505 ], [ 2.340828822614265, 48.75920074752031 ], [ 2.340739974440486, 48.759126503854397 ], [ 2.340482932709353, 48.759228519099963 ], [ 2.340119563469201, 48.758917108016661 ], [ 2.337856444537684, 48.759731158154388 ], [ 2.337030969210523, 48.760029686458431 ], [ 2.335249878394686, 48.761122486400069 ], [ 2.336171206672756, 48.761526057714299 ], [ 2.336632825251811, 48.761813741314384 ], [ 2.338208590229381, 48.763073586724964 ], [ 2.334548541136491, 48.764379905243651 ], [ 2.333642661680402, 48.764681559152116 ], [ 2.333412387618286, 48.764388860116988 ], [ 2.332698702473427, 48.764661898294143 ], [ 2.333031374765056, 48.764926388858356 ], [ 2.333584930523925, 48.765686795084747 ], [ 2.335178157512432, 48.768997458856447 ], [ 2.335875682843237, 48.770211961118314 ], [ 2.334675337411196, 48.770656791217647 ], [ 2.334600852598565, 48.770522362545357 ], [ 2.333774321026778, 48.770782185585823 ], [ 2.3358582656711, 48.773505541519896 ], [ 2.337191671147176, 48.773302483000585 ], [ 2.337291105654081, 48.773509001594903 ], [ 2.337876349601386, 48.773392624048554 ], [ 2.338159685231491, 48.774012994147618 ], [ 2.338396873466186, 48.774195091040838 ], [ 2.338854210379682, 48.77440089143613 ], [ 2.339588151408273, 48.774255647597386 ], [ 2.343446201174922, 48.773480028677206 ], [ 2.342766234879681, 48.77225847655393 ], [ 2.345701739167498, 48.771791602701178 ], [ 2.346317980313349, 48.771696040256685 ], [ 2.349772889203058, 48.771145563316047 ], [ 2.350082446893884, 48.771418872566755 ], [ 2.351121367781127, 48.773113628430359 ], [ 2.351840628964724, 48.773927008827663 ], [ 2.353548539452516, 48.773146574614145 ], [ 2.353706136889292, 48.773496401314631 ], [ 2.354737054197526, 48.774640635818749 ], [ 2.357356939342443, 48.77582669635359 ], [ 2.358017789831025, 48.776089280898361 ], [ 2.35995402716248, 48.776883959224513 ], [ 2.362296495254661, 48.777626809516271 ], [ 2.367377852425498, 48.779432861184766 ], [ 2.367509928572721, 48.776620198102684 ], [ 2.367783487905902, 48.771899714919535 ], [ 2.367977294868994, 48.768705106360535 ], [ 2.368059315902315, 48.76721250248157 ], [ 2.368432820925499, 48.760969781433097 ], [ 2.368639843552324, 48.75746311002041 ], [ 2.365426265948443, 48.757164556292686 ] ] ] } },
{ "type": "Feature", "properties": { "insee_com": "94022", "nom_arrondissement": "Choisy-le-Roi", "avg_circumference_cm": null, "tree_count": null, "pct_young_trees": null }, "geometry": { "type": "Polygon", "coordinates": [ [ [ 2.405328090165652, 48.753767709332983 ], [ 2.405207568644299, 48.754197935120516 ], [ 2.404557120290078, 48.756605157894477 ], [ 2.404156710308792, 48.758077319163213 ], [ 2.403589887714241, 48.760181840593731 ], [ 2.403168260717547, 48.761482098636179 ], [ 2.401402941007441, 48.762977996860855 ], [ 2.401271630664074, 48.763039398758856 ], [ 2.400683747959603, 48.763171363515653 ], [ 2.400757401299995, 48.763392091250189 ], [ 2.400506672236812, 48.763426809882525 ], [ 2.400406670667273, 48.763841840361714 ], [ 2.398066409938305, 48.765864557586497 ], [ 2.403865412992184, 48.766909083928837 ], [ 2.401387914051991, 48.7706949305677 ], [ 2.39918092570037, 48.774119612587889 ], [ 2.398704869071561, 48.774809765077151 ], [ 2.400326529180542, 48.775081443916804 ], [ 2.402016459759952, 48.772959206267274 ], [ 2.405805786874827, 48.773586117322623 ], [ 2.405759224307552, 48.77385121241079 ], [ 2.407090457297286, 48.773935176313977 ], [ 2.411874239274372, 48.774235841636447 ], [ 2.412527121453885, 48.775470347723946 ], [ 2.414686070790019, 48.77722669888184 ], [ 2.416196719942258, 48.777095581293892 ], [ 2.428252512351765, 48.77609617992875 ], [ 2.42728837258095, 48.772314038552899 ], [ 2.427527065860873, 48.770897708787025 ], [ 2.427538651121241, 48.770833905988518 ], [ 2.432493198132133, 48.772307398533812 ], [ 2.432322138355816, 48.771020426745594 ], [ 2.430527428255082, 48.770643125326067 ], [ 2.430795177120993, 48.770047191161602 ], [ 2.43072303421957, 48.769301233500137 ], [ 2.431954849130004, 48.767510966857408 ], [ 2.431404288892256, 48.767341955536274 ], [ 2.431597494876862, 48.766966919392679 ], [ 2.431969550131615, 48.766785208472712 ], [ 2.433586839523921, 48.766825267506199 ], [ 2.434497092645259, 48.766948303261955 ], [ 2.435492555386637, 48.767244422492986 ], [ 2.436082610805252, 48.76665539434623 ], [ 2.436391667193274, 48.766510248288462 ], [ 2.43707757889965, 48.766366878049624 ], [ 2.438045233929684, 48.765707665567 ], [ 2.438221553994064, 48.765758862276805 ], [ 2.43843099415973, 48.765640224803242 ], [ 2.439831621767764, 48.764694319696503 ], [ 2.438509601437258, 48.763644788215537 ], [ 2.440041534700243, 48.762755260407751 ], [ 2.442170877876908, 48.762226472859943 ], [ 2.442296487544147, 48.7618025338449 ], [ 2.441424972797103, 48.761244418939285 ], [ 2.43689733187064, 48.762391503610161 ], [ 2.434154660823531, 48.763393985007916 ], [ 2.433885049768396, 48.763290173726084 ], [ 2.426636869081311, 48.760521361945962 ], [ 2.427401200362349, 48.759673276814134 ], [ 2.428500811137194, 48.758144129451189 ], [ 2.425687844003221, 48.757133174621735 ], [ 2.425794521711973, 48.756462717213722 ], [ 2.427155160935556, 48.754944726580639 ], [ 2.427821666725456, 48.753457573102992 ], [ 2.428383258624879, 48.75297727052746 ], [ 2.428569839184665, 48.752583315059795 ], [ 2.428445811858819, 48.751860481241245 ], [ 2.428525620517899, 48.751528074906766 ], [ 2.427480687659613, 48.750936642244447 ], [ 2.424577818188372, 48.752690065053571 ], [ 2.421243811284406, 48.750616060370611 ], [ 2.420153182819468, 48.749739221843178 ], [ 2.418113276046078, 48.752886294323567 ], [ 2.416594400237257, 48.752477738462403 ], [ 2.413757925128053, 48.751669651189999 ], [ 2.413313635583216, 48.752473357376829 ], [ 2.406055094761955, 48.751081134833591 ], [ 2.405328090165652, 48.753767709332983 ] ] ] } },
{ "type": "Feature", "properties": { "insee_com": "94028", "nom_arrondissement": "Créteil", "avg_circumference_cm": null, "tree_count": null, "pct_young_trees": null }, "geometry": { "type": "Polygon", "coordinates": [ [ [ 2.453710573326605, 48.767526102308331 ], [ 2.451859400947547, 48.768506076898554 ], [ 2.449277328563233, 48.770146420866773 ], [ 2.440812532330115, 48.771808782866792 ], [ 2.43999450000691, 48.771705116216062 ], [ 2.440092590367232, 48.771313432639118 ], [ 2.439157640787237, 48.771201117406875 ], [ 2.435321992886948, 48.767415404577164 ], [ 2.435492555386637, 48.767244422492986 ], [ 2.434497092645259, 48.766948303261955 ], [ 2.433586839523921, 48.766825267506199 ], [ 2.431969550131615, 48.766785208472712 ], [ 2.431597494876862, 48.766966919392679 ], [ 2.431404288892256, 48.767341955536274 ], [ 2.431954849130004, 48.767510966857408 ], [ 2.43072303421957, 48.769301233500137 ], [ 2.430795177120993, 48.770047191161602 ], [ 2.430527428255082, 48.770643125326067 ], [ 2.432322138355816, 48.771020426745594 ], [ 2.432493198132133, 48.772307398533812 ], [ 2.427538651121241, 48.770833905988518 ], [ 2.427527065860873, 48.770897708787025 ], [ 2.42728837258095, 48.772314038552899 ], [ 2.428252512351765, 48.77609617992875 ], [ 2.428828315725373, 48.780183141823279 ], [ 2.430042836826984, 48.780379615614279 ], [ 2.430006727032707, 48.782314961787947 ], [ 2.430557228100056, 48.782378746104904 ], [ 2.430918865211125, 48.78253876408111 ], [ 2.432966362219943, 48.783738408270615 ], [ 2.433383206183484, 48.783829426519937 ], [ 2.433923605535037, 48.783948010773692 ], [ 2.432831619233327, 48.786618550881862 ], [ 2.43350855886945, 48.786700009788113 ], [ 2.436026095240481, 48.786997027896028 ], [ 2.435714606630926, 48.788236728084847 ], [ 2.439077251554151, 48.789189732197187 ], [ 2.438085431317568, 48.790789596827295 ], [ 2.436774218237157, 48.792337580302139 ], [ 2.440911981004922, 48.793519026971573 ], [ 2.440201841815587, 48.794365629781382 ], [ 2.439842089533278, 48.795287620797374 ], [ 2.44238656334394, 48.795908407954904 ], [ 2.442616139965253, 48.796208976315015 ], [ 2.443967013667709, 48.798085102205746 ], [ 2.445441833328708, 48.799709056202751 ], [ 2.445763671849382, 48.800811400185793 ], [ 2.447345370445696, 48.802255045011549 ], [ 2.446974286498182, 48.80245479130555 ], [ 2.447041814920044, 48.802506368734512 ], [ 2.448216086847604, 48.803474138028164 ], [ 2.448650856299456, 48.803818809975539 ], [ 2.449939262330432, 48.803007204372186 ], [ 2.452889848998579, 48.804937334534316 ], [ 2.452756783025995, 48.805032060133286 ], [ 2.454548423881776, 48.805961217333412 ], [ 2.455232963872126, 48.805863607953462 ], [ 2.456719554797703, 48.805497129379269 ], [ 2.457464289895581, 48.805109279966587 ], [ 2.460323408599227, 48.80631120606926 ], [ 2.460658256124317, 48.80605819207701 ], [ 2.464012204243567, 48.807350399210414 ], [ 2.466948856055319, 48.805256278393614 ], [ 2.468120038796681, 48.804566272309522 ], [ 2.468486924303822, 48.803836705550616 ], [ 2.468786212792621, 48.802658044065971 ], [ 2.46893801314313, 48.802057030179306 ], [ 2.470100123781456, 48.799569989311536 ], [ 2.471789859446129, 48.794306150589378 ], [ 2.471884614551778, 48.791669552106121 ], [ 2.472382517557637, 48.790488149602474 ], [ 2.473354976739977, 48.789217997345283 ], [ 2.474625537296417, 48.787671233625645 ], [ 2.472913862905754, 48.787206802616829 ], [ 2.472679754525818, 48.787206669154649 ], [ 2.472960757723515, 48.787010941012454 ], [ 2.473478370274873, 48.786567122051245 ], [ 2.473875242032965, 48.785948286080711 ], [ 2.474453997700168, 48.784296840027238 ], [ 2.474472161228196, 48.783709612452895 ], [ 2.474858574367043, 48.783450485578754 ], [ 2.475090895251731, 48.783085450837284 ], [ 2.475897911970643, 48.782684263535224 ], [ 2.476906858519303, 48.781009504328814 ], [ 2.476159787073845, 48.780594305511187 ], [ 2.475366192171021, 48.781423668979635 ], [ 2.473305590302432, 48.780356907270352 ], [ 2.47338683424218, 48.780262828188981 ], [ 2.47259547258222, 48.77992476001593 ], [ 2.473349724468028, 48.779085346920219 ], [ 2.474960538247675, 48.777645296616129 ], [ 2.472759319334963, 48.776504152007249 ], [ 2.473632656544071, 48.775590609671731 ], [ 2.474600785139236, 48.774584838433199 ], [ 2.47300224680364, 48.773739550451296 ], [ 2.472071189828538, 48.773096860353789 ], [ 2.471565461316118, 48.772916541630671 ], [ 2.472324768473478, 48.771837909928543 ], [ 2.47212545457385, 48.771767774887849 ], [ 2.472337420802305, 48.771528569211597 ], [ 2.472023851400563, 48.771454331606549 ], [ 2.473484066027853, 48.770086478956799 ], [ 2.474011633994396, 48.770257892163698 ], [ 2.474803173963053, 48.76934757427707 ], [ 2.477367591766772, 48.766124538072788 ], [ 2.476012449674758, 48.765721060453274 ], [ 2.474901724924654, 48.76536721031168 ], [ 2.474840011795197, 48.765280595293802 ], [ 2.475818024552647, 48.763946563278282 ], [ 2.477152286643869, 48.762762485513157 ], [ 2.473504398181475, 48.761731020169044 ], [ 2.472497325940576, 48.762707839551851 ], [ 2.472122835990405, 48.763281810971073 ], [ 2.468175820519069, 48.762372980097247 ], [ 2.467964483367943, 48.76308617525126 ], [ 2.467432517171788, 48.764155008219205 ], [ 2.466205545675242, 48.766130940839894 ], [ 2.466085537194051, 48.766158286290484 ], [ 2.463362059656257, 48.766785564490668 ], [ 2.461277342814169, 48.76589385541719 ], [ 2.459978468207935, 48.765718900267196 ], [ 2.45957396564731, 48.766679443788099 ], [ 2.457075261116521, 48.76635421703272 ], [ 2.456536862956478, 48.766448005919649 ], [ 2.455482898664181, 48.766793977355036 ], [ 2.453710573326605, 48.767526102308331 ] ] ] } },
{ "type": "Feature", "properties": { "insee_com": "94033", "nom_arrondissement": "Fontenay-sous-Bois", "avg_circumference_cm": null, "tree_count": null, "pct_young_trees": null }, "geometry": { "type": "Polygon", "coordinates": [ [ [ 2.456302886030034, 48.846512658872967 ], [ 2.45646435970612, 48.847100668214757 ], [ 2.455926621548735, 48.847312269271065 ], [ 2.456278629669241, 48.848706961401454 ], [ 2.456013928884684, 48.848739034072814 ], [ 2.456302466558832, 48.849556953833876 ], [ 2.456248327794341, 48.849652038678414 ], [ 2.455703260600488, 48.849910371141895 ], [ 2.455642870122607, 48.849821060973504 ], [ 2.454434962750287, 48.850000824879437 ], [ 2.454412343286741, 48.849948559568766 ], [ 2.453457614310484, 48.850155548922217 ], [ 2.451966679530935, 48.850552536192545 ], [ 2.449914078921753, 48.850966709548459 ], [ 2.449884944363909, 48.85088653368755 ], [ 2.449663721119716, 48.850929584374747 ], [ 2.449531165198918, 48.850577329730882 ], [ 2.447140124141604, 48.851162572747896 ], [ 2.447894590554266, 48.852368483171382 ], [ 2.447535759812991, 48.852535903999545 ], [ 2.448822056959494, 48.85345647081715 ], [ 2.450362028014701, 48.854105686926076 ], [ 2.452381235986798, 48.854935146963058 ], [ 2.453966809220225, 48.855402856752882 ], [ 2.45549429761643, 48.855693110350003 ], [ 2.457568871788542, 48.855930965617524 ], [ 2.457583844257637, 48.855932832173082 ], [ 2.45889945653227, 48.856024226070382 ], [ 2.461437513908665, 48.856123811625238 ], [ 2.465719685860502, 48.856529724772301 ], [ 2.467408712945752, 48.856626288972521 ], [ 2.466947181902284, 48.858442700686155 ], [ 2.467091917886534, 48.858550366761584 ], [ 2.467132971444946, 48.859333874265779 ], [ 2.466796185580959, 48.860012274362461 ], [ 2.466751908674385, 48.860076829455309 ], [ 2.467901538268067, 48.860550501883289 ], [ 2.468358317473465, 48.860667647257486 ], [ 2.469443562538524, 48.860774088685957 ], [ 2.47320721994843, 48.860200749705506 ], [ 2.475262674539471, 48.860197189421903 ], [ 2.475890167891375, 48.860417578946233 ], [ 2.476362498745778, 48.860480801567043 ], [ 2.478402673169923, 48.860098499342655 ], [ 2.480807450121129, 48.860054996359047 ], [ 2.481591917991238, 48.861487443536213 ], [ 2.486801322732499, 48.860671714937183 ], [ 2.486969029183354, 48.860666138648398 ], [ 2.488641406283519, 48.860809995499878 ], [ 2.488696874326573, 48.860574606352863 ], [ 2.49102410133659, 48.860796770215188 ], [ 2.491577415352489, 48.859547245596573 ], [ 2.492316262421401, 48.859955983295286 ], [ 2.49416547698404, 48.860556476668535 ], [ 2.494400409407735, 48.860224715038314 ], [ 2.496106748510031, 48.860662693961956 ], [ 2.497113222158129, 48.859192015817143 ], [ 2.494887068452385, 48.858812113128366 ], [ 2.496818534019799, 48.855693249732681 ], [ 2.497385483412732, 48.855977125789146 ], [ 2.499312583229185, 48.856548191052063 ], [ 2.500003124022952, 48.855743471697636 ], [ 2.497301000045605, 48.854986597526661 ], [ 2.496013553444422, 48.85338844868982 ], [ 2.495935623513359, 48.852991510607929 ], [ 2.495773884590151, 48.852805564644591 ], [ 2.494437806336736, 48.852156896882725 ], [ 2.494473935571341, 48.852085102096218 ], [ 2.49433704941015, 48.852007180177651 ], [ 2.493289457263242, 48.851686179511113 ], [ 2.493620910316785, 48.850674022282789 ], [ 2.493496742415717, 48.848727314163142 ], [ 2.491403835138231, 48.848286749565993 ], [ 2.491584607921559, 48.847775789742357 ], [ 2.48997033362247, 48.847167255841612 ], [ 2.488877159154315, 48.846643667055091 ], [ 2.488167500187279, 48.846476052467764 ], [ 2.487724867519994, 48.846175574414907 ], [ 2.487653067136482, 48.846271497212264 ], [ 2.487370232979618, 48.846210928664085 ], [ 2.487168031092115, 48.84598792304454 ], [ 2.487517611224016, 48.845773577386225 ], [ 2.487171128669788, 48.845534664612195 ], [ 2.486514647961724, 48.845365469208964 ], [ 2.486427685448402, 48.845202313746135 ], [ 2.486479473094315, 48.844510037001747 ], [ 2.485578328068828, 48.844281328035024 ], [ 2.485701128359919, 48.84385016796039 ], [ 2.48583238559982, 48.843390264729351 ], [ 2.48551283935956, 48.843185637641312 ], [ 2.484127990204285, 48.843096933607988 ], [ 2.483204614832236, 48.842365372990059 ], [ 2.48191278350762, 48.842379571042976 ], [ 2.481497259064156, 48.842237471882534 ], [ 2.479869547325411, 48.841912035183661 ], [ 2.479235134315737, 48.843495731506025 ], [ 2.47758012667051, 48.842900339844533 ], [ 2.476800878291745, 48.842751239364702 ], [ 2.47675047677168, 48.842478515283105 ], [ 2.476334772630532, 48.841948776493126 ], [ 2.476016844946609, 48.84118113572606 ], [ 2.474241806538524, 48.8404745498202 ], [ 2.473157403838054, 48.840056075964533 ], [ 2.472578036225597, 48.840625512120312 ], [ 2.472222947542701, 48.842053917788988 ], [ 2.468713874319359, 48.840904300154882 ], [ 2.469547415633412, 48.839997852740453 ], [ 2.467319402317011, 48.839099389262024 ], [ 2.466164109594403, 48.840422586485239 ], [ 2.465258517101661, 48.841173999342757 ], [ 2.463741475493356, 48.84202339313839 ], [ 2.461793922353881, 48.842730532143577 ], [ 2.459873497765622, 48.843181446205428 ], [ 2.457843527623447, 48.843549991921073 ], [ 2.44785282741999, 48.844863220162665 ], [ 2.447940565795288, 48.845713512732871 ], [ 2.447834190258807, 48.845722015334928 ], [ 2.447847701774308, 48.846118691716576 ], [ 2.447950983004048, 48.846788285544299 ], [ 2.448300140670224, 48.846758418871858 ], [ 2.451482057147548, 48.846360247588294 ], [ 2.457850521500696, 48.845235409201173 ], [ 2.457939898385939, 48.84568189234092 ], [ 2.456302886030034, 48.846512658872967 ] ] ] } },
{ "type": "Feature", "properties": { "insee_com": "94034", "nom_arrondissement": "Fresnes", "avg_circumference_cm": null, "tree_count": null, "pct_young_trees": null }, "geometry": { "type": "Polygon", "coordinates": [ [ [ 2.324825758471892, 48.750530740574234 ], [ 2.323871177306252, 48.749565638251234 ], [ 2.323973357415135, 48.749447490856781 ], [ 2.323248444577276, 48.748814676364859 ], [ 2.322672629874089, 48.748117943213359 ], [ 2.32072071416347, 48.748758049301493 ], [ 2.320031867605258, 48.749014966046062 ], [ 2.319307055462621, 48.749630550121211 ], [ 2.318586020172452, 48.74974696241032 ], [ 2.317666851360478, 48.750141064452215 ], [ 2.317054344001884, 48.750174439785525 ], [ 2.317035825350216, 48.750030423596968 ], [ 2.316790928451641, 48.750139653638719 ], [ 2.314144562530241, 48.751344121806405 ], [ 2.312346291520355, 48.751351768232226 ], [ 2.310119445923488, 48.752191591269849 ], [ 2.311625152731628, 48.753020568018357 ], [ 2.31101725335911, 48.753629578923793 ], [ 2.31089311905597, 48.753759281009025 ], [ 2.311463710297235, 48.754329217448586 ], [ 2.308693502687006, 48.755409625559359 ], [ 2.309281520767942, 48.755998560665944 ], [ 2.309668218242737, 48.756382157180148 ], [ 2.312706610655972, 48.759318344293249 ], [ 2.312587554524035, 48.759371625026183 ], [ 2.313385255497475, 48.760160518515335 ], [ 2.313237534742933, 48.760944872774608 ], [ 2.313102585860492, 48.761585390909168 ], [ 2.313617145538904, 48.762286307076153 ], [ 2.314378867079093, 48.762090109294007 ], [ 2.314787154088925, 48.763840943049644 ], [ 2.315278595353844, 48.764855618149497 ], [ 2.315374309726633, 48.765441694170661 ], [ 2.315086286261129, 48.765513795966555 ], [ 2.315102913544004, 48.765698273897144 ], [ 2.315299778824474, 48.766041184844227 ], [ 2.315407008229337, 48.766060687440181 ], [ 2.31566812045885, 48.76679611578151 ], [ 2.315878036608499, 48.766766737757955 ], [ 2.31675377781215, 48.766595462771654 ], [ 2.317560409696537, 48.766090099310247 ], [ 2.317719240760759, 48.766221423529466 ], [ 2.317696929174732, 48.766367003167645 ], [ 2.318539825607344, 48.766522019232234 ], [ 2.318499009513205, 48.766626119795987 ], [ 2.31886671614057, 48.766599435555285 ], [ 2.320811536737195, 48.766453110422646 ], [ 2.320809845583523, 48.766373951313184 ], [ 2.321531519178428, 48.766330383139874 ], [ 2.321524385032491, 48.766251193120922 ], [ 2.321839262621028, 48.76620621112896 ], [ 2.321896985672687, 48.76448593539476 ], [ 2.323854437939933, 48.764407989136615 ], [ 2.323356265980421, 48.766104185047816 ], [ 2.323400817795124, 48.766655785457225 ], [ 2.324696665608205, 48.766506618691871 ], [ 2.326856732966211, 48.765915296833285 ], [ 2.327784462721634, 48.765823383588085 ], [ 2.327771969961786, 48.76573696839548 ], [ 2.332565146224941, 48.764573008279172 ], [ 2.332698702473427, 48.764661898294143 ], [ 2.333412387618286, 48.764388860116988 ], [ 2.333642661680402, 48.764681559152116 ], [ 2.334548541136491, 48.764379905243651 ], [ 2.338208590229381, 48.763073586724964 ], [ 2.336632825251811, 48.761813741314384 ], [ 2.336171206672756, 48.761526057714299 ], [ 2.335249878394686, 48.761122486400069 ], [ 2.337030969210523, 48.760029686458431 ], [ 2.337856444537684, 48.759731158154388 ], [ 2.340119563469201, 48.758917108016661 ], [ 2.340482932709353, 48.759228519099963 ], [ 2.340739974440486, 48.759126503854397 ], [ 2.340828822614265, 48.75920074752031 ], [ 2.34280106954435, 48.758469587198505 ], [ 2.3416341868116, 48.757365854727119 ], [ 2.343932739524149, 48.756317175228126 ], [ 2.342862262136574, 48.755229272511336 ], [ 2.341012780493988, 48.753141389045233 ], [ 2.339839140383543, 48.752046590124493 ], [ 2.338693912897933, 48.750323229484138 ], [ 2.338262078517426, 48.749409707098039 ], [ 2.337343358569653, 48.748280314296693 ], [ 2.337131586532869, 48.748355591100939 ], [ 2.336094051377589, 48.747588901264727 ], [ 2.335625535570447, 48.747853428693844 ], [ 2.335539479873912, 48.747775598060649 ], [ 2.33416935695362, 48.748562170183654 ], [ 2.33385526108745, 48.748341854626368 ], [ 2.333080084390569, 48.748761163088574 ], [ 2.333232606962219, 48.748852858198205 ], [ 2.332160866329136, 48.749488168225355 ], [ 2.33053510633001, 48.748245933534292 ], [ 2.328429767025817, 48.750247054620914 ], [ 2.327316441837834, 48.750936053255721 ], [ 2.326161769510561, 48.751453914884358 ], [ 2.324053440995989, 48.752086895263126 ], [ 2.323644229126474, 48.752280655395275 ], [ 2.324206154773952, 48.751532806906319 ], [ 2.324510195962926, 48.750846457459623 ], [ 2.324825758471892, 48.750530740574234 ] ] ] } },
{ "type": "Feature", "properties": { "insee_com": "94037", "nom_arrondissement": "Gentilly", "avg_circumference_cm": null, "tree_count": null, "pct_young_trees": null }, "geometry": { "type": "Polygon", "coordinates": [ [ [ 2.342609656419175, 48.806619413994923 ], [ 2.343419223604369, 48.80828953623903 ], [ 2.342250142073446, 48.808566417678421 ], [ 2.341967432048216, 48.808633215552163 ], [ 2.342296907140747, 48.809609068284615 ], [ 2.341977643562874, 48.80976650341384 ], [ 2.340683590487064, 48.810123626532921 ], [ 2.339114725576208, 48.810781411584813 ], [ 2.339061889078045, 48.810867460853139 ], [ 2.340256974203532, 48.812415613608493 ], [ 2.338294416120523, 48.813185436038346 ], [ 2.338414421119311, 48.813279636442658 ], [ 2.337349550194296, 48.813596619147731 ], [ 2.337144053020778, 48.813264505483808 ], [ 2.336820208181706, 48.813350849539383 ], [ 2.336657284590324, 48.813526225618183 ], [ 2.336349640783826, 48.813516423842522 ], [ 2.335095871776627, 48.813480677379964 ], [ 2.334621113101456, 48.813547288974796 ], [ 2.334136898678778, 48.812647903509649 ], [ 2.332651365566915, 48.812953507152379 ], [ 2.332794401596278, 48.813269091259329 ], [ 2.332151380414128, 48.813395012922975 ], [ 2.332055526079195, 48.813223593747367 ], [ 2.329063257287334, 48.813783346790586 ], [ 2.331898060637624, 48.817010929633305 ], [ 2.333711090278114, 48.816771017559716 ], [ 2.337275148209404, 48.816557884730955 ], [ 2.341683722695742, 48.816330411539418 ], [ 2.343013285918382, 48.816084997576468 ], [ 2.343902504744145, 48.815767001288293 ], [ 2.34434443743991, 48.815603938742605 ], [ 2.344448463099662, 48.815562238059101 ], [ 2.344355599882103, 48.816015918149219 ], [ 2.345190828033564, 48.816092446054775 ], [ 2.346371448422839, 48.815993678067848 ], [ 2.346919974440822, 48.816018260690555 ], [ 2.348600538375941, 48.816780212662721 ], [ 2.351253779116588, 48.817962037023527 ], [ 2.352391840207208, 48.818551005922679 ], [ 2.353377706979411, 48.817796363670411 ], [ 2.355852301315164, 48.815922815484456 ], [ 2.356232015039089, 48.815942848245641 ], [ 2.356111687104288, 48.815761424207388 ], [ 2.356157318043223, 48.815595283950266 ], [ 2.355295104868558, 48.81439625547533 ], [ 2.354635585100477, 48.813657899654132 ], [ 2.35380717986974, 48.813032848953583 ], [ 2.352673810616456, 48.812403443081529 ], [ 2.351276095750018, 48.811679954975212 ], [ 2.350689208771401, 48.811349391903519 ], [ 2.350282234841748, 48.811006312882682 ], [ 2.348954811707949, 48.809566365345454 ], [ 2.34625263061651, 48.806786892370432 ], [ 2.345029267731373, 48.805426610304742 ], [ 2.342609656419175, 48.806619413994923 ] ] ] } },
{ "type": "Feature", "properties": { "insee_com": "94038", "nom_arrondissement": "L'Haÿ-les-Roses", "avg_circumference_cm": null, "tree_count": null, "pct_young_trees": null }, "geometry": { "type": "Polygon", "coordinates": [ [ [ 2.335875682843237, 48.770211961118314 ], [ 2.335178157512432, 48.768997458856447 ], [ 2.333584930523925, 48.765686795084747 ], [ 2.333031374765056, 48.764926388858356 ], [ 2.332698702473427, 48.764661898294143 ], [ 2.332565146224941, 48.764573008279172 ], [ 2.327771969961786, 48.76573696839548 ], [ 2.327784462721634, 48.765823383588085 ], [ 2.326856732966211, 48.765915296833285 ], [ 2.324696665608205, 48.766506618691871 ], [ 2.323400817795124, 48.766655785457225 ], [ 2.323356265980421, 48.766104185047816 ], [ 2.323854437939933, 48.764407989136615 ], [ 2.321896985672687, 48.76448593539476 ], [ 2.321839262621028, 48.76620621112896 ], [ 2.321524385032491, 48.766251193120922 ], [ 2.321531519178428, 48.766330383139874 ], [ 2.320809845583523, 48.766373951313184 ], [ 2.320811536737195, 48.766453110422646 ], [ 2.31886671614057, 48.766599435555285 ], [ 2.318499009513205, 48.766626119795987 ], [ 2.318539825607344, 48.766522019232234 ], [ 2.317696929174732, 48.766367003167645 ], [ 2.317719240760759, 48.766221423529466 ], [ 2.317560409696537, 48.766090099310247 ], [ 2.31675377781215, 48.766595462771654 ], [ 2.315878036608499, 48.766766737757955 ], [ 2.316186006769132, 48.767041926789304 ], [ 2.316920040994539, 48.767822331094322 ], [ 2.317222313632664, 48.768325938501832 ], [ 2.317721821519392, 48.768522168984028 ], [ 2.319920413368245, 48.770730199761836 ], [ 2.320558853276971, 48.77144077881406 ], [ 2.32130666845337, 48.772845429138883 ], [ 2.32171851103605, 48.773614074601369 ], [ 2.323740234620707, 48.776583725302672 ], [ 2.324242563012695, 48.776359914394064 ], [ 2.325028499314539, 48.777250283547666 ], [ 2.325724801074371, 48.777075231375626 ], [ 2.326616564169431, 48.778731589645652 ], [ 2.324580300699613, 48.779074465364758 ], [ 2.325036368700886, 48.779903605460909 ], [ 2.324844095697518, 48.77993309921164 ], [ 2.325814779843311, 48.781908297517631 ], [ 2.326446934221254, 48.781224710823459 ], [ 2.326711420636693, 48.782032975454378 ], [ 2.327636662548874, 48.782050777421162 ], [ 2.328384347001922, 48.784443820991662 ], [ 2.329276475468525, 48.784393968022833 ], [ 2.329434296606971, 48.784504581960761 ], [ 2.333656681618599, 48.78436630930176 ], [ 2.334375263371846, 48.784370314411824 ], [ 2.334409417541103, 48.784253581281511 ], [ 2.334707136089573, 48.784174292344048 ], [ 2.335849453931102, 48.783821782263693 ], [ 2.335495927695622, 48.78336741292545 ], [ 2.337840464547201, 48.782763432569787 ], [ 2.337878687016172, 48.782861680239442 ], [ 2.338588196421255, 48.782720804613561 ], [ 2.339181203842858, 48.783718834396986 ], [ 2.339136856625589, 48.783781547873048 ], [ 2.339511873779883, 48.784261208365017 ], [ 2.340907216252917, 48.783916344374035 ], [ 2.341331674955308, 48.78447002332156 ], [ 2.342411930577648, 48.787095051453576 ], [ 2.343070225790638, 48.788322765406399 ], [ 2.343289574831998, 48.789387968617589 ], [ 2.343627890169929, 48.791060022620726 ], [ 2.344222790281675, 48.790731408331183 ], [ 2.346247293370439, 48.789614646916355 ], [ 2.345516373662478, 48.787875691681528 ], [ 2.34467019128153, 48.785456144143794 ], [ 2.346304161213687, 48.785184478699179 ], [ 2.347829225571988, 48.784913095995556 ], [ 2.347604629500589, 48.784043939999549 ], [ 2.34815673303436, 48.783973201588758 ], [ 2.347538198157213, 48.782172803722268 ], [ 2.34965627531429, 48.781814693193041 ], [ 2.350541365540094, 48.781012735432931 ], [ 2.352612770106409, 48.781010485814505 ], [ 2.35350525628249, 48.780485564817631 ], [ 2.353035616405352, 48.780275258530494 ], [ 2.35483673850074, 48.778795570753402 ], [ 2.354888938387476, 48.778756278444384 ], [ 2.357862345159134, 48.779211209852278 ], [ 2.358082354940613, 48.778695229841844 ], [ 2.359257610553776, 48.778962368164422 ], [ 2.359225108154318, 48.779060229813524 ], [ 2.359991939436607, 48.7792298319022 ], [ 2.361140550834214, 48.779451838133845 ], [ 2.364774217229972, 48.780456067909675 ], [ 2.367186097023253, 48.780880796603128 ], [ 2.367258168292242, 48.780885675350248 ], [ 2.367377852425498, 48.779432861184766 ], [ 2.362296495254661, 48.777626809516271 ], [ 2.35995402716248, 48.776883959224513 ], [ 2.358017789831025, 48.776089280898361 ], [ 2.357356939342443, 48.77582669635359 ], [ 2.354737054197526, 48.774640635818749 ], [ 2.353706136889292, 48.773496401314631 ], [ 2.353548539452516, 48.773146574614145 ], [ 2.351840628964724, 48.773927008827663 ], [ 2.351121367781127, 48.773113628430359 ], [ 2.350082446893884, 48.771418872566755 ], [ 2.349772889203058, 48.771145563316047 ], [ 2.346317980313349, 48.771696040256685 ], [ 2.345701739167498, 48.771791602701178 ], [ 2.342766234879681, 48.77225847655393 ], [ 2.343446201174922, 48.773480028677206 ], [ 2.339588151408273, 48.774255647597386 ], [ 2.338854210379682, 48.77440089143613 ], [ 2.338396873466186, 48.774195091040838 ], [ 2.338159685231491, 48.774012994147618 ], [ 2.337876349601386, 48.773392624048554 ], [ 2.337291105654081, 48.773509001594903 ], [ 2.337191671147176, 48.773302483000585 ], [ 2.3358582656711, 48.773505541519896 ], [ 2.333774321026778, 48.770782185585823 ], [ 2.334600852598565, 48.770522362545357 ], [ 2.334675337411196, 48.770656791217647 ], [ 2.335875682843237, 48.770211961118314 ] ] ] } },
{ "type": "Feature", "properties": { "insee_com": "94041", "nom_arrondissement": "Ivry-sur-Seine", "avg_circumference_cm": null, "tree_count": null, "pct_young_trees": null }, "geometry": { "type": "Polygon", "coordinates": [ [ [ 2.379285291955626, 48.801446112873549 ], [ 2.377197511248919, 48.804120837520706 ], [ 2.375794280378944, 48.80601033250305 ], [ 2.375673815528984, 48.805950343693439 ], [ 2.371195544875238, 48.804026458174953 ], [ 2.370289442460042, 48.804984036991407 ], [ 2.370392232019737, 48.805041240055345 ], [ 2.36995507977058, 48.805273677778537 ], [ 2.367151414886491, 48.808091945886751 ], [ 2.368204499084929, 48.808498643316241 ], [ 2.367944172429056, 48.808856123115319 ], [ 2.365436338877227, 48.809160321723773 ], [ 2.365483283730888, 48.809219031120101 ], [ 2.364220587843981, 48.811151401648281 ], [ 2.364874787161749, 48.811552407644285 ], [ 2.366242667101504, 48.811944603801784 ], [ 2.364986044883932, 48.814046094383336 ], [ 2.365133958780147, 48.81408915095799 ], [ 2.364535173476653, 48.815060901945337 ], [ 2.364703373798454, 48.815115758803564 ], [ 2.364608840701504, 48.815497494331836 ], [ 2.364821805599526, 48.8155669790047 ], [ 2.36420428117288, 48.816398323987137 ], [ 2.366927252430261, 48.817248298218779 ], [ 2.375760973479089, 48.820055838816664 ], [ 2.379083321889079, 48.82115778649213 ], [ 2.380767116748346, 48.821700747788867 ], [ 2.381524148119775, 48.82241067605338 ], [ 2.38330363397122, 48.82304493247868 ], [ 2.385225588159262, 48.823729359960943 ], [ 2.38694133817552, 48.824463063876095 ], [ 2.388799862307387, 48.82510573617926 ], [ 2.38944542518818, 48.825344669615745 ], [ 2.390072014511326, 48.825692326811193 ], [ 2.395523780751688, 48.822001097985229 ], [ 2.397956491543014, 48.820691288814146 ], [ 2.400187539123583, 48.819852590529266 ], [ 2.405411222150176, 48.818132090254601 ], [ 2.408122262509268, 48.817339698621211 ], [ 2.409007350105887, 48.816871903274802 ], [ 2.40940041287323, 48.816557264347594 ], [ 2.409741509004468, 48.816261254479322 ], [ 2.409970193807332, 48.815909826801622 ], [ 2.410189996647098, 48.815259760912497 ], [ 2.410270296540199, 48.8145415527799 ], [ 2.409967876281193, 48.812503862964746 ], [ 2.409013500555885, 48.808518479452786 ], [ 2.404150110678119, 48.808118395021552 ], [ 2.405216164491507, 48.804786079837733 ], [ 2.405200803426957, 48.804580942921909 ], [ 2.404965980188573, 48.80427847916522 ], [ 2.404372592199437, 48.804494974670007 ], [ 2.403953470621117, 48.804473998388708 ], [ 2.402265744369002, 48.804301882260738 ], [ 2.402215615148305, 48.804042607623877 ], [ 2.400651386203869, 48.804025780989988 ], [ 2.400388174858992, 48.804537112595092 ], [ 2.400137179176677, 48.80445940527283 ], [ 2.399576175295452, 48.804226345173575 ], [ 2.39946747517112, 48.80373383327283 ], [ 2.39843448515215, 48.80180844112391 ], [ 2.398291243812264, 48.801715082869933 ], [ 2.397426677147827, 48.802423944498798 ], [ 2.397106959675457, 48.802285624967261 ], [ 2.396310594153022, 48.80133454674823 ], [ 2.394617040336692, 48.799915734363687 ], [ 2.394280755777274, 48.800033649894559 ], [ 2.39360473197237, 48.800566260095017 ], [ 2.393486218612522, 48.800571954533247 ], [ 2.393111491216618, 48.800365890390445 ], [ 2.392706272609909, 48.800440280610239 ], [ 2.391737922647752, 48.799303020818279 ], [ 2.390751880524213, 48.799800759690193 ], [ 2.390340996758533, 48.799894000303603 ], [ 2.389993974158025, 48.80011437986397 ], [ 2.389635323796844, 48.800164713743214 ], [ 2.389134147280078, 48.800062320791241 ], [ 2.38888607724955, 48.800319178529094 ], [ 2.388610891531696, 48.800449982013937 ], [ 2.386894987624156, 48.800373738268362 ], [ 2.386610992927539, 48.801021642854785 ], [ 2.385653201258077, 48.804315691509331 ], [ 2.382914911620138, 48.803411190181656 ], [ 2.382121723277585, 48.803016756976945 ], [ 2.381476029627577, 48.802585307159646 ], [ 2.379412707373651, 48.801493542901696 ], [ 2.379285291955626, 48.801446112873549 ] ] ] } },
{ "type": "Feature", "properties": { "insee_com": "94042", "nom_arrondissement": "Joinville-le-Pont", "avg_circumference_cm": null, "tree_count": null, "pct_young_trees": null }, "geometry": { "type": "Polygon", "coordinates": [ [ [ 2.456527549887523, 48.813470160118264 ], [ 2.457328998026792, 48.813008822622834 ], [ 2.45818440369256, 48.813644064783034 ], [ 2.459396731678708, 48.812692615617252 ], [ 2.464193550225946, 48.815543645322556 ], [ 2.465502262259962, 48.816342750976993 ], [ 2.46408632439456, 48.816833766612689 ], [ 2.463561052534199, 48.816793637436781 ], [ 2.463351085904216, 48.817081394151622 ], [ 2.461205214252255, 48.818355149145169 ], [ 2.462696062752353, 48.819059770555434 ], [ 2.462529348017551, 48.819246090647823 ], [ 2.462696960503023, 48.819369158490005 ], [ 2.462867047647515, 48.820177558123099 ], [ 2.465044244672473, 48.824084285408368 ], [ 2.465299394785839, 48.824705090716229 ], [ 2.465189202930903, 48.824957320128789 ], [ 2.465319736172734, 48.824979488631143 ], [ 2.465712037823177, 48.826173801945991 ], [ 2.465730572119004, 48.826226047976633 ], [ 2.466693143421006, 48.826136810353582 ], [ 2.466903184908593, 48.827175614657897 ], [ 2.467813348981992, 48.828485545637179 ], [ 2.469476836046555, 48.830065922697159 ], [ 2.469554927605162, 48.830022200306644 ], [ 2.470868705736597, 48.8292923411827 ], [ 2.471401615097399, 48.828995209796425 ], [ 2.472224447807696, 48.829526769860813 ], [ 2.473200033029882, 48.829907004626513 ], [ 2.475687667276083, 48.830561879296773 ], [ 2.477289175382193, 48.827484974236668 ], [ 2.477314503322458, 48.827132534166935 ], [ 2.478007426543801, 48.827173333931079 ], [ 2.47820999377437, 48.826123759987098 ], [ 2.478445049117938, 48.824957408874255 ], [ 2.479095541691956, 48.825016004792836 ], [ 2.478716733470886, 48.823532198107728 ], [ 2.48173806048718, 48.820076466947498 ], [ 2.481705866520145, 48.820026862075352 ], [ 2.482528730905531, 48.820002545466515 ], [ 2.482522456924935, 48.819948556133909 ], [ 2.482210310343508, 48.817643017250234 ], [ 2.481956972155968, 48.81600056555515 ], [ 2.481187875059348, 48.814870315908991 ], [ 2.480095974553667, 48.813476039281227 ], [ 2.473761032318175, 48.815760616090742 ], [ 2.473467740397302, 48.815404971559339 ], [ 2.47254513768621, 48.81439090750353 ], [ 2.471824174461057, 48.813774350852938 ], [ 2.471647850432525, 48.813704319869323 ], [ 2.47146770413943, 48.813877103104225 ], [ 2.470990917620629, 48.813624068678912 ], [ 2.469857824504264, 48.812426476931968 ], [ 2.468851393671581, 48.812702615456544 ], [ 2.468637077793989, 48.812619819869987 ], [ 2.468854273049006, 48.811885094688236 ], [ 2.468652343963623, 48.811789762802384 ], [ 2.46614672562157, 48.810593220505105 ], [ 2.465760187806834, 48.810175980898769 ], [ 2.465699857730451, 48.809817758472832 ], [ 2.465316547732276, 48.809883498181357 ], [ 2.465069688264657, 48.810187283322684 ], [ 2.465087170343362, 48.810474263352667 ], [ 2.465455874356593, 48.810904016597057 ], [ 2.465473874995826, 48.811140633527515 ], [ 2.46532600994534, 48.811351326149293 ], [ 2.464665428418317, 48.811762983196061 ], [ 2.460591900258327, 48.809314551866322 ], [ 2.45850224425267, 48.810182000224394 ], [ 2.45717763783157, 48.810935069180914 ], [ 2.455877439888908, 48.811955349560321 ], [ 2.454501210333761, 48.813339516026815 ], [ 2.455452237394334, 48.813943735738818 ], [ 2.456342062262574, 48.813366787844522 ], [ 2.456527549887523, 48.813470160118264 ] ] ] } },
{ "type": "Feature", "properties": { "insee_com": "94043", "nom_arrondissement": "Le Kremlin-Bicêtre", "avg_circumference_cm": null, "tree_count": null, "pct_young_trees": null }, "geometry": { "type": "Polygon", "coordinates": [ [ [ 2.346187095456461, 48.80213037341349 ], [ 2.346371208940572, 48.802322951544802 ], [ 2.343869281656924, 48.803254508455488 ], [ 2.344350348349372, 48.804518998171119 ], [ 2.345029267731373, 48.805426610304742 ], [ 2.34625263061651, 48.806786892370432 ], [ 2.348954811707949, 48.809566365345454 ], [ 2.350282234841748, 48.811006312882682 ], [ 2.350689208771401, 48.811349391903519 ], [ 2.351276095750018, 48.811679954975212 ], [ 2.352673810616456, 48.812403443081529 ], [ 2.35380717986974, 48.813032848953583 ], [ 2.354635585100477, 48.813657899654132 ], [ 2.355295104868558, 48.81439625547533 ], [ 2.356157318043223, 48.815595283950266 ], [ 2.356111687104288, 48.815761424207388 ], [ 2.356232015039089, 48.815942848245641 ], [ 2.358423747028375, 48.816013988362876 ], [ 2.360525816939211, 48.81606752047994 ], [ 2.360678292349533, 48.816071933407947 ], [ 2.363328923996345, 48.816148134579045 ], [ 2.36420428117288, 48.816398323987137 ], [ 2.364821805599526, 48.8155669790047 ], [ 2.364608840701504, 48.815497494331836 ], [ 2.364703373798454, 48.815115758803564 ], [ 2.364535173476653, 48.815060901945337 ], [ 2.365133958780147, 48.81408915095799 ], [ 2.364986044883932, 48.814046094383336 ], [ 2.366242667101504, 48.811944603801784 ], [ 2.364874787161749, 48.811552407644285 ], [ 2.364220587843981, 48.811151401648281 ], [ 2.365483283730888, 48.809219031120101 ], [ 2.365436338877227, 48.809160321723773 ], [ 2.367944172429056, 48.808856123115319 ], [ 2.368204499084929, 48.808498643316241 ], [ 2.367151414886491, 48.808091945886751 ], [ 2.365516462386011, 48.807611100341333 ], [ 2.363167627589208, 48.807052681223809 ], [ 2.363135049130976, 48.807155937504334 ], [ 2.362783023257276, 48.807103695737496 ], [ 2.362113531576898, 48.806845597782065 ], [ 2.36137117481123, 48.807423539563104 ], [ 2.358997523317773, 48.806451185866784 ], [ 2.358053750529856, 48.806022508277593 ], [ 2.358402472535651, 48.805456864464233 ], [ 2.358670737873945, 48.804014779550144 ], [ 2.359618398937938, 48.80301523809873 ], [ 2.358236725995143, 48.803213789120896 ], [ 2.35676055900456, 48.803455886015406 ], [ 2.356378956093268, 48.803044607838828 ], [ 2.355474631780917, 48.803176442982576 ], [ 2.354076510061096, 48.802392718960924 ], [ 2.352996614525716, 48.803178345517033 ], [ 2.350800885775678, 48.802268844715847 ], [ 2.351094537938765, 48.80197543768891 ], [ 2.349329065898957, 48.801288595459482 ], [ 2.348510740148139, 48.801076377533363 ], [ 2.34781208130213, 48.801529460589528 ], [ 2.347478594657532, 48.801631970430833 ], [ 2.347534659868559, 48.8017213166518 ], [ 2.346187095456461, 48.80213037341349 ] ] ] } },
{ "type": "Feature", "properties": { "insee_com": "94044", "nom_arrondissement": "Limeil-Brévannes", "avg_circumference_cm": null, "tree_count": null, "pct_young_trees": null }, "geometry": { "type": "Polygon", "coordinates": [ [ [ 2.483006169704484, 48.731461820410935 ], [ 2.482375510724002, 48.732811843185218 ], [ 2.481942322308192, 48.733304654883447 ], [ 2.480983167627862, 48.734182836643292 ], [ 2.479905528550923, 48.734939969471093 ], [ 2.477774442718382, 48.735793225183073 ], [ 2.475441211013042, 48.738353581857652 ], [ 2.474721370926761, 48.738943143914575 ], [ 2.473410862134999, 48.739714481359719 ], [ 2.473592450473124, 48.739912258140428 ], [ 2.476032433606335, 48.740959138719688 ], [ 2.475683238853748, 48.741471181475887 ], [ 2.474618122292652, 48.742853422580311 ], [ 2.473841678190619, 48.744059737548362 ], [ 2.473840364868442, 48.744325063643736 ], [ 2.473487237267565, 48.744548364399328 ], [ 2.473395439670835, 48.745155074550922 ], [ 2.473481203280787, 48.746900344487422 ], [ 2.473633242525259, 48.748412952351629 ], [ 2.47357205003342, 48.748816525164308 ], [ 2.473399197243167, 48.748963268912732 ], [ 2.473262459222593, 48.750248844885064 ], [ 2.473050901295595, 48.750456578149688 ], [ 2.472526964056502, 48.752504053380328 ], [ 2.471499124169216, 48.752323221689664 ], [ 2.467797470818224, 48.751311118331884 ], [ 2.468613617022359, 48.756251686091368 ], [ 2.468796517482722, 48.760067837749546 ], [ 2.468727736578378, 48.760677337128747 ], [ 2.468175820519069, 48.762372980097247 ], [ 2.472122835990405, 48.763281810971073 ], [ 2.472497325940576, 48.762707839551851 ], [ 2.473504398181475, 48.761731020169044 ], [ 2.473997376548601, 48.761141376153084 ], [ 2.473872721689864, 48.761091359161568 ], [ 2.476312299621723, 48.759972413062933 ], [ 2.476722528840238, 48.759490324393035 ], [ 2.479547843113735, 48.760465046553875 ], [ 2.483409353285254, 48.756546856780872 ], [ 2.483456295663774, 48.756476905088363 ], [ 2.485953558493757, 48.757607457360976 ], [ 2.489159817830084, 48.758584491917226 ], [ 2.490543697271411, 48.758961862723936 ], [ 2.491951838756419, 48.759084785474421 ], [ 2.492990660287116, 48.759276278812003 ], [ 2.497489967166042, 48.754272042243315 ], [ 2.498370980440375, 48.753325058512239 ], [ 2.499020981988012, 48.752635232734434 ], [ 2.49921086734127, 48.752691793355375 ], [ 2.500945664600616, 48.750785085526047 ], [ 2.501071730189931, 48.750687575225946 ], [ 2.501554606511956, 48.748975290339587 ], [ 2.501133721676142, 48.748897081576594 ], [ 2.501587089681769, 48.747852044389006 ], [ 2.50147840830569, 48.747838998724824 ], [ 2.501458221358857, 48.747389201735913 ], [ 2.501591876250291, 48.746210612189792 ], [ 2.502644811489513, 48.746467741641645 ], [ 2.503096622718299, 48.745437980512136 ], [ 2.504535747206188, 48.743836684230651 ], [ 2.507515450161827, 48.745133394767471 ], [ 2.508324694710172, 48.745562158822487 ], [ 2.510172618873205, 48.746902703385253 ], [ 2.510438716791789, 48.747098070583448 ], [ 2.511902279463913, 48.745190983766669 ], [ 2.511783776969654, 48.744774064690496 ], [ 2.511800174118493, 48.744620329731603 ], [ 2.516929240284258, 48.738533169764452 ], [ 2.516236984216295, 48.738250643340102 ], [ 2.514973850210398, 48.73882115420497 ], [ 2.512308305057573, 48.737975622015639 ], [ 2.508616590986897, 48.73694412429856 ], [ 2.508560026250564, 48.736307992006516 ], [ 2.510049597978434, 48.73479227234602 ], [ 2.50960091168284, 48.73464472145519 ], [ 2.509187619355572, 48.733624862057674 ], [ 2.507400178475665, 48.73298789389596 ], [ 2.507661146074076, 48.735017197707215 ], [ 2.506169488529279, 48.735882588217876 ], [ 2.504140485817035, 48.735191506435434 ], [ 2.503949789022677, 48.735369701675438 ], [ 2.49453615246468, 48.732428629847938 ], [ 2.484630984053485, 48.729253526065435 ], [ 2.483006169704484, 48.731461820410935 ] ] ] } },
{ "type": "Feature", "properties": { "insee_com": "94046", "nom_arrondissement": "Maisons-Alfort", "avg_circumference_cm": null, "tree_count": null, "pct_young_trees": null }, "geometry": { "type": "Polygon", "coordinates": [ [ [ 2.427388014478521, 48.799943212773471 ], [ 2.426712165247769, 48.801729757853188 ], [ 2.425562744949443, 48.804479063815705 ], [ 2.424801655125338, 48.806329038220824 ], [ 2.423315937631205, 48.808564045367021 ], [ 2.422452253628496, 48.809705689961724 ], [ 2.421141400500661, 48.810891031515432 ], [ 2.419368165569918, 48.81226028488576 ], [ 2.41805393282095, 48.813492341901821 ], [ 2.41689602259823, 48.814866348424765 ], [ 2.416137575592829, 48.81595269394991 ], [ 2.415924536449185, 48.816248448204703 ], [ 2.418153282303646, 48.81667122976333 ], [ 2.419759482527856, 48.816867005071188 ], [ 2.421375727217032, 48.81677230855918 ], [ 2.42369098944956, 48.816273543682499 ], [ 2.424918584931206, 48.816346907709054 ], [ 2.42554642750935, 48.816468643594597 ], [ 2.426934357208267, 48.816576034034469 ], [ 2.42877508985575, 48.816499401474687 ], [ 2.431133891647532, 48.816246230621296 ], [ 2.432371792070382, 48.816124402384446 ], [ 2.43404041266502, 48.816218652553282 ], [ 2.434838304830629, 48.816359131895339 ], [ 2.436183724649175, 48.81674681927084 ], [ 2.437038904481299, 48.816880358916272 ], [ 2.438056440282346, 48.816860862336981 ], [ 2.440879527005734, 48.816361452911181 ], [ 2.441908937021193, 48.816249343413268 ], [ 2.443832408238709, 48.816200745998316 ], [ 2.448142692399291, 48.816073220333763 ], [ 2.450535017992168, 48.815858495045013 ], [ 2.4512624880379, 48.815706244001404 ], [ 2.452005565755901, 48.815364291805771 ], [ 2.454231762115093, 48.813582017521426 ], [ 2.454501210333761, 48.813339516026815 ], [ 2.455877439888908, 48.811955349560321 ], [ 2.45717763783157, 48.810935069180914 ], [ 2.45850224425267, 48.810182000224394 ], [ 2.460591900258327, 48.809314551866322 ], [ 2.462821564493517, 48.808199466818643 ], [ 2.464012204243567, 48.807350399210414 ], [ 2.460658256124317, 48.80605819207701 ], [ 2.460323408599227, 48.80631120606926 ], [ 2.457464289895581, 48.805109279966587 ], [ 2.456719554797703, 48.805497129379269 ], [ 2.455232963872126, 48.805863607953462 ], [ 2.454548423881776, 48.805961217333412 ], [ 2.452756783025995, 48.805032060133286 ], [ 2.452889848998579, 48.804937334534316 ], [ 2.449939262330432, 48.803007204372186 ], [ 2.448650856299456, 48.803818809975539 ], [ 2.448216086847604, 48.803474138028164 ], [ 2.447041814920044, 48.802506368734512 ], [ 2.446974286498182, 48.80245479130555 ], [ 2.447345370445696, 48.802255045011549 ], [ 2.445763671849382, 48.800811400185793 ], [ 2.445441833328708, 48.799709056202751 ], [ 2.443967013667709, 48.798085102205746 ], [ 2.442616139965253, 48.796208976315015 ], [ 2.44238656334394, 48.795908407954904 ], [ 2.439842089533278, 48.795287620797374 ], [ 2.440201841815587, 48.794365629781382 ], [ 2.440911981004922, 48.793519026971573 ], [ 2.436774218237157, 48.792337580302139 ], [ 2.438085431317568, 48.790789596827295 ], [ 2.439077251554151, 48.789189732197187 ], [ 2.435714606630926, 48.788236728084847 ], [ 2.436026095240481, 48.786997027896028 ], [ 2.43350855886945, 48.786700009788113 ], [ 2.432831619233327, 48.786618550881862 ], [ 2.43142727499641, 48.79008805353822 ], [ 2.428893900413105, 48.796324971208648 ], [ 2.427388014478521, 48.799943212773471 ] ] ] } },
{ "type": "Feature", "properties": { "insee_com": "94047", "nom_arrondissement": "Mandres-les-Roses", "avg_circumference_cm": null, "tree_count": null, "pct_young_trees": null }, "geometry": { "type": "Polygon", "coordinates": [ [ [ 2.526839013761558, 48.704683616296968 ], [ 2.526880071300303, 48.705102026469731 ], [ 2.528000926114702, 48.704983240743971 ], [ 2.528308321625073, 48.705254293439864 ], [ 2.529137178268237, 48.705266562259688 ], [ 2.529508029603947, 48.705584633911272 ], [ 2.52961016299102, 48.70616518558203 ], [ 2.532651557065405, 48.705407204522288 ], [ 2.533422951974547, 48.706985169932231 ], [ 2.533780194358334, 48.70807130820797 ], [ 2.533979524985178, 48.709188308507066 ], [ 2.534381223068911, 48.709711559376593 ], [ 2.536471465622742, 48.709560495279014 ], [ 2.537192350996217, 48.710109261228816 ], [ 2.537277615035253, 48.709996260984539 ], [ 2.539060867550944, 48.711213825193056 ], [ 2.539168453443773, 48.711035250016586 ], [ 2.541530250546581, 48.711848457527367 ], [ 2.543170157614628, 48.711913211807804 ], [ 2.545292415607784, 48.711838569054912 ], [ 2.54545387428474, 48.712339278384576 ], [ 2.547329943546704, 48.712130542691654 ], [ 2.548519781925302, 48.711904791681292 ], [ 2.549133095338019, 48.712967561613482 ], [ 2.550431880214133, 48.714613955249199 ], [ 2.550093348867543, 48.714940078192463 ], [ 2.551708564342449, 48.71583571038331 ], [ 2.551976454327103, 48.715663123307621 ], [ 2.553208175308257, 48.716427773749125 ], [ 2.553593738601551, 48.716163880169027 ], [ 2.553242155683409, 48.71579199245906 ], [ 2.553999684893208, 48.715422455355068 ], [ 2.555377968411264, 48.714779997215217 ], [ 2.55558281728832, 48.714985834276291 ], [ 2.557621744082881, 48.71417041658669 ], [ 2.557028314374721, 48.713465746283951 ], [ 2.55967908202934, 48.71245288499253 ], [ 2.558814336013811, 48.711364954999425 ], [ 2.560181240193223, 48.7107628729349 ], [ 2.560272452929836, 48.710906221662398 ], [ 2.561387542325655, 48.710670172952426 ], [ 2.563029357679742, 48.709204696326545 ], [ 2.56303439738727, 48.709089585055629 ], [ 2.564094203736747, 48.708794844059689 ], [ 2.565995347515023, 48.70848786641492 ], [ 2.566159988499259, 48.708955280348839 ], [ 2.566612898248134, 48.708913752736741 ], [ 2.566669441460265, 48.709142418634514 ], [ 2.567789096983075, 48.709003467260018 ], [ 2.568670840321186, 48.707226643791905 ], [ 2.568135407594653, 48.707060107067797 ], [ 2.567190619186396, 48.70660156037718 ], [ 2.564649850471914, 48.704414738560629 ], [ 2.561615395559017, 48.702464400509278 ], [ 2.56074936898457, 48.702190478505123 ], [ 2.558572087775753, 48.70191080573948 ], [ 2.557772676262674, 48.701636208930005 ], [ 2.554846774194388, 48.699752654879212 ], [ 2.553203584175596, 48.698207536490635 ], [ 2.550832246755596, 48.699029731625075 ], [ 2.548380503408903, 48.69892693065038 ], [ 2.546832286896814, 48.699146823416072 ], [ 2.54585925847172, 48.699474124069987 ], [ 2.544165567250885, 48.698609579139706 ], [ 2.542205896680648, 48.699884704250252 ], [ 2.541317095032994, 48.700364299623821 ], [ 2.540522984665541, 48.699499561291709 ], [ 2.539945359571838, 48.69905120276907 ], [ 2.537665718233634, 48.697774149166179 ], [ 2.536572114423267, 48.697291391817849 ], [ 2.536394224830953, 48.697126099032268 ], [ 2.536224380955985, 48.697279246771316 ], [ 2.535976605162609, 48.698711125011897 ], [ 2.536124680814875, 48.699786556046647 ], [ 2.535694721468595, 48.7010747081587 ], [ 2.534552601120167, 48.700846291988555 ], [ 2.534551020886077, 48.700718562606042 ], [ 2.531589119541032, 48.699918142725586 ], [ 2.531700397215561, 48.699782761143368 ], [ 2.531287310589564, 48.699631828320008 ], [ 2.530851834085207, 48.700158999016679 ], [ 2.530349592085415, 48.701007911584441 ], [ 2.529642580048126, 48.70180834296243 ], [ 2.528516237557269, 48.703748525125818 ], [ 2.528004533673509, 48.704132368862453 ], [ 2.526839013761558, 48.704683616296968 ] ] ] } },
{ "type": "Feature", "properties": { "insee_com": "94048", "nom_arrondissement": "Marolles-en-Brie", "avg_circumference_cm": null, "tree_count": null, "pct_young_trees": null }, "geometry": { "type": "Polygon", "coordinates": [ [ [ 2.549215406745332, 48.725798441438123 ], [ 2.548877656400624, 48.72539511593591 ], [ 2.544265817251799, 48.725448650443397 ], [ 2.544267598318788, 48.725244484424557 ], [ 2.543515146663826, 48.725319860080262 ], [ 2.538838183584555, 48.726128465169211 ], [ 2.536867822582619, 48.726331304427639 ], [ 2.537059315270201, 48.727427564081779 ], [ 2.537680507543439, 48.727440765165284 ], [ 2.536522474325112, 48.728173813322179 ], [ 2.534424960515535, 48.729514806418791 ], [ 2.544597545977639, 48.736363665974508 ], [ 2.552632584148755, 48.746822899598946 ], [ 2.543467911340336, 48.748770536658341 ], [ 2.543719890489612, 48.749040426835698 ], [ 2.546450098626345, 48.751959552974959 ], [ 2.549133188134521, 48.752021879982415 ], [ 2.551173163712557, 48.749998675995229 ], [ 2.554965207014933, 48.753667206477367 ], [ 2.557268668158132, 48.753755816775488 ], [ 2.557299622982942, 48.754596885961398 ], [ 2.559010595573305, 48.754139117719745 ], [ 2.560166941362314, 48.753314120148225 ], [ 2.56085048859217, 48.753066597903256 ], [ 2.568453850689409, 48.751442087685618 ], [ 2.569532519223427, 48.751269695153866 ], [ 2.570195162144008, 48.751239703049194 ], [ 2.570088260981056, 48.750677181844978 ], [ 2.56863662746001, 48.748416202829098 ], [ 2.573413863463896, 48.747839748352277 ], [ 2.57316759589657, 48.747019495948422 ], [ 2.573153158759323, 48.745125261979233 ], [ 2.572900919331556, 48.743873262464476 ], [ 2.568190219701672, 48.740393531157075 ], [ 2.568741189093369, 48.738555294616063 ], [ 2.565358098377573, 48.739026917594487 ], [ 2.565201298938929, 48.736790366963405 ], [ 2.564864075550282, 48.734994774887198 ], [ 2.562546769945692, 48.735357770305235 ], [ 2.558771366388854, 48.73625230027308 ], [ 2.557984275205002, 48.735423711055624 ], [ 2.556780089431764, 48.733115800700467 ], [ 2.556311245308395, 48.731165885535326 ], [ 2.555345893207303, 48.726056192304647 ], [ 2.554807737435101, 48.726351000797735 ], [ 2.553443137209918, 48.722334400875695 ], [ 2.549215406745332, 48.725798441438123 ] ] ] } },
{ "type": "Feature", "properties": { "insee_com": "94052", "nom_arrondissement": "Nogent-sur-Marne", "avg_circumference_cm": null, "tree_count": null, "pct_young_trees": null }, "geometry": { "type": "Polygon", "coordinates": [ [ [ 2.466903184908593, 48.827175614657897 ], [ 2.466693143421006, 48.826136810353582 ], [ 2.465730572119004, 48.826226047976633 ], [ 2.466178324692475, 48.827327971465536 ], [ 2.465232235297584, 48.827667302107429 ], [ 2.465094593138125, 48.827540775466929 ], [ 2.464661941154306, 48.827623379858743 ], [ 2.464646704073335, 48.827780700501833 ], [ 2.464702177139617, 48.829276591461515 ], [ 2.465272790705598, 48.83101761246408 ], [ 2.465627464284061, 48.831634361177308 ], [ 2.466273218864984, 48.832295577079314 ], [ 2.466938823254061, 48.832749125213198 ], [ 2.468618156780551, 48.833587606722695 ], [ 2.469496032469829, 48.834471077153125 ], [ 2.469834017515896, 48.835798230158602 ], [ 2.469803238423912, 48.836547258662662 ], [ 2.469472533957363, 48.837047633652084 ], [ 2.467913269660948, 48.838448200725288 ], [ 2.467319402317011, 48.839099389262024 ], [ 2.469547415633412, 48.839997852740453 ], [ 2.468713874319359, 48.840904300154882 ], [ 2.472222947542701, 48.842053917788988 ], [ 2.472578036225597, 48.840625512120312 ], [ 2.473157403838054, 48.840056075964533 ], [ 2.474241806538524, 48.8404745498202 ], [ 2.476016844946609, 48.84118113572606 ], [ 2.476334772630532, 48.841948776493126 ], [ 2.47675047677168, 48.842478515283105 ], [ 2.476800878291745, 48.842751239364702 ], [ 2.47758012667051, 48.842900339844533 ], [ 2.479235134315737, 48.843495731506025 ], [ 2.479869547325411, 48.841912035183661 ], [ 2.481497259064156, 48.842237471882534 ], [ 2.48191278350762, 48.842379571042976 ], [ 2.483204614832236, 48.842365372990059 ], [ 2.484127990204285, 48.843096933607988 ], [ 2.48551283935956, 48.843185637641312 ], [ 2.48583238559982, 48.843390264729351 ], [ 2.485701128359919, 48.84385016796039 ], [ 2.485578328068828, 48.844281328035024 ], [ 2.486479473094315, 48.844510037001747 ], [ 2.486427685448402, 48.845202313746135 ], [ 2.486514647961724, 48.845365469208964 ], [ 2.487171128669788, 48.845534664612195 ], [ 2.487517611224016, 48.845773577386225 ], [ 2.487168031092115, 48.84598792304454 ], [ 2.487370232979618, 48.846210928664085 ], [ 2.487653067136482, 48.846271497212264 ], [ 2.487724867519994, 48.846175574414907 ], [ 2.488167500187279, 48.846476052467764 ], [ 2.488877159154315, 48.846643667055091 ], [ 2.48997033362247, 48.847167255841612 ], [ 2.491584607921559, 48.847775789742357 ], [ 2.492339948897002, 48.845634952757209 ], [ 2.493103565143819, 48.843757651744632 ], [ 2.49382820868629, 48.841257826781877 ], [ 2.494296403978393, 48.838220893279598 ], [ 2.494314811587879, 48.838008723491541 ], [ 2.494496031080134, 48.836461699569035 ], [ 2.494786180974775, 48.835481728073681 ], [ 2.495305144182084, 48.834366018473894 ], [ 2.497647187109003, 48.830811720256001 ], [ 2.493203934725757, 48.831053789418803 ], [ 2.487719709475286, 48.831035821128708 ], [ 2.48700010236758, 48.831070509861398 ], [ 2.484779732380327, 48.831474671359295 ], [ 2.482951125742583, 48.831520741781119 ], [ 2.4776050534485, 48.830897637072013 ], [ 2.475687667276083, 48.830561879296773 ], [ 2.473200033029882, 48.829907004626513 ], [ 2.472224447807696, 48.829526769860813 ], [ 2.471401615097399, 48.828995209796425 ], [ 2.470868705736597, 48.8292923411827 ], [ 2.469554927605162, 48.830022200306644 ], [ 2.469476836046555, 48.830065922697159 ], [ 2.467813348981992, 48.828485545637179 ], [ 2.466903184908593, 48.827175614657897 ] ] ] } },
{ "type": "Feature", "properties": { "insee_com": "94053", "nom_arrondissement": "Noiseau", "avg_circumference_cm": null, "tree_count": null, "pct_young_trees": null }, "geometry": { "type": "Polygon", "coordinates": [ [ [ 2.535451635211888, 48.777039588532688 ], [ 2.536089611099612, 48.777068150092894 ], [ 2.536490608988673, 48.777424969401721 ], [ 2.537620704623349, 48.778125483427942 ], [ 2.53802612265698, 48.778292541146484 ], [ 2.53803879138129, 48.778398719190463 ], [ 2.537848848937993, 48.778487025087607 ], [ 2.537922705758798, 48.778752633339806 ], [ 2.539081872003554, 48.779402878689986 ], [ 2.539182116768157, 48.779609227467773 ], [ 2.539720645487306, 48.779807371992632 ], [ 2.540725888867328, 48.780478593079842 ], [ 2.540897224298691, 48.780958630020876 ], [ 2.544744604855123, 48.782515815045258 ], [ 2.545808203048371, 48.782281523062906 ], [ 2.547694811744982, 48.782402902805011 ], [ 2.549621281758891, 48.782322039133582 ], [ 2.550423167032106, 48.782763963618294 ], [ 2.551103564069514, 48.782932909697848 ], [ 2.553685080475365, 48.783282551199548 ], [ 2.554645566418208, 48.783964277732494 ], [ 2.557182719457164, 48.786342706172775 ], [ 2.558961608210546, 48.786990550739858 ], [ 2.561935027825261, 48.787867600732106 ], [ 2.563823654526824, 48.785496520639462 ], [ 2.563883605232371, 48.785000275249075 ], [ 2.563774206713468, 48.784736354066162 ], [ 2.563686158255166, 48.782895874870327 ], [ 2.564806720368392, 48.780554340826512 ], [ 2.56538726051958, 48.779642667975644 ], [ 2.565709231985107, 48.779383013870579 ], [ 2.566538353400072, 48.778195223654798 ], [ 2.565944664355643, 48.777910657517673 ], [ 2.566196122107576, 48.777455576273802 ], [ 2.565745467276856, 48.777318130048933 ], [ 2.566341409274746, 48.776348045246273 ], [ 2.566470739033442, 48.775850247722637 ], [ 2.566898390002363, 48.775314857539314 ], [ 2.567756225836193, 48.774592148882334 ], [ 2.568942577496284, 48.774785309282358 ], [ 2.569976434824306, 48.774825011123035 ], [ 2.570777697787587, 48.774687586267035 ], [ 2.570976910537629, 48.774456256724612 ], [ 2.571563484300856, 48.774445770171702 ], [ 2.572025609131168, 48.774344895006564 ], [ 2.572689172634434, 48.773905664958995 ], [ 2.572750053739557, 48.773616275848234 ], [ 2.57300248197486, 48.773531735331595 ], [ 2.57314347235776, 48.773263318453793 ], [ 2.574692032143712, 48.773257149392393 ], [ 2.57493206977266, 48.772521394520076 ], [ 2.576447793801115, 48.772702161313447 ], [ 2.57655972041258, 48.771652956902088 ], [ 2.57521436299878, 48.771441318121092 ], [ 2.575019408944534, 48.77165468234768 ], [ 2.573663357801079, 48.771586892336607 ], [ 2.570499364024943, 48.769155265062054 ], [ 2.571669965141274, 48.767108825625407 ], [ 2.569744219724059, 48.766349101853301 ], [ 2.568053448690479, 48.767288275244987 ], [ 2.563187923437108, 48.763562325222154 ], [ 2.561717451467506, 48.763538050828302 ], [ 2.561211073554902, 48.764218842788061 ], [ 2.560815322546591, 48.764524086506206 ], [ 2.559961503525903, 48.76574683677179 ], [ 2.559263133101132, 48.766118415308419 ], [ 2.558812389350888, 48.765844230916834 ], [ 2.557576051770862, 48.764835019490761 ], [ 2.556927622745411, 48.764291172058599 ], [ 2.556764482838396, 48.764277075646511 ], [ 2.550348369281369, 48.765541946281516 ], [ 2.543292863849448, 48.76520757958351 ], [ 2.542101137490842, 48.765352318802933 ], [ 2.540178691469727, 48.765972720712043 ], [ 2.54022599987814, 48.766007979748501 ], [ 2.539935600752782, 48.766230814246988 ], [ 2.539420018467646, 48.767302720224791 ], [ 2.539681039547137, 48.768097902838264 ], [ 2.54048889061768, 48.769064277425578 ], [ 2.540626591192874, 48.76949652181505 ], [ 2.54056175736701, 48.77067899021683 ], [ 2.539092208769516, 48.772069204561113 ], [ 2.537242155441761, 48.772933574218555 ], [ 2.536801143926473, 48.773255650158319 ], [ 2.536490291388227, 48.774549583933869 ], [ 2.536106455540902, 48.775173178260346 ], [ 2.535451635211888, 48.777039588532688 ] ] ] } },
{ "type": "Feature", "properties": { "insee_com": "94054", "nom_arrondissement": "Orly", "avg_circumference_cm": null, "tree_count": null, "pct_young_trees": null }, "geometry": { "type": "Polygon", "coordinates": [ [ [ 2.402109212476708, 48.738848909762368 ], [ 2.402554573556811, 48.738432000298054 ], [ 2.40275275094714, 48.737987768876096 ], [ 2.400915238351033, 48.737665556207119 ], [ 2.399438920568283, 48.73739010477663 ], [ 2.395280779165829, 48.737375409606457 ], [ 2.393645963514679, 48.737520022132642 ], [ 2.391122549581394, 48.737601619622623 ], [ 2.391188421027297, 48.737316832430317 ], [ 2.388377367708578, 48.736995753206941 ], [ 2.389039622050373, 48.736295780072318 ], [ 2.389212047642456, 48.73445819910026 ], [ 2.387905353697984, 48.734340874165852 ], [ 2.387791019630785, 48.73272668269135 ], [ 2.385106453187765, 48.732656218588943 ], [ 2.385219635594817, 48.731473129565934 ], [ 2.385012916015397, 48.731477461352874 ], [ 2.38498423314473, 48.72987179903685 ], [ 2.382342994373313, 48.729714248540681 ], [ 2.382283426898655, 48.72923273501349 ], [ 2.379780980630707, 48.729298009787186 ], [ 2.379618705563538, 48.728079311234197 ], [ 2.376524285881379, 48.727626053760439 ], [ 2.375841113280845, 48.727568515984416 ], [ 2.370220565465038, 48.727916760471501 ], [ 2.36933855215473, 48.746131248943513 ], [ 2.374500064060852, 48.746233053970116 ], [ 2.37419597686482, 48.748455765605662 ], [ 2.375237183602581, 48.74884977399698 ], [ 2.376693143349063, 48.749252234913484 ], [ 2.377799809628713, 48.749292185212333 ], [ 2.382057733205625, 48.748196300050992 ], [ 2.382615298308865, 48.749122903195698 ], [ 2.384008237252305, 48.748762228880452 ], [ 2.384533392546422, 48.749672465406448 ], [ 2.385657494255304, 48.749387737273736 ], [ 2.386207017829642, 48.750310683191785 ], [ 2.38879781332, 48.74963860500263 ], [ 2.389377469271739, 48.749618185428659 ], [ 2.387270836233477, 48.75284534811923 ], [ 2.388719579575458, 48.752719657366569 ], [ 2.389832243962934, 48.752486099459638 ], [ 2.390952926447, 48.752147338697206 ], [ 2.391919191291202, 48.75175201642886 ], [ 2.39323005287378, 48.750846661394696 ], [ 2.396964062298642, 48.751993463362574 ], [ 2.39903915510241, 48.752396975585448 ], [ 2.399331955517414, 48.750828942763967 ], [ 2.399429780618482, 48.749655676779973 ], [ 2.403977336547271, 48.750553609329685 ], [ 2.406055094761955, 48.751081134833591 ], [ 2.413313635583216, 48.752473357376829 ], [ 2.413757925128053, 48.751669651189999 ], [ 2.416594400237257, 48.752477738462403 ], [ 2.418113276046078, 48.752886294323567 ], [ 2.420153182819468, 48.749739221843178 ], [ 2.421243811284406, 48.750616060370611 ], [ 2.424577818188372, 48.752690065053571 ], [ 2.427480687659613, 48.750936642244447 ], [ 2.432754767326257, 48.748115119499474 ], [ 2.435051197460845, 48.74655110388705 ], [ 2.436591501970315, 48.745096805460769 ], [ 2.435564040387635, 48.744779849505569 ], [ 2.432848284624691, 48.744138276143019 ], [ 2.428728460555628, 48.743431467085024 ], [ 2.428644070232644, 48.743562380656009 ], [ 2.428150928972352, 48.743514148530636 ], [ 2.424339750083616, 48.742699833398966 ], [ 2.423691715323689, 48.743749045787773 ], [ 2.421818806676603, 48.743277681028303 ], [ 2.421049792619232, 48.74468426767212 ], [ 2.418812025212523, 48.744368487400187 ], [ 2.419051125851337, 48.743658198275746 ], [ 2.41731982635675, 48.74329718278036 ], [ 2.415096696722199, 48.743017380963046 ], [ 2.414782378441307, 48.743639149488992 ], [ 2.408724914122307, 48.742209781164597 ], [ 2.407812576158776, 48.742433716253657 ], [ 2.407287501730676, 48.74232587652596 ], [ 2.407073296638703, 48.742267248930062 ], [ 2.407441140672494, 48.741609787731001 ], [ 2.406480822482639, 48.741269527204182 ], [ 2.406548588943516, 48.741170026479473 ], [ 2.405715750050887, 48.740861873558458 ], [ 2.405575155616801, 48.740907944399034 ], [ 2.405024899753663, 48.740744203919292 ], [ 2.405412588661002, 48.740375566760733 ], [ 2.405181023422342, 48.740289865996928 ], [ 2.404381067573823, 48.739962079596253 ], [ 2.404528760986239, 48.739770336406814 ], [ 2.402109212476708, 48.738848909762368 ] ] ] } },
{ "type": "Feature", "properties": { "insee_com": "94055", "nom_arrondissement": "Ormesson-sur-Marne", "avg_circumference_cm": null, "tree_count": null, "pct_young_trees": null }, "geometry": { "type": "Polygon", "coordinates": [ [ [ 2.512579818261904, 48.781297963844366 ], [ 2.515080904221636, 48.78323734783374 ], [ 2.515407545515145, 48.783823280577877 ], [ 2.516377932699392, 48.784265217849281 ], [ 2.517932114477121, 48.785455102004235 ], [ 2.518632398920522, 48.785083776931451 ], [ 2.518109009083141, 48.784722808724432 ], [ 2.518982323704703, 48.784183092756116 ], [ 2.520134475361654, 48.783659780090474 ], [ 2.519885722924951, 48.783478002258796 ], [ 2.522385564837237, 48.782025602225687 ], [ 2.524888746805698, 48.783927911244646 ], [ 2.525478429624942, 48.783588484242976 ], [ 2.525738535286835, 48.783571529006025 ], [ 2.528753461446927, 48.785948864745585 ], [ 2.53055068372869, 48.786787877433341 ], [ 2.531962973074136, 48.790487216583948 ], [ 2.532600977594976, 48.792050153464622 ], [ 2.532657711917426, 48.792098942309678 ], [ 2.533023659113193, 48.792123756896387 ], [ 2.539026717435655, 48.791192812040471 ], [ 2.539495481901832, 48.791289055089607 ], [ 2.541146770089972, 48.791272022636598 ], [ 2.544427910505959, 48.790730552519662 ], [ 2.545936690016686, 48.790663444227413 ], [ 2.54675858519477, 48.793670517841164 ], [ 2.547740255544522, 48.796474022062036 ], [ 2.547562305149718, 48.796900555812471 ], [ 2.548176399114249, 48.797043182674848 ], [ 2.547378488751838, 48.79753212628173 ], [ 2.553420852887868, 48.798253675739119 ], [ 2.553315240062581, 48.798027536166522 ], [ 2.553374938817391, 48.796461034317367 ], [ 2.553420484536869, 48.795593299117854 ], [ 2.553506198348485, 48.795599015665331 ], [ 2.553548461368611, 48.795273596434789 ], [ 2.554069261122838, 48.794704431522149 ], [ 2.555750029613207, 48.794434579811288 ], [ 2.554433915357081, 48.792652494191046 ], [ 2.555396659117126, 48.791972545849532 ], [ 2.557409321656985, 48.790596758864858 ], [ 2.560701560264244, 48.789034976969184 ], [ 2.561620161783558, 48.78824508908567 ], [ 2.561935027825261, 48.787867600732106 ], [ 2.558961608210546, 48.786990550739858 ], [ 2.557182719457164, 48.786342706172775 ], [ 2.554645566418208, 48.783964277732494 ], [ 2.553685080475365, 48.783282551199548 ], [ 2.551103564069514, 48.782932909697848 ], [ 2.550423167032106, 48.782763963618294 ], [ 2.549621281758891, 48.782322039133582 ], [ 2.547694811744982, 48.782402902805011 ], [ 2.545808203048371, 48.782281523062906 ], [ 2.544744604855123, 48.782515815045258 ], [ 2.540897224298691, 48.780958630020876 ], [ 2.540725888867328, 48.780478593079842 ], [ 2.539720645487306, 48.779807371992632 ], [ 2.539182116768157, 48.779609227467773 ], [ 2.539081872003554, 48.779402878689986 ], [ 2.537922705758798, 48.778752633339806 ], [ 2.537848848937993, 48.778487025087607 ], [ 2.53803879138129, 48.778398719190463 ], [ 2.53802612265698, 48.778292541146484 ], [ 2.537620704623349, 48.778125483427942 ], [ 2.536490608988673, 48.777424969401721 ], [ 2.536089611099612, 48.777068150092894 ], [ 2.535451635211888, 48.777039588532688 ], [ 2.534898854159842, 48.776918717043131 ], [ 2.534585847780063, 48.77707309432423 ], [ 2.534442989446251, 48.777069839522433 ], [ 2.532714608037776, 48.776931779470104 ], [ 2.532432419737398, 48.776835338991447 ], [ 2.532265582587672, 48.776926424771887 ], [ 2.531950698530546, 48.776682353466803 ], [ 2.531727894686641, 48.776641007362514 ], [ 2.531311929994674, 48.776742807313212 ], [ 2.531350536597017, 48.776535197223787 ], [ 2.531229428027781, 48.776534722089295 ], [ 2.531037449285261, 48.776697659580009 ], [ 2.530956352464607, 48.776636181981402 ], [ 2.531020758413327, 48.776434969065114 ], [ 2.530779296049471, 48.776501476024855 ], [ 2.530542829589611, 48.776466369842232 ], [ 2.530588500557987, 48.776835303557299 ], [ 2.530307378907542, 48.776923239330117 ], [ 2.530438363092433, 48.777036179258708 ], [ 2.530157580182694, 48.77708634118725 ], [ 2.529868923336906, 48.777255192305553 ], [ 2.530154089861767, 48.777322869721552 ], [ 2.529944673750868, 48.777456955991148 ], [ 2.529639175936849, 48.777380204042046 ], [ 2.52964265746493, 48.777597872558573 ], [ 2.52941491116779, 48.777500739922445 ], [ 2.529508397845025, 48.777848276476902 ], [ 2.529699793085141, 48.7779020946261 ], [ 2.529649628714155, 48.77803231009915 ], [ 2.529318384243457, 48.778093963561759 ], [ 2.52921786049477, 48.778224879830141 ], [ 2.528987674736084, 48.778096257842229 ], [ 2.528778926565518, 48.778155694472716 ], [ 2.528454277511401, 48.778089656809897 ], [ 2.528280178217516, 48.778230175281827 ], [ 2.52791410891279, 48.778079429041043 ], [ 2.527592623877033, 48.778115033697567 ], [ 2.527183239630733, 48.777488331302678 ], [ 2.527307706992647, 48.777268470748481 ], [ 2.526716278911408, 48.777059267193117 ], [ 2.52371582083461, 48.776741547028465 ], [ 2.522153134480125, 48.776940370455591 ], [ 2.520256301667093, 48.776774474105991 ], [ 2.52058821036648, 48.777085200419144 ], [ 2.521014467983501, 48.777792040247832 ], [ 2.522599661071692, 48.779598982899685 ], [ 2.519894481067435, 48.780751065551677 ], [ 2.519736821152997, 48.780876347663771 ], [ 2.512249947028823, 48.780917071579488 ], [ 2.512579818261904, 48.781297963844366 ] ] ] } },
{ "type": "Feature", "properties": { "insee_com": "94056", "nom_arrondissement": "Périgny", "avg_circumference_cm": null, "tree_count": null, "pct_young_trees": null }, "geometry": { "type": "Polygon", "coordinates": [ [ [ 2.568670840321186, 48.707226643791905 ], [ 2.569915178587503, 48.705472705927484 ], [ 2.569788198335139, 48.705215004391519 ], [ 2.570805888426073, 48.703911763238636 ], [ 2.569929928207352, 48.703350047170431 ], [ 2.571355065549065, 48.702730954469367 ], [ 2.572552112582978, 48.702083144341131 ], [ 2.574418151309177, 48.70071094965806 ], [ 2.575808681878364, 48.699987342303949 ], [ 2.581541683886729, 48.697424348201409 ], [ 2.580128698227796, 48.697071292230994 ], [ 2.578849586774366, 48.696968741829366 ], [ 2.574703268497743, 48.69606446430894 ], [ 2.572153393459153, 48.695346570258245 ], [ 2.570782232004547, 48.69504392237404 ], [ 2.571628191499466, 48.693447720343769 ], [ 2.571606739100839, 48.692749660194742 ], [ 2.571759582777487, 48.692003654536009 ], [ 2.569745535605082, 48.691579054792982 ], [ 2.569739387138337, 48.691830882514992 ], [ 2.566090860769944, 48.69174660704801 ], [ 2.56590686795461, 48.690998482584114 ], [ 2.564328041296309, 48.691016111799712 ], [ 2.561086239341186, 48.690717296342655 ], [ 2.56124108445272, 48.689588137229073 ], [ 2.554925129259891, 48.688476379227978 ], [ 2.555043636329471, 48.687641215988499 ], [ 2.553683865071772, 48.687630738104502 ], [ 2.553920835954931, 48.688357495199966 ], [ 2.551386959527589, 48.6885431751016 ], [ 2.549768028625708, 48.688493000416869 ], [ 2.548952522724467, 48.689010710631763 ], [ 2.550603128136692, 48.68980307584539 ], [ 2.550956447728368, 48.690108426324393 ], [ 2.551077285059558, 48.690433588531114 ], [ 2.550611848838297, 48.691001197610241 ], [ 2.549905550089404, 48.691612869178137 ], [ 2.549375315633361, 48.691656739731641 ], [ 2.548449375690138, 48.692527517691438 ], [ 2.547300564426207, 48.69277321400245 ], [ 2.546244634630146, 48.693117294250207 ], [ 2.545784872819772, 48.693179406226001 ], [ 2.545366681550437, 48.69314813060037 ], [ 2.545278716295544, 48.693576839706992 ], [ 2.546777916535972, 48.693820903825646 ], [ 2.546631772059909, 48.693909395320837 ], [ 2.546504158985313, 48.694524143220832 ], [ 2.546598889113212, 48.694567677591884 ], [ 2.546681757688535, 48.695352324238826 ], [ 2.545289910083273, 48.695101472992604 ], [ 2.544165443083002, 48.694572793927549 ], [ 2.543897901258943, 48.694559178675206 ], [ 2.543770865003576, 48.694636946142865 ], [ 2.543472292671247, 48.695376061857964 ], [ 2.54292206351733, 48.696303099373836 ], [ 2.54240561186093, 48.696784130307329 ], [ 2.543678782376833, 48.697870160249181 ], [ 2.544270645299834, 48.698557811939764 ], [ 2.544165567250885, 48.698609579139706 ], [ 2.54585925847172, 48.699474124069987 ], [ 2.546832286896814, 48.699146823416072 ], [ 2.548380503408903, 48.69892693065038 ], [ 2.550832246755596, 48.699029731625075 ], [ 2.553203584175596, 48.698207536490635 ], [ 2.554846774194388, 48.699752654879212 ], [ 2.557772676262674, 48.701636208930005 ], [ 2.558572087775753, 48.70191080573948 ], [ 2.56074936898457, 48.702190478505123 ], [ 2.561615395559017, 48.702464400509278 ], [ 2.564649850471914, 48.704414738560629 ], [ 2.567190619186396, 48.70660156037718 ], [ 2.568135407594653, 48.707060107067797 ], [ 2.568670840321186, 48.707226643791905 ] ] ] } },
{ "type": "Feature", "properties": { "insee_com": "94058", "nom_arrondissement": "Le Perreux-sur-Marne", "avg_circumference_cm": null, "tree_count": null, "pct_young_trees": null }, "geometry": { "type": "Polygon", "coordinates": [ [ [ 2.494296403978393, 48.838220893279598 ], [ 2.49382820868629, 48.841257826781877 ], [ 2.493103565143819, 48.843757651744632 ], [ 2.492339948897002, 48.845634952757209 ], [ 2.491584607921559, 48.847775789742357 ], [ 2.491403835138231, 48.848286749565993 ], [ 2.493496742415717, 48.848727314163142 ], [ 2.493620910316785, 48.850674022282789 ], [ 2.493289457263242, 48.851686179511113 ], [ 2.49433704941015, 48.852007180177651 ], [ 2.494473935571341, 48.852085102096218 ], [ 2.494437806336736, 48.852156896882725 ], [ 2.495773884590151, 48.852805564644591 ], [ 2.495935623513359, 48.852991510607929 ], [ 2.496013553444422, 48.85338844868982 ], [ 2.497301000045605, 48.854986597526661 ], [ 2.500003124022952, 48.855743471697636 ], [ 2.502721967109344, 48.856898760512479 ], [ 2.503231601049557, 48.857194960914491 ], [ 2.504571702892497, 48.857302141842062 ], [ 2.505484355285314, 48.857212385717695 ], [ 2.506664675247734, 48.855338539015172 ], [ 2.507290065212623, 48.854636033409157 ], [ 2.508092477983368, 48.854091636609184 ], [ 2.508560817753058, 48.853419954903224 ], [ 2.511405937839159, 48.852452223899739 ], [ 2.511972159964221, 48.852527381339208 ], [ 2.513462166717925, 48.851310344537296 ], [ 2.513355074220558, 48.850665979769126 ], [ 2.513112938435085, 48.850327741088421 ], [ 2.513513330623282, 48.850063164174216 ], [ 2.512682164977509, 48.849323219338544 ], [ 2.512110564942973, 48.848661670521679 ], [ 2.511704515450061, 48.847930645380544 ], [ 2.511377616854992, 48.846897761417253 ], [ 2.511301387691579, 48.845145522734413 ], [ 2.511455047087966, 48.844307058903112 ], [ 2.512049653551953, 48.842505392048707 ], [ 2.513270260402962, 48.839320367727147 ], [ 2.514031490694133, 48.838630961521325 ], [ 2.516256437910632, 48.837154248964865 ], [ 2.516532672873688, 48.836896351950521 ], [ 2.517045706179289, 48.836224808380123 ], [ 2.517671660288868, 48.834832434985046 ], [ 2.517656354547166, 48.83413087595347 ], [ 2.516566775538938, 48.831750376302587 ], [ 2.515794491823746, 48.831150977845049 ], [ 2.514115165629912, 48.830239412369423 ], [ 2.513150223570996, 48.829854159921737 ], [ 2.511746138319793, 48.829379869597616 ], [ 2.511092695415437, 48.829335829584963 ], [ 2.510304090749373, 48.829469305954582 ], [ 2.508297528494612, 48.830051053350864 ], [ 2.506929644118975, 48.830218098885588 ], [ 2.505725068936504, 48.830257195373939 ], [ 2.503918613650951, 48.830702094045726 ], [ 2.504449157406432, 48.830062150604604 ], [ 2.505074291799467, 48.829644737991622 ], [ 2.501049931110265, 48.830255770039237 ], [ 2.498872914148445, 48.830699945544112 ], [ 2.497647187109003, 48.830811720256001 ], [ 2.495305144182084, 48.834366018473894 ], [ 2.494786180974775, 48.835481728073681 ], [ 2.494496031080134, 48.836461699569035 ], [ 2.494314811587879, 48.838008723491541 ], [ 2.494296403978393, 48.838220893279598 ] ] ] } },
{ "type": "Feature", "properties": { "insee_com": "94059", "nom_arrondissement": "Le Plessis-Trévise", "avg_circumference_cm": null, "tree_count": null, "pct_young_trees": null }, "geometry": { "type": "Polygon", "coordinates": [ [ [ 2.575998804047205, 48.793465745767399 ], [ 2.575013097172123, 48.795490354865294 ], [ 2.572239359155153, 48.795582089880568 ], [ 2.571798531829081, 48.796548247024283 ], [ 2.571740051717921, 48.798531173628923 ], [ 2.5715370969436, 48.798875808393895 ], [ 2.571236389633197, 48.799518686275562 ], [ 2.570965881021138, 48.802116920665448 ], [ 2.569195403397833, 48.803172717752567 ], [ 2.566462640956687, 48.805163950423243 ], [ 2.55809248722127, 48.803631341762383 ], [ 2.55770723945705, 48.804747842632977 ], [ 2.559758049882264, 48.805033320328057 ], [ 2.559434008226007, 48.805676979117514 ], [ 2.559271164995166, 48.805773511431802 ], [ 2.559012345601691, 48.80643179914216 ], [ 2.558824283752001, 48.806611879646724 ], [ 2.558949052741452, 48.806670799420552 ], [ 2.558492071801771, 48.807574782840902 ], [ 2.558460533320586, 48.807761736202814 ], [ 2.561313317005534, 48.810817515052783 ], [ 2.562057048318927, 48.811599996606063 ], [ 2.562852859609563, 48.811695544287971 ], [ 2.564220243864044, 48.812322900560737 ], [ 2.56481408592297, 48.812798132208549 ], [ 2.565086548317922, 48.81360136117663 ], [ 2.565481081856963, 48.813974235056037 ], [ 2.562249244705953, 48.815957244614957 ], [ 2.560755460222575, 48.81674680687054 ], [ 2.557366342999972, 48.818765976975158 ], [ 2.557902970820014, 48.819404712810794 ], [ 2.556054269536024, 48.820909695005049 ], [ 2.559680451674885, 48.822773092054099 ], [ 2.560530289143607, 48.822295958823567 ], [ 2.562453898398718, 48.821430630987145 ], [ 2.563820462559669, 48.820557844959147 ], [ 2.565114832354513, 48.820334121057535 ], [ 2.567294784544773, 48.819414785188904 ], [ 2.567826888729162, 48.818971524130561 ], [ 2.568720509727214, 48.817959367531593 ], [ 2.569577979914134, 48.816867929114267 ], [ 2.569756340045211, 48.815222729682716 ], [ 2.570025333389823, 48.81497097503955 ], [ 2.571729755201505, 48.8142117302625 ], [ 2.574488840049844, 48.813700847278191 ], [ 2.574159689314532, 48.812984677232684 ], [ 2.578145511983843, 48.811982520196537 ], [ 2.581100675991474, 48.810602485023836 ], [ 2.582858621459624, 48.810093292374667 ], [ 2.587160830554088, 48.809153094365158 ], [ 2.59014707448353, 48.808791929103776 ], [ 2.591775429719271, 48.807249681474531 ], [ 2.593032467333345, 48.806866337823806 ], [ 2.594271776545201, 48.806659197815051 ], [ 2.59482728784015, 48.806486603574555 ], [ 2.596429183160613, 48.805873253507364 ], [ 2.59647490726111, 48.805770879294322 ], [ 2.59319640322373, 48.800162951344362 ], [ 2.592193922533282, 48.799526372881402 ], [ 2.591455193323901, 48.797374333027179 ], [ 2.591020323471046, 48.796582290095728 ], [ 2.588457590230575, 48.793219695752022 ], [ 2.586218034484173, 48.793257831342522 ], [ 2.582055346176936, 48.794105855608827 ], [ 2.581957641699893, 48.793727772730705 ], [ 2.579505822782256, 48.79391973398829 ], [ 2.576965926365477, 48.793723698736564 ], [ 2.575998804047205, 48.793465745767399 ] ] ] } },
{ "type": "Feature", "properties": { "insee_com": "94060", "nom_arrondissement": "La Queue-en-Brie", "avg_circumference_cm": null, "tree_count": null, "pct_young_trees": null }, "geometry": { "type": "Polygon", "coordinates": [ [ [ 2.581163228681354, 48.754997762009729 ], [ 2.578929112167629, 48.755069953361776 ], [ 2.577022578302263, 48.755002954986495 ], [ 2.575597046811676, 48.755670659342236 ], [ 2.573285362234747, 48.756574427413085 ], [ 2.571989164920975, 48.757218266008429 ], [ 2.57290254158737, 48.758141635267947 ], [ 2.569931117137668, 48.76067360849796 ], [ 2.570207192196019, 48.761014579460287 ], [ 2.570701191314217, 48.760993870874458 ], [ 2.571399103345566, 48.760825489473461 ], [ 2.57312958328447, 48.760819994620967 ], [ 2.576257700037622, 48.759914634654557 ], [ 2.576972838573841, 48.760973977005591 ], [ 2.580790769576598, 48.764961923477273 ], [ 2.576757068298579, 48.766109731420201 ], [ 2.577297626552407, 48.766729537291525 ], [ 2.577451476051897, 48.767724823595614 ], [ 2.577104099819811, 48.767777558544367 ], [ 2.57604757067811, 48.768535608903484 ], [ 2.574918926912912, 48.768120570081344 ], [ 2.574198478260529, 48.768038856505129 ], [ 2.573514332108064, 48.767843943192155 ], [ 2.571669965141274, 48.767108825625407 ], [ 2.570499364024943, 48.769155265062054 ], [ 2.573663357801079, 48.771586892336607 ], [ 2.575019408944534, 48.77165468234768 ], [ 2.57521436299878, 48.771441318121092 ], [ 2.57655972041258, 48.771652956902088 ], [ 2.576447793801115, 48.772702161313447 ], [ 2.57493206977266, 48.772521394520076 ], [ 2.574692032143712, 48.773257149392393 ], [ 2.57314347235776, 48.773263318453793 ], [ 2.57300248197486, 48.773531735331595 ], [ 2.572750053739557, 48.773616275848234 ], [ 2.572689172634434, 48.773905664958995 ], [ 2.572025609131168, 48.774344895006564 ], [ 2.571563484300856, 48.774445770171702 ], [ 2.570976910537629, 48.774456256724612 ], [ 2.570777697787587, 48.774687586267035 ], [ 2.569976434824306, 48.774825011123035 ], [ 2.568942577496284, 48.774785309282358 ], [ 2.567756225836193, 48.774592148882334 ], [ 2.566898390002363, 48.775314857539314 ], [ 2.566470739033442, 48.775850247722637 ], [ 2.566341409274746, 48.776348045246273 ], [ 2.565745467276856, 48.777318130048933 ], [ 2.566196122107576, 48.777455576273802 ], [ 2.565944664355643, 48.777910657517673 ], [ 2.566538353400072, 48.778195223654798 ], [ 2.565709231985107, 48.779383013870579 ], [ 2.56538726051958, 48.779642667975644 ], [ 2.564806720368392, 48.780554340826512 ], [ 2.563686158255166, 48.782895874870327 ], [ 2.563774206713468, 48.784736354066162 ], [ 2.563883605232371, 48.785000275249075 ], [ 2.563823654526824, 48.785496520639462 ], [ 2.561935027825261, 48.787867600732106 ], [ 2.561620161783558, 48.78824508908567 ], [ 2.560701560264244, 48.789034976969184 ], [ 2.557409321656985, 48.790596758864858 ], [ 2.555396659117126, 48.791972545849532 ], [ 2.55586173381263, 48.792346621256904 ], [ 2.561621205501125, 48.794924838804818 ], [ 2.565518477068014, 48.796573249748505 ], [ 2.567440688998358, 48.797229575975898 ], [ 2.5715370969436, 48.798875808393895 ], [ 2.571740051717921, 48.798531173628923 ], [ 2.571798531829081, 48.796548247024283 ], [ 2.572239359155153, 48.795582089880568 ], [ 2.575013097172123, 48.795490354865294 ], [ 2.575998804047205, 48.793465745767399 ], [ 2.576965926365477, 48.793723698736564 ], [ 2.579505822782256, 48.79391973398829 ], [ 2.581957641699893, 48.793727772730705 ], [ 2.582055346176936, 48.794105855608827 ], [ 2.586218034484173, 48.793257831342522 ], [ 2.588457590230575, 48.793219695752022 ], [ 2.591020323471046, 48.796582290095728 ], [ 2.591455193323901, 48.797374333027179 ], [ 2.592823481296185, 48.797358316496961 ], [ 2.59290539884094, 48.797502496384396 ], [ 2.596018147967495, 48.796887089304654 ], [ 2.597806672957273, 48.796040508236345 ], [ 2.599889349772645, 48.794994322953528 ], [ 2.598983098433553, 48.792821075099233 ], [ 2.597842237470451, 48.79125051410476 ], [ 2.595830679672976, 48.789807409213871 ], [ 2.596852484614141, 48.788981626401146 ], [ 2.594088556341069, 48.788212287896705 ], [ 2.594358176402648, 48.787671772030436 ], [ 2.595091580839736, 48.784895147431271 ], [ 2.592094321004177, 48.785277986799905 ], [ 2.59173138433527, 48.784001411622228 ], [ 2.591481862894331, 48.783538271739886 ], [ 2.591186669757966, 48.783693756226747 ], [ 2.590348062496979, 48.783723262191536 ], [ 2.589990998306551, 48.783611412372316 ], [ 2.589599757476922, 48.783172964930472 ], [ 2.588303936770964, 48.783021006906161 ], [ 2.588712100552494, 48.781656235400831 ], [ 2.588694197143833, 48.780474370754987 ], [ 2.58809878038796, 48.778493651131441 ], [ 2.585453032828396, 48.778864944767818 ], [ 2.585470028334607, 48.777068010323944 ], [ 2.585662465761026, 48.776483170397313 ], [ 2.58606548298713, 48.775769546395672 ], [ 2.586429935019515, 48.774254422931506 ], [ 2.586646979467779, 48.773824361925058 ], [ 2.587256723044187, 48.7731195420739 ], [ 2.588889139618009, 48.771794957951982 ], [ 2.589455069613952, 48.771117856465018 ], [ 2.589674064200113, 48.771300287922905 ], [ 2.590416068525285, 48.771591542009929 ], [ 2.592171318789892, 48.7710731965024 ], [ 2.593162485455362, 48.771345497104427 ], [ 2.593520996078603, 48.771611141348814 ], [ 2.594779775205257, 48.771942799652244 ], [ 2.595317870909332, 48.772213544354081 ], [ 2.59646486196524, 48.772223720155182 ], [ 2.597200009611473, 48.772352117177952 ], [ 2.598052292511425, 48.772642795758046 ], [ 2.597966065738031, 48.773237907954673 ], [ 2.598969335793448, 48.773538081715266 ], [ 2.600849811167473, 48.774079521590345 ], [ 2.603182141821282, 48.774436257865354 ], [ 2.604633523804278, 48.774328645213068 ], [ 2.605216177410666, 48.774655254615148 ], [ 2.605819498533266, 48.774768772080378 ], [ 2.606357062076901, 48.77476065118347 ], [ 2.607166155561862, 48.774473708410348 ], [ 2.607665172291545, 48.773438342397412 ], [ 2.608230842750455, 48.772765649836828 ], [ 2.611451250856547, 48.770443124988681 ], [ 2.612077441808698, 48.7696716754417 ], [ 2.612379134382987, 48.768438675859343 ], [ 2.612879977553826, 48.767318745189691 ], [ 2.612750554257742, 48.766974753718443 ], [ 2.613009393445092, 48.766012331411758 ], [ 2.613258123458477, 48.765678558710363 ], [ 2.615019719645826, 48.764057226355931 ], [ 2.615620165792937, 48.76288453627545 ], [ 2.615681855455965, 48.762451220916837 ], [ 2.615566394065663, 48.762057808607061 ], [ 2.61490261017058, 48.761305564630071 ], [ 2.61483467068652, 48.761110174109817 ], [ 2.613651742567928, 48.761025406721807 ], [ 2.611326871749101, 48.761199543945921 ], [ 2.611593892729564, 48.76041702818619 ], [ 2.604988268184282, 48.759101113513694 ], [ 2.602743306041225, 48.758971347485883 ], [ 2.5974672642853, 48.760635577362358 ], [ 2.587326458545126, 48.763955761714548 ], [ 2.581163228681354, 48.754997762009729 ] ] ] } },
{ "type": "Feature", "properties": { "insee_com": "94065", "nom_arrondissement": "Rungis", "avg_circumference_cm": null, "tree_count": null, "pct_young_trees": null }, "geometry": { "type": "Polygon", "coordinates": [ [ [ 2.356726079737748, 48.738133586291141 ], [ 2.353893223808796, 48.738708323445834 ], [ 2.348942214833959, 48.74098130341148 ], [ 2.347826108627052, 48.741495089694858 ], [ 2.347574493326352, 48.741170814859203 ], [ 2.345520362064085, 48.741656963695299 ], [ 2.344508527545155, 48.740685410191169 ], [ 2.342578223236282, 48.740300627236699 ], [ 2.341990221721054, 48.740342359984155 ], [ 2.338917228081257, 48.741601694144578 ], [ 2.338847814606579, 48.741498773172616 ], [ 2.337904027515095, 48.741713007082446 ], [ 2.337057595907794, 48.742185015021462 ], [ 2.337792054249356, 48.74314340009073 ], [ 2.336424555241782, 48.743842769046978 ], [ 2.33631307756023, 48.744053518298685 ], [ 2.336386294682004, 48.744285081857328 ], [ 2.333580793768737, 48.746828365196031 ], [ 2.331287751743152, 48.747781543170369 ], [ 2.33053510633001, 48.748245933534292 ], [ 2.332160866329136, 48.749488168225355 ], [ 2.333232606962219, 48.748852858198205 ], [ 2.333080084390569, 48.748761163088574 ], [ 2.33385526108745, 48.748341854626368 ], [ 2.33416935695362, 48.748562170183654 ], [ 2.335539479873912, 48.747775598060649 ], [ 2.335625535570447, 48.747853428693844 ], [ 2.336094051377589, 48.747588901264727 ], [ 2.337131586532869, 48.748355591100939 ], [ 2.337343358569653, 48.748280314296693 ], [ 2.338262078517426, 48.749409707098039 ], [ 2.338693912897933, 48.750323229484138 ], [ 2.339839140383543, 48.752046590124493 ], [ 2.341012780493988, 48.753141389045233 ], [ 2.342862262136574, 48.755229272511336 ], [ 2.343932739524149, 48.756317175228126 ], [ 2.344661201315327, 48.757345627181266 ], [ 2.344926257515153, 48.758771778949331 ], [ 2.345568570045082, 48.759731393721481 ], [ 2.34616531341681, 48.760420926183883 ], [ 2.348102137078079, 48.758493244518469 ], [ 2.350512294421437, 48.75951103840994 ], [ 2.350965525964485, 48.759055693111605 ], [ 2.354249647893761, 48.760473005678115 ], [ 2.355484015794443, 48.759223172611129 ], [ 2.35812949911557, 48.760368000717449 ], [ 2.358571855430216, 48.759907172198055 ], [ 2.360103851366268, 48.760558480749978 ], [ 2.361897387824468, 48.758736842484154 ], [ 2.36198870096437, 48.756942070331071 ], [ 2.364308308454571, 48.757145119195918 ], [ 2.364328162229775, 48.757078667114108 ], [ 2.365426265948443, 48.757164556292686 ], [ 2.368639843552324, 48.75746311002041 ], [ 2.36933855215473, 48.746131248943513 ], [ 2.362892198309083, 48.746109617088244 ], [ 2.362888745654344, 48.744051682849381 ], [ 2.361635642766081, 48.743540403595802 ], [ 2.359151169080806, 48.742526016184726 ], [ 2.356726079737748, 48.738133586291141 ] ] ] } },
{ "type": "Feature", "properties": { "insee_com": "94067", "nom_arrondissement": "Saint-Mandé", "avg_circumference_cm": null, "tree_count": null, "pct_young_trees": null }, "geometry": { "type": "Polygon", "coordinates": [ [ [ 2.413505425613419, 48.833723080147081 ], [ 2.411471874927621, 48.833928938764416 ], [ 2.412245612562639, 48.834538914664805 ], [ 2.412852033331908, 48.836216506749153 ], [ 2.414046530133938, 48.839759549813245 ], [ 2.414849601173434, 48.842378814335589 ], [ 2.415299092607447, 48.843849661228454 ], [ 2.415663673457238, 48.844996321949338 ], [ 2.415971110769568, 48.846622956268604 ], [ 2.41598393039775, 48.846694967131526 ], [ 2.416349838517878, 48.848699611147431 ], [ 2.416341130298895, 48.849233783543355 ], [ 2.419003508190377, 48.849391537252203 ], [ 2.41863853904794, 48.846438090149114 ], [ 2.418630885233176, 48.846391286573699 ], [ 2.419544706362658, 48.846315681254588 ], [ 2.423268530868879, 48.845973949133189 ], [ 2.423683160257539, 48.845939073720331 ], [ 2.424264181522976, 48.8458906080715 ], [ 2.428222413661847, 48.845539956869196 ], [ 2.427987440083573, 48.845222261168807 ], [ 2.4283163971768, 48.845170771695258 ], [ 2.427575156761254, 48.841570705785799 ], [ 2.424919695918368, 48.84180799083186 ], [ 2.424347225006843, 48.841950033859007 ], [ 2.42394800402987, 48.842196334532368 ], [ 2.423491922523837, 48.842655507256126 ], [ 2.422435387811295, 48.844057902616576 ], [ 2.421847988927573, 48.844437291181855 ], [ 2.419859968239215, 48.843456363301478 ], [ 2.419848924917877, 48.843101963506847 ], [ 2.419356954364107, 48.842497907249466 ], [ 2.419538952900591, 48.841449240841087 ], [ 2.420393582068758, 48.840439808494459 ], [ 2.420772547136299, 48.839687082334379 ], [ 2.421062063196677, 48.838890752387442 ], [ 2.421475736306939, 48.837095832373379 ], [ 2.422138636243513, 48.835797660946675 ], [ 2.419796237439636, 48.834983191073405 ], [ 2.417337888379132, 48.834188794954976 ], [ 2.415470466512807, 48.833793856331447 ], [ 2.413505425613419, 48.833723080147081 ] ] ] } },
{ "type": "Feature", "properties": { "insee_com": "94068", "nom_arrondissement": "Saint-Maur-des-Fossés", "avg_circumference_cm": null, "tree_count": null, "pct_young_trees": null }, "geometry": { "type": "Polygon", "coordinates": [ [ [ 2.493202925874769, 48.784074734949947 ], [ 2.490889517344029, 48.784041516180373 ], [ 2.486757584036091, 48.784167743299278 ], [ 2.486347588394287, 48.784201058052872 ], [ 2.4840901401092, 48.784702190494109 ], [ 2.478800244068473, 48.786019336041058 ], [ 2.474625537296417, 48.787671233625645 ], [ 2.473354976739977, 48.789217997345283 ], [ 2.472382517557637, 48.790488149602474 ], [ 2.471884614551778, 48.791669552106121 ], [ 2.471789859446129, 48.794306150589378 ], [ 2.470100123781456, 48.799569989311536 ], [ 2.46893801314313, 48.802057030179306 ], [ 2.468786212792621, 48.802658044065971 ], [ 2.468486924303822, 48.803836705550616 ], [ 2.468120038796681, 48.804566272309522 ], [ 2.466948856055319, 48.805256278393614 ], [ 2.464012204243567, 48.807350399210414 ], [ 2.462821564493517, 48.808199466818643 ], [ 2.460591900258327, 48.809314551866322 ], [ 2.464665428418317, 48.811762983196061 ], [ 2.46532600994534, 48.811351326149293 ], [ 2.465473874995826, 48.811140633527515 ], [ 2.465455874356593, 48.810904016597057 ], [ 2.465087170343362, 48.810474263352667 ], [ 2.465069688264657, 48.810187283322684 ], [ 2.465316547732276, 48.809883498181357 ], [ 2.465699857730451, 48.809817758472832 ], [ 2.465760187806834, 48.810175980898769 ], [ 2.46614672562157, 48.810593220505105 ], [ 2.468652343963623, 48.811789762802384 ], [ 2.468854273049006, 48.811885094688236 ], [ 2.468637077793989, 48.812619819869987 ], [ 2.468851393671581, 48.812702615456544 ], [ 2.469857824504264, 48.812426476931968 ], [ 2.470990917620629, 48.813624068678912 ], [ 2.47146770413943, 48.813877103104225 ], [ 2.471647850432525, 48.813704319869323 ], [ 2.471824174461057, 48.813774350852938 ], [ 2.47254513768621, 48.81439090750353 ], [ 2.473467740397302, 48.815404971559339 ], [ 2.473761032318175, 48.815760616090742 ], [ 2.480095974553667, 48.813476039281227 ], [ 2.484083026197168, 48.812676677950193 ], [ 2.486181785377173, 48.812510337965008 ], [ 2.487661849985321, 48.812250474547824 ], [ 2.491158365303515, 48.811461365413855 ], [ 2.495620494287687, 48.810644753474037 ], [ 2.497233371743589, 48.810440193762886 ], [ 2.497876400307328, 48.810408719944149 ], [ 2.503282138578976, 48.810576101554304 ], [ 2.506452788823525, 48.810369785337507 ], [ 2.508745963640168, 48.810218242059904 ], [ 2.509852185700405, 48.809872925443543 ], [ 2.511066303257557, 48.80963686434891 ], [ 2.513058378243649, 48.809498396641729 ], [ 2.51459898576945, 48.80929330848663 ], [ 2.516357638050971, 48.808920899490658 ], [ 2.518272618565269, 48.808279281742251 ], [ 2.519276107394579, 48.807693330143152 ], [ 2.520009610979164, 48.807146758151212 ], [ 2.520462497891176, 48.806464149460886 ], [ 2.522234611852132, 48.804458436166804 ], [ 2.522327098099814, 48.804171903775639 ], [ 2.52286289706856, 48.802307829862613 ], [ 2.523089417186741, 48.799720312777943 ], [ 2.523234983649362, 48.799433990316913 ], [ 2.523213556598451, 48.79894823785127 ], [ 2.523069169805143, 48.798658959652755 ], [ 2.52313519885012, 48.79813758041076 ], [ 2.523388212149426, 48.797563882984576 ], [ 2.523543313608158, 48.796381810021551 ], [ 2.523478507315061, 48.795726798797283 ], [ 2.523016786447382, 48.79426345366246 ], [ 2.522673166251736, 48.792689951729002 ], [ 2.521590469479319, 48.790667392689997 ], [ 2.520772211501702, 48.789353701835083 ], [ 2.519625811425152, 48.788056672888885 ], [ 2.518426652716816, 48.78717313956318 ], [ 2.516998041842942, 48.786379504904886 ], [ 2.514226063113214, 48.785883494769422 ], [ 2.513592624991018, 48.785649773568032 ], [ 2.512445147835886, 48.784787074175163 ], [ 2.511429754286124, 48.78435751260043 ], [ 2.510230176858178, 48.784122356343175 ], [ 2.507066808145008, 48.78416061383021 ], [ 2.500391331601235, 48.784695011635684 ], [ 2.499481964116089, 48.784715489666205 ], [ 2.498243921775535, 48.78466352875391 ], [ 2.495356369307265, 48.784323988148358 ], [ 2.493202925874769, 48.784074734949947 ] ] ] } },
{ "type": "Feature", "properties": { "insee_com": "94069", "nom_arrondissement": "Saint-Maurice", "avg_circumference_cm": null, "tree_count": null, "pct_young_trees": null }, "geometry": { "type": "Polygon", "coordinates": [ [ [ 2.452005565755901, 48.815364291805771 ], [ 2.4512624880379, 48.815706244001404 ], [ 2.450535017992168, 48.815858495045013 ], [ 2.448142692399291, 48.816073220333763 ], [ 2.443832408238709, 48.816200745998316 ], [ 2.441908937021193, 48.816249343413268 ], [ 2.440879527005734, 48.816361452911181 ], [ 2.438056440282346, 48.816860862336981 ], [ 2.437038904481299, 48.816880358916272 ], [ 2.436183724649175, 48.81674681927084 ], [ 2.434838304830629, 48.816359131895339 ], [ 2.43404041266502, 48.816218652553282 ], [ 2.432371792070382, 48.816124402384446 ], [ 2.431133891647532, 48.816246230621296 ], [ 2.42877508985575, 48.816499401474687 ], [ 2.426934357208267, 48.816576034034469 ], [ 2.42554642750935, 48.816468643594597 ], [ 2.424918584931206, 48.816346907709054 ], [ 2.42369098944956, 48.816273543682499 ], [ 2.421375727217032, 48.81677230855918 ], [ 2.419759482527856, 48.816867005071188 ], [ 2.419708939715166, 48.817615041319357 ], [ 2.419637337658668, 48.818541950643095 ], [ 2.41977456029551, 48.820774865125188 ], [ 2.419791748408064, 48.821310975311341 ], [ 2.419962519541093, 48.824080072237699 ], [ 2.421718495045437, 48.824056199253725 ], [ 2.422878161027141, 48.824130153710485 ], [ 2.425131776070185, 48.824185977106509 ], [ 2.42698299602774, 48.824047365182864 ], [ 2.429226897097741, 48.8236219015022 ], [ 2.430628080921096, 48.823157310756812 ], [ 2.43037098941349, 48.822877281261967 ], [ 2.432194835497048, 48.821619639785595 ], [ 2.432634430984658, 48.8219005317194 ], [ 2.432890021773651, 48.821693089814808 ], [ 2.43248024229773, 48.82142583086496 ], [ 2.434287751289356, 48.820158185680555 ], [ 2.434144075250625, 48.819215861597101 ], [ 2.434901851098009, 48.819669132147347 ], [ 2.436027653556641, 48.819592604323098 ], [ 2.436924916588069, 48.819364794525875 ], [ 2.437442471570391, 48.819110909067035 ], [ 2.437328614686424, 48.818176822850575 ], [ 2.439853739221728, 48.818291207553543 ], [ 2.442325672531203, 48.817904339334753 ], [ 2.44418090156304, 48.817875204035808 ], [ 2.447786272701002, 48.817965657916417 ], [ 2.449670555127019, 48.817893401677154 ], [ 2.450806758669985, 48.817728644094899 ], [ 2.453283089776461, 48.817171588150423 ], [ 2.454202941109536, 48.817116431884031 ], [ 2.458717081488417, 48.817034423974484 ], [ 2.459119228635603, 48.81699667137066 ], [ 2.45941357657735, 48.816847807093723 ], [ 2.459115403967742, 48.817365397289031 ], [ 2.461205214252255, 48.818355149145169 ], [ 2.463351085904216, 48.817081394151622 ], [ 2.463561052534199, 48.816793637436781 ], [ 2.46408632439456, 48.816833766612689 ], [ 2.465502262259962, 48.816342750976993 ], [ 2.464193550225946, 48.815543645322556 ], [ 2.459396731678708, 48.812692615617252 ], [ 2.45818440369256, 48.813644064783034 ], [ 2.457328998026792, 48.813008822622834 ], [ 2.456527549887523, 48.813470160118264 ], [ 2.456342062262574, 48.813366787844522 ], [ 2.455452237394334, 48.813943735738818 ], [ 2.454501210333761, 48.813339516026815 ], [ 2.454231762115093, 48.813582017521426 ], [ 2.452005565755901, 48.815364291805771 ] ] ] } },
{ "type": "Feature", "properties": { "insee_com": "94070", "nom_arrondissement": "Santeny", "avg_circumference_cm": null, "tree_count": null, "pct_young_trees": null }, "geometry": { "type": "Polygon", "coordinates": [ [ [ 2.570195162144008, 48.751239703049194 ], [ 2.570653718635674, 48.751713547015378 ], [ 2.570898911262866, 48.751834950303035 ], [ 2.573857794805517, 48.752105477793982 ], [ 2.575471825304088, 48.752334282178538 ], [ 2.577022578302263, 48.755002954986495 ], [ 2.578929112167629, 48.755069953361776 ], [ 2.581163228681354, 48.754997762009729 ], [ 2.587326458545126, 48.763955761714548 ], [ 2.5974672642853, 48.760635577362358 ], [ 2.599369681011963, 48.755419094768797 ], [ 2.599751487102815, 48.755119971069099 ], [ 2.601626966445665, 48.754091017289468 ], [ 2.601859568543686, 48.75373382624192 ], [ 2.602191367565979, 48.75356764097284 ], [ 2.601810017511069, 48.753096875635961 ], [ 2.601823301551431, 48.752960208897228 ], [ 2.601603867923286, 48.752839854847991 ], [ 2.600827389571398, 48.75174717042993 ], [ 2.599870755437063, 48.750739320850052 ], [ 2.598526685834972, 48.749887558632174 ], [ 2.59807484398838, 48.750100999320651 ], [ 2.596122522219479, 48.747182094954461 ], [ 2.591650416370063, 48.747564427697661 ], [ 2.591288612753972, 48.747220510891104 ], [ 2.590623998538387, 48.746816193306707 ], [ 2.589982919945578, 48.746187097512227 ], [ 2.590549199970713, 48.745428130635112 ], [ 2.58776710275429, 48.744162964486172 ], [ 2.587595339325746, 48.744214537812866 ], [ 2.585184513444683, 48.741766949609293 ], [ 2.58976802598115, 48.739956055181047 ], [ 2.590314897247777, 48.739582872599222 ], [ 2.591455726827624, 48.738550643176588 ], [ 2.59165447365585, 48.738523440939403 ], [ 2.591425519040463, 48.737544980454949 ], [ 2.595801437009565, 48.736478765077408 ], [ 2.594499174787743, 48.735902312243688 ], [ 2.594645948951081, 48.735737315885046 ], [ 2.593901214486059, 48.735509927515785 ], [ 2.594748926929614, 48.731928579329889 ], [ 2.59333892047773, 48.731585597608237 ], [ 2.593204882147611, 48.732036655586086 ], [ 2.590130967717992, 48.73131019226475 ], [ 2.590248556336341, 48.731226049347484 ], [ 2.589350923239387, 48.72918574845162 ], [ 2.58827304863974, 48.72897876307524 ], [ 2.58800625773855, 48.72919100835923 ], [ 2.586851410558364, 48.728230917697509 ], [ 2.586939529124155, 48.728090910844017 ], [ 2.584488095131578, 48.726744041662386 ], [ 2.584808610407903, 48.726785631694881 ], [ 2.582971275304891, 48.724650258598963 ], [ 2.582634428662991, 48.724102222752904 ], [ 2.582325296182115, 48.724169498592104 ], [ 2.581366157638552, 48.722733331944156 ], [ 2.581465651327513, 48.722701301090467 ], [ 2.580941801165642, 48.721913352441717 ], [ 2.579934202435864, 48.722287574858235 ], [ 2.579644671646118, 48.722453851201614 ], [ 2.579363495969667, 48.722764066604846 ], [ 2.578448188864173, 48.720794660439836 ], [ 2.577428847251221, 48.721108558029393 ], [ 2.57708555770325, 48.719687123879467 ], [ 2.577349479070867, 48.719661075641767 ], [ 2.577286750858871, 48.718509567092944 ], [ 2.576760779829074, 48.716653949384934 ], [ 2.576542838867398, 48.716710740621608 ], [ 2.575880087672788, 48.714631567946824 ], [ 2.575401314441276, 48.712665473485821 ], [ 2.571799154132327, 48.713544852564631 ], [ 2.571092268695874, 48.711240626249911 ], [ 2.569228649986068, 48.711108889042627 ], [ 2.569235112924637, 48.710159993180959 ], [ 2.568742462931707, 48.710240063441688 ], [ 2.568699956634822, 48.708968087071895 ], [ 2.567789096983075, 48.709003467260018 ], [ 2.566669441460265, 48.709142418634514 ], [ 2.566612898248134, 48.708913752736741 ], [ 2.566159988499259, 48.708955280348839 ], [ 2.565995347515023, 48.70848786641492 ], [ 2.564094203736747, 48.708794844059689 ], [ 2.56303439738727, 48.709089585055629 ], [ 2.563029357679742, 48.709204696326545 ], [ 2.561387542325655, 48.710670172952426 ], [ 2.560272452929836, 48.710906221662398 ], [ 2.560181240193223, 48.7107628729349 ], [ 2.558814336013811, 48.711364954999425 ], [ 2.55967908202934, 48.71245288499253 ], [ 2.557028314374721, 48.713465746283951 ], [ 2.557621744082881, 48.71417041658669 ], [ 2.55558281728832, 48.714985834276291 ], [ 2.555377968411264, 48.714779997215217 ], [ 2.553999684893208, 48.715422455355068 ], [ 2.555556737859342, 48.71661373506187 ], [ 2.556988807442277, 48.71812563076557 ], [ 2.553409671532827, 48.719411087219171 ], [ 2.553279297397329, 48.719237906035218 ], [ 2.551976817655217, 48.719583806257113 ], [ 2.553443137209918, 48.722334400875695 ], [ 2.554807737435101, 48.726351000797735 ], [ 2.555345893207303, 48.726056192304647 ], [ 2.556311245308395, 48.731165885535326 ], [ 2.556780089431764, 48.733115800700467 ], [ 2.557984275205002, 48.735423711055624 ], [ 2.558771366388854, 48.73625230027308 ], [ 2.562546769945692, 48.735357770305235 ], [ 2.564864075550282, 48.734994774887198 ], [ 2.565201298938929, 48.736790366963405 ], [ 2.565358098377573, 48.739026917594487 ], [ 2.568741189093369, 48.738555294616063 ], [ 2.568190219701672, 48.740393531157075 ], [ 2.572900919331556, 48.743873262464476 ], [ 2.573153158759323, 48.745125261979233 ], [ 2.57316759589657, 48.747019495948422 ], [ 2.573413863463896, 48.747839748352277 ], [ 2.56863662746001, 48.748416202829098 ], [ 2.570088260981056, 48.750677181844978 ], [ 2.570195162144008, 48.751239703049194 ] ] ] } },
{ "type": "Feature", "properties": { "insee_com": "94071", "nom_arrondissement": "Sucy-en-Brie", "avg_circumference_cm": null, "tree_count": null, "pct_young_trees": null }, "geometry": { "type": "Polygon", "coordinates": [ [ [ 2.513798384928688, 48.760938574918519 ], [ 2.510531636291057, 48.761125801035405 ], [ 2.509247744546747, 48.761378664324198 ], [ 2.507348125557018, 48.761716218772811 ], [ 2.506778999315949, 48.761333417670706 ], [ 2.505958930671444, 48.761592657237493 ], [ 2.505468260066576, 48.761114836366389 ], [ 2.499758392521926, 48.76312193471567 ], [ 2.499597821915832, 48.762983651831895 ], [ 2.49687764765009, 48.764598363236324 ], [ 2.494699980529812, 48.764264482465997 ], [ 2.493947222636248, 48.766691506737573 ], [ 2.494113812966499, 48.767892925494813 ], [ 2.495217968665409, 48.76781934795639 ], [ 2.495454693840282, 48.769228823360606 ], [ 2.497551531201211, 48.769076667366626 ], [ 2.497896256009842, 48.772703628324614 ], [ 2.49744369394103, 48.773069582346643 ], [ 2.497984847004992, 48.775659445026989 ], [ 2.500290801212076, 48.776432705876879 ], [ 2.50192423038973, 48.776813678353427 ], [ 2.502434055240416, 48.777007375431538 ], [ 2.502340601594351, 48.778530572713137 ], [ 2.502935544031384, 48.778648172716096 ], [ 2.504018714409612, 48.77851416645116 ], [ 2.505655334076277, 48.77928633927835 ], [ 2.506159020691871, 48.779701246891527 ], [ 2.506323682665326, 48.779989735314253 ], [ 2.507429409159343, 48.780207456640817 ], [ 2.507734999515592, 48.780561280604303 ], [ 2.508322701763037, 48.780584386697136 ], [ 2.509272428571043, 48.781039789379619 ], [ 2.510242651041976, 48.781343269965681 ], [ 2.511237776947053, 48.781604572711373 ], [ 2.51206226957935, 48.781921832432502 ], [ 2.513650010288518, 48.782997689062405 ], [ 2.514067909958245, 48.78357410371698 ], [ 2.514426612287257, 48.783785121263698 ], [ 2.514453061517325, 48.783867973184968 ], [ 2.514304164380258, 48.783926728180901 ], [ 2.51393620674343, 48.783832594147675 ], [ 2.513559877818239, 48.783906611970281 ], [ 2.512730338037207, 48.783688276318138 ], [ 2.512448300645947, 48.783867005097179 ], [ 2.512179897316771, 48.783897388490288 ], [ 2.512445147835886, 48.784787074175163 ], [ 2.513592624991018, 48.785649773568032 ], [ 2.514226063113214, 48.785883494769422 ], [ 2.516998041842942, 48.786379504904886 ], [ 2.518142919156397, 48.785619642063878 ], [ 2.517932114477121, 48.785455102004235 ], [ 2.516377932699392, 48.784265217849281 ], [ 2.515407545515145, 48.783823280577877 ], [ 2.515080904221636, 48.78323734783374 ], [ 2.512579818261904, 48.781297963844366 ], [ 2.512249947028823, 48.780917071579488 ], [ 2.519736821152997, 48.780876347663771 ], [ 2.519894481067435, 48.780751065551677 ], [ 2.522599661071692, 48.779598982899685 ], [ 2.521014467983501, 48.777792040247832 ], [ 2.52058821036648, 48.777085200419144 ], [ 2.520256301667093, 48.776774474105991 ], [ 2.522153134480125, 48.776940370455591 ], [ 2.52371582083461, 48.776741547028465 ], [ 2.526716278911408, 48.777059267193117 ], [ 2.527307706992647, 48.777268470748481 ], [ 2.527183239630733, 48.777488331302678 ], [ 2.527592623877033, 48.778115033697567 ], [ 2.52791410891279, 48.778079429041043 ], [ 2.528280178217516, 48.778230175281827 ], [ 2.528454277511401, 48.778089656809897 ], [ 2.528778926565518, 48.778155694472716 ], [ 2.528987674736084, 48.778096257842229 ], [ 2.52921786049477, 48.778224879830141 ], [ 2.529318384243457, 48.778093963561759 ], [ 2.529649628714155, 48.77803231009915 ], [ 2.529699793085141, 48.7779020946261 ], [ 2.529508397845025, 48.777848276476902 ], [ 2.52941491116779, 48.777500739922445 ], [ 2.52964265746493, 48.777597872558573 ], [ 2.529639175936849, 48.777380204042046 ], [ 2.529944673750868, 48.777456955991148 ], [ 2.530154089861767, 48.777322869721552 ], [ 2.529868923336906, 48.777255192305553 ], [ 2.530157580182694, 48.77708634118725 ], [ 2.530438363092433, 48.777036179258708 ], [ 2.530307378907542, 48.776923239330117 ], [ 2.530588500557987, 48.776835303557299 ], [ 2.530542829589611, 48.776466369842232 ], [ 2.530779296049471, 48.776501476024855 ], [ 2.531020758413327, 48.776434969065114 ], [ 2.530956352464607, 48.776636181981402 ], [ 2.531037449285261, 48.776697659580009 ], [ 2.531229428027781, 48.776534722089295 ], [ 2.531350536597017, 48.776535197223787 ], [ 2.531311929994674, 48.776742807313212 ], [ 2.531727894686641, 48.776641007362514 ], [ 2.531950698530546, 48.776682353466803 ], [ 2.532265582587672, 48.776926424771887 ], [ 2.532432419737398, 48.776835338991447 ], [ 2.532714608037776, 48.776931779470104 ], [ 2.534442989446251, 48.777069839522433 ], [ 2.534585847780063, 48.77707309432423 ], [ 2.534898854159842, 48.776918717043131 ], [ 2.535451635211888, 48.777039588532688 ], [ 2.536106455540902, 48.775173178260346 ], [ 2.536490291388227, 48.774549583933869 ], [ 2.536801143926473, 48.773255650158319 ], [ 2.537242155441761, 48.772933574218555 ], [ 2.539092208769516, 48.772069204561113 ], [ 2.54056175736701, 48.77067899021683 ], [ 2.540626591192874, 48.76949652181505 ], [ 2.54048889061768, 48.769064277425578 ], [ 2.539681039547137, 48.768097902838264 ], [ 2.539420018467646, 48.767302720224791 ], [ 2.539935600752782, 48.766230814246988 ], [ 2.54022599987814, 48.766007979748501 ], [ 2.540178691469727, 48.765972720712043 ], [ 2.542101137490842, 48.765352318802933 ], [ 2.543292863849448, 48.76520757958351 ], [ 2.550348369281369, 48.765541946281516 ], [ 2.556764482838396, 48.764277075646511 ], [ 2.556927622745411, 48.764291172058599 ], [ 2.557576051770862, 48.764835019490761 ], [ 2.558812389350888, 48.765844230916834 ], [ 2.559263133101132, 48.766118415308419 ], [ 2.559961503525903, 48.76574683677179 ], [ 2.560815322546591, 48.764524086506206 ], [ 2.561211073554902, 48.764218842788061 ], [ 2.561717451467506, 48.763538050828302 ], [ 2.563187923437108, 48.763562325222154 ], [ 2.568053448690479, 48.767288275244987 ], [ 2.569744219724059, 48.766349101853301 ], [ 2.571669965141274, 48.767108825625407 ], [ 2.573514332108064, 48.767843943192155 ], [ 2.574198478260529, 48.768038856505129 ], [ 2.574918926912912, 48.768120570081344 ], [ 2.57604757067811, 48.768535608903484 ], [ 2.577104099819811, 48.767777558544367 ], [ 2.577451476051897, 48.767724823595614 ], [ 2.577297626552407, 48.766729537291525 ], [ 2.576757068298579, 48.766109731420201 ], [ 2.580790769576598, 48.764961923477273 ], [ 2.576972838573841, 48.760973977005591 ], [ 2.576257700037622, 48.759914634654557 ], [ 2.57312958328447, 48.760819994620967 ], [ 2.571399103345566, 48.760825489473461 ], [ 2.570701191314217, 48.760993870874458 ], [ 2.570207192196019, 48.761014579460287 ], [ 2.569931117137668, 48.76067360849796 ], [ 2.57290254158737, 48.758141635267947 ], [ 2.571989164920975, 48.757218266008429 ], [ 2.573285362234747, 48.756574427413085 ], [ 2.575597046811676, 48.755670659342236 ], [ 2.577022578302263, 48.755002954986495 ], [ 2.575471825304088, 48.752334282178538 ], [ 2.573857794805517, 48.752105477793982 ], [ 2.570898911262866, 48.751834950303035 ], [ 2.570653718635674, 48.751713547015378 ], [ 2.570195162144008, 48.751239703049194 ], [ 2.569532519223427, 48.751269695153866 ], [ 2.568453850689409, 48.751442087685618 ], [ 2.56085048859217, 48.753066597903256 ], [ 2.560166941362314, 48.753314120148225 ], [ 2.559010595573305, 48.754139117719745 ], [ 2.557299622982942, 48.754596885961398 ], [ 2.538946980499188, 48.755391779855721 ], [ 2.537237026268551, 48.754482151014628 ], [ 2.532933811475282, 48.755175937804431 ], [ 2.526494874430845, 48.756166022940917 ], [ 2.522866825456815, 48.757523193213267 ], [ 2.516693586906673, 48.761353263251451 ], [ 2.513798384928688, 48.760938574918519 ] ] ] } },
{ "type": "Feature", "properties": { "insee_com": "94073", "nom_arrondissement": "Thiais", "avg_circumference_cm": null, "tree_count": null, "pct_young_trees": null }, "geometry": { "type": "Polygon", "coordinates": [ [ [ 2.368059315902315, 48.76721250248157 ], [ 2.367977294868994, 48.768705106360535 ], [ 2.367783487905902, 48.771899714919535 ], [ 2.368380641520079, 48.7721412193142 ], [ 2.371069287747744, 48.770007595420147 ], [ 2.372582091461974, 48.77082142936284 ], [ 2.37248035801502, 48.770908138503195 ], [ 2.374304773794923, 48.771838711593084 ], [ 2.376177739755954, 48.770762011288838 ], [ 2.376940410810492, 48.771388388316844 ], [ 2.376528000154418, 48.77151215494122 ], [ 2.377656074546319, 48.772306825422213 ], [ 2.377865335537821, 48.772217074388152 ], [ 2.379132577167974, 48.773097899389853 ], [ 2.38086072797436, 48.772065345194306 ], [ 2.381876588205638, 48.771771100388442 ], [ 2.383616550003051, 48.772264876038427 ], [ 2.386229084081803, 48.772732532173563 ], [ 2.388099943508317, 48.773209825309493 ], [ 2.388602602426148, 48.771885761911193 ], [ 2.392552728691774, 48.772355621020253 ], [ 2.392346481252988, 48.773357419099028 ], [ 2.393770242407015, 48.773673151571501 ], [ 2.39373805875369, 48.773749438400742 ], [ 2.394245575836003, 48.773870735483278 ], [ 2.398704869071561, 48.774809765077151 ], [ 2.39918092570037, 48.774119612587889 ], [ 2.401387914051991, 48.7706949305677 ], [ 2.403865412992184, 48.766909083928837 ], [ 2.398066409938305, 48.765864557586497 ], [ 2.400406670667273, 48.763841840361714 ], [ 2.400506672236812, 48.763426809882525 ], [ 2.400757401299995, 48.763392091250189 ], [ 2.400683747959603, 48.763171363515653 ], [ 2.401271630664074, 48.763039398758856 ], [ 2.401402941007441, 48.762977996860855 ], [ 2.403168260717547, 48.761482098636179 ], [ 2.403589887714241, 48.760181840593731 ], [ 2.404156710308792, 48.758077319163213 ], [ 2.404557120290078, 48.756605157894477 ], [ 2.405207568644299, 48.754197935120516 ], [ 2.405328090165652, 48.753767709332983 ], [ 2.406055094761955, 48.751081134833591 ], [ 2.403977336547271, 48.750553609329685 ], [ 2.399429780618482, 48.749655676779973 ], [ 2.399331955517414, 48.750828942763967 ], [ 2.39903915510241, 48.752396975585448 ], [ 2.396964062298642, 48.751993463362574 ], [ 2.39323005287378, 48.750846661394696 ], [ 2.391919191291202, 48.75175201642886 ], [ 2.390952926447, 48.752147338697206 ], [ 2.389832243962934, 48.752486099459638 ], [ 2.388719579575458, 48.752719657366569 ], [ 2.387270836233477, 48.75284534811923 ], [ 2.389377469271739, 48.749618185428659 ], [ 2.38879781332, 48.74963860500263 ], [ 2.386207017829642, 48.750310683191785 ], [ 2.385657494255304, 48.749387737273736 ], [ 2.384533392546422, 48.749672465406448 ], [ 2.384008237252305, 48.748762228880452 ], [ 2.382615298308865, 48.749122903195698 ], [ 2.382057733205625, 48.748196300050992 ], [ 2.377799809628713, 48.749292185212333 ], [ 2.376693143349063, 48.749252234913484 ], [ 2.375237183602581, 48.74884977399698 ], [ 2.37419597686482, 48.748455765605662 ], [ 2.374500064060852, 48.746233053970116 ], [ 2.36933855215473, 48.746131248943513 ], [ 2.368639843552324, 48.75746311002041 ], [ 2.368432820925499, 48.760969781433097 ], [ 2.368059315902315, 48.76721250248157 ] ] ] } },
{ "type": "Feature", "properties": { "insee_com": "94074", "nom_arrondissement": "Valenton", "avg_circumference_cm": null, "tree_count": null, "pct_young_trees": null }, "geometry": { "type": "Polygon", "coordinates": [ [ [ 2.473592450473124, 48.739912258140428 ], [ 2.473410862134999, 48.739714481359719 ], [ 2.474721370926761, 48.738943143914575 ], [ 2.475441211013042, 48.738353581857652 ], [ 2.477774442718382, 48.735793225183073 ], [ 2.479905528550923, 48.734939969471093 ], [ 2.480983167627862, 48.734182836643292 ], [ 2.481942322308192, 48.733304654883447 ], [ 2.482375510724002, 48.732811843185218 ], [ 2.483006169704484, 48.731461820410935 ], [ 2.484630984053485, 48.729253526065435 ], [ 2.481256814111893, 48.728261216251816 ], [ 2.480057417664162, 48.728014047471888 ], [ 2.476619279110137, 48.727723791026008 ], [ 2.476259678625191, 48.727791470681574 ], [ 2.475323664325319, 48.727719901461633 ], [ 2.472803891389864, 48.727636842577368 ], [ 2.472820239166563, 48.730866810220704 ], [ 2.472496845551516, 48.731116325349106 ], [ 2.472323690695319, 48.731433062400406 ], [ 2.47226665038379, 48.731830362695931 ], [ 2.47290643781405, 48.733507945277275 ], [ 2.471918022508809, 48.736054381573865 ], [ 2.471916580604681, 48.738617766614205 ], [ 2.470640235822153, 48.737893465271839 ], [ 2.468482629586049, 48.739722322829238 ], [ 2.468195990387689, 48.739560047604201 ], [ 2.46578659567039, 48.741925593397184 ], [ 2.464963909541084, 48.74152076237678 ], [ 2.464355289972159, 48.740929803998959 ], [ 2.463186788664352, 48.73871464544029 ], [ 2.462301548960797, 48.73752430581375 ], [ 2.461063762656389, 48.738086268320046 ], [ 2.460290676932908, 48.738680900432037 ], [ 2.458653880877347, 48.739424517820872 ], [ 2.458150496927189, 48.739840471338468 ], [ 2.457073080461455, 48.74014048469909 ], [ 2.457671613143498, 48.741432094108205 ], [ 2.459023008284014, 48.743173231055444 ], [ 2.459397962826165, 48.744524976106689 ], [ 2.460910111764677, 48.746253322712235 ], [ 2.461963788451478, 48.747211470264979 ], [ 2.462038023174537, 48.747266669902103 ], [ 2.46018859672855, 48.748030932004525 ], [ 2.459314746995075, 48.748096234154268 ], [ 2.456913774527814, 48.748398338830533 ], [ 2.453295826934797, 48.749057298928037 ], [ 2.453315521404474, 48.749124846190547 ], [ 2.453635374729949, 48.750533014455037 ], [ 2.453755749765221, 48.751897994720068 ], [ 2.454280163816561, 48.751957056295488 ], [ 2.454453267727083, 48.75231312030877 ], [ 2.454446029831618, 48.752615294097623 ], [ 2.454339215285658, 48.752684061782155 ], [ 2.453658786179148, 48.754405147166416 ], [ 2.453437774797798, 48.755506828791447 ], [ 2.451785744934417, 48.758030229914937 ], [ 2.450437470118537, 48.759726636140726 ], [ 2.449084248460816, 48.761110004515984 ], [ 2.448539236710725, 48.7609321025813 ], [ 2.44787618352847, 48.76162518936404 ], [ 2.447068232908348, 48.761867892300941 ], [ 2.446967886722194, 48.761965464303763 ], [ 2.447116366570785, 48.762075880759262 ], [ 2.444723254372274, 48.762978587531208 ], [ 2.442296487544147, 48.7618025338449 ], [ 2.442170877876908, 48.762226472859943 ], [ 2.440041534700243, 48.762755260407751 ], [ 2.438509601437258, 48.763644788215537 ], [ 2.439831621767764, 48.764694319696503 ], [ 2.43843099415973, 48.765640224803242 ], [ 2.438221553994064, 48.765758862276805 ], [ 2.438045233929684, 48.765707665567 ], [ 2.43707757889965, 48.766366878049624 ], [ 2.436391667193274, 48.766510248288462 ], [ 2.436082610805252, 48.76665539434623 ], [ 2.435492555386637, 48.767244422492986 ], [ 2.435321992886948, 48.767415404577164 ], [ 2.439157640787237, 48.771201117406875 ], [ 2.440092590367232, 48.771313432639118 ], [ 2.43999450000691, 48.771705116216062 ], [ 2.440812532330115, 48.771808782866792 ], [ 2.449277328563233, 48.770146420866773 ], [ 2.451859400947547, 48.768506076898554 ], [ 2.453710573326605, 48.767526102308331 ], [ 2.455482898664181, 48.766793977355036 ], [ 2.456536862956478, 48.766448005919649 ], [ 2.457075261116521, 48.76635421703272 ], [ 2.45957396564731, 48.766679443788099 ], [ 2.459978468207935, 48.765718900267196 ], [ 2.461277342814169, 48.76589385541719 ], [ 2.463362059656257, 48.766785564490668 ], [ 2.466085537194051, 48.766158286290484 ], [ 2.466205545675242, 48.766130940839894 ], [ 2.467432517171788, 48.764155008219205 ], [ 2.467964483367943, 48.76308617525126 ], [ 2.468175820519069, 48.762372980097247 ], [ 2.468727736578378, 48.760677337128747 ], [ 2.468796517482722, 48.760067837749546 ], [ 2.468613617022359, 48.756251686091368 ], [ 2.467797470818224, 48.751311118331884 ], [ 2.471499124169216, 48.752323221689664 ], [ 2.472526964056502, 48.752504053380328 ], [ 2.473050901295595, 48.750456578149688 ], [ 2.473262459222593, 48.750248844885064 ], [ 2.473399197243167, 48.748963268912732 ], [ 2.47357205003342, 48.748816525164308 ], [ 2.473633242525259, 48.748412952351629 ], [ 2.473481203280787, 48.746900344487422 ], [ 2.473395439670835, 48.745155074550922 ], [ 2.473487237267565, 48.744548364399328 ], [ 2.473840364868442, 48.744325063643736 ], [ 2.473841678190619, 48.744059737548362 ], [ 2.474618122292652, 48.742853422580311 ], [ 2.475683238853748, 48.741471181475887 ], [ 2.476032433606335, 48.740959138719688 ], [ 2.473592450473124, 48.739912258140428 ] ] ] } },
{ "type": "Feature", "properties": { "insee_com": "94075", "nom_arrondissement": "Villecresnes", "avg_circumference_cm": null, "tree_count": null, "pct_young_trees": null }, "geometry": { "type": "Polygon", "coordinates": [ [ [ 2.544265817251799, 48.725448650443397 ], [ 2.548877656400624, 48.72539511593591 ], [ 2.549215406745332, 48.725798441438123 ], [ 2.553443137209918, 48.722334400875695 ], [ 2.551976817655217, 48.719583806257113 ], [ 2.553279297397329, 48.719237906035218 ], [ 2.553409671532827, 48.719411087219171 ], [ 2.556988807442277, 48.71812563076557 ], [ 2.555556737859342, 48.71661373506187 ], [ 2.553999684893208, 48.715422455355068 ], [ 2.553242155683409, 48.71579199245906 ], [ 2.553593738601551, 48.716163880169027 ], [ 2.553208175308257, 48.716427773749125 ], [ 2.551976454327103, 48.715663123307621 ], [ 2.551708564342449, 48.71583571038331 ], [ 2.550093348867543, 48.714940078192463 ], [ 2.550431880214133, 48.714613955249199 ], [ 2.549133095338019, 48.712967561613482 ], [ 2.548519781925302, 48.711904791681292 ], [ 2.547329943546704, 48.712130542691654 ], [ 2.54545387428474, 48.712339278384576 ], [ 2.545292415607784, 48.711838569054912 ], [ 2.543170157614628, 48.711913211807804 ], [ 2.541530250546581, 48.711848457527367 ], [ 2.539168453443773, 48.711035250016586 ], [ 2.539060867550944, 48.711213825193056 ], [ 2.537277615035253, 48.709996260984539 ], [ 2.537192350996217, 48.710109261228816 ], [ 2.536471465622742, 48.709560495279014 ], [ 2.534381223068911, 48.709711559376593 ], [ 2.533979524985178, 48.709188308507066 ], [ 2.533780194358334, 48.70807130820797 ], [ 2.533422951974547, 48.706985169932231 ], [ 2.532651557065405, 48.705407204522288 ], [ 2.52961016299102, 48.70616518558203 ], [ 2.529043539883635, 48.706307762473251 ], [ 2.529309789776032, 48.707980000138768 ], [ 2.527351712142757, 48.707947973806682 ], [ 2.526524830558188, 48.708013053685463 ], [ 2.526405720804612, 48.709609111196464 ], [ 2.52436421690461, 48.709926592182484 ], [ 2.522562333652015, 48.709897808505666 ], [ 2.521484020075808, 48.712333702575314 ], [ 2.520253416125996, 48.712100300289343 ], [ 2.519128535544288, 48.71204720170639 ], [ 2.518226422505586, 48.712155994057767 ], [ 2.518092451738918, 48.712240001495125 ], [ 2.518049407308869, 48.71233876730922 ], [ 2.519099229711238, 48.712573262711707 ], [ 2.519714730030911, 48.712594630317973 ], [ 2.520892164735572, 48.71284671301207 ], [ 2.520639079056499, 48.713025586692503 ], [ 2.519858717697742, 48.713786982064654 ], [ 2.519312861177115, 48.714467466922919 ], [ 2.518843193306502, 48.714843342830335 ], [ 2.517989437129085, 48.715156503334583 ], [ 2.517502026063643, 48.715538598274279 ], [ 2.517274595463332, 48.71588036849618 ], [ 2.518201603209506, 48.716027127393666 ], [ 2.517519979713841, 48.717127096915668 ], [ 2.516697566441195, 48.722129185919215 ], [ 2.515923259978473, 48.726911080661566 ], [ 2.5157588628614, 48.729099649793589 ], [ 2.510049597978434, 48.73479227234602 ], [ 2.508560026250564, 48.736307992006516 ], [ 2.508616590986897, 48.73694412429856 ], [ 2.512308305057573, 48.737975622015639 ], [ 2.514973850210398, 48.73882115420497 ], [ 2.516236984216295, 48.738250643340102 ], [ 2.516929240284258, 48.738533169764452 ], [ 2.52039668631713, 48.734399866083102 ], [ 2.522450282407934, 48.732123534222204 ], [ 2.530815301490415, 48.727388790871736 ], [ 2.536522474325112, 48.728173813322179 ], [ 2.537680507543439, 48.727440765165284 ], [ 2.537059315270201, 48.727427564081779 ], [ 2.536867822582619, 48.726331304427639 ], [ 2.538838183584555, 48.726128465169211 ], [ 2.543515146663826, 48.725319860080262 ], [ 2.544267598318788, 48.725244484424557 ], [ 2.544265817251799, 48.725448650443397 ] ] ] } },
{ "type": "Feature", "properties": { "insee_com": "94076", "nom_arrondissement": "Villejuif", "avg_circumference_cm": null, "tree_count": null, "pct_young_trees": null }, "geometry": { "type": "Polygon", "coordinates": [ [ [ 2.357862345159134, 48.779211209852278 ], [ 2.354888938387476, 48.778756278444384 ], [ 2.35483673850074, 48.778795570753402 ], [ 2.353035616405352, 48.780275258530494 ], [ 2.35350525628249, 48.780485564817631 ], [ 2.352612770106409, 48.781010485814505 ], [ 2.350541365540094, 48.781012735432931 ], [ 2.34965627531429, 48.781814693193041 ], [ 2.347538198157213, 48.782172803722268 ], [ 2.34815673303436, 48.783973201588758 ], [ 2.347604629500589, 48.784043939999549 ], [ 2.347829225571988, 48.784913095995556 ], [ 2.346304161213687, 48.785184478699179 ], [ 2.34467019128153, 48.785456144143794 ], [ 2.345516373662478, 48.787875691681528 ], [ 2.346247293370439, 48.789614646916355 ], [ 2.344222790281675, 48.790731408331183 ], [ 2.344955510931058, 48.794278175999402 ], [ 2.344954966596628, 48.795080439113129 ], [ 2.344727307771652, 48.79608112356938 ], [ 2.344255298801599, 48.797025602993195 ], [ 2.343810272656466, 48.79766353291874 ], [ 2.345226134605139, 48.796903210836142 ], [ 2.345992314463079, 48.79714214911349 ], [ 2.345245144717528, 48.797774832919877 ], [ 2.346744067491288, 48.798207551051014 ], [ 2.347026331295137, 48.798280145931649 ], [ 2.347655935582099, 48.798664928772141 ], [ 2.347401795184939, 48.798847018617089 ], [ 2.347727682828675, 48.799024180098669 ], [ 2.34606184335596, 48.799632064353595 ], [ 2.34781208130213, 48.801529460589528 ], [ 2.348510740148139, 48.801076377533363 ], [ 2.349329065898957, 48.801288595459482 ], [ 2.351094537938765, 48.80197543768891 ], [ 2.350800885775678, 48.802268844715847 ], [ 2.352996614525716, 48.803178345517033 ], [ 2.354076510061096, 48.802392718960924 ], [ 2.355474631780917, 48.803176442982576 ], [ 2.356378956093268, 48.803044607838828 ], [ 2.35676055900456, 48.803455886015406 ], [ 2.358236725995143, 48.803213789120896 ], [ 2.359618398937938, 48.80301523809873 ], [ 2.358670737873945, 48.804014779550144 ], [ 2.358402472535651, 48.805456864464233 ], [ 2.358053750529856, 48.806022508277593 ], [ 2.358997523317773, 48.806451185866784 ], [ 2.36137117481123, 48.807423539563104 ], [ 2.362113531576898, 48.806845597782065 ], [ 2.362783023257276, 48.807103695737496 ], [ 2.363135049130976, 48.807155937504334 ], [ 2.363167627589208, 48.807052681223809 ], [ 2.365516462386011, 48.807611100341333 ], [ 2.367151414886491, 48.808091945886751 ], [ 2.36995507977058, 48.805273677778537 ], [ 2.370392232019737, 48.805041240055345 ], [ 2.370289442460042, 48.804984036991407 ], [ 2.371195544875238, 48.804026458174953 ], [ 2.373065378494272, 48.802519005241393 ], [ 2.36991255070342, 48.800791780726641 ], [ 2.370934210319123, 48.799729580588114 ], [ 2.369823066699464, 48.799183190829638 ], [ 2.371967222945318, 48.797155545260026 ], [ 2.370286509140667, 48.796543206219347 ], [ 2.370806027659254, 48.7959091686552 ], [ 2.371914829629269, 48.794157575789683 ], [ 2.372116886508195, 48.79354344818627 ], [ 2.372527718230699, 48.792887245055582 ], [ 2.373838443879753, 48.79154052161536 ], [ 2.373686740044624, 48.791364343389183 ], [ 2.374786483548222, 48.7901253298405 ], [ 2.374205052004239, 48.790028748640665 ], [ 2.375316457655444, 48.788608110559387 ], [ 2.376869905678285, 48.786639330960291 ], [ 2.374614279406889, 48.785640899372424 ], [ 2.371718074977757, 48.783479721291386 ], [ 2.369500373739952, 48.782403140010906 ], [ 2.370920027074544, 48.780698147340743 ], [ 2.367377852425498, 48.779432861184766 ], [ 2.367258168292242, 48.780885675350248 ], [ 2.367186097023253, 48.780880796603128 ], [ 2.364774217229972, 48.780456067909675 ], [ 2.361140550834214, 48.779451838133845 ], [ 2.359991939436607, 48.7792298319022 ], [ 2.359225108154318, 48.779060229813524 ], [ 2.359257610553776, 48.778962368164422 ], [ 2.358082354940613, 48.778695229841844 ], [ 2.357862345159134, 48.779211209852278 ] ] ] } },
{ "type": "Feature", "properties": { "insee_com": "94077", "nom_arrondissement": "Villeneuve-le-Roi", "avg_circumference_cm": null, "tree_count": null, "pct_young_trees": null }, "geometry": { "type": "Polygon", "coordinates": [ [ [ 2.376524285881379, 48.727626053760439 ], [ 2.379618705563538, 48.728079311234197 ], [ 2.379780980630707, 48.729298009787186 ], [ 2.382283426898655, 48.72923273501349 ], [ 2.382342994373313, 48.729714248540681 ], [ 2.38498423314473, 48.72987179903685 ], [ 2.385012916015397, 48.731477461352874 ], [ 2.385219635594817, 48.731473129565934 ], [ 2.385106453187765, 48.732656218588943 ], [ 2.387791019630785, 48.73272668269135 ], [ 2.387905353697984, 48.734340874165852 ], [ 2.389212047642456, 48.73445819910026 ], [ 2.389039622050373, 48.736295780072318 ], [ 2.388377367708578, 48.736995753206941 ], [ 2.391188421027297, 48.737316832430317 ], [ 2.391122549581394, 48.737601619622623 ], [ 2.393645963514679, 48.737520022132642 ], [ 2.395280779165829, 48.737375409606457 ], [ 2.399438920568283, 48.73739010477663 ], [ 2.400915238351033, 48.737665556207119 ], [ 2.40275275094714, 48.737987768876096 ], [ 2.402554573556811, 48.738432000298054 ], [ 2.402109212476708, 48.738848909762368 ], [ 2.404528760986239, 48.739770336406814 ], [ 2.404381067573823, 48.739962079596253 ], [ 2.405181023422342, 48.740289865996928 ], [ 2.405412588661002, 48.740375566760733 ], [ 2.405024899753663, 48.740744203919292 ], [ 2.405575155616801, 48.740907944399034 ], [ 2.405715750050887, 48.740861873558458 ], [ 2.406548588943516, 48.741170026479473 ], [ 2.406480822482639, 48.741269527204182 ], [ 2.407441140672494, 48.741609787731001 ], [ 2.407073296638703, 48.742267248930062 ], [ 2.407287501730676, 48.74232587652596 ], [ 2.407812576158776, 48.742433716253657 ], [ 2.408724914122307, 48.742209781164597 ], [ 2.414782378441307, 48.743639149488992 ], [ 2.415096696722199, 48.743017380963046 ], [ 2.41731982635675, 48.74329718278036 ], [ 2.419051125851337, 48.743658198275746 ], [ 2.418812025212523, 48.744368487400187 ], [ 2.421049792619232, 48.74468426767212 ], [ 2.421818806676603, 48.743277681028303 ], [ 2.423691715323689, 48.743749045787773 ], [ 2.424339750083616, 48.742699833398966 ], [ 2.428150928972352, 48.743514148530636 ], [ 2.428644070232644, 48.743562380656009 ], [ 2.428728460555628, 48.743431467085024 ], [ 2.432848284624691, 48.744138276143019 ], [ 2.435564040387635, 48.744779849505569 ], [ 2.436591501970315, 48.745096805460769 ], [ 2.440318213869784, 48.74062885691793 ], [ 2.443062829939693, 48.738300459894106 ], [ 2.44373105155202, 48.737611008741162 ], [ 2.444326489468643, 48.736731433299411 ], [ 2.444623465085844, 48.736041147133868 ], [ 2.44477479874136, 48.735108233348683 ], [ 2.444919381045791, 48.732379103890295 ], [ 2.444849810493909, 48.731249081218692 ], [ 2.444583380548764, 48.729708894727359 ], [ 2.443972811489148, 48.728058269979798 ], [ 2.443349875837939, 48.727061479174381 ], [ 2.442776906759434, 48.726608183065061 ], [ 2.441286448583947, 48.725884356225208 ], [ 2.439719305367453, 48.725342737990054 ], [ 2.436009498789216, 48.724437509368229 ], [ 2.435010495891461, 48.724292470245295 ], [ 2.434562187372719, 48.725644915931881 ], [ 2.434456355996705, 48.725625526088614 ], [ 2.434106769897152, 48.726647439996142 ], [ 2.43138265885268, 48.726486983433105 ], [ 2.430941916520401, 48.727259306619104 ], [ 2.429931580714435, 48.727027824592007 ], [ 2.429759501561524, 48.72734810505812 ], [ 2.429189877189403, 48.727221258509573 ], [ 2.428808016715468, 48.727951581125623 ], [ 2.427611138009796, 48.728614135701378 ], [ 2.427256446547028, 48.728351594859618 ], [ 2.426669498127291, 48.728687868002623 ], [ 2.426027430156451, 48.728224265668601 ], [ 2.424364795371246, 48.729200252528301 ], [ 2.423724487833954, 48.728578343910264 ], [ 2.42327351641126, 48.728787535517647 ], [ 2.42330227392644, 48.728892010210828 ], [ 2.42271512938163, 48.728997105364854 ], [ 2.422776820484033, 48.729197080713334 ], [ 2.4215673863126, 48.729264980201457 ], [ 2.421547894799377, 48.729306260248336 ], [ 2.421429745400919, 48.729293994796137 ], [ 2.421106305500131, 48.729526282426235 ], [ 2.420199267951583, 48.728930044317813 ], [ 2.418716873499598, 48.728969605258719 ], [ 2.418708883035349, 48.72846587629229 ], [ 2.417233448664288, 48.728491960961563 ], [ 2.417181151182219, 48.727939445120775 ], [ 2.416332195472362, 48.727991961739065 ], [ 2.415389301456485, 48.727934279663295 ], [ 2.415368098295228, 48.72691330255028 ], [ 2.415515794032979, 48.726592922885686 ], [ 2.414275939849807, 48.726589542985089 ], [ 2.412867442846222, 48.726349665130989 ], [ 2.41087393169683, 48.726148258929328 ], [ 2.41089244629373, 48.726073696035122 ], [ 2.40848883615925, 48.725952074812817 ], [ 2.408478546106291, 48.726020381975317 ], [ 2.404554446119711, 48.726305782225502 ], [ 2.404589906892135, 48.726534419308202 ], [ 2.401850969840777, 48.726726697966456 ], [ 2.401045787879931, 48.724740271404478 ], [ 2.398918590529197, 48.72482401922526 ], [ 2.397610740319752, 48.720935386713222 ], [ 2.39175204021436, 48.722665001789494 ], [ 2.389973101597721, 48.720754475178623 ], [ 2.388924919164529, 48.721111592867572 ], [ 2.388369219372372, 48.720506111068332 ], [ 2.386681522176474, 48.721029926826894 ], [ 2.385138141144006, 48.718991012869317 ], [ 2.377452381376227, 48.720707803836007 ], [ 2.376589224449939, 48.719450354450771 ], [ 2.374968116127971, 48.719741393903888 ], [ 2.37076284757922, 48.720031405799105 ], [ 2.370220565465038, 48.727916760471501 ], [ 2.375841113280845, 48.727568515984416 ], [ 2.376524285881379, 48.727626053760439 ] ] ] } },
{ "type": "Feature", "properties": { "insee_com": "94078", "nom_arrondissement": "Villeneuve-Saint-Georges", "avg_circumference_cm": null, "tree_count": null, "pct_young_trees": null }, "geometry": { "type": "Polygon", "coordinates": [ [ [ 2.443423405295072, 48.722839815974702 ], [ 2.443573862389643, 48.724412753396237 ], [ 2.441930642659401, 48.723868110352832 ], [ 2.440698212060902, 48.72419333798365 ], [ 2.439719305367453, 48.725342737990054 ], [ 2.441286448583947, 48.725884356225208 ], [ 2.442776906759434, 48.726608183065061 ], [ 2.443349875837939, 48.727061479174381 ], [ 2.443972811489148, 48.728058269979798 ], [ 2.444583380548764, 48.729708894727359 ], [ 2.444849810493909, 48.731249081218692 ], [ 2.444919381045791, 48.732379103890295 ], [ 2.44477479874136, 48.735108233348683 ], [ 2.444623465085844, 48.736041147133868 ], [ 2.444326489468643, 48.736731433299411 ], [ 2.44373105155202, 48.737611008741162 ], [ 2.443062829939693, 48.738300459894106 ], [ 2.440318213869784, 48.74062885691793 ], [ 2.436591501970315, 48.745096805460769 ], [ 2.435051197460845, 48.74655110388705 ], [ 2.432754767326257, 48.748115119499474 ], [ 2.427480687659613, 48.750936642244447 ], [ 2.428525620517899, 48.751528074906766 ], [ 2.428445811858819, 48.751860481241245 ], [ 2.428569839184665, 48.752583315059795 ], [ 2.428383258624879, 48.75297727052746 ], [ 2.427821666725456, 48.753457573102992 ], [ 2.427155160935556, 48.754944726580639 ], [ 2.425794521711973, 48.756462717213722 ], [ 2.425687844003221, 48.757133174621735 ], [ 2.428500811137194, 48.758144129451189 ], [ 2.427401200362349, 48.759673276814134 ], [ 2.426636869081311, 48.760521361945962 ], [ 2.433885049768396, 48.763290173726084 ], [ 2.434154660823531, 48.763393985007916 ], [ 2.43689733187064, 48.762391503610161 ], [ 2.441424972797103, 48.761244418939285 ], [ 2.442296487544147, 48.7618025338449 ], [ 2.444723254372274, 48.762978587531208 ], [ 2.447116366570785, 48.762075880759262 ], [ 2.446967886722194, 48.761965464303763 ], [ 2.447068232908348, 48.761867892300941 ], [ 2.44787618352847, 48.76162518936404 ], [ 2.448539236710725, 48.7609321025813 ], [ 2.449084248460816, 48.761110004515984 ], [ 2.450437470118537, 48.759726636140726 ], [ 2.451785744934417, 48.758030229914937 ], [ 2.453437774797798, 48.755506828791447 ], [ 2.453658786179148, 48.754405147166416 ], [ 2.454339215285658, 48.752684061782155 ], [ 2.454446029831618, 48.752615294097623 ], [ 2.454453267727083, 48.75231312030877 ], [ 2.454280163816561, 48.751957056295488 ], [ 2.453755749765221, 48.751897994720068 ], [ 2.453635374729949, 48.750533014455037 ], [ 2.453315521404474, 48.749124846190547 ], [ 2.453295826934797, 48.749057298928037 ], [ 2.456913774527814, 48.748398338830533 ], [ 2.459314746995075, 48.748096234154268 ], [ 2.46018859672855, 48.748030932004525 ], [ 2.462038023174537, 48.747266669902103 ], [ 2.461963788451478, 48.747211470264979 ], [ 2.460910111764677, 48.746253322712235 ], [ 2.459397962826165, 48.744524976106689 ], [ 2.459023008284014, 48.743173231055444 ], [ 2.457671613143498, 48.741432094108205 ], [ 2.457073080461455, 48.74014048469909 ], [ 2.458150496927189, 48.739840471338468 ], [ 2.458653880877347, 48.739424517820872 ], [ 2.460290676932908, 48.738680900432037 ], [ 2.461063762656389, 48.738086268320046 ], [ 2.462301548960797, 48.73752430581375 ], [ 2.463186788664352, 48.73871464544029 ], [ 2.464355289972159, 48.740929803998959 ], [ 2.464963909541084, 48.74152076237678 ], [ 2.46578659567039, 48.741925593397184 ], [ 2.468195990387689, 48.739560047604201 ], [ 2.468482629586049, 48.739722322829238 ], [ 2.470640235822153, 48.737893465271839 ], [ 2.471916580604681, 48.738617766614205 ], [ 2.471918022508809, 48.736054381573865 ], [ 2.47290643781405, 48.733507945277275 ], [ 2.47226665038379, 48.731830362695931 ], [ 2.472323690695319, 48.731433062400406 ], [ 2.472496845551516, 48.731116325349106 ], [ 2.472820239166563, 48.730866810220704 ], [ 2.472803891389864, 48.727636842577368 ], [ 2.472799588041186, 48.727524393184623 ], [ 2.471555593508702, 48.727525187912335 ], [ 2.47049670461948, 48.727103153158446 ], [ 2.469540675949432, 48.726862354223151 ], [ 2.468345244080838, 48.72663487245719 ], [ 2.467637892194745, 48.726673993313518 ], [ 2.467671252378487, 48.728203196191117 ], [ 2.466758361877145, 48.729595955400313 ], [ 2.465829401879073, 48.729497360174278 ], [ 2.465546148981563, 48.729010393317751 ], [ 2.464931000008142, 48.728406809438134 ], [ 2.464898988416094, 48.727151942206433 ], [ 2.463330076047852, 48.726887656834833 ], [ 2.462828108301124, 48.72625578742889 ], [ 2.460299650242233, 48.725969150342948 ], [ 2.459915287729377, 48.723828528711849 ], [ 2.456283630883842, 48.724012615389697 ], [ 2.454173835838682, 48.724655083952577 ], [ 2.453392013801096, 48.723497514891875 ], [ 2.452461775528672, 48.723663246292027 ], [ 2.451802869011107, 48.723104362648023 ], [ 2.453028423408056, 48.722647669503061 ], [ 2.454245139641495, 48.722384304723569 ], [ 2.456229667510271, 48.722144216378922 ], [ 2.456593791483852, 48.722032544420053 ], [ 2.45654117392424, 48.721732788390923 ], [ 2.456645983014422, 48.721719773900972 ], [ 2.456573916746356, 48.721590824567393 ], [ 2.456451361729926, 48.721610953760795 ], [ 2.456231003670579, 48.721232181276157 ], [ 2.454565875182222, 48.72161134562311 ], [ 2.454100797165273, 48.720846485985085 ], [ 2.454382700637824, 48.720797406012068 ], [ 2.454174190670047, 48.720457359902568 ], [ 2.452096529964153, 48.72076894260384 ], [ 2.452497374282922, 48.721304155968575 ], [ 2.451535217827337, 48.721794435058179 ], [ 2.451380358126919, 48.721654308613445 ], [ 2.451231463493877, 48.721722881627123 ], [ 2.45060528186575, 48.721287365356204 ], [ 2.448461663722945, 48.723205896448682 ], [ 2.448078481687202, 48.723060213225182 ], [ 2.448189431504065, 48.722337569476622 ], [ 2.448507645491021, 48.721811963173906 ], [ 2.447941066247263, 48.720755188300608 ], [ 2.447833918403187, 48.720089099177223 ], [ 2.448485295237793, 48.718649391428357 ], [ 2.448483866277583, 48.718398437727799 ], [ 2.448085261650334, 48.717785866698144 ], [ 2.448588648015772, 48.71748597776898 ], [ 2.449372902849573, 48.717233255126764 ], [ 2.449529407584403, 48.717086466915106 ], [ 2.449465872559257, 48.716666129185626 ], [ 2.45016530493505, 48.716334757409044 ], [ 2.45064577922565, 48.715884545193354 ], [ 2.450378922332451, 48.715668346843977 ], [ 2.450202003650966, 48.715301453966319 ], [ 2.450283500289775, 48.715177704742828 ], [ 2.450815823937739, 48.714966085777753 ], [ 2.451148119837471, 48.714904652886737 ], [ 2.450966254891033, 48.714361445003618 ], [ 2.45050795624441, 48.71451404161288 ], [ 2.448805788356533, 48.714812904927122 ], [ 2.448362431502256, 48.715094184320719 ], [ 2.44634202296223, 48.716818074863312 ], [ 2.445149274811684, 48.718160814860326 ], [ 2.444141020596808, 48.719533183641587 ], [ 2.443441671205242, 48.720742384129061 ], [ 2.442996901902862, 48.720638671075278 ], [ 2.442953538404863, 48.720625876358007 ], [ 2.44246890750252, 48.721327882968936 ], [ 2.442395809565608, 48.721681025352069 ], [ 2.443423405295072, 48.722839815974702 ] ] ] } },
{ "type": "Feature", "properties": { "insee_com": "94079", "nom_arrondissement": "Villiers-sur-Marne", "avg_circumference_cm": null, "tree_count": null, "pct_young_trees": null }, "geometry": { "type": "Polygon", "coordinates": [ [ [ 2.533304764622056, 48.818371397842434 ], [ 2.532791084997667, 48.819310129719192 ], [ 2.532026282969099, 48.820001449847815 ], [ 2.529571593789259, 48.821259024326217 ], [ 2.528892921501755, 48.82115292543854 ], [ 2.528823410693643, 48.821309141139643 ], [ 2.526973311396163, 48.821216397125866 ], [ 2.526626207087734, 48.821044144081299 ], [ 2.525625600315611, 48.821144505200898 ], [ 2.525653063692057, 48.821269625967787 ], [ 2.524971990404744, 48.821427908756789 ], [ 2.525750619923965, 48.822972510633456 ], [ 2.525838376561964, 48.823507080836634 ], [ 2.525930286446651, 48.824034472272054 ], [ 2.525695337493107, 48.824258381449582 ], [ 2.525476688242247, 48.824786339463621 ], [ 2.524334692548058, 48.824849254749431 ], [ 2.524238767736676, 48.824912727919838 ], [ 2.524233351890579, 48.825207697316223 ], [ 2.524072376675571, 48.825234937023097 ], [ 2.524115347216975, 48.827093189410661 ], [ 2.524983344168337, 48.82720816097126 ], [ 2.525458231454852, 48.827263108549893 ], [ 2.526486860088772, 48.828889631253922 ], [ 2.528329277680321, 48.828958068093435 ], [ 2.531899793693525, 48.829236507860188 ], [ 2.5336278099072, 48.831740774933699 ], [ 2.533309512862978, 48.831840261308344 ], [ 2.533820270044732, 48.832612102114169 ], [ 2.535236503812207, 48.834353369098373 ], [ 2.533538509257622, 48.835631036758727 ], [ 2.536486531173311, 48.837330581905618 ], [ 2.5356988751135, 48.838269148310211 ], [ 2.536666525236589, 48.838539108245321 ], [ 2.538073608212222, 48.836883447857616 ], [ 2.54017242443948, 48.836182844904052 ], [ 2.544137694050484, 48.835005480841524 ], [ 2.545113458622693, 48.835436388403721 ], [ 2.547029376081008, 48.836012050113673 ], [ 2.547322825968329, 48.836106693667091 ], [ 2.547449909318355, 48.835591845609201 ], [ 2.547510670676462, 48.83486989509445 ], [ 2.547375207949687, 48.83415349717653 ], [ 2.549164132381024, 48.83507579509255 ], [ 2.552744472496403, 48.832365093811177 ], [ 2.553380784888104, 48.832667856042811 ], [ 2.555409310389076, 48.831060171785111 ], [ 2.556766605259904, 48.831641696323672 ], [ 2.558128855029595, 48.830035091368565 ], [ 2.560553245923769, 48.828945010069809 ], [ 2.560593869868909, 48.828812054470419 ], [ 2.560613409739528, 48.828756366110554 ], [ 2.561309061030218, 48.826540203391247 ], [ 2.567379991579074, 48.824739317671231 ], [ 2.56867646665171, 48.824436419648933 ], [ 2.569168361393885, 48.824083844834583 ], [ 2.572415457735121, 48.823590957895497 ], [ 2.570998787592863, 48.822615473381511 ], [ 2.568720509727214, 48.817959367531593 ], [ 2.567826888729162, 48.818971524130561 ], [ 2.567294784544773, 48.819414785188904 ], [ 2.565114832354513, 48.820334121057535 ], [ 2.563820462559669, 48.820557844959147 ], [ 2.562453898398718, 48.821430630987145 ], [ 2.560530289143607, 48.822295958823567 ], [ 2.559680451674885, 48.822773092054099 ], [ 2.556054269536024, 48.820909695005049 ], [ 2.557902970820014, 48.819404712810794 ], [ 2.557366342999972, 48.818765976975158 ], [ 2.556849375937108, 48.819020381286208 ], [ 2.556243774871311, 48.81896687150283 ], [ 2.555961752123666, 48.818819227963445 ], [ 2.555791019590947, 48.818877052575985 ], [ 2.554463427710381, 48.818206582518705 ], [ 2.553367134853582, 48.818519968784635 ], [ 2.550157270502708, 48.818659029489204 ], [ 2.549690034777043, 48.818828150323441 ], [ 2.549258672767783, 48.819100831615962 ], [ 2.54860074085594, 48.819744094112558 ], [ 2.548244474685128, 48.819836282647664 ], [ 2.547148724379886, 48.81992207439211 ], [ 2.544910562571959, 48.819820942508059 ], [ 2.544464503187297, 48.819745496049705 ], [ 2.543573183388, 48.819503765221242 ], [ 2.542635518094405, 48.81895696527851 ], [ 2.541449915070037, 48.818884972002898 ], [ 2.540282485248779, 48.818296800310549 ], [ 2.53903499993771, 48.817986212735214 ], [ 2.536911635705548, 48.817544512748569 ], [ 2.534764019183803, 48.817077498067611 ], [ 2.53448465140358, 48.818318437694991 ], [ 2.533304764622056, 48.818371397842434 ] ] ] } },
{ "type": "Feature", "properties": { "insee_com": "94080", "nom_arrondissement": "Vincennes", "avg_circumference_cm": null, "tree_count": null, "pct_young_trees": null }, "geometry": { "type": "Polygon", "coordinates": [ [ [ 2.431532950269272, 48.84122803747784 ], [ 2.427575156761254, 48.841570705785799 ], [ 2.4283163971768, 48.845170771695258 ], [ 2.427987440083573, 48.845222261168807 ], [ 2.428222413661847, 48.845539956869196 ], [ 2.424264181522976, 48.8458906080715 ], [ 2.423683160257539, 48.845939073720331 ], [ 2.423268530868879, 48.845973949133189 ], [ 2.419544706362658, 48.846315681254588 ], [ 2.418630885233176, 48.846391286573699 ], [ 2.41863853904794, 48.846438090149114 ], [ 2.419003508190377, 48.849391537252203 ], [ 2.421032785184891, 48.84925388065799 ], [ 2.422020156588382, 48.849185807099339 ], [ 2.424882523822556, 48.849004441275227 ], [ 2.429311487432927, 48.848745051484698 ], [ 2.429576392506658, 48.851061241113605 ], [ 2.431552531778535, 48.850925850831871 ], [ 2.432617255572484, 48.851139553441897 ], [ 2.434577597086217, 48.850826866650515 ], [ 2.434634879088053, 48.851576294486925 ], [ 2.434846442047783, 48.852425378807602 ], [ 2.435232853178897, 48.853363423444648 ], [ 2.437344308619856, 48.852819373343479 ], [ 2.437653461540036, 48.853217438552527 ], [ 2.438770274060456, 48.853030221953013 ], [ 2.438823450661515, 48.85302777332344 ], [ 2.441117174593982, 48.853019622624231 ], [ 2.442062470826995, 48.852939495655818 ], [ 2.442656010206459, 48.852873012154674 ], [ 2.443291537133346, 48.85257558904479 ], [ 2.442472919885613, 48.851898166673408 ], [ 2.44299594076616, 48.85179807702756 ], [ 2.443631594436604, 48.851870284184933 ], [ 2.444763885198508, 48.851760427472591 ], [ 2.447140124141604, 48.851162572747896 ], [ 2.449531165198918, 48.850577329730882 ], [ 2.449663721119716, 48.850929584374747 ], [ 2.449884944363909, 48.85088653368755 ], [ 2.449914078921753, 48.850966709548459 ], [ 2.451966679530935, 48.850552536192545 ], [ 2.453457614310484, 48.850155548922217 ], [ 2.454412343286741, 48.849948559568766 ], [ 2.454434962750287, 48.850000824879437 ], [ 2.455642870122607, 48.849821060973504 ], [ 2.455703260600488, 48.849910371141895 ], [ 2.456248327794341, 48.849652038678414 ], [ 2.456302466558832, 48.849556953833876 ], [ 2.456013928884684, 48.848739034072814 ], [ 2.456278629669241, 48.848706961401454 ], [ 2.455926621548735, 48.847312269271065 ], [ 2.45646435970612, 48.847100668214757 ], [ 2.456302886030034, 48.846512658872967 ], [ 2.457939898385939, 48.84568189234092 ], [ 2.457850521500696, 48.845235409201173 ], [ 2.451482057147548, 48.846360247588294 ], [ 2.448300140670224, 48.846758418871858 ], [ 2.447950983004048, 48.846788285544299 ], [ 2.447847701774308, 48.846118691716576 ], [ 2.447834190258807, 48.845722015334928 ], [ 2.447940565795288, 48.845713512732871 ], [ 2.44785282741999, 48.844863220162665 ], [ 2.446497282929874, 48.844967576602379 ], [ 2.446646486889991, 48.845801966169354 ], [ 2.44075815339398, 48.845964349320248 ], [ 2.440681366302255, 48.845247206530573 ], [ 2.44086390998716, 48.845251657230129 ], [ 2.440801139730464, 48.844879031795777 ], [ 2.440615688866212, 48.844891655105378 ], [ 2.440519707011923, 48.84443973100867 ], [ 2.437958319623622, 48.844664254882197 ], [ 2.437184204443509, 48.840893217828601 ], [ 2.43366970903699, 48.841197701349422 ], [ 2.433544643445916, 48.841046017299234 ], [ 2.431532950269272, 48.84122803747784 ] ] ] } },
{ "type": "Feature", "properties": { "insee_com": "94081", "nom_arrondissement": "Vitry-sur-Seine", "avg_circumference_cm": null, "tree_count": null, "pct_young_trees": null }, "geometry": { "type": "Polygon", "coordinates": [ [ [ 2.377656074546319, 48.772306825422213 ], [ 2.376528000154418, 48.77151215494122 ], [ 2.376940410810492, 48.771388388316844 ], [ 2.376177739755954, 48.770762011288838 ], [ 2.374304773794923, 48.771838711593084 ], [ 2.37248035801502, 48.770908138503195 ], [ 2.372582091461974, 48.77082142936284 ], [ 2.371069287747744, 48.770007595420147 ], [ 2.368380641520079, 48.7721412193142 ], [ 2.367783487905902, 48.771899714919535 ], [ 2.367509928572721, 48.776620198102684 ], [ 2.367377852425498, 48.779432861184766 ], [ 2.370920027074544, 48.780698147340743 ], [ 2.369500373739952, 48.782403140010906 ], [ 2.371718074977757, 48.783479721291386 ], [ 2.374614279406889, 48.785640899372424 ], [ 2.376869905678285, 48.786639330960291 ], [ 2.375316457655444, 48.788608110559387 ], [ 2.374205052004239, 48.790028748640665 ], [ 2.374786483548222, 48.7901253298405 ], [ 2.373686740044624, 48.791364343389183 ], [ 2.373838443879753, 48.79154052161536 ], [ 2.372527718230699, 48.792887245055582 ], [ 2.372116886508195, 48.79354344818627 ], [ 2.371914829629269, 48.794157575789683 ], [ 2.370806027659254, 48.7959091686552 ], [ 2.370286509140667, 48.796543206219347 ], [ 2.371967222945318, 48.797155545260026 ], [ 2.369823066699464, 48.799183190829638 ], [ 2.370934210319123, 48.799729580588114 ], [ 2.36991255070342, 48.800791780726641 ], [ 2.373065378494272, 48.802519005241393 ], [ 2.371195544875238, 48.804026458174953 ], [ 2.375673815528984, 48.805950343693439 ], [ 2.375794280378944, 48.80601033250305 ], [ 2.377197511248919, 48.804120837520706 ], [ 2.379285291955626, 48.801446112873549 ], [ 2.379412707373651, 48.801493542901696 ], [ 2.381476029627577, 48.802585307159646 ], [ 2.382121723277585, 48.803016756976945 ], [ 2.382914911620138, 48.803411190181656 ], [ 2.385653201258077, 48.804315691509331 ], [ 2.386610992927539, 48.801021642854785 ], [ 2.386894987624156, 48.800373738268362 ], [ 2.388610891531696, 48.800449982013937 ], [ 2.38888607724955, 48.800319178529094 ], [ 2.389134147280078, 48.800062320791241 ], [ 2.389635323796844, 48.800164713743214 ], [ 2.389993974158025, 48.80011437986397 ], [ 2.390340996758533, 48.799894000303603 ], [ 2.390751880524213, 48.799800759690193 ], [ 2.391737922647752, 48.799303020818279 ], [ 2.392706272609909, 48.800440280610239 ], [ 2.393111491216618, 48.800365890390445 ], [ 2.393486218612522, 48.800571954533247 ], [ 2.39360473197237, 48.800566260095017 ], [ 2.394280755777274, 48.800033649894559 ], [ 2.394617040336692, 48.799915734363687 ], [ 2.396310594153022, 48.80133454674823 ], [ 2.397106959675457, 48.802285624967261 ], [ 2.397426677147827, 48.802423944498798 ], [ 2.398291243812264, 48.801715082869933 ], [ 2.39843448515215, 48.80180844112391 ], [ 2.39946747517112, 48.80373383327283 ], [ 2.399576175295452, 48.804226345173575 ], [ 2.400137179176677, 48.80445940527283 ], [ 2.400388174858992, 48.804537112595092 ], [ 2.400651386203869, 48.804025780989988 ], [ 2.402215615148305, 48.804042607623877 ], [ 2.402265744369002, 48.804301882260738 ], [ 2.403953470621117, 48.804473998388708 ], [ 2.404372592199437, 48.804494974670007 ], [ 2.404965980188573, 48.80427847916522 ], [ 2.405200803426957, 48.804580942921909 ], [ 2.405216164491507, 48.804786079837733 ], [ 2.404150110678119, 48.808118395021552 ], [ 2.409013500555885, 48.808518479452786 ], [ 2.408921119258657, 48.807538592347363 ], [ 2.409305344481781, 48.806074492254467 ], [ 2.410047567249916, 48.804737171383053 ], [ 2.411011915138286, 48.803740908045476 ], [ 2.41559128800459, 48.79980696989719 ], [ 2.418837218675184, 48.797339575742292 ], [ 2.420742366266136, 48.795693041309391 ], [ 2.421621636842388, 48.79447862033529 ], [ 2.422482796371728, 48.792683094513777 ], [ 2.42282832208581, 48.791104523669162 ], [ 2.42266871068176, 48.789537001379067 ], [ 2.422017034186211, 48.787910435479475 ], [ 2.419679873788259, 48.784126118366743 ], [ 2.417327837376364, 48.780729312840052 ], [ 2.414686070790019, 48.77722669888184 ], [ 2.412527121453885, 48.775470347723946 ], [ 2.411874239274372, 48.774235841636447 ], [ 2.407090457297286, 48.773935176313977 ], [ 2.405759224307552, 48.77385121241079 ], [ 2.405805786874827, 48.773586117322623 ], [ 2.402016459759952, 48.772959206267274 ], [ 2.400326529180542, 48.775081443916804 ], [ 2.398704869071561, 48.774809765077151 ], [ 2.394245575836003, 48.773870735483278 ], [ 2.39373805875369, 48.773749438400742 ], [ 2.393770242407015, 48.773673151571501 ], [ 2.392346481252988, 48.773357419099028 ], [ 2.392552728691774, 48.772355621020253 ], [ 2.388602602426148, 48.771885761911193 ], [ 2.388099943508317, 48.773209825309493 ], [ 2.386229084081803, 48.772732532173563 ], [ 2.383616550003051, 48.772264876038427 ], [ 2.381876588205638, 48.771771100388442 ], [ 2.38086072797436, 48.772065345194306 ], [ 2.379132577167974, 48.773097899389853 ], [ 2.377865335537821, 48.772217074388152 ], [ 2.377656074546319, 48.772306825422213 ] ] ] } }
]
}
