{"type":"FeatureCollection","features":[{"type":"Feature","properties":{"layer":"communes","name":""},"geometry":{"type":"MultiLineString","coordinates":[[[2.2711,48.82789],[2.26783,48.82784]],[[2.26783,48.82784],[2.26763,48.82797]],[[2.26763,48.82797],[2.26734,48.83153]],[[2.26734,48.83153],[2.26993,48.83301]],[[2.26993,48.83301],[2.2681,48.83443]],[[2.2681,48.83443],[2.26779,48.83459]],[[2.26779,48.83459],[2.26748,48.83459]],[[2.26748,48.83459],[2.26499,48.83424]],[[2.26499,48.83424],[2.26279,48.83392]],[[2.26279,48.83392],[2.26149,48.83407]],[[2.26149,48.83407],[2.25514,48.83481]],[[2.25514,48.83481],[2.25507,48.8349]],[[2.25507,48.8349],[2.25355,48.83668]],[[2.25355,48.83668],[2.2523,48.83814]],[[2.2523,48.83814],[2.25193,48.83862]],[[2.25193,48.83862],[2.25171,48.83882]],[[2.25171,48.83882],[2.25131,48.84206]],[[2.25131,48.84206],[2.25122,48.84289]],[[2.25122,48.84289],[2.25248,48.84549]],[[2.25248,48.84549],[2.25052,48.84556]],[[2.25052,48.84556],[2.24551,48.84686]],[[2.24551,48.84686],[2.24236,48.84766]],[[2.24236,48.84766],[2.24196,48.84798]],[[2.24196,48.84798],[2.2405,48.84932]],[[2.2405,48.84932],[2.23977,48.84983]],[[2.23977,48.84983],[2.23918,48.85004]],[[2.23918,48.85004],[2.23778,48.85035]],[[2.23778,48.85035],[2.22659,48.85281]],[[2.22659,48.85281],[2.22422,48.85352]],[[2.22422,48.85352],[2.22441,48.85615]],[[2.22441,48.85615],[2.22567,48.8594]],[[2.22567,48.8594],[2.22718,48.86238]],[[2.22718,48.86238],[2.22825,48.86516]],[[2.22825,48.86516],[2.22962,48.86685]],[[2.22962,48.86685],[2.23066,48.86808]],[[2.23066,48.86808],[2.23174,48.86907]],[[2.23174,48.86907],[2.2337,48.8699]],[[2.2337,48.8699],[2.23558,48.87052]],[[2.23558,48.87052],[2.23923,48.87157]],[[2.23923,48.87157],[2.24095,48.87234]],[[2.24095,48.87234],[2.24186,48.8729]],[[2.24186,48.8729],[2.24301,48.87378]],[[2.24301,48.87378],[2.2457,48.87646]],[[2.2457,48.87646],[2.2464,48.87618]],[[2.2464,48.87618],[2.25482,48.87408]],[[2.25482,48.87408],[2.25541,48.87426]],[[2.25541,48.87426],[2.25606,48.87556]],[[2.25606,48.87556],[2.25847,48.88039]],[[2.25847,48.88039],[2.26154,48.88]],[[2.26154,48.88],[2.27075,48.87883]],[[2.27075,48.87883],[2.27749,48.87797]],[[2.27749,48.87797],[2.27947,48.87853]],[[2.27947,48.87853],[2.27995,48.87857]],[[2.27995,48.87857],[2.27996,48.87862]],[[2.27996,48.87862],[2.28067,48.88177]],[[2.28067,48.88177],[2.2809,48.88279]],[[2.2809,48.88279],[2.28111,48.88304]],[[2.28111,48.88304],[2.28454,48.88557]],[[2.28454,48.88557],[2.28446,48.88564]],[[2.28446,48.88564],[2.28564,48.88655]],[[2.28564,48.88655],[2.28711,48.88728]],[[2.28711,48.88728],[2.28869,48.88805]],[[2.28869,48.88805],[2.29053,48.88896]],[[2.29053,48.88896],[2.29115,48.8893]],[[2.29115,48.8893],[2.29178,48.88947]],[[2.29178,48.88947],[2.29275,48.88959]],[[2.29275,48.88959],[2.29501,48.88987]],[[2.29501,48.88987],[2.29558,48.89015]],[[2.29558,48.89015],[2.29733,48.89105]],[[2.29733,48.89105],[2.29961,48.89217]],[[2.29961,48.89217],[2.30059,48.89263]],[[2.30059,48.89263],[2.30377,48.89415]],[[2.30377,48.89415],[2.30769,48.89601]],[[2.30769,48.89601],[2.30868,48.89638]],[[2.30868,48.89638],[2.30953,48.8967]],[[2.30953,48.8967],[2.31245,48.89778]],[[2.31245,48.89778],[2.31511,48.89859]],[[2.31511,48.89859],[2.31852,48.89964]],[[2.31852,48.89964],[2.31989,48.90046]],[[2.31989,48.90046],[2.32043,48.90078]],[[2.32043,48.90078],[2.32327,48.90081]],[[2.32327,48.90081],[2.32584,48.90095]],[[2.32584,48.90095],[2.32974,48.90104]],[[2.32974,48.90104],[2.33015,48.90104]],[[2.33015,48.90104],[2.33474,48.90114]],[[2.33474,48.90114],[2.33517,48.90115]],[[2.33517,48.90115],[2.34376,48.90132]],[[2.34376,48.90132],[2.34413,48.90133]],[[2.34413,48.90133],[2.34771,48.9014]],[[2.34771,48.9014],[2.35198,48.90148]],[[2.35198,48.90148],[2.3587,48.90162]],[[2.3587,48.90162],[2.36562,48.90176]],[[2.36562,48.90176],[2.3703,48.90185]],[[2.3703,48.90185],[2.37978,48.90205]],[[2.37978,48.90205],[2.38035,48.90206]],[[2.38035,48.90206],[2.38453,48.90215]],[[2.38453,48.90215],[2.38487,48.90208]],[[2.38487,48.90208],[2.38933,48.90116]],[[2.38933,48.90116],[2.39084,48.90091]],[[2.39084,48.90091],[2.39552,48.89826]],[[2.39552,48.89826],[2.39599,48.89751]],[[2.39599,48.89751],[2.39767,48.89461]],[[2.39767,48.89461],[2.39824,48.89264]],[[2.39824,48.89264],[2.39877,48.89026]],[[2.39877,48.89026],[2.39894,48.88953]],[[2.39894,48.88953],[2.39914,48.88853]],[[2.39914,48.88853],[2.39925,48.88536]],[[2.39925,48.88536],[2.39989,48.8842]],[[2.39989,48.8842],[2.40011,48.88382]],[[2.40011,48.88382],[2.40151,48.88263]],[[2.40151,48.88263],[2.40365,48.88168]],[[2.40365,48.88168],[2.40458,48.88127]],[[2.40458,48.88127],[2.40844,48.88044]],[[2.40844,48.88044],[2.40936,48.88026]],[[2.40936,48.88026],[2.41082,48.87844]],[[2.41082,48.87844],[2.41221,48.87674]],[[2.41221,48.87674],[2.41245,48.87644]],[[2.41245,48.87644],[2.41343,48.87314]],[[2.41343,48.87314],[2.41365,48.8724]],[[2.41365,48.8724],[2.41393,48.86953]],[[2.41393,48.86953],[2.41398,48.86518]],[[2.41398,48.86518],[2.41412,48.86351]],[[2.41412,48.86351],[2.41437,48.86065]],[[2.41437,48.86065],[2.4147,48.8587]],[[2.4147,48.8587],[2.41478,48.85825]],[[2.41478,48.85825],[2.41529,48.85518]],[[2.41529,48.85518],[2.41544,48.85439]],[[2.41544,48.85439],[2.41634,48.84923]],[[2.41634,48.84923],[2.41635,48.8487]],[[2.41635,48.8487],[2.41598,48.84669]],[[2.41598,48.84669],[2.41597,48.84662]],[[2.41597,48.84662],[2.41566,48.845]],[[2.41566,48.845],[2.4153,48.84385]],[[2.4153,48.84385],[2.41485,48.84238]],[[2.41485,48.84238],[2.41405,48.83976]],[[2.41405,48.83976],[2.41285,48.83622]],[[2.41285,48.83622],[2.41225,48.83454]],[[2.41225,48.83454],[2.41147,48.83393]],[[2.41147,48.83393],[2.41351,48.83372]],[[2.41351,48.83372],[2.41547,48.83379]],[[2.41547,48.83379],[2.41734,48.83419]],[[2.41734,48.83419],[2.4198,48.83498]],[[2.4198,48.83498],[2.42214,48.8358]],[[2.42214,48.8358],[2.42148,48.8371]],[[2.42148,48.8371],[2.42106,48.83889]],[[2.42106,48.83889],[2.42077,48.83969]],[[2.42077,48.83969],[2.42039,48.84044]],[[2.42039,48.84044],[2.41954,48.84145]],[[2.41954,48.84145],[2.41936,48.8425]],[[2.41936,48.8425],[2.41985,48.8431]],[[2.41985,48.8431],[2.41986,48.84346]],[[2.41986,48.84346],[2.42185,48.84444]],[[2.42185,48.84444],[2.42244,48.84406]],[[2.42244,48.84406],[2.42349,48.84266]],[[2.42349,48.84266],[2.42395,48.8422]],[[2.42395,48.8422],[2.42435,48.84195]],[[2.42435,48.84195],[2.42492,48.84181]],[[2.42492,48.84181],[2.42758,48.84157]],[[2.42758,48.84157],[2.43153,48.84123]],[[2.43153,48.84123],[2.43354,48.84105]],[[2.43354,48.84105],[2.43367,48.8412]],[[2.43367,48.8412],[2.43718,48.84089]],[[2.43718,48.84089],[2.43796,48.84466]],[[2.43796,48.84466],[2.44052,48.84444]],[[2.44052,48.84444],[2.44062,48.84489]],[[2.44062,48.84489],[2.4408,48.84488]],[[2.4408,48.84488],[2.44086,48.84525]],[[2.44086,48.84525],[2.44068,48.84525]],[[2.44068,48.84525],[2.44076,48.84596]],[[2.44076,48.84596],[2.44665,48.8458]],[[2.44665,48.8458],[2.4465,48.84497]],[[2.4465,48.84497],[2.44785,48.84486]],[[2.44785,48.84486],[2.45784,48.84355]],[[2.45784,48.84355],[2.45987,48.84318]],[[2.45987,48.84318],[2.46179,48.84273]],[[2.46179,48.84273],[2.46374,48.84202]],[[2.46374,48.84202],[2.46526,48.84117]],[[2.46526,48.84117],[2.46616,48.84042]],[[2.46616,48.84042],[2.46732,48.8391]],[[2.46732,48.8391],[2.46791,48.83845]],[[2.46791,48.83845],[2.46947,48.83705]],[[2.46947,48.83705],[2.4698,48.83655]],[[2.4698,48.83655],[2.46983,48.8358]],[[2.46983,48.8358],[2.4695,48.83447]],[[2.4695,48.83447],[2.46862,48.83359]],[[2.46862,48.83359],[2.46694,48.83275]],[[2.46694,48.83275],[2.46627,48.8323]],[[2.46627,48.8323],[2.46563,48.83163]],[[2.46563,48.83163],[2.46527,48.83102]],[[2.46527,48.83102],[2.4647,48.82928]],[[2.4647,48.82928],[2.46465,48.82778]],[[2.46465,48.82778],[2.46466,48.82762]],[[2.46466,48.82762],[2.46509,48.82754]],[[2.46509,48.82754],[2.46523,48.82767]],[[2.46523,48.82767],[2.46618,48.82733]],[[2.46618,48.82733],[2.46573,48.82623]],[[2.46573,48.82623],[2.46571,48.82617]],[[2.46571,48.82617],[2.46532,48.82498]],[[2.46532,48.82498],[2.46519,48.82496]],[[2.46519,48.82496],[2.4653,48.82471]],[[2.4653,48.82471],[2.46504,48.82408]],[[2.46504,48.82408],[2.46287,48.82018]],[[2.46287,48.82018],[2.4627,48.81937]],[[2.4627,48.81937],[2.46253,48.81925]],[[2.46253,48.81925],[2.4627,48.81906]],[[2.4627,48.81906],[2.46121,48.81836]],[[2.46121,48.81836],[2.45912,48.81737]],[[2.45912,48.81737],[2.45941,48.81685]],[[2.45941,48.81685],[2.45912,48.817]],[[2.45912,48.817],[2.45872,48.81703]],[[2.45872,48.81703],[2.4542,48.81712]],[[2.4542,48.81712],[2.45328,48.81717]],[[2.45328,48.81717],[2.45081,48.81773]],[[2.45081,48.81773],[2.44967,48.81789]],[[2.44967,48.81789],[2.44779,48.81797]],[[2.44779,48.81797],[2.44418,48.81788]],[[2.44418,48.81788],[2.44233,48.8179]],[[2.44233,48.8179],[2.43985,48.81829]],[[2.43985,48.81829],[2.43733,48.81818]],[[2.43733,48.81818],[2.43744,48.81911]],[[2.43744,48.81911],[2.43692,48.81936]],[[2.43692,48.81936],[2.43603,48.81959]],[[2.43603,48.81959],[2.4349,48.81967]],[[2.4349,48.81967],[2.43414,48.81922]],[[2.43414,48.81922],[2.43429,48.82016]],[[2.43429,48.82016],[2.43248,48.82143]],[[2.43248,48.82143],[2.43289,48.82169]],[[2.43289,48.82169],[2.43263,48.8219]],[[2.43263,48.8219],[2.43219,48.82162]],[[2.43219,48.82162],[2.43037,48.82288]],[[2.43037,48.82288],[2.43063,48.82316]],[[2.43063,48.82316],[2.42923,48.82362]],[[2.42923,48.82362],[2.42698,48.82405]],[[2.42698,48.82405],[2.42513,48.82419]],[[2.42513,48.82419],[2.42288,48.82413]],[[2.42288,48.82413],[2.42172,48.82406]],[[2.42172,48.82406],[2.41996,48.82408]],[[2.41996,48.82408],[2.41891,48.82424]],[[2.41891,48.82424],[2.41787,48.8245]],[[2.41787,48.8245],[2.41598,48.82478]],[[2.41598,48.82478],[2.41311,48.82472]],[[2.41311,48.82472],[2.41193,48.82479]],[[2.41193,48.82479],[2.41091,48.82494]],[[2.41091,48.82494],[2.40996,48.82518]],[[2.40996,48.82518],[2.40918,48.8255]],[[2.40918,48.8255],[2.40771,48.82635]],[[2.40771,48.82635],[2.40515,48.8283]],[[2.40515,48.8283],[2.40381,48.82906]],[[2.40381,48.82906],[2.40224,48.82959]],[[2.40224,48.82959],[2.40151,48.82936]],[[2.40151,48.82936],[2.40103,48.82921]],[[2.40103,48.82921],[2.39934,48.82867]],[[2.39934,48.82867],[2.39571,48.82773]],[[2.39571,48.82773],[2.39434,48.82754]],[[2.39434,48.82754],[2.39095,48.82608]],[[2.39095,48.82608],[2.39007,48.82569]],[[2.39007,48.82569],[2.38945,48.82534]],[[2.38945,48.82534],[2.3888,48.82511]],[[2.3888,48.82511],[2.38694,48.82446]],[[2.38694,48.82446],[2.38523,48.82373]],[[2.38523,48.82373],[2.3833,48.82304]],[[2.3833,48.82304],[2.38152,48.82241]],[[2.38152,48.82241],[2.38077,48.8217]],[[2.38077,48.8217],[2.37908,48.82116]],[[2.37908,48.82116],[2.37576,48.82006]],[[2.37576,48.82006],[2.36693,48.81725]],[[2.36693,48.81725],[2.3642,48.8164]],[[2.3642,48.8164],[2.36333,48.81615]],[[2.36333,48.81615],[2.36068,48.81607]],[[2.36068,48.81607],[2.36053,48.81607]],[[2.36053,48.81607],[2.35842,48.81601]],[[2.35842,48.81601],[2.35623,48.81594]],[[2.35623,48.81594],[2.35585,48.81592]],[[2.35585,48.81592],[2.35338,48.8178]],[[2.35338,48.8178],[2.35239,48.81855]],[[2.35239,48.81855],[2.35125,48.81796]],[[2.35125,48.81796],[2.3486,48.81678]],[[2.3486,48.81678],[2.34692,48.81602]],[[2.34692,48.81602],[2.34637,48.81599]],[[2.34637,48.81599],[2.34519,48.81609]],[[2.34519,48.81609],[2.34436,48.81602]],[[2.34436,48.81602],[2.34445,48.81556]],[[2.34445,48.81556],[2.34434,48.8156]],[[2.34434,48.8156],[2.3439,48.81577]],[[2.3439,48.81577],[2.34301,48.81608]],[[2.34301,48.81608],[2.34168,48.81633]],[[2.34168,48.81633],[2.33728,48.81656]],[[2.33728,48.81656],[2.33371,48.81677]],[[2.33371,48.81677],[2.3319,48.81701]],[[2.3319,48.81701],[2.33246,48.81825]],[[2.33246,48.81825],[2.3293,48.81895]],[[2.3293,48.81895],[2.3255,48.81979]],[[2.3255,48.81979],[2.32396,48.82012]],[[2.32396,48.82012],[2.32104,48.82077]],[[2.32104,48.82077],[2.31462,48.82219]],[[2.31462,48.82219],[2.31415,48.82229]],[[2.31415,48.82229],[2.30835,48.82356]],[[2.30835,48.82356],[2.30696,48.82387]],[[2.30696,48.82387],[2.30686,48.82389]],[[2.30686,48.82389],[2.30407,48.82453]],[[2.30407,48.82453],[2.3021,48.82495]],[[2.3021,48.82495],[2.30132,48.82513]],[[2.30132,48.82513],[2.29697,48.82608]],[[2.29697,48.82608],[2.29229,48.82712]],[[2.29229,48.82712],[2.29219,48.82714]],[[2.29219,48.82714],[2.28941,48.82833]],[[2.28941,48.82833],[2.28468,48.83031]],[[2.28468,48.83031],[2.28267,48.83115]],[[2.28267,48.83115],[2.28039,48.83198]],[[2.28039,48.83198],[2.27911,48.83247]],[[2.27911,48.83247],[2.27905,48.83249]],[[2.27905,48.83249],[2.2753,48.82944]],[[2.2753,48.82944],[2.27285,48.82796]],[[2.27285,48.82796],[2.2711,48.82789]],[[2.27613,48.75664],[2.27711,48.75788]],[[2.27711,48.75788],[2.27772,48.759]],[[2.27772,48.759],[2.27859,48.76]],[[2.27859,48.76],[2.28065,48.76016]],[[2.28065,48.76016],[2.284,48.76063]],[[2.284,48.76063],[2.28514,48.76068]],[[2.28514,48.76068],[2.28636,48.76066]],[[2.28636,48.76066],[2.2881,48.76049]],[[2.2881,48.76049],[2.28817,48.76108]],[[2.28817,48.76108],[2.29083,48.76094]],[[2.29083,48.76094],[2.29194,48.76449]],[[2.29194,48.76449],[2.29025,48.7666]],[[2.29025,48.7666],[2.30658,48.76923]],[[2.30658,48.76923],[2.30689,48.76937]],[[2.30689,48.76937],[2.30716,48.76963]],[[2.30716,48.76963],[2.3074,48.77025]],[[2.3074,48.77025],[2.30743,48.77075]],[[2.30743,48.77075],[2.309,48.77092]],[[2.309,48.77092],[2.30996,48.77089]],[[2.30996,48.77089],[2.31086,48.77085]],[[2.31086,48.77085],[2.31183,48.77069]],[[2.31183,48.77069],[2.3124,48.77214]],[[2.3124,48.77214],[2.31992,48.77073]],[[2.31992,48.77073],[2.31772,48.76852]],[[2.31772,48.76852],[2.31722,48.76833]],[[2.31722,48.76833],[2.31692,48.76782]],[[2.31692,48.76782],[2.31619,48.76704]],[[2.31619,48.76704],[2.31588,48.76677]],[[2.31588,48.76677],[2.31567,48.7668]],[[2.31567,48.7668],[2.31541,48.76606]],[[2.31541,48.76606],[2.3153,48.76604]],[[2.3153,48.76604],[2.3151,48.7657]],[[2.3151,48.7657],[2.31509,48.76551]],[[2.31509,48.76551],[2.31537,48.76544]],[[2.31537,48.76544],[2.31528,48.76486]],[[2.31528,48.76486],[2.31479,48.76384]],[[2.31479,48.76384],[2.31438,48.76209]],[[2.31438,48.76209],[2.31362,48.76229]],[[2.31362,48.76229],[2.3131,48.76159]],[[2.3131,48.76159],[2.31324,48.76094]],[[2.31324,48.76094],[2.31339,48.76016]],[[2.31339,48.76016],[2.31259,48.75937]],[[2.31259,48.75937],[2.31271,48.75932]],[[2.31271,48.75932],[2.30967,48.75638]],[[2.30967,48.75638],[2.30928,48.756]],[[2.30928,48.756],[2.30869,48.75541]],[[2.30869,48.75541],[2.31146,48.75433]],[[2.31146,48.75433],[2.31089,48.75376]],[[2.31089,48.75376],[2.31102,48.75363]],[[2.31102,48.75363],[2.31163,48.75302]],[[2.31163,48.75302],[2.31012,48.75219]],[[2.31012,48.75219],[2.31235,48.75135]],[[2.31235,48.75135],[2.31414,48.75134]],[[2.31414,48.75134],[2.31679,48.75014]],[[2.31679,48.75014],[2.31704,48.75003]],[[2.31704,48.75003],[2.31705,48.75017]],[[2.31705,48.75017],[2.31767,48.75014]],[[2.31767,48.75014],[2.31859,48.74975]],[[2.31859,48.74975],[2.31931,48.74963]],[[2.31931,48.74963],[2.32003,48.74901]],[[2.32003,48.74901],[2.3207,48.74877]],[[2.27948,48.90408],[2.27896,48.90454]],[[2.27896,48.90454],[2.27885,48.90447]],[[2.27885,48.90447],[2.27798,48.90523]],[[2.27798,48.90523],[2.27715,48.9057]],[[2.27715,48.9057],[2.27616,48.90666]],[[2.27616,48.90666],[2.27613,48.90687]],[[2.27613,48.90687],[2.27613,48.90694]],[[2.27613,48.90694],[2.27574,48.90693]],[[2.27574,48.90693],[2.27511,48.90762]],[[2.27511,48.90762],[2.2743,48.90828]],[[2.2743,48.90828],[2.27039,48.90682]],[[2.27039,48.90682],[2.2688,48.90621]],[[2.2688,48.90621],[2.26815,48.90597]],[[2.26815,48.90597],[2.26773,48.9059]],[[2.26773,48.9059],[2.26704,48.90601]],[[2.26704,48.90601],[2.26661,48.90614]],[[2.26661,48.90614],[2.26639,48.90629]],[[2.26639,48.90629],[2.26494,48.91027]],[[2.26494,48.91027],[2.2661,48.91057]],[[2.2661,48.91057],[2.2667,48.91062]],[[2.2667,48.91062],[2.26814,48.91059]],[[2.26814,48.91059],[2.26899,48.9104]],[[2.26899,48.9104],[2.2692,48.91036]],[[2.2692,48.91036],[2.27215,48.91017]],[[2.27215,48.91017],[2.27225,48.91175]],[[2.27225,48.91175],[2.27233,48.91273]],[[2.27233,48.91273],[2.27275,48.91315]],[[2.27275,48.91315],[2.27429,48.91441]],[[2.27429,48.91441],[2.27625,48.91581]],[[2.27625,48.91581],[2.27787,48.91695]],[[2.27787,48.91695],[2.27862,48.91746]],[[2.27862,48.91746],[2.28065,48.9191]],[[2.28065,48.9191],[2.2804,48.91931]],[[2.2804,48.91931],[2.2781,48.92147]],[[2.2781,48.92147],[2.27658,48.92269]],[[2.27658,48.92269],[2.27621,48.92299]],[[2.27621,48.92299],[2.27332,48.92685]],[[2.27332,48.92685],[2.27287,48.92737]],[[2.27287,48.92737],[2.27181,48.92777]],[[2.27181,48.92777],[2.27239,48.92853]],[[2.27239,48.92853],[2.27249,48.92951]],[[2.27249,48.92951],[2.27282,48.93225]],[[2.27282,48.93225],[2.27274,48.93227]],[[2.27274,48.93227],[2.27304,48.93384]],[[2.27304,48.93384],[2.27375,48.93342]],[[2.27375,48.93342],[2.27439,48.93327]],[[2.27439,48.93327],[2.27463,48.93325]],[[2.27463,48.93325],[2.27566,48.93355]],[[2.27566,48.93355],[2.27625,48.93357]],[[2.27625,48.93357],[2.27763,48.93352]],[[2.27763,48.93352],[2.28103,48.93306]],[[2.28103,48.93306],[2.28286,48.93205]],[[2.28286,48.93205],[2.28334,48.93175]],[[2.28334,48.93175],[2.28407,48.9306]],[[2.28407,48.9306],[2.28437,48.93024]],[[2.28437,48.93024],[2.2845,48.92612]],[[2.2845,48.92612],[2.28497,48.92533]],[[2.28497,48.92533],[2.28562,48.92412]],[[2.28562,48.92412],[2.28628,48.92288]],[[2.28628,48.92288],[2.28595,48.92268]],[[2.28595,48.92268],[2.28681,48.92179]],[[2.28681,48.92179],[2.29012,48.91902]],[[2.29012,48.91902],[2.2919,48.9179]],[[2.2919,48.9179],[2.29525,48.91992]],[[2.29525,48.91992],[2.2956,48.91727]],[[2.2956,48.91727],[2.29584,48.9158]],[[2.29584,48.9158],[2.29628,48.91275]],[[2.29628,48.91275],[2.29638,48.91271]],[[2.29638,48.91271],[2.29893,48.91372]],[[2.29893,48.91372],[2.30173,48.91511]],[[2.30173,48.91511],[2.3075,48.91728]],[[2.3075,48.91728],[2.30837,48.91761]],[[2.30837,48.91761],[2.31011,48.91844]],[[2.31011,48.91844],[2.31153,48.91893]],[[2.31153,48.91893],[2.31495,48.92008]],[[2.31495,48.92008],[2.31776,48.92084]],[[2.31776,48.92084],[2.32038,48.91958]],[[2.32038,48.91958],[2.32202,48.91867]],[[2.32202,48.91867],[2.32127,48.91798]],[[2.32127,48.91798],[2.31982,48.91594]],[[2.31982,48.91594],[2.31377,48.91404]],[[2.31377,48.91404],[2.31096,48.91311]],[[2.31096,48.91311],[2.30751,48.91216]],[[2.30751,48.91216],[2.30227,48.9112]],[[2.30227,48.9112],[2.29925,48.91013]],[[2.29925,48.91013],[2.29838,48.9098]],[[2.29838,48.9098],[2.29507,48.90817]],[[2.29507,48.90817],[2.29403,48.90748]],[[2.29403,48.90748],[2.29319,48.90661]],[[2.29319,48.90661],[2.29231,48.90599]],[[2.29231,48.90599],[2.28864,48.90426]],[[2.28864,48.90426],[2.28739,48.90364]],[[2.28739,48.90364],[2.28427,48.90229]],[[2.28427,48.90229],[2.28185,48.90462]],[[2.28185,48.90462],[2.28013,48.90364]],[[2.28013,48.90364],[2.2796,48.90414]],[[2.2796,48.90414],[2.27948,48.90408]],[[2.3041,48.7852],[2.30359,48.78532]],[[2.30359,48.78532],[2.30341,48.7854]],[[2.30341,48.7854],[2.30312,48.78553]],[[2.30312,48.78553],[2.30191,48.78731]],[[2.30191,48.78731],[2.29992,48.79055]],[[2.29992,48.79055],[2.29884,48.79235]],[[2.29884,48.79235],[2.2975,48.79368]],[[2.2975,48.79368],[2.2983,48.79444]],[[2.2983,48.79444],[2.29823,48.79454]],[[2.29823,48.79454],[2.29617,48.79577]],[[2.29617,48.79577],[2.29582,48.79566]],[[2.29582,48.79566],[2.2953,48.79562]],[[2.2953,48.79562],[2.29347,48.79596]],[[2.29347,48.79596],[2.29222,48.79597]],[[2.29222,48.79597],[2.29301,48.79713]],[[2.29301,48.79713],[2.29361,48.79771]],[[2.29361,48.79771],[2.2944,48.79831]],[[2.2944,48.79831],[2.29962,48.80287]],[[2.29962,48.80287],[2.30302,48.80341]],[[2.30302,48.80341],[2.30354,48.80553]],[[2.30354,48.80553],[2.30412,48.80653]],[[2.30412,48.80653],[2.30472,48.80719]],[[2.30472,48.80719],[2.30594,48.80856]],[[2.30594,48.80856],[2.30174,48.80998]],[[2.30174,48.80998],[2.30269,48.81112]],[[2.30269,48.81112],[2.30994,48.81049]],[[2.30994,48.81049],[2.31444,48.81012]],[[2.31444,48.81012],[2.31754,48.80988]],[[2.31754,48.80988],[2.31908,48.81001]],[[2.31908,48.81001],[2.31786,48.8084]],[[2.31786,48.8084],[2.31834,48.80602]],[[2.31834,48.80602],[2.31839,48.80603]],[[2.31839,48.80603],[2.32041,48.80613]],[[2.32041,48.80613],[2.32103,48.80569]],[[2.32103,48.80569],[2.32174,48.80595]],[[2.32174,48.80595],[2.32399,48.80536]],[[2.32399,48.80536],[2.32428,48.80586]],[[2.32428,48.80586],[2.32444,48.80582]],[[2.32444,48.80582],[2.32434,48.80669]],[[2.32434,48.80669],[2.32454,48.80699]],[[2.32454,48.80699],[2.32479,48.80701]],[[2.32479,48.80701],[2.32476,48.80761]],[[2.32476,48.80761],[2.325,48.80815]],[[2.325,48.80815],[2.32525,48.80842]],[[2.32525,48.80842],[2.32636,48.8083]],[[2.32636,48.8083],[2.32598,48.80673]],[[2.32598,48.80673],[2.3256,48.80577]],[[2.3256,48.80577],[2.32403,48.80177]],[[2.32403,48.80177],[2.32394,48.80155]],[[2.32394,48.80155],[2.32276,48.79855]],[[2.32276,48.79855],[2.32181,48.79612]],[[2.32181,48.79612],[2.32106,48.79414]],[[2.32106,48.79414],[2.32072,48.79325]],[[2.32072,48.79325],[2.31978,48.79085]],[[2.31978,48.79085],[2.3187,48.788]],[[2.3187,48.788],[2.31801,48.7882]],[[2.31801,48.7882],[2.31536,48.78901]],[[2.31536,48.78901],[2.31414,48.78938]],[[2.31414,48.78938],[2.3132,48.78935]],[[2.3132,48.78935],[2.31245,48.78932]],[[2.31245,48.78932],[2.31145,48.78752]],[[2.31145,48.78752],[2.31126,48.78735]],[[2.31126,48.78735],[2.31084,48.78578]],[[2.31084,48.78578],[2.3097,48.7849]],[[2.3097,48.7849],[2.30618,48.78497]],[[2.30618,48.78497],[2.3041,48.7852]],[[2.26325,48.9034],[2.26137,48.90682]],[[2.26137,48.90682],[2.25994,48.90655]],[[2.25994,48.90655],[2.25822,48.90608]],[[2.25822,48.90608],[2.25802,48.90697]],[[2.25802,48.90697],[2.25704,48.91095]],[[2.25704,48.91095],[2.25767,48.91088]],[[2.25767,48.91088],[2.25787,48.91289]],[[2.25787,48.91289],[2.25775,48.91292]],[[2.25775,48.91292],[2.25794,48.91349]],[[2.25794,48.91349],[2.25741,48.91356]],[[2.25741,48.91356],[2.25748,48.91389]],[[2.25748,48.91389],[2.25929,48.91393]],[[2.25929,48.91393],[2.26155,48.91388]],[[2.26155,48.91388],[2.26179,48.91651]],[[2.26179,48.91651],[2.26207,48.91731]],[[2.26207,48.91731],[2.26235,48.91788]],[[2.26235,48.91788],[2.26256,48.91856]],[[2.26256,48.91856],[2.26239,48.91881]],[[2.26239,48.91881],[2.26288,48.91946]],[[2.26288,48.91946],[2.26311,48.92001]],[[2.26311,48.92001],[2.26318,48.92021]],[[2.26318,48.92021],[2.26461,48.91917]],[[2.26461,48.91917],[2.26521,48.92037]],[[2.26521,48.92037],[2.26716,48.9195]],[[2.26716,48.9195],[2.26831,48.92129]],[[2.26831,48.92129],[2.26795,48.92138]],[[2.26795,48.92138],[2.26882,48.92293]],[[2.26882,48.92293],[2.26864,48.92297]],[[2.26864,48.92297],[2.26979,48.92466]],[[2.26979,48.92466],[2.26775,48.92504]],[[2.26775,48.92504],[2.26834,48.9252]],[[2.26834,48.9252],[2.27332,48.92685]],[[2.26639,48.90629],[2.26698,48.90465]],[[2.26698,48.90465],[2.26325,48.9034]],[[2.22627,48.8317],[2.22592,48.83274]],[[2.22592,48.83274],[2.22405,48.83515]],[[2.22405,48.83515],[2.22346,48.83586]],[[2.22346,48.83586],[2.22312,48.83656]],[[2.22312,48.83656],[2.22294,48.83798]],[[2.22294,48.83798],[2.22293,48.83892]],[[2.22293,48.83892],[2.22304,48.83965]],[[2.22304,48.83965],[2.22359,48.84126]],[[2.22359,48.84126],[2.22537,48.84653]],[[2.22537,48.84653],[2.22553,48.84764]],[[2.22553,48.84764],[2.22548,48.84971]],[[2.22548,48.84971],[2.22434,48.85295]],[[2.22434,48.85295],[2.22422,48.85352]],[[2.26279,48.83392],[2.261,48.83202]],[[2.261,48.83202],[2.25978,48.83113]],[[2.25978,48.83113],[2.2588,48.83054]],[[2.2588,48.83054],[2.25624,48.82902]],[[2.25624,48.82902],[2.25169,48.82575]],[[2.25169,48.82575],[2.2505,48.8251]],[[2.2505,48.8251],[2.24872,48.82449]],[[2.24872,48.82449],[2.24438,48.82322]],[[2.24438,48.82322],[2.24219,48.82276]],[[2.24219,48.82276],[2.23958,48.82183]],[[2.23958,48.82183],[2.23738,48.82148]],[[2.23738,48.82148],[2.23611,48.82155]],[[2.23611,48.82155],[2.23424,48.82205]],[[2.23424,48.82205],[2.23321,48.82244]],[[2.23321,48.82244],[2.23264,48.82274]],[[2.23264,48.82274],[2.23068,48.82395]],[[2.23068,48.82395],[2.22914,48.82513]],[[2.22914,48.82513],[2.2285,48.82576]],[[2.2285,48.82576],[2.22764,48.82684]],[[2.22764,48.82684],[2.22692,48.82841]],[[2.22692,48.82841],[2.22642,48.83052]],[[2.22642,48.83052],[2.22627,48.8317]],[[2.31425,48.77681],[2.31272,48.77663]],[[2.31272,48.77663],[2.31207,48.77655]],[[2.31207,48.77655],[2.31058,48.7769]],[[2.31058,48.7769],[2.30691,48.77746]],[[2.30691,48.77746],[2.30745,48.77823]],[[2.30745,48.77823],[2.30685,48.77836]],[[2.30685,48.77836],[2.30939,48.78287]],[[2.30939,48.78287],[2.3093,48.78292]],[[2.3093,48.78292],[2.3101,48.78426]],[[2.3101,48.78426],[2.31016,48.7842]],[[2.31016,48.7842],[2.31047,48.78489]],[[2.31047,48.78489],[2.3097,48.7849]],[[2.3187,48.788],[2.32208,48.78702]],[[2.32208,48.78702],[2.32512,48.78632]],[[2.32512,48.78632],[2.32474,48.78448]],[[2.32474,48.78448],[2.32491,48.78443]],[[2.32491,48.78443],[2.32437,48.78332]],[[2.32437,48.78332],[2.32484,48.78323]],[[2.32484,48.78323],[2.32444,48.78224]],[[2.32444,48.78224],[2.32581,48.78191]],[[2.32581,48.78191],[2.32484,48.77993]],[[2.32484,48.77993],[2.32504,48.7799]],[[2.32504,48.7799],[2.32458,48.77907]],[[2.32458,48.77907],[2.32662,48.77873]],[[2.32662,48.77873],[2.32572,48.77708]],[[2.32572,48.77708],[2.32503,48.77725]],[[2.32503,48.77725],[2.32424,48.77636]],[[2.32424,48.77636],[2.32374,48.77658]],[[2.32374,48.77658],[2.32172,48.77361]],[[2.32172,48.77361],[2.32131,48.77285]],[[2.32131,48.77285],[2.32056,48.77144]],[[2.32056,48.77144],[2.31992,48.77073]],[[2.3124,48.77214],[2.31388,48.7758]],[[2.31388,48.7758],[2.31425,48.77681]],[[2.22884,48.77449],[2.22876,48.77553]],[[2.22876,48.77553],[2.22891,48.77598]],[[2.22891,48.77598],[2.22932,48.77632]],[[2.22932,48.77632],[2.23039,48.7768]],[[2.23039,48.7768],[2.23746,48.7763]],[[2.23746,48.7763],[2.23717,48.77582]],[[2.23717,48.77582],[2.23724,48.77553]],[[2.23724,48.77553],[2.23649,48.77497]],[[2.23649,48.77497],[2.23681,48.77372]],[[2.23681,48.77372],[2.23726,48.77361]],[[2.23726,48.77361],[2.23824,48.77383]],[[2.23824,48.77383],[2.2385,48.77379]],[[2.2385,48.77379],[2.23874,48.77322]],[[2.23874,48.77322],[2.23902,48.77326]],[[2.23902,48.77326],[2.2392,48.77266]],[[2.2392,48.77266],[2.24065,48.77304]],[[2.24065,48.77304],[2.24206,48.77306]],[[2.24206,48.77306],[2.24192,48.77383]],[[2.24192,48.77383],[2.24269,48.77339]],[[2.24269,48.77339],[2.24384,48.77307]],[[2.24384,48.77307],[2.24454,48.77296]],[[2.24454,48.77296],[2.24495,48.7728]],[[2.24495,48.7728],[2.24494,48.77285]],[[2.24494,48.77285],[2.24632,48.77272]],[[2.24632,48.77272],[2.24647,48.77351]],[[2.24647,48.77351],[2.24985,48.77303]],[[2.24985,48.77303],[2.25072,48.77282]],[[2.25072,48.77282],[2.25086,48.77268]],[[2.25086,48.77268],[2.25123,48.77258]],[[2.25123,48.77258],[2.25232,48.77259]],[[2.25232,48.77259],[2.25407,48.77276]],[[2.25407,48.77276],[2.25413,48.77303]],[[2.25413,48.77303],[2.25571,48.77305]],[[2.25571,48.77305],[2.25571,48.77324]],[[2.25571,48.77324],[2.25649,48.77324]],[[2.25649,48.77324],[2.25657,48.77311]],[[2.25657,48.77311],[2.25722,48.7733]],[[2.25722,48.7733],[2.25894,48.77313]],[[2.25894,48.77313],[2.25992,48.77323]],[[2.25992,48.77323],[2.2638,48.7746]],[[2.2638,48.7746],[2.26431,48.77459]],[[2.26431,48.77459],[2.2644,48.77468]],[[2.2644,48.77468],[2.26429,48.77494]],[[2.26429,48.77494],[2.26456,48.77499]],[[2.26456,48.77499],[2.26473,48.77485]],[[2.26473,48.77485],[2.26497,48.77505]],[[2.26497,48.77505],[2.2651,48.77495]],[[2.2651,48.77495],[2.26592,48.77556]],[[2.26592,48.77556],[2.26639,48.77528]],[[2.26639,48.77528],[2.26723,48.77529]],[[2.26723,48.77529],[2.26707,48.77568]],[[2.26707,48.77568],[2.26729,48.77591]],[[2.26729,48.77591],[2.26725,48.77615]],[[2.26725,48.77615],[2.2674,48.77645]],[[2.2674,48.77645],[2.2683,48.7762]],[[2.2683,48.7762],[2.26933,48.77598]],[[2.26933,48.77598],[2.26956,48.77634]],[[2.26956,48.77634],[2.26989,48.77655]],[[2.26989,48.77655],[2.27169,48.77697]],[[2.27169,48.77697],[2.27239,48.77734]],[[2.27239,48.77734],[2.27439,48.77701]],[[2.27439,48.77701],[2.27506,48.7795]],[[2.27506,48.7795],[2.27538,48.77949]],[[2.27538,48.77949],[2.27585,48.78077]],[[2.27585,48.78077],[2.27623,48.78131]],[[2.27623,48.78131],[2.27628,48.78121]],[[2.27628,48.78121],[2.27644,48.78136]],[[2.27644,48.78136],[2.27751,48.78111]],[[2.27751,48.78111],[2.27809,48.7821]],[[2.27809,48.7821],[2.27827,48.78205]],[[2.27827,48.78205],[2.27898,48.78275]],[[2.27898,48.78275],[2.27948,48.78255]],[[2.27948,48.78255],[2.27977,48.78234]],[[2.27977,48.78234],[2.27994,48.78208]],[[2.27994,48.78208],[2.28044,48.78016]],[[2.28044,48.78016],[2.28011,48.77908]],[[2.28011,48.77908],[2.2783,48.77645]],[[2.2783,48.77645],[2.27866,48.776]],[[2.27866,48.776],[2.27914,48.77505]],[[2.27914,48.77505],[2.28013,48.77392]],[[2.28013,48.77392],[2.28148,48.77449]],[[2.28148,48.77449],[2.28271,48.77478]],[[2.28271,48.77478],[2.28253,48.77445]],[[2.28253,48.77445],[2.28319,48.77432]],[[2.28319,48.77432],[2.28447,48.77429]],[[2.28447,48.77429],[2.28485,48.77431]],[[2.28485,48.77431],[2.28507,48.7744]],[[2.28507,48.7744],[2.28525,48.77425]],[[2.28525,48.77425],[2.2863,48.77416]],[[2.2863,48.77416],[2.28701,48.77371]],[[2.28701,48.77371],[2.28644,48.77335]],[[2.28644,48.77335],[2.28622,48.77287]],[[2.28622,48.77287],[2.28629,48.7713]],[[2.28629,48.7713],[2.29025,48.7666]],[[2.28523,48.79627],[2.285,48.79622]],[[2.285,48.79622],[2.28448,48.7959]],[[2.28448,48.7959],[2.28262,48.79556]],[[2.28262,48.79556],[2.28105,48.7951]],[[2.28105,48.7951],[2.28053,48.79502]],[[2.28053,48.79502],[2.28025,48.79558]],[[2.28025,48.79558],[2.27979,48.79549]],[[2.27979,48.79549],[2.27852,48.79555]],[[2.27852,48.79555],[2.27671,48.79595]],[[2.27671,48.79595],[2.27247,48.79424]],[[2.27247,48.79424],[2.27219,48.79413]],[[2.27219,48.79413],[2.27139,48.79491]],[[2.27139,48.79491],[2.27638,48.79772]],[[2.27638,48.79772],[2.27532,48.79826]],[[2.27532,48.79826],[2.27563,48.79894]],[[2.27563,48.79894],[2.27622,48.79881]],[[2.27622,48.79881],[2.27647,48.79909]],[[2.27647,48.79909],[2.27664,48.80015]],[[2.27664,48.80015],[2.27642,48.8002]],[[2.27642,48.8002],[2.27649,48.80047]],[[2.27649,48.80047],[2.27668,48.80048]],[[2.27668,48.80048],[2.27713,48.80091]],[[2.27713,48.80091],[2.27754,48.80151]],[[2.27754,48.80151],[2.27569,48.80172]],[[2.27569,48.80172],[2.27309,48.80186]],[[2.27309,48.80186],[2.27315,48.80191]],[[2.27315,48.80191],[2.27469,48.8038]],[[2.27469,48.8038],[2.2761,48.80525]],[[2.2761,48.80525],[2.27724,48.80758]],[[2.27724,48.80758],[2.27827,48.80871]],[[2.27827,48.80871],[2.27991,48.81092]],[[2.27991,48.81092],[2.28182,48.81067]],[[2.28182,48.81067],[2.28326,48.81056]],[[2.28326,48.81056],[2.28348,48.81022]],[[2.28348,48.81022],[2.28481,48.81062]],[[2.28481,48.81062],[2.2852,48.81061]],[[2.2852,48.81061],[2.28735,48.81013]],[[2.28735,48.81013],[2.28873,48.80967]],[[2.28873,48.80967],[2.29044,48.80894]],[[2.29044,48.80894],[2.29045,48.8097]],[[2.29045,48.8097],[2.292,48.80971]],[[2.292,48.80971],[2.29358,48.81191]],[[2.29358,48.81191],[2.29383,48.81192]],[[2.29383,48.81192],[2.29482,48.81044]],[[2.29482,48.81044],[2.29802,48.81212]],[[2.29802,48.81212],[2.29958,48.81098]],[[2.29958,48.81098],[2.29968,48.81091]],[[2.29968,48.81091],[2.3001,48.81133]],[[2.3001,48.81133],[2.30269,48.81112]],[[2.29222,48.79597],[2.29012,48.79553]],[[2.29012,48.79553],[2.28934,48.79509]],[[2.28934,48.79509],[2.28793,48.79449]],[[2.28793,48.79449],[2.28774,48.79499]],[[2.28774,48.79499],[2.28655,48.79615]],[[2.28655,48.79615],[2.28542,48.79661]],[[2.28542,48.79661],[2.28523,48.79627]],[[2.17677,48.81402],[2.17852,48.81486]],[[2.17852,48.81486],[2.18111,48.81466]],[[2.18111,48.81466],[2.1818,48.81485]],[[2.1818,48.81485],[2.18286,48.81544]],[[2.18286,48.81544],[2.18977,48.81576]],[[2.18977,48.81576],[2.18968,48.8161]],[[2.18968,48.8161],[2.19001,48.8164]],[[2.19001,48.8164],[2.18958,48.8167]],[[2.18958,48.8167],[2.1901,48.81672]],[[2.1901,48.81672],[2.19091,48.81696]],[[2.19091,48.81696],[2.19149,48.81702]],[[2.19149,48.81702],[2.19172,48.81687]],[[2.19172,48.81687],[2.19393,48.81829]],[[2.19393,48.81829],[2.19462,48.81851]],[[2.19462,48.81851],[2.19618,48.81974]],[[2.19618,48.81974],[2.1972,48.82025]],[[2.1972,48.82025],[2.1976,48.82075]],[[2.1976,48.82075],[2.19788,48.82092]],[[2.19788,48.82092],[2.19887,48.82024]],[[2.19887,48.82024],[2.19953,48.8198]],[[2.19953,48.8198],[2.19955,48.8197]],[[2.19955,48.8197],[2.1996,48.81966]],[[2.1996,48.81966],[2.20026,48.81906]],[[2.20026,48.81906],[2.19821,48.81805]],[[2.19821,48.81805],[2.19858,48.81782]],[[2.19858,48.81782],[2.19897,48.81727]],[[2.19897,48.81727],[2.1992,48.81725]],[[2.1992,48.81725],[2.19954,48.81708]],[[2.19954,48.81708],[2.19911,48.81659]],[[2.19911,48.81659],[2.19878,48.81643]],[[2.19878,48.81643],[2.19723,48.81576]],[[2.19723,48.81576],[2.19669,48.81514]],[[2.19669,48.81514],[2.19719,48.81482]],[[2.19719,48.81482],[2.20402,48.81033]],[[2.20402,48.81033],[2.20564,48.80917]],[[2.20564,48.80917],[2.20599,48.8089]],[[2.20599,48.8089],[2.20446,48.80267]],[[2.20446,48.80267],[2.2042,48.80263]],[[2.2042,48.80263],[2.20399,48.80237]],[[2.20399,48.80237],[2.20403,48.80225]],[[2.20403,48.80225],[2.20426,48.80211]],[[2.20426,48.80211],[2.20469,48.80208]],[[2.20469,48.80208],[2.20605,48.79994]],[[2.20605,48.79994],[2.20481,48.79954]],[[2.20481,48.79954],[2.20405,48.79905]],[[2.20405,48.79905],[2.20265,48.79844]],[[2.22664,48.78159],[2.22681,48.78167]],[[2.22681,48.78167],[2.22814,48.78224]],[[2.22814,48.78224],[2.2297,48.78309]],[[2.2297,48.78309],[2.23291,48.78408]],[[2.23291,48.78408],[2.23485,48.78453]],[[2.23485,48.78453],[2.23542,48.78696]],[[2.23542,48.78696],[2.23563,48.78734]],[[2.23563,48.78734],[2.23585,48.78827]],[[2.23585,48.78827],[2.23637,48.78878]],[[2.23637,48.78878],[2.23652,48.78874]],[[2.23652,48.78874],[2.23661,48.78893]],[[2.23661,48.78893],[2.23646,48.78903]],[[2.23646,48.78903],[2.23479,48.79543]],[[2.23479,48.79543],[2.23606,48.7956]],[[2.23606,48.7956],[2.23876,48.79776]],[[2.23876,48.79776],[2.23895,48.79849]],[[2.23895,48.79849],[2.2396,48.79963]],[[2.2396,48.79963],[2.24006,48.79963]],[[2.24006,48.79963],[2.24059,48.80071]],[[2.24059,48.80071],[2.24079,48.8008]],[[2.24079,48.8008],[2.24108,48.80079]],[[2.24108,48.80079],[2.24158,48.8009]],[[2.24158,48.8009],[2.24181,48.8016]],[[2.24181,48.8016],[2.24139,48.80183]],[[2.24139,48.80183],[2.24103,48.80191]],[[2.24103,48.80191],[2.24157,48.80291]],[[2.24157,48.80291],[2.24184,48.80308]],[[2.24184,48.80308],[2.24235,48.80344]],[[2.24235,48.80344],[2.24276,48.80325]],[[2.24276,48.80325],[2.24342,48.80391]],[[2.24342,48.80391],[2.24469,48.80454]],[[2.24469,48.80454],[2.24509,48.80473]],[[2.24509,48.80473],[2.24573,48.8043]],[[2.24573,48.8043],[2.24623,48.80464]],[[2.24623,48.80464],[2.24628,48.8048]],[[2.24628,48.8048],[2.24825,48.80393]],[[2.24825,48.80393],[2.24842,48.80402]],[[2.24842,48.80402],[2.2489,48.80464]],[[2.2489,48.80464],[2.24921,48.80567]],[[2.24921,48.80567],[2.24956,48.80559]],[[2.24956,48.80559],[2.24928,48.80607]],[[2.24928,48.80607],[2.24858,48.80648]],[[2.24858,48.80648],[2.24828,48.80746]],[[2.24828,48.80746],[2.25034,48.80782]],[[2.25034,48.80782],[2.25161,48.80865]],[[2.25161,48.80865],[2.25266,48.80961]],[[2.25266,48.80961],[2.25313,48.80977]],[[2.25313,48.80977],[2.255,48.81014]],[[2.255,48.81014],[2.2547,48.81093]],[[2.2547,48.81093],[2.25456,48.8124]],[[2.25456,48.8124],[2.25408,48.81346]],[[2.25408,48.81346],[2.25364,48.81412]],[[2.25364,48.81412],[2.25434,48.81427]],[[2.25434,48.81427],[2.25344,48.81508]],[[2.25344,48.81508],[2.25263,48.81553]],[[2.25263,48.81553],[2.25207,48.816]],[[2.25207,48.816],[2.25187,48.81638]],[[2.25187,48.81638],[2.25336,48.81653]],[[2.25336,48.81653],[2.25356,48.8165]],[[2.25356,48.8165],[2.25553,48.81683]],[[2.25553,48.81683],[2.25558,48.81669]],[[2.25558,48.81669],[2.25648,48.81703]],[[2.25648,48.81703],[2.25675,48.81664]],[[2.25675,48.81664],[2.2566,48.81658]],[[2.2566,48.81658],[2.25705,48.81596]],[[2.25705,48.81596],[2.25761,48.81616]],[[2.25761,48.81616],[2.25836,48.81521]],[[2.25836,48.81521],[2.2588,48.81553]],[[2.2588,48.81553],[2.25968,48.81491]],[[2.25968,48.81491],[2.25936,48.81478]],[[2.25936,48.81478],[2.25954,48.81462]],[[2.25954,48.81462],[2.25965,48.81466]],[[2.25965,48.81466],[2.25993,48.81426]],[[2.25993,48.81426],[2.26037,48.81439]],[[2.26037,48.81439],[2.2613,48.81331]],[[2.2613,48.81331],[2.26167,48.8134]],[[2.26167,48.8134],[2.26394,48.81447]],[[2.26394,48.81447],[2.26494,48.81357]],[[2.26494,48.81357],[2.26579,48.81365]],[[2.26579,48.81365],[2.26728,48.81402]],[[2.26728,48.81402],[2.26894,48.81413]],[[2.26894,48.81413],[2.27023,48.81423]],[[2.27023,48.81423],[2.27256,48.8144]],[[2.27256,48.8144],[2.27448,48.81459]],[[2.27448,48.81459],[2.2761,48.81495]],[[2.2761,48.81495],[2.27719,48.81534]],[[2.27719,48.81534],[2.27807,48.81482]],[[2.27807,48.81482],[2.27818,48.81425]],[[2.27818,48.81425],[2.27451,48.81342]],[[2.27451,48.81342],[2.27539,48.81274]],[[2.27539,48.81274],[2.27596,48.81245]],[[2.27596,48.81245],[2.27737,48.81196]],[[2.27737,48.81196],[2.2785,48.81143]],[[2.2785,48.81143],[2.27997,48.81097]],[[2.27997,48.81097],[2.27991,48.81092]],[[2.27219,48.79413],[2.27299,48.79083]],[[2.27299,48.79083],[2.27232,48.7908]],[[2.27232,48.7908],[2.27172,48.79052]],[[2.27172,48.79052],[2.27084,48.79008]],[[2.27084,48.79008],[2.26879,48.78932]],[[2.26879,48.78932],[2.26493,48.78858]],[[2.26493,48.78858],[2.26415,48.78848]],[[2.26415,48.78848],[2.2637,48.78834]],[[2.2637,48.78834],[2.25873,48.78627]],[[2.25873,48.78627],[2.25873,48.78614]],[[2.25873,48.78614],[2.25561,48.78517]],[[2.25561,48.78517],[2.25343,48.78468]],[[2.25343,48.78468],[2.25175,48.78448]],[[2.25175,48.78448],[2.25066,48.78449]],[[2.25066,48.78449],[2.25057,48.78468]],[[2.25057,48.78468],[2.2485,48.78263]],[[2.2485,48.78263],[2.24683,48.78038]],[[2.24683,48.78038],[2.24648,48.7797]],[[2.24648,48.7797],[2.24632,48.7791]],[[2.24632,48.7791],[2.24028,48.77984]],[[2.24028,48.77984],[2.2392,48.77625]],[[2.2392,48.77625],[2.24067,48.77607]],[[2.24067,48.77607],[2.2403,48.77476]],[[2.2403,48.77476],[2.23768,48.77628]],[[2.23768,48.77628],[2.23746,48.7763]],[[2.29582,48.89877],[2.28739,48.90364]],[[2.31377,48.91404],[2.3166,48.91027]],[[2.3166,48.91027],[2.31627,48.91016]],[[2.31627,48.91016],[2.31832,48.90805]],[[2.31832,48.90805],[2.31836,48.90798]],[[2.31836,48.90798],[2.318,48.9079]],[[2.318,48.9079],[2.32085,48.90467]],[[2.32085,48.90467],[2.32058,48.90375]],[[2.32058,48.90375],[2.32025,48.90292]],[[2.32025,48.90292],[2.31961,48.90135]],[[2.31961,48.90135],[2.31971,48.90104]],[[2.31971,48.90104],[2.31989,48.90046]],[[2.30377,48.89415],[2.29898,48.89701]],[[2.29898,48.89701],[2.29582,48.89877]],[[2.22914,48.90833],[2.22802,48.91001]],[[2.22802,48.91001],[2.22664,48.91207]],[[2.22664,48.91207],[2.22637,48.912]],[[2.22637,48.912],[2.22563,48.91302]],[[2.22563,48.91302],[2.22577,48.91309]],[[2.22577,48.91309],[2.22384,48.91513]],[[2.22384,48.91513],[2.22396,48.9152]],[[2.22396,48.9152],[2.22211,48.91649]],[[2.22211,48.91649],[2.22317,48.91735]],[[2.22317,48.91735],[2.22403,48.91792]],[[2.22403,48.91792],[2.22414,48.91799]],[[2.22414,48.91799],[2.22336,48.91853]],[[2.22336,48.91853],[2.22042,48.9206]],[[2.24757,48.93672],[2.2484,48.93387]],[[2.2484,48.93387],[2.24947,48.9349]],[[2.24947,48.9349],[2.25102,48.93585]],[[2.25102,48.93585],[2.25346,48.93617]],[[2.25346,48.93617],[2.25386,48.93631]],[[2.25386,48.93631],[2.25435,48.93663]],[[2.25435,48.93663],[2.25532,48.9369]],[[2.25532,48.9369],[2.25687,48.9375]],[[2.25687,48.9375],[2.25809,48.93762]],[[2.25809,48.93762],[2.25817,48.93756]],[[2.25817,48.93756],[2.25916,48.93678]],[[2.25916,48.93678],[2.26225,48.93487]],[[2.26225,48.93487],[2.26248,48.93546]],[[2.26248,48.93546],[2.26459,48.93498]],[[2.26459,48.93498],[2.26796,48.93451]],[[2.26796,48.93451],[2.27126,48.93388]],[[2.27126,48.93388],[2.27195,48.93412]],[[2.27195,48.93412],[2.27239,48.93408]],[[2.27239,48.93408],[2.27304,48.93384]],[[2.25741,48.91356],[2.25546,48.9136]],[[2.25546,48.9136],[2.25334,48.91336]],[[2.25334,48.91336],[2.25332,48.91336]],[[2.25332,48.91336],[2.25138,48.91302]],[[2.25138,48.91302],[2.24995,48.91269]],[[2.24995,48.91269],[2.24553,48.91136]],[[2.24553,48.91136],[2.24174,48.91007]],[[2.24174,48.91007],[2.23946,48.90941]],[[2.23946,48.90941],[2.23775,48.90881]],[[2.23775,48.90881],[2.23724,48.90861]],[[2.23724,48.90861],[2.23488,48.9076]],[[2.23488,48.9076],[2.23244,48.90688]],[[2.23244,48.90688],[2.2291,48.90603]],[[2.2291,48.90603],[2.22795,48.90792]],[[2.22795,48.90792],[2.22914,48.90833]],[[2.25247,48.8873],[2.24236,48.8905]],[[2.24236,48.8905],[2.24187,48.89066]],[[2.24187,48.89066],[2.24117,48.89089]],[[2.24117,48.89089],[2.24061,48.89471]],[[2.24061,48.89471],[2.24055,48.89499]],[[2.24055,48.89499],[2.24051,48.89514]],[[2.24051,48.89514],[2.24005,48.89499]],[[2.24005,48.89499],[2.23835,48.89472]],[[2.23835,48.89472],[2.23781,48.89464]],[[2.23781,48.89464],[2.23716,48.89471]],[[2.23716,48.89471],[2.23574,48.89508]],[[2.23574,48.89508],[2.23507,48.89552]],[[2.23507,48.89552],[2.23378,48.89567]],[[2.23378,48.89567],[2.23359,48.89591]],[[2.23359,48.89591],[2.23182,48.89834]],[[2.23182,48.89834],[2.23057,48.90034]],[[2.23057,48.90034],[2.23163,48.90065]],[[2.23163,48.90065],[2.23741,48.90178]],[[2.23741,48.90178],[2.23949,48.90224]],[[2.23949,48.90224],[2.24259,48.90277]],[[2.24259,48.90277],[2.24302,48.90234]],[[2.24302,48.90234],[2.2457,48.90299]],[[2.2457,48.90299],[2.24621,48.90218]],[[2.24621,48.90218],[2.24648,48.90201]],[[2.24648,48.90201],[2.25225,48.90341]],[[2.25225,48.90341],[2.25587,48.90455]],[[2.25587,48.90455],[2.25578,48.90537]],[[2.25578,48.90537],[2.25822,48.90608]],[[2.28427,48.90229],[2.28255,48.90157]],[[2.28255,48.90157],[2.27731,48.90033]],[[2.27731,48.90033],[2.27453,48.89961]],[[2.27453,48.89961],[2.27106,48.8984]],[[2.27106,48.8984],[2.26791,48.89719]],[[2.26791,48.89719],[2.26515,48.8959]],[[2.26515,48.8959],[2.26334,48.89484]],[[2.26334,48.89484],[2.25911,48.89109]],[[2.25911,48.89109],[2.25683,48.88959]],[[2.25683,48.88959],[2.25435,48.88766]],[[2.25435,48.88766],[2.25376,48.88689]],[[2.25376,48.88689],[2.25303,48.88712]],[[2.25303,48.88712],[2.25247,48.8873]],[[2.29156,48.78358],[2.29071,48.78339]],[[2.29071,48.78339],[2.29009,48.78316]],[[2.29009,48.78316],[2.29002,48.78322]],[[2.29002,48.78322],[2.28793,48.78259]],[[2.28793,48.78259],[2.28664,48.78247]],[[2.28664,48.78247],[2.28527,48.78248]],[[2.28527,48.78248],[2.28284,48.78293]],[[2.28284,48.78293],[2.28242,48.78301]],[[2.28242,48.78301],[2.28198,48.78318]],[[2.28198,48.78318],[2.28185,48.78322]],[[2.28185,48.78322],[2.28189,48.78341]],[[2.28189,48.78341],[2.28132,48.7834]],[[2.28132,48.7834],[2.28088,48.78353]],[[2.28088,48.78353],[2.2808,48.78388]],[[2.2808,48.78388],[2.27992,48.78408]],[[2.27992,48.78408],[2.27953,48.7841]],[[2.27953,48.7841],[2.27948,48.78405]],[[2.27948,48.78405],[2.27875,48.78426]],[[2.27875,48.78426],[2.2791,48.78519]],[[2.2791,48.78519],[2.28015,48.78504]],[[2.28015,48.78504],[2.28019,48.78554]],[[2.28019,48.78554],[2.27842,48.78565]],[[2.27842,48.78565],[2.27671,48.78605]],[[2.27671,48.78605],[2.27595,48.78605]],[[2.27595,48.78605],[2.27561,48.78592]],[[2.27561,48.78592],[2.27476,48.78577]],[[2.27476,48.78577],[2.27405,48.78632]],[[2.27405,48.78632],[2.27383,48.78666]],[[2.27383,48.78666],[2.27399,48.78772]],[[2.27399,48.78772],[2.27482,48.78757]],[[2.27482,48.78757],[2.27497,48.78769]],[[2.27497,48.78769],[2.27449,48.78792]],[[2.27449,48.78792],[2.27364,48.78812]],[[2.27364,48.78812],[2.27303,48.78841]],[[2.27303,48.78841],[2.27207,48.78917]],[[2.27207,48.78917],[2.27203,48.78967]],[[2.27203,48.78967],[2.27172,48.79052]],[[2.30341,48.7854],[2.2963,48.78455]],[[2.2963,48.78455],[2.29609,48.78452]],[[2.29609,48.78452],[2.29345,48.78421]],[[2.29345,48.78421],[2.29148,48.78383]],[[2.29148,48.78383],[2.29156,48.78358]],[[2.18722,48.83773],[2.18651,48.83832]],[[2.18651,48.83832],[2.18642,48.83855]],[[2.18642,48.83855],[2.18525,48.83838]],[[2.18525,48.83838],[2.18208,48.83823]],[[2.18208,48.83823],[2.17839,48.83817]],[[2.17839,48.83817],[2.17641,48.83813]],[[2.17641,48.83813],[2.17169,48.83846]],[[2.17169,48.83846],[2.16788,48.83781]],[[2.16788,48.83781],[2.16665,48.8377]],[[2.16665,48.8377],[2.16686,48.83934]],[[2.16686,48.83934],[2.16732,48.83937]],[[2.16732,48.83937],[2.16738,48.84183]],[[2.16738,48.84183],[2.16695,48.84191]],[[2.16695,48.84191],[2.16704,48.84217]],[[2.16704,48.84217],[2.17436,48.84318]],[[2.17436,48.84318],[2.17523,48.84353]],[[2.17523,48.84353],[2.17536,48.84349]],[[2.17536,48.84349],[2.1789,48.84412]],[[2.1789,48.84412],[2.17916,48.8444]],[[2.17916,48.8444],[2.17951,48.84519]],[[2.17951,48.84519],[2.18044,48.84618]],[[2.18044,48.84618],[2.18175,48.84819]],[[2.18175,48.84819],[2.18262,48.85157]],[[2.18262,48.85157],[2.18435,48.85163]],[[2.18435,48.85163],[2.18686,48.85219]],[[2.18686,48.85219],[2.1873,48.85256]],[[2.1873,48.85256],[2.19036,48.85207]],[[2.19036,48.85207],[2.19208,48.85381]],[[2.19208,48.85381],[2.19231,48.85404]],[[2.19231,48.85404],[2.19204,48.85419]],[[2.19204,48.85419],[2.19212,48.85441]],[[2.19212,48.85441],[2.19292,48.85487]],[[2.19292,48.85487],[2.19348,48.8553]],[[2.19348,48.8553],[2.19431,48.85611]],[[2.19431,48.85611],[2.19528,48.85561]],[[2.19528,48.85561],[2.19788,48.85475]],[[2.19788,48.85475],[2.19971,48.85405]],[[2.19971,48.85405],[2.20144,48.85312]],[[2.20144,48.85312],[2.20397,48.85219]],[[2.20397,48.85219],[2.2055,48.85182]],[[2.2055,48.85182],[2.20515,48.85106]],[[2.20515,48.85106],[2.20388,48.85042]],[[2.20388,48.85042],[2.20174,48.84952]],[[2.20174,48.84952],[2.20102,48.84904]],[[2.20102,48.84904],[2.19901,48.8479]],[[2.19901,48.8479],[2.19802,48.84744]],[[2.19802,48.84744],[2.19789,48.8473]],[[2.19789,48.8473],[2.19782,48.8465]],[[2.19782,48.8465],[2.19791,48.84589]],[[2.19791,48.84589],[2.19839,48.84477]],[[2.19839,48.84477],[2.19892,48.84416]],[[2.19892,48.84416],[2.19909,48.84282]],[[2.19909,48.84282],[2.19882,48.84148]],[[2.19882,48.84148],[2.19831,48.84144]],[[2.19831,48.84144],[2.19386,48.84056]],[[2.19386,48.84056],[2.19189,48.83998]],[[2.19189,48.83998],[2.18992,48.83959]],[[2.18992,48.83959],[2.18866,48.83925]],[[2.18866,48.83925],[2.18757,48.83891]],[[2.18757,48.83891],[2.18817,48.83838]],[[2.18817,48.83838],[2.18722,48.83773]],[[2.23163,48.90065],[2.2319,48.90094]],[[2.2319,48.90094],[2.23064,48.90328]],[[2.23064,48.90328],[2.2291,48.90603]],[[2.29085,48.95108],[2.29246,48.95075]],[[2.29246,48.95075],[2.2934,48.95063]],[[2.2934,48.95063],[2.29564,48.95053]],[[2.29564,48.95053],[2.29919,48.95049]],[[2.29919,48.95049],[2.30311,48.94997]],[[2.30311,48.94997],[2.30636,48.94915]],[[2.30636,48.94915],[2.31167,48.94795]],[[2.31167,48.94795],[2.30931,48.94152]],[[2.30931,48.94152],[2.30998,48.94131]],[[2.30998,48.94131],[2.3092,48.9403]],[[2.3092,48.9403],[2.31259,48.93919]],[[2.31259,48.93919],[2.3146,48.93807]],[[2.3146,48.93807],[2.31743,48.93729]],[[2.31743,48.93729],[2.3181,48.93701]],[[2.3181,48.93701],[2.31938,48.93603]],[[2.31938,48.93603],[2.3211,48.93428]],[[2.3211,48.93428],[2.32216,48.93285]],[[2.32216,48.93285],[2.3211,48.93132]],[[2.3211,48.93132],[2.32086,48.93121]],[[2.32086,48.93121],[2.31836,48.92755]],[[2.31836,48.92755],[2.32545,48.92491]],[[2.32545,48.92491],[2.32845,48.92276]],[[2.32845,48.92276],[2.32595,48.92069]],[[2.32595,48.92069],[2.32387,48.91977]],[[2.32387,48.91977],[2.32271,48.91917]],[[2.32271,48.91917],[2.32202,48.91867]],[[2.25187,48.81638],[2.25096,48.81633]],[[2.25096,48.81633],[2.25036,48.81697]],[[2.25036,48.81697],[2.25028,48.8172]],[[2.25028,48.8172],[2.24931,48.8178]],[[2.24931,48.8178],[2.24846,48.81795]],[[2.24846,48.81795],[2.2459,48.81847]],[[2.2459,48.81847],[2.24266,48.819]],[[2.24266,48.819],[2.24284,48.82018]],[[2.24284,48.82018],[2.24277,48.82054]],[[2.24277,48.82054],[2.24126,48.82047]],[[2.24126,48.82047],[2.24009,48.82051]],[[2.24009,48.82051],[2.23788,48.82095]],[[2.23788,48.82095],[2.23611,48.82155]],[[2.28941,48.82833],[2.28775,48.82822]],[[2.28775,48.82822],[2.28665,48.82847]],[[2.28665,48.82847],[2.28658,48.82844]],[[2.28658,48.82844],[2.28789,48.82758]],[[2.28789,48.82758],[2.28788,48.82752]],[[2.28788,48.82752],[2.28609,48.82744]],[[2.28609,48.82744],[2.28466,48.82745]],[[2.28466,48.82745],[2.28459,48.8275]],[[2.28459,48.8275],[2.28298,48.82707]],[[2.28298,48.82707],[2.28056,48.82596]],[[2.28056,48.82596],[2.2805,48.82592]],[[2.2805,48.82592],[2.28083,48.82564]],[[2.28083,48.82564],[2.28002,48.8252]],[[2.28002,48.8252],[2.28082,48.82471]],[[2.28082,48.82471],[2.28101,48.8235]],[[2.28101,48.8235],[2.28156,48.82308]],[[2.28156,48.82308],[2.28111,48.82285]],[[2.28111,48.82285],[2.28195,48.82131]],[[2.28195,48.82131],[2.28137,48.82112]],[[2.28137,48.82112],[2.28187,48.82025]],[[2.28187,48.82025],[2.28145,48.82008]],[[2.28145,48.82008],[2.27949,48.81885]],[[2.27949,48.81885],[2.27823,48.81825]],[[2.27823,48.81825],[2.27712,48.81744]],[[2.27712,48.81744],[2.27595,48.81728]],[[2.27595,48.81728],[2.27503,48.81664]],[[2.27503,48.81664],[2.27316,48.81517]],[[2.27316,48.81517],[2.27256,48.8144]],[[2.28074,48.88913],[2.27768,48.89207]],[[2.27768,48.89207],[2.27712,48.8927]],[[2.27712,48.8927],[2.27642,48.89326]],[[2.27642,48.89326],[2.27625,48.89342]],[[2.27625,48.89342],[2.27313,48.8964]],[[2.27313,48.8964],[2.27285,48.89667]],[[2.27285,48.89667],[2.27106,48.8984]],[[2.28446,48.88564],[2.28337,48.88669]],[[2.28337,48.88669],[2.28074,48.88913]],[[2.27818,48.81425],[2.28127,48.8148]],[[2.28127,48.8148],[2.28226,48.81496]],[[2.28226,48.81496],[2.28527,48.81562]],[[2.28527,48.81562],[2.28763,48.81636]],[[2.28763,48.81636],[2.28903,48.81688]],[[2.28903,48.81688],[2.29222,48.8183]],[[2.29222,48.8183],[2.29413,48.81944]],[[2.29413,48.81944],[2.29546,48.82034]],[[2.29546,48.82034],[2.29895,48.82326]],[[2.29895,48.82326],[2.30132,48.82513]],[[2.31415,48.82229],[2.31226,48.82095]],[[2.31226,48.82095],[2.30965,48.81901]],[[2.30965,48.81901],[2.30587,48.81626]],[[2.30587,48.81626],[2.30581,48.81622]],[[2.30581,48.81622],[2.3044,48.81524]],[[2.3044,48.81524],[2.3025,48.81371]],[[2.3025,48.81371],[2.30049,48.81173]],[[2.30049,48.81173],[2.3001,48.81133]],[[2.1867,48.83692],[2.18631,48.83648]],[[2.18631,48.83648],[2.1853,48.83391]],[[2.1853,48.83391],[2.1808,48.83062]],[[2.1808,48.83062],[2.1798,48.83039]],[[2.1798,48.83039],[2.17846,48.82917]],[[2.17846,48.82917],[2.17848,48.82906]],[[2.17848,48.82906],[2.17822,48.82904]],[[2.17822,48.82904],[2.17737,48.82861]],[[2.17737,48.82861],[2.17688,48.82826]],[[2.17688,48.82826],[2.17632,48.82823]],[[2.17632,48.82823],[2.17615,48.82811]],[[2.17615,48.82811],[2.1762,48.82751]],[[2.1762,48.82751],[2.17642,48.82724]],[[2.17642,48.82724],[2.17557,48.82628]],[[2.17557,48.82628],[2.17388,48.82431]],[[2.17388,48.82431],[2.1673,48.82339]],[[2.1673,48.82339],[2.16487,48.82316]],[[2.16487,48.82316],[2.164,48.82323]],[[2.164,48.82323],[2.16246,48.82366]],[[2.16246,48.82366],[2.16177,48.82367]],[[2.16177,48.82367],[2.16063,48.82252]],[[2.16063,48.82252],[2.1596,48.82106]],[[2.1596,48.82106],[2.15914,48.82085]],[[2.15914,48.82085],[2.1589,48.82082]],[[2.1589,48.82082],[2.15821,48.82098]],[[2.15821,48.82098],[2.1573,48.82092]],[[2.1573,48.82092],[2.15632,48.8214]],[[2.15632,48.8214],[2.15598,48.82149]],[[2.15598,48.82149],[2.15465,48.82142]],[[2.15465,48.82142],[2.15368,48.82148]],[[2.15368,48.82148],[2.15331,48.82141]],[[2.15331,48.82141],[2.15262,48.821]],[[2.15262,48.821],[2.15187,48.82011]],[[2.15187,48.82011],[2.15132,48.81964]],[[2.15132,48.81964],[2.15076,48.81886]],[[2.15146,48.82148],[2.15142,48.8221]],[[2.15142,48.8221],[2.15109,48.82298]],[[2.15109,48.82298],[2.15101,48.82355]],[[2.15101,48.82355],[2.15146,48.82608]],[[2.15146,48.82608],[2.1517,48.82979]],[[2.1517,48.82979],[2.15439,48.83476]],[[2.15439,48.83476],[2.15522,48.83593]],[[2.15522,48.83593],[2.15587,48.83741]],[[2.15587,48.83741],[2.156,48.83759]],[[2.156,48.83759],[2.15618,48.83763]],[[2.15618,48.83763],[2.15738,48.83778]],[[2.15738,48.83778],[2.15944,48.83771]],[[2.15944,48.83771],[2.16665,48.8377]],[[2.18722,48.83773],[2.18743,48.83755]],[[2.18743,48.83755],[2.1867,48.83692]],[[2.20564,48.80917],[2.20875,48.81067]],[[2.20875,48.81067],[2.21087,48.81149]],[[2.21087,48.81149],[2.21141,48.8117]],[[2.21141,48.8117],[2.21583,48.81278]],[[2.21583,48.81278],[2.21936,48.81447]],[[2.21936,48.81447],[2.22022,48.81506]],[[2.22022,48.81506],[2.22066,48.81517]],[[2.22066,48.81517],[2.22015,48.81575]],[[2.22015,48.81575],[2.21995,48.81634]],[[2.21995,48.81634],[2.2195,48.8166]],[[2.2195,48.8166],[2.21715,48.81773]],[[2.21715,48.81773],[2.21752,48.81804]],[[2.21752,48.81804],[2.21765,48.81798]],[[2.21765,48.81798],[2.21803,48.81829]],[[2.21803,48.81829],[2.21819,48.81821]],[[2.21819,48.81821],[2.21893,48.81873]],[[2.21893,48.81873],[2.21906,48.81865]],[[2.21906,48.81865],[2.21941,48.81894]],[[2.21941,48.81894],[2.21957,48.8189]],[[2.21957,48.8189],[2.2202,48.81922]],[[2.2202,48.81922],[2.22051,48.8193]],[[2.22051,48.8193],[2.22055,48.81961]],[[2.22055,48.81961],[2.22099,48.81959]],[[2.22099,48.81959],[2.22102,48.81995]],[[2.22102,48.81995],[2.22129,48.81994]],[[2.22129,48.81994],[2.22133,48.82026]],[[2.22133,48.82026],[2.22177,48.82023]],[[2.22177,48.82023],[2.22189,48.82032]],[[2.22189,48.82032],[2.22181,48.82037]],[[2.22181,48.82037],[2.22261,48.82091]],[[2.22261,48.82091],[2.22541,48.82269]],[[2.22541,48.82269],[2.22512,48.82288]],[[2.22512,48.82288],[2.22533,48.82302]],[[2.22533,48.82302],[2.22483,48.82336]],[[2.22483,48.82336],[2.22607,48.82398]],[[2.22607,48.82398],[2.22691,48.82341]],[[2.22691,48.82341],[2.22734,48.82367]],[[2.22734,48.82367],[2.22853,48.82289]],[[2.22853,48.82289],[2.22856,48.82278]],[[2.22856,48.82278],[2.2289,48.82253]],[[2.2289,48.82253],[2.2298,48.82207]],[[2.2298,48.82207],[2.22997,48.82155]],[[2.22997,48.82155],[2.23064,48.82176]],[[2.23064,48.82176],[2.23077,48.8216]],[[2.23077,48.8216],[2.2315,48.82208]],[[2.2315,48.82208],[2.23183,48.82237]],[[2.23183,48.82237],[2.23207,48.82226]],[[2.23207,48.82226],[2.23264,48.82274]],[[2.3319,48.81701],[2.32906,48.81378]],[[2.32906,48.81378],[2.32653,48.81069]],[[2.32653,48.81069],[2.32652,48.81068]],[[2.32652,48.81068],[2.32556,48.80958]],[[2.32556,48.80958],[2.32189,48.80974]],[[2.32189,48.80974],[2.31908,48.81001]],[[2.21482,48.87661],[2.21463,48.8765]],[[2.21463,48.8765],[2.21314,48.87643]],[[2.21314,48.87643],[2.21193,48.87699]],[[2.21193,48.87699],[2.21165,48.87728]],[[2.21165,48.87728],[2.21153,48.87721]],[[2.21153,48.87721],[2.21083,48.87727]],[[2.21083,48.87727],[2.21065,48.87672]],[[2.21065,48.87672],[2.21078,48.87653]],[[2.21078,48.87653],[2.21045,48.87587]],[[2.21045,48.87587],[2.2101,48.87553]],[[2.2101,48.87553],[2.20776,48.87423]],[[2.20776,48.87423],[2.20632,48.87532]],[[2.20632,48.87532],[2.20303,48.87751]],[[2.20303,48.87751],[2.2001,48.87944]],[[2.2001,48.87944],[2.19707,48.88122]],[[2.19707,48.88122],[2.1952,48.88229]],[[2.1952,48.88229],[2.19215,48.88402]],[[2.19215,48.88402],[2.19236,48.88411]],[[2.19236,48.88411],[2.18536,48.88776]],[[2.18536,48.88776],[2.18398,48.88849]],[[2.18398,48.88849],[2.18065,48.89013]],[[2.18065,48.89013],[2.17716,48.89158]],[[2.17716,48.89158],[2.17611,48.89199]],[[2.17611,48.89199],[2.16937,48.8958]],[[2.23378,48.89567],[2.23427,48.89506]],[[2.23427,48.89506],[2.23109,48.8925]],[[2.23109,48.8925],[2.23008,48.8911]],[[2.23008,48.8911],[2.22996,48.89104]],[[2.22996,48.89104],[2.23007,48.89091]],[[2.23007,48.89091],[2.2308,48.89008]],[[2.2308,48.89008],[2.23048,48.88992]],[[2.23048,48.88992],[2.2307,48.88964]],[[2.2307,48.88964],[2.2286,48.8884]],[[2.2286,48.8884],[2.22825,48.88808]],[[2.22825,48.88808],[2.227,48.8872]],[[2.227,48.8872],[2.22449,48.88543]],[[2.22449,48.88543],[2.22453,48.88513]],[[2.22453,48.88513],[2.22357,48.8842]],[[2.22357,48.8842],[2.22245,48.88314]],[[2.22245,48.88314],[2.22362,48.88276]],[[2.22362,48.88276],[2.21896,48.87975]],[[2.21896,48.87975],[2.21644,48.87812]],[[2.21644,48.87812],[2.21619,48.87779]],[[2.21619,48.87779],[2.2163,48.87754]],[[2.2163,48.87754],[2.21686,48.87695]],[[2.21686,48.87695],[2.21661,48.87679]],[[2.21661,48.87679],[2.21598,48.87669]],[[2.21598,48.87669],[2.21482,48.87661]],[[2.2457,48.87646],[2.24804,48.87872]],[[2.24804,48.87872],[2.25102,48.88117]],[[2.25102,48.88117],[2.25194,48.88208]],[[2.25194,48.88208],[2.25439,48.88489]],[[2.25439,48.88489],[2.25248,48.88549]],[[2.25248,48.88549],[2.25376,48.88689]],[[2.28198,48.78318],[2.2818,48.7826]],[[2.2818,48.7826],[2.28057,48.78332]],[[2.28057,48.78332],[2.27948,48.78255]],[[2.23207,48.87579],[2.23193,48.87586]],[[2.23193,48.87586],[2.2364,48.8796]],[[2.2364,48.8796],[2.2355,48.87972]],[[2.2355,48.87972],[2.23334,48.87981]],[[2.23334,48.87981],[2.23052,48.87994]],[[2.23052,48.87994],[2.23011,48.88013]],[[2.23011,48.88013],[2.22988,48.88023]],[[2.22988,48.88023],[2.22644,48.88121]],[[2.22644,48.88121],[2.22362,48.88276]],[[2.23174,48.86907],[2.23472,48.87182]],[[2.23472,48.87182],[2.23683,48.87348]],[[2.23683,48.87348],[2.23617,48.8738]],[[2.23617,48.8738],[2.23207,48.87579]],[[2.18262,48.85157],[2.1766,48.85165]],[[2.1766,48.85165],[2.17359,48.85014]],[[2.17359,48.85014],[2.17134,48.84978]],[[2.17134,48.84978],[2.16934,48.84973]],[[2.16934,48.84973],[2.16467,48.84863]],[[2.16467,48.84863],[2.16462,48.84854]],[[2.16462,48.84854],[2.15991,48.84764]],[[2.20776,48.87423],[2.2068,48.8737]],[[2.2068,48.8737],[2.20831,48.87246]],[[2.20831,48.87246],[2.20873,48.87186]],[[2.20873,48.87186],[2.2093,48.87168]],[[2.2093,48.87168],[2.21081,48.87]],[[2.21081,48.87],[2.21096,48.86999]],[[2.21096,48.86999],[2.21321,48.87062]],[[2.21321,48.87062],[2.21182,48.86954]],[[2.21182,48.86954],[2.21139,48.86898]],[[2.21139,48.86898],[2.21122,48.86841]],[[2.21122,48.86841],[2.21129,48.86755]],[[2.21129,48.86755],[2.2114,48.8667]],[[2.2114,48.8667],[2.21,48.86683]],[[2.21,48.86683],[2.20914,48.86711]],[[2.20914,48.86711],[2.20778,48.86441]],[[2.20778,48.86441],[2.20694,48.86468]],[[2.20694,48.86468],[2.20457,48.86514]],[[2.20457,48.86514],[2.20352,48.86541]],[[2.20352,48.86541],[2.20205,48.86618]],[[2.20205,48.86618],[2.20079,48.86356]],[[2.20079,48.86356],[2.19979,48.86142]],[[2.19979,48.86142],[2.20356,48.86063]],[[2.20356,48.86063],[2.20255,48.85845]],[[2.20255,48.85845],[2.20182,48.85751]],[[2.20182,48.85751],[2.20077,48.85704]],[[2.20077,48.85704],[2.19884,48.85536]],[[2.19884,48.85536],[2.19872,48.85516]],[[2.19872,48.85516],[2.19788,48.85475]],[[2.20356,48.86063],[2.20527,48.86031]],[[2.20527,48.86031],[2.20585,48.8603]],[[2.20585,48.8603],[2.21003,48.86096]],[[2.21003,48.86096],[2.2124,48.86162]],[[2.2124,48.86162],[2.21263,48.86169]],[[2.21263,48.86169],[2.21369,48.85939]],[[2.21369,48.85939],[2.21372,48.85929]],[[2.21372,48.85929],[2.21386,48.8593]],[[2.21386,48.8593],[2.21528,48.85966]],[[2.21528,48.85966],[2.21661,48.8598]],[[2.21661,48.8598],[2.21876,48.85981]],[[2.21876,48.85981],[2.22021,48.85995]],[[2.22021,48.85995],[2.2215,48.85996]],[[2.2215,48.85996],[2.22426,48.85961]],[[2.22426,48.85961],[2.22567,48.8594]],[[2.22405,48.83515],[2.22209,48.83541]],[[2.22209,48.83541],[2.22217,48.83263]],[[2.22217,48.83263],[2.22221,48.8323]],[[2.22221,48.8323],[2.22242,48.83194]],[[2.22242,48.83194],[2.22243,48.83147]],[[2.22243,48.83147],[2.22286,48.83073]],[[2.22286,48.83073],[2.22379,48.82971]],[[2.22379,48.82971],[2.22207,48.82931]],[[2.22207,48.82931],[2.22191,48.82921]],[[2.22191,48.82921],[2.22168,48.82921]],[[2.22168,48.82921],[2.22083,48.82845]],[[2.22083,48.82845],[2.22165,48.82703]],[[2.22165,48.82703],[2.21943,48.82662]],[[2.21943,48.82662],[2.21889,48.82637]],[[2.21889,48.82637],[2.21843,48.82674]],[[2.21843,48.82674],[2.21857,48.82697]],[[2.21857,48.82697],[2.21806,48.82744]],[[2.21806,48.82744],[2.21408,48.82766]],[[2.21408,48.82766],[2.21103,48.82765]],[[2.21103,48.82765],[2.20694,48.82887]],[[2.20694,48.82887],[2.20058,48.82985]],[[2.20058,48.82985],[2.19943,48.82979]],[[2.19943,48.82979],[2.19827,48.82974]],[[2.19827,48.82974],[2.19689,48.82981]],[[2.19689,48.82981],[2.19427,48.82942]],[[2.19427,48.82942],[2.19398,48.82953]],[[2.19398,48.82953],[2.19375,48.82963]],[[2.19375,48.82963],[2.19324,48.82937]],[[2.19324,48.82937],[2.19104,48.82924]],[[2.19104,48.82924],[2.19012,48.82937]],[[2.19012,48.82937],[2.18901,48.82921]],[[2.18901,48.82921],[2.18833,48.82894]],[[2.18833,48.82894],[2.18756,48.82877]],[[2.18756,48.82877],[2.18752,48.82887]],[[2.18752,48.82887],[2.18672,48.82876]],[[2.18672,48.82876],[2.18616,48.82885]],[[2.18616,48.82885],[2.18499,48.82923]],[[2.18499,48.82923],[2.18478,48.82887]],[[2.18478,48.82887],[2.1808,48.83062]],[[2.17852,48.81486],[2.17922,48.81542]],[[2.17922,48.81542],[2.18157,48.81781]],[[2.18157,48.81781],[2.18199,48.81787]],[[2.18199,48.81787],[2.1831,48.81751]],[[2.1831,48.81751],[2.18344,48.8175]],[[2.18344,48.8175],[2.1841,48.8175]],[[2.1841,48.8175],[2.18493,48.81765]],[[2.18493,48.81765],[2.1863,48.81812]],[[2.1863,48.81812],[2.18722,48.81871]],[[2.18722,48.81871],[2.19087,48.82054]],[[2.19087,48.82054],[2.1932,48.82163]],[[2.1932,48.82163],[2.19386,48.82181]],[[2.19386,48.82181],[2.19421,48.82179]],[[2.19421,48.82179],[2.19509,48.82176]],[[2.19509,48.82176],[2.19652,48.82201]],[[2.19652,48.82201],[2.19886,48.82221]],[[2.19886,48.82221],[2.1985,48.82316]],[[2.1985,48.82316],[2.19839,48.82376]],[[2.19839,48.82376],[2.19939,48.82374]],[[2.19939,48.82374],[2.19942,48.82404]],[[2.19942,48.82404],[2.20086,48.82402]],[[2.20086,48.82402],[2.20097,48.82591]],[[2.20097,48.82591],[2.19821,48.826]],[[2.19821,48.826],[2.19943,48.82979]],[[2.3345,48.92868],[2.33363,48.92754]],[[2.33363,48.92754],[2.32992,48.92397]],[[2.32992,48.92397],[2.32845,48.92276]],[[2.31167,48.94795],[2.31557,48.94728]],[[2.31557,48.94728],[2.31707,48.94711]],[[2.31707,48.94711],[2.3222,48.9463]],[[2.3222,48.9463],[2.32415,48.94598]],[[2.32415,48.94598],[2.32595,48.94559]],[[2.32595,48.94559],[2.32947,48.94462]],[[2.32947,48.94462],[2.33211,48.94355]],[[2.33211,48.94355],[2.3332,48.94294]],[[2.3332,48.94294],[2.33491,48.94156]],[[2.33491,48.94156],[2.33544,48.9409]],[[2.33544,48.9409],[2.33585,48.94]],[[2.33585,48.94],[2.33643,48.93807]],[[2.33643,48.93807],[2.3369,48.93562]],[[2.3369,48.93562],[2.33696,48.93535]],[[2.33696,48.93535],[2.33684,48.93357]],[[2.33684,48.93357],[2.33639,48.93228]],[[2.33639,48.93228],[2.33529,48.93006]],[[2.33529,48.93006],[2.3345,48.92868]],[[2.36562,48.90176],[2.36597,48.90487]],[[2.36597,48.90487],[2.36592,48.90712]],[[2.36592,48.90712],[2.3657,48.90902]],[[2.3657,48.90902],[2.36671,48.91537]],[[2.36671,48.91537],[2.36639,48.91539]],[[2.36639,48.91539],[2.36634,48.91787]],[[2.36634,48.91787],[2.36694,48.91784]],[[2.36694,48.91784],[2.36683,48.92016]],[[2.36683,48.92016],[2.36691,48.92096]],[[2.36691,48.92096],[2.36652,48.92095]],[[2.36652,48.92095],[2.36614,48.92147]],[[2.36614,48.92147],[2.36761,48.92208]],[[2.36761,48.92208],[2.36668,48.92355]],[[2.36668,48.92355],[2.36699,48.92374]],[[2.36699,48.92374],[2.3683,48.92447]],[[2.3683,48.92447],[2.36919,48.92377]],[[2.36919,48.92377],[2.37011,48.92324]],[[2.37011,48.92324],[2.37199,48.92245]],[[2.37199,48.92245],[2.37255,48.92304]],[[2.37255,48.92304],[2.37305,48.9233]],[[2.37305,48.9233],[2.37395,48.92362]],[[2.37395,48.92362],[2.37475,48.92377]],[[2.37475,48.92377],[2.37711,48.92242]],[[2.37711,48.92242],[2.37842,48.92185]],[[2.37842,48.92185],[2.37879,48.92159]],[[2.37879,48.92159],[2.37934,48.92064]],[[2.37934,48.92064],[2.3798,48.92016]],[[2.3798,48.92016],[2.38001,48.91979]],[[2.38001,48.91979],[2.38264,48.91949]],[[2.38264,48.91949],[2.38646,48.91924]],[[2.38646,48.91924],[2.38651,48.91929]],[[2.38651,48.91929],[2.38703,48.91938]],[[2.38703,48.91938],[2.38698,48.91956]],[[2.38698,48.91956],[2.38811,48.91954]],[[2.38811,48.91954],[2.38893,48.91986]],[[2.38893,48.91986],[2.38981,48.91997]],[[2.38981,48.91997],[2.39027,48.92055]],[[2.39027,48.92055],[2.39023,48.9207]],[[2.39023,48.9207],[2.39054,48.92114]],[[2.39054,48.92114],[2.39099,48.92149]],[[2.39099,48.92149],[2.39116,48.92187]],[[2.39116,48.92187],[2.39171,48.92233]],[[2.39171,48.92233],[2.39234,48.92259]],[[2.39234,48.92259],[2.39259,48.92253]],[[2.39259,48.92253],[2.39366,48.92192]],[[2.39366,48.92192],[2.39446,48.92172]],[[2.39446,48.92172],[2.39488,48.92175]],[[2.39488,48.92175],[2.39531,48.92189]],[[2.39531,48.92189],[2.39537,48.92203]],[[2.39537,48.92203],[2.39563,48.92206]],[[2.39563,48.92206],[2.39693,48.92197]],[[2.39693,48.92197],[2.39817,48.92238]],[[2.39817,48.92238],[2.39855,48.92246]],[[2.39855,48.92246],[2.4,48.92227]],[[2.4,48.92227],[2.4008,48.92207]],[[2.4008,48.92207],[2.40176,48.92173]],[[2.40176,48.92173],[2.40237,48.92117]],[[2.40237,48.92117],[2.40252,48.92109]],[[2.40252,48.92109],[2.40262,48.92061]],[[2.40262,48.92061],[2.40326,48.92016]],[[2.40326,48.92016],[2.40387,48.91988]],[[2.40387,48.91988],[2.4037,48.91966]],[[2.4037,48.91966],[2.40387,48.91948]],[[2.40387,48.91948],[2.40528,48.91891]],[[2.40528,48.91891],[2.40599,48.91875]],[[2.40599,48.91875],[2.40683,48.9187]],[[2.40683,48.9187],[2.40769,48.91811]],[[2.40769,48.91811],[2.40762,48.91804]],[[2.40762,48.91804],[2.40576,48.91632]],[[2.40576,48.91632],[2.40453,48.91517]],[[2.40453,48.91517],[2.40439,48.91505]],[[2.40439,48.91505],[2.40555,48.91449]],[[2.40555,48.91449],[2.40749,48.91392]],[[2.40749,48.91392],[2.40781,48.91371]],[[2.40781,48.91371],[2.4115,48.91127]],[[2.4115,48.91127],[2.40834,48.90809]],[[2.40834,48.90809],[2.40605,48.90848]],[[2.40605,48.90848],[2.40294,48.90988]],[[2.40294,48.90988],[2.4004,48.91135]],[[2.4004,48.91135],[2.40036,48.91131]],[[2.40036,48.91131],[2.40016,48.91112]],[[2.40016,48.91112],[2.39636,48.9076]],[[2.39636,48.9076],[2.39589,48.90716]],[[2.39589,48.90716],[2.39203,48.90363]],[[2.39203,48.90363],[2.39074,48.90243]],[[2.39074,48.90243],[2.39005,48.90179]],[[2.39005,48.90179],[2.38933,48.90116]],[[2.49026,48.91751],[2.48913,48.91816]],[[2.48913,48.91816],[2.48868,48.91864]],[[2.48868,48.91864],[2.48612,48.91868]],[[2.48612,48.91868],[2.48534,48.91781]],[[2.48534,48.91781],[2.48226,48.91849]],[[2.48226,48.91849],[2.48218,48.91814]],[[2.48218,48.91814],[2.47944,48.91837]],[[2.47944,48.91837],[2.47939,48.91923]],[[2.47939,48.91923],[2.47948,48.91993]],[[2.47948,48.91993],[2.48091,48.92296]],[[2.48091,48.92296],[2.48104,48.92335]],[[2.48104,48.92335],[2.48103,48.92409]],[[2.48103,48.92409],[2.48108,48.92473]],[[2.48108,48.92473],[2.48146,48.92704]],[[2.48146,48.92704],[2.48141,48.92873]],[[2.48141,48.92873],[2.48008,48.92939]],[[2.48008,48.92939],[2.47929,48.93037]],[[2.47929,48.93037],[2.48065,48.93077]],[[2.48065,48.93077],[2.48097,48.93098]],[[2.48097,48.93098],[2.481,48.93208]],[[2.481,48.93208],[2.48221,48.93207]],[[2.48221,48.93207],[2.48237,48.93223]],[[2.48237,48.93223],[2.48197,48.93253]],[[2.48197,48.93253],[2.48182,48.93276]],[[2.48182,48.93276],[2.48161,48.93351]],[[2.48161,48.93351],[2.48178,48.93406]],[[2.48178,48.93406],[2.48315,48.934]],[[2.48315,48.934],[2.48361,48.93465]],[[2.48361,48.93465],[2.48423,48.93596]],[[2.48423,48.93596],[2.48378,48.93605]],[[2.48378,48.93605],[2.48258,48.93609]],[[2.48258,48.93609],[2.48337,48.93749]],[[2.48337,48.93749],[2.4785,48.93868]],[[2.4785,48.93868],[2.47613,48.93969]],[[2.47613,48.93969],[2.47759,48.94097]],[[2.47759,48.94097],[2.47962,48.94274]],[[2.47962,48.94274],[2.4793,48.94302]],[[2.4793,48.94302],[2.47825,48.94432]],[[2.47825,48.94432],[2.47733,48.9444]],[[2.47733,48.9444],[2.47719,48.94453]],[[2.47719,48.94453],[2.47666,48.94476]],[[2.47666,48.94476],[2.47619,48.94534]],[[2.47619,48.94534],[2.47538,48.94594]],[[2.47538,48.94594],[2.47409,48.94585]],[[2.47409,48.94585],[2.47148,48.94712]],[[2.47148,48.94712],[2.47156,48.94966]],[[2.47156,48.94966],[2.47235,48.95162]],[[2.47235,48.95162],[2.46971,48.95224]],[[2.46971,48.95224],[2.466,48.953]],[[2.466,48.953],[2.46417,48.95323]],[[2.46417,48.95323],[2.46309,48.95327]],[[2.46309,48.95327],[2.46098,48.95369]],[[2.46098,48.95369],[2.46008,48.95468]],[[2.46008,48.95468],[2.45951,48.95504]],[[2.49619,48.97258],[2.50047,48.96926]],[[2.50047,48.96926],[2.50506,48.96569]],[[2.50506,48.96569],[2.50515,48.96573]],[[2.50515,48.96573],[2.50802,48.96461]],[[2.50802,48.96461],[2.51163,48.96188]],[[2.51163,48.96188],[2.51219,48.96145]],[[2.51219,48.96145],[2.51265,48.96158]],[[2.51265,48.96158],[2.51333,48.96077]],[[2.51333,48.96077],[2.51404,48.95993]],[[2.51404,48.95993],[2.51542,48.95863]],[[2.51542,48.95863],[2.51485,48.95831]],[[2.51485,48.95831],[2.51584,48.9575]],[[2.51584,48.9575],[2.51807,48.95599]],[[2.51807,48.95599],[2.51877,48.95552]],[[2.51877,48.95552],[2.51902,48.95566]],[[2.51902,48.95566],[2.51922,48.95564]],[[2.51922,48.95564],[2.51989,48.95525]],[[2.51989,48.95525],[2.52234,48.9523]],[[2.52234,48.9523],[2.52193,48.95211]],[[2.52193,48.95211],[2.52412,48.95055]],[[2.52412,48.95055],[2.52324,48.95027]],[[2.52324,48.95027],[2.52141,48.94974]],[[2.52141,48.94974],[2.51992,48.94948]],[[2.51992,48.94948],[2.51914,48.94913]],[[2.51914,48.94913],[2.51756,48.94855]],[[2.51756,48.94855],[2.5175,48.94845]],[[2.5175,48.94845],[2.51701,48.94822]],[[2.51701,48.94822],[2.51732,48.94737]],[[2.51732,48.94737],[2.51701,48.94696]],[[2.51701,48.94696],[2.51726,48.94674]],[[2.51726,48.94674],[2.5153,48.94631]],[[2.5153,48.94631],[2.51553,48.94603]],[[2.51553,48.94603],[2.51516,48.94567]],[[2.51516,48.94567],[2.51408,48.94506]],[[2.51408,48.94506],[2.5134,48.94467]],[[2.5134,48.94467],[2.5122,48.94425]],[[2.5122,48.94425],[2.50996,48.94244]],[[2.50996,48.94244],[2.50913,48.94146]],[[2.50913,48.94146],[2.50827,48.94035]],[[2.50827,48.94035],[2.50889,48.94021]],[[2.50889,48.94021],[2.50982,48.94012]],[[2.50982,48.94012],[2.51005,48.93992]],[[2.51005,48.93992],[2.51018,48.93954]],[[2.51018,48.93954],[2.50995,48.93953]],[[2.50995,48.93953],[2.50817,48.93723]],[[2.50817,48.93723],[2.50723,48.93564]],[[2.50723,48.93564],[2.50535,48.93598]],[[2.50535,48.93598],[2.5052,48.93508]],[[2.5052,48.93508],[2.50528,48.93463]],[[2.50528,48.93463],[2.50539,48.93443]],[[2.50539,48.93443],[2.50598,48.93412]],[[2.50598,48.93412],[2.50894,48.93373]],[[2.50894,48.93373],[2.5102,48.93343]],[[2.5102,48.93343],[2.51033,48.93331]],[[2.51033,48.93331],[2.51026,48.933]],[[2.51026,48.933],[2.50999,48.93241]],[[2.50999,48.93241],[2.5107,48.93212]],[[2.5107,48.93212],[2.51108,48.93194]],[[2.51108,48.93194],[2.51271,48.93143]],[[2.51271,48.93143],[2.51443,48.93035]],[[2.51443,48.93035],[2.51368,48.92947]],[[2.51368,48.92947],[2.51354,48.92896]],[[2.51354,48.92896],[2.51354,48.92852]],[[2.51354,48.92852],[2.51341,48.92794]],[[2.51341,48.92794],[2.51453,48.92739]],[[2.51453,48.92739],[2.51504,48.92692]],[[2.51504,48.92692],[2.51551,48.92669]],[[2.51551,48.92669],[2.51643,48.92628]],[[2.51643,48.92628],[2.51673,48.92606]],[[2.51673,48.92606],[2.51678,48.92611]],[[2.51678,48.92611],[2.51715,48.92593]],[[2.51715,48.92593],[2.51734,48.92576]],[[2.51734,48.92576],[2.51768,48.92571]],[[2.51768,48.92571],[2.51767,48.92547]],[[2.51767,48.92547],[2.51813,48.92542]],[[2.51813,48.92542],[2.51814,48.92513]],[[2.51814,48.92513],[2.51763,48.92515]],[[2.51763,48.92515],[2.5176,48.92465]],[[2.5176,48.92465],[2.51653,48.92397]],[[2.51653,48.92397],[2.51599,48.92324]],[[2.51599,48.92324],[2.5156,48.92288]],[[2.5156,48.92288],[2.51496,48.92323]],[[2.51496,48.92323],[2.5136,48.92163]],[[2.5136,48.92163],[2.51375,48.92156]],[[2.51375,48.92156],[2.51364,48.92141]],[[2.51364,48.92141],[2.51226,48.91936]],[[2.51226,48.91936],[2.51083,48.91918]],[[2.51083,48.91918],[2.5072,48.91875]],[[2.5072,48.91875],[2.50617,48.91863]],[[2.50617,48.91863],[2.49719,48.91754]],[[2.49719,48.91754],[2.49187,48.91691]],[[2.49187,48.91691],[2.49144,48.91743]],[[2.49144,48.91743],[2.49133,48.91739]],[[2.49133,48.91739],[2.49026,48.91751]],[[2.42198,48.8571],[2.41769,48.85618]],[[2.41769,48.85618],[2.4168,48.85587]],[[2.4168,48.85587],[2.41529,48.85518]],[[2.41343,48.87314],[2.41584,48.87508]],[[2.41584,48.87508],[2.41758,48.87602]],[[2.41758,48.87602],[2.42028,48.87775]],[[2.42028,48.87775],[2.42083,48.87799]],[[2.42083,48.87799],[2.42187,48.87826]],[[2.42187,48.87826],[2.42254,48.87831]],[[2.42254,48.87831],[2.42555,48.8783]],[[2.42555,48.8783],[2.42743,48.87819]],[[2.42743,48.87819],[2.42888,48.87823]],[[2.42888,48.87823],[2.42977,48.87832]],[[2.42977,48.87832],[2.4314,48.87859]],[[2.4314,48.87859],[2.43297,48.87902]],[[2.43297,48.87902],[2.43417,48.87836]],[[2.43417,48.87836],[2.43706,48.87729]],[[2.43706,48.87729],[2.43659,48.87647]],[[2.43659,48.87647],[2.4367,48.87644]],[[2.4367,48.87644],[2.43626,48.87475]],[[2.43626,48.87475],[2.43595,48.87475]],[[2.43595,48.87475],[2.43543,48.8746]],[[2.43543,48.8746],[2.43433,48.87416]],[[2.43433,48.87416],[2.43395,48.87393]],[[2.43395,48.87393],[2.43367,48.87357]],[[2.43367,48.87357],[2.43246,48.87179]],[[2.43246,48.87179],[2.43219,48.87158]],[[2.43219,48.87158],[2.43093,48.87102]],[[2.43093,48.87102],[2.43047,48.87074]],[[2.43047,48.87074],[2.43052,48.87023]],[[2.43052,48.87023],[2.43029,48.86952]],[[2.43029,48.86952],[2.42871,48.86832]],[[2.42871,48.86832],[2.42939,48.86821]],[[2.42939,48.86821],[2.42905,48.86794]],[[2.42905,48.86794],[2.42956,48.86763]],[[2.42956,48.86763],[2.42922,48.86718]],[[2.42922,48.86718],[2.42872,48.86682]],[[2.42872,48.86682],[2.42781,48.86639]],[[2.42781,48.86639],[2.42867,48.86358]],[[2.42867,48.86358],[2.42623,48.86318]],[[2.42623,48.86318],[2.42623,48.86311]],[[2.42623,48.86311],[2.42389,48.86273]],[[2.42389,48.86273],[2.42404,48.86207]],[[2.42404,48.86207],[2.42359,48.86193]],[[2.42359,48.86193],[2.42321,48.8619]],[[2.42321,48.8619],[2.42297,48.86178]],[[2.42297,48.86178],[2.42246,48.86086]],[[2.42246,48.86086],[2.42274,48.86074]],[[2.42274,48.86074],[2.42314,48.86035]],[[2.42314,48.86035],[2.42344,48.85966]],[[2.42344,48.85966],[2.4234,48.85729]],[[2.4234,48.85729],[2.42198,48.8571]],[[2.45744,48.93443],[2.45766,48.93505]],[[2.45766,48.93505],[2.45761,48.93518]],[[2.45761,48.93518],[2.45803,48.93548]],[[2.45803,48.93548],[2.45782,48.93562]],[[2.45782,48.93562],[2.4578,48.93584]],[[2.4578,48.93584],[2.45666,48.93635]],[[2.45666,48.93635],[2.45553,48.93752]],[[2.45553,48.93752],[2.45512,48.93776]],[[2.45512,48.93776],[2.4539,48.93807]],[[2.4539,48.93807],[2.45351,48.93858]],[[2.45351,48.93858],[2.45227,48.9392]],[[2.45227,48.9392],[2.45179,48.93914]],[[2.45179,48.93914],[2.45113,48.93918]],[[2.45113,48.93918],[2.45045,48.9393]],[[2.45045,48.9393],[2.4502,48.93944]],[[2.4502,48.93944],[2.44909,48.93958]],[[2.44909,48.93958],[2.44824,48.93964]],[[2.44824,48.93964],[2.44763,48.93949]],[[2.44763,48.93949],[2.44677,48.93907]],[[2.44677,48.93907],[2.44636,48.9386]],[[2.44636,48.9386],[2.44598,48.93843]],[[2.44598,48.93843],[2.44561,48.93834]],[[2.44561,48.93834],[2.44384,48.93753]],[[2.44384,48.93753],[2.44252,48.93731]],[[2.44252,48.93731],[2.44035,48.93646]],[[2.44035,48.93646],[2.43891,48.93609]],[[2.43891,48.93609],[2.43869,48.9377]],[[2.43869,48.9377],[2.43597,48.93776]],[[2.43597,48.93776],[2.43299,48.9382]],[[2.43299,48.9382],[2.43119,48.93873]],[[2.43119,48.93873],[2.43132,48.93892]],[[2.43132,48.93892],[2.431,48.93903]],[[2.431,48.93903],[2.43196,48.94042]],[[2.43196,48.94042],[2.43093,48.94027]],[[2.43093,48.94027],[2.43321,48.94297]],[[2.43321,48.94297],[2.43518,48.9451]],[[2.43518,48.9451],[2.4378,48.94809]],[[2.4378,48.94809],[2.44247,48.95332]],[[2.44247,48.95332],[2.44287,48.95317]],[[2.44287,48.95317],[2.44394,48.95432]],[[2.44394,48.95432],[2.44503,48.95483]],[[2.44503,48.95483],[2.44532,48.95489]],[[2.44532,48.95489],[2.4465,48.95445]],[[2.4465,48.95445],[2.44673,48.95492]],[[2.44673,48.95492],[2.44684,48.95479]],[[2.44684,48.95479],[2.44776,48.95512]],[[2.44776,48.95512],[2.44753,48.95537]],[[2.44753,48.95537],[2.44731,48.95562]],[[2.44731,48.95562],[2.44752,48.95568]],[[2.44752,48.95568],[2.44749,48.95576]],[[2.47948,48.91993],[2.47703,48.92024]],[[2.47703,48.92024],[2.47603,48.91907]],[[2.47603,48.91907],[2.47605,48.91891]],[[2.47605,48.91891],[2.47437,48.91837]],[[2.47437,48.91837],[2.4739,48.91973]],[[2.4739,48.91973],[2.47366,48.91996]],[[2.47366,48.91996],[2.47261,48.92022]],[[2.47261,48.92022],[2.47227,48.92024]],[[2.47227,48.92024],[2.47211,48.92034]],[[2.47211,48.92034],[2.4719,48.92056]],[[2.4719,48.92056],[2.46874,48.9189]],[[2.46874,48.9189],[2.46813,48.919]],[[2.46813,48.919],[2.46858,48.91928]],[[2.46858,48.91928],[2.46665,48.91977]],[[2.46665,48.91977],[2.46196,48.92093]],[[2.46196,48.92093],[2.46223,48.92126]],[[2.46223,48.92126],[2.46191,48.92137]],[[2.46191,48.92137],[2.462,48.92143]],[[2.462,48.92143],[2.46191,48.92262]],[[2.46191,48.92262],[2.46242,48.92345]],[[2.46242,48.92345],[2.46235,48.92387]],[[2.46235,48.92387],[2.46274,48.92399]],[[2.46274,48.92399],[2.46216,48.92418]],[[2.46216,48.92418],[2.46263,48.92498]],[[2.46263,48.92498],[2.46187,48.92599]],[[2.46187,48.92599],[2.4621,48.92631]],[[2.4621,48.92631],[2.46302,48.92711]],[[2.46302,48.92711],[2.46218,48.92786]],[[2.46218,48.92786],[2.46256,48.92834]],[[2.46256,48.92834],[2.46339,48.92988]],[[2.46339,48.92988],[2.46388,48.93079]],[[2.46388,48.93079],[2.46123,48.93277]],[[2.46123,48.93277],[2.45955,48.93326]],[[2.45955,48.93326],[2.45902,48.93366]],[[2.45902,48.93366],[2.45823,48.93417]],[[2.45823,48.93417],[2.45744,48.93443]],[[2.46159,48.9022],[2.45557,48.90105]],[[2.45557,48.90105],[2.44173,48.89844]],[[2.44173,48.89844],[2.42773,48.8959]],[[2.42773,48.8959],[2.42398,48.8952]],[[2.42398,48.8952],[2.42403,48.89549]],[[2.42403,48.89549],[2.42416,48.89633]],[[2.42416,48.89633],[2.42422,48.89674]],[[2.42422,48.89674],[2.42129,48.90207]],[[2.42129,48.90207],[2.41982,48.90248]],[[2.41982,48.90248],[2.41834,48.90306]],[[2.41834,48.90306],[2.41741,48.90359]],[[2.41741,48.90359],[2.41664,48.90383]],[[2.41664,48.90383],[2.41517,48.90462]],[[2.41517,48.90462],[2.41165,48.90623]],[[2.41165,48.90623],[2.4146,48.90893]],[[2.4146,48.90893],[2.41296,48.90972]],[[2.41296,48.90972],[2.41422,48.91072]],[[2.41422,48.91072],[2.41502,48.91159]],[[2.41502,48.91159],[2.41528,48.91203]],[[2.41528,48.91203],[2.41441,48.91238]],[[2.41441,48.91238],[2.41397,48.91313]],[[2.41397,48.91313],[2.41346,48.91354]],[[2.41346,48.91354],[2.41292,48.91537]],[[2.41292,48.91537],[2.41279,48.91553]],[[2.41279,48.91553],[2.41065,48.91636]],[[2.41065,48.91636],[2.41013,48.91662]],[[2.41013,48.91662],[2.41149,48.91796]],[[2.41149,48.91796],[2.41333,48.91944]],[[2.41333,48.91944],[2.41351,48.91936]],[[2.41351,48.91936],[2.41495,48.9187]],[[2.41495,48.9187],[2.41773,48.91778]],[[2.41773,48.91778],[2.41975,48.91713]],[[2.41975,48.91713],[2.42287,48.91641]],[[2.42287,48.91641],[2.42634,48.91564]],[[2.42634,48.91564],[2.42954,48.91501]],[[2.42954,48.91501],[2.43147,48.91439]],[[2.43147,48.91439],[2.4334,48.91371]],[[2.4334,48.91371],[2.43407,48.91378]],[[2.43407,48.91378],[2.43689,48.91308]],[[2.43689,48.91308],[2.43701,48.91315]],[[2.43701,48.91315],[2.44111,48.91527]],[[2.44111,48.91527],[2.44155,48.91513]],[[2.44155,48.91513],[2.44595,48.91379]],[[2.44595,48.91379],[2.44906,48.91317]],[[2.44906,48.91317],[2.44995,48.91306]],[[2.44995,48.91306],[2.45278,48.91199]],[[2.45278,48.91199],[2.45436,48.91123]],[[2.45436,48.91123],[2.45557,48.91053]],[[2.45557,48.91053],[2.45594,48.91043]],[[2.45594,48.91043],[2.45644,48.91096]],[[2.45644,48.91096],[2.45786,48.91055]],[[2.45786,48.91055],[2.45854,48.91128]],[[2.45854,48.91128],[2.4589,48.91125]],[[2.4589,48.91125],[2.46136,48.91186]],[[2.46136,48.91186],[2.46212,48.91184]],[[2.46212,48.91184],[2.46294,48.91192]],[[2.46294,48.91192],[2.46364,48.9121]],[[2.46364,48.9121],[2.464,48.91236]],[[2.464,48.91236],[2.46494,48.91303]],[[2.46494,48.91303],[2.4655,48.91318]],[[2.4655,48.91318],[2.46587,48.91351]],[[2.46587,48.91351],[2.46666,48.91398]],[[2.46666,48.91398],[2.46726,48.91414]],[[2.46726,48.91414],[2.46701,48.91433]],[[2.46701,48.91433],[2.4671,48.91441]],[[2.4671,48.91441],[2.46766,48.91464]],[[2.46766,48.91464],[2.46843,48.91474]],[[2.46843,48.91474],[2.46872,48.9148]],[[2.46872,48.9148],[2.46896,48.91465]],[[2.46896,48.91465],[2.47072,48.91577]],[[2.47072,48.91577],[2.47122,48.91548]],[[2.47122,48.91548],[2.47248,48.91606]],[[2.47248,48.91606],[2.47397,48.9165]],[[2.47397,48.9165],[2.47549,48.91643]],[[2.47549,48.91643],[2.47573,48.91408]],[[2.47573,48.91408],[2.47618,48.91322]],[[2.47618,48.91322],[2.47621,48.91298]],[[2.47621,48.91298],[2.47589,48.91236]],[[2.47589,48.91236],[2.47477,48.91135]],[[2.47477,48.91135],[2.47429,48.91064]],[[2.47429,48.91064],[2.47306,48.90917]],[[2.47306,48.90917],[2.47232,48.90806]],[[2.47232,48.90806],[2.47158,48.90767]],[[2.47158,48.90767],[2.47096,48.90519]],[[2.47096,48.90519],[2.47016,48.905]],[[2.47016,48.905],[2.47005,48.90522]],[[2.47005,48.90522],[2.46942,48.90531]],[[2.46942,48.90531],[2.46561,48.90519]],[[2.46561,48.90519],[2.46354,48.90526]],[[2.46354,48.90526],[2.46208,48.90539]],[[2.46208,48.90539],[2.46203,48.90507]],[[2.46203,48.90507],[2.46159,48.9022]],[[2.47209,48.8906],[2.4727,48.89276]],[[2.4727,48.89276],[2.47343,48.89362]],[[2.47343,48.89362],[2.47445,48.8951]],[[2.47445,48.8951],[2.47286,48.89546]],[[2.47286,48.89546],[2.47281,48.89564]],[[2.47281,48.89564],[2.47463,48.89815]],[[2.47463,48.89815],[2.474,48.89825]],[[2.474,48.89825],[2.46913,48.89954]],[[2.46913,48.89954],[2.46965,48.90123]],[[2.46965,48.90123],[2.47065,48.903]],[[2.47065,48.903],[2.47068,48.90394]],[[2.47068,48.90394],[2.47016,48.905]],[[2.47549,48.91643],[2.47543,48.91705]],[[2.47543,48.91705],[2.47569,48.91728]],[[2.47569,48.91728],[2.47437,48.91837]],[[2.49187,48.91691],[2.49217,48.91598]],[[2.49217,48.91598],[2.49143,48.91335]],[[2.49143,48.91335],[2.4912,48.91066]],[[2.4912,48.91066],[2.49101,48.90972]],[[2.49101,48.90972],[2.49045,48.90901]],[[2.49045,48.90901],[2.49227,48.90787]],[[2.49227,48.90787],[2.49233,48.90761]],[[2.49233,48.90761],[2.49016,48.9073]],[[2.49016,48.9073],[2.49018,48.90725]],[[2.49018,48.90725],[2.49035,48.90686]],[[2.49035,48.90686],[2.4937,48.90728]],[[2.4937,48.90728],[2.49369,48.90568]],[[2.49369,48.90568],[2.49729,48.90576]],[[2.49729,48.90576],[2.49713,48.90474]],[[2.49713,48.90474],[2.49929,48.90468]],[[2.49929,48.90468],[2.49935,48.90484]],[[2.49935,48.90484],[2.4999,48.90462]],[[2.4999,48.90462],[2.49929,48.90235]],[[2.49929,48.90235],[2.49926,48.90196]],[[2.49926,48.90196],[2.49952,48.90203]],[[2.49952,48.90203],[2.49846,48.8996]],[[2.49846,48.8996],[2.4972,48.89968]],[[2.4972,48.89968],[2.49657,48.89841]],[[2.49657,48.89841],[2.49599,48.89816]],[[2.49599,48.89816],[2.49552,48.89776]],[[2.49552,48.89776],[2.49612,48.89753]],[[2.49612,48.89753],[2.49561,48.89675]],[[2.49561,48.89675],[2.50015,48.89574]],[[2.50015,48.89574],[2.49809,48.89312]],[[2.49809,48.89312],[2.49734,48.89159]],[[2.49734,48.89159],[2.49706,48.89108]],[[2.49706,48.89108],[2.49821,48.89092]],[[2.49821,48.89092],[2.49806,48.89014]],[[2.49806,48.89014],[2.49773,48.89019]],[[2.49773,48.89019],[2.49665,48.88961]],[[2.49665,48.88961],[2.49553,48.88933]],[[2.49553,48.88933],[2.492,48.89024]],[[2.492,48.89024],[2.4911,48.89087]],[[2.4911,48.89087],[2.4899,48.88844]],[[2.4899,48.88844],[2.48992,48.88829]],[[2.48992,48.88829],[2.48741,48.88841]],[[2.48741,48.88841],[2.48704,48.88698]],[[2.48704,48.88698],[2.48682,48.887]],[[2.48682,48.887],[2.48088,48.88804]],[[2.48088,48.88804],[2.47956,48.88845]],[[2.47956,48.88845],[2.47788,48.88919]],[[2.47788,48.88919],[2.47736,48.88884]],[[2.47736,48.88884],[2.47659,48.88877]],[[2.47659,48.88877],[2.47131,48.88908]],[[2.47131,48.88908],[2.47209,48.8906]],[[2.42024,48.92965],[2.41992,48.92934]],[[2.41992,48.92934],[2.41721,48.93036]],[[2.41721,48.93036],[2.41604,48.93039]],[[2.41604,48.93039],[2.41431,48.93138]],[[2.41431,48.93138],[2.4125,48.93266]],[[2.4125,48.93266],[2.41347,48.93301]],[[2.41347,48.93301],[2.41479,48.93305]],[[2.41479,48.93305],[2.41538,48.93299]],[[2.41538,48.93299],[2.41654,48.93308]],[[2.41654,48.93308],[2.41771,48.93366]],[[2.41771,48.93366],[2.41592,48.93427]],[[2.41592,48.93427],[2.41335,48.9355]],[[2.41335,48.9355],[2.41396,48.93599]],[[2.41396,48.93599],[2.41663,48.93568]],[[2.41663,48.93568],[2.41584,48.93729]],[[2.41584,48.93729],[2.41711,48.93872]],[[2.41711,48.93872],[2.41702,48.93891]],[[2.41702,48.93891],[2.41675,48.93943]],[[2.41675,48.93943],[2.41755,48.9399]],[[2.41755,48.9399],[2.41827,48.93918]],[[2.41827,48.93918],[2.42123,48.93992]],[[2.42123,48.93992],[2.42251,48.94033]],[[2.42251,48.94033],[2.42187,48.94127]],[[2.42187,48.94127],[2.42196,48.94147]],[[2.42196,48.94147],[2.42204,48.94166]],[[2.42204,48.94166],[2.42263,48.94172]],[[2.42263,48.94172],[2.42656,48.94261]],[[2.42656,48.94261],[2.42792,48.94413]],[[2.42792,48.94413],[2.42853,48.94392]],[[2.42853,48.94392],[2.43057,48.94634]],[[2.43057,48.94634],[2.43518,48.9451]],[[2.44252,48.93731],[2.44471,48.93384]],[[2.44471,48.93384],[2.44492,48.93354]],[[2.44492,48.93354],[2.44416,48.93272]],[[2.44416,48.93272],[2.44173,48.9327]],[[2.44173,48.9327],[2.43817,48.93262]],[[2.43817,48.93262],[2.43509,48.9323]],[[2.43509,48.9323],[2.43162,48.93176]],[[2.43162,48.93176],[2.42898,48.93124]],[[2.42898,48.93124],[2.42941,48.93106]],[[2.42941,48.93106],[2.427,48.93075]],[[2.427,48.93075],[2.4241,48.93024]],[[2.4241,48.93024],[2.42325,48.9302]],[[2.42325,48.9302],[2.4226,48.93005]],[[2.4226,48.93005],[2.42088,48.92962]],[[2.42088,48.92962],[2.42024,48.92965]],[[2.5398,48.89933],[2.53938,48.89929]],[[2.53938,48.89929],[2.53853,48.89969]],[[2.53853,48.89969],[2.53688,48.89879]],[[2.53688,48.89879],[2.53719,48.89866]],[[2.53719,48.89866],[2.53602,48.89832]],[[2.53602,48.89832],[2.53569,48.89489]],[[2.53569,48.89489],[2.53201,48.89526]],[[2.53201,48.89526],[2.53152,48.89698]],[[2.53152,48.89698],[2.52982,48.90321]],[[2.52982,48.90321],[2.52898,48.90337]],[[2.52898,48.90337],[2.52767,48.90373]],[[2.52767,48.90373],[2.52721,48.9037]],[[2.52721,48.9037],[2.52592,48.9039]],[[2.52592,48.9039],[2.52358,48.90367]],[[2.52358,48.90367],[2.52141,48.90343]],[[2.52141,48.90343],[2.5213,48.90331]],[[2.5213,48.90331],[2.52114,48.90338]],[[2.52114,48.90338],[2.52206,48.90443]],[[2.52206,48.90443],[2.52225,48.90438]],[[2.52225,48.90438],[2.5225,48.90444]],[[2.5225,48.90444],[2.52358,48.90496]],[[2.52358,48.90496],[2.52495,48.90537]],[[2.52495,48.90537],[2.52524,48.90524]],[[2.52524,48.90524],[2.527,48.90695]],[[2.527,48.90695],[2.52737,48.90713]],[[2.52737,48.90713],[2.52858,48.90749]],[[2.52858,48.90749],[2.52921,48.90759]],[[2.52921,48.90759],[2.53006,48.90756]],[[2.53006,48.90756],[2.53298,48.90822]],[[2.53298,48.90822],[2.53451,48.90854]],[[2.53451,48.90854],[2.53631,48.90866]],[[2.53631,48.90866],[2.53833,48.90945]],[[2.53833,48.90945],[2.53856,48.91167]],[[2.53856,48.91167],[2.53967,48.91173]],[[2.53967,48.91173],[2.53983,48.91196]],[[2.53983,48.91196],[2.53979,48.91215]],[[2.53979,48.91215],[2.53989,48.9128]],[[2.53989,48.9128],[2.54114,48.91571]],[[2.54114,48.91571],[2.54257,48.91699]],[[2.54257,48.91699],[2.5445,48.91812]],[[2.5445,48.91812],[2.54472,48.91802]],[[2.54472,48.91802],[2.54529,48.9174]],[[2.54529,48.9174],[2.54626,48.91681]],[[2.54626,48.91681],[2.54655,48.91669]],[[2.54655,48.91669],[2.54716,48.9166]],[[2.54716,48.9166],[2.54759,48.91636]],[[2.54759,48.91636],[2.55058,48.91617]],[[2.55058,48.91617],[2.55157,48.91549]],[[2.55157,48.91549],[2.55292,48.91496]],[[2.55292,48.91496],[2.55526,48.9169]],[[2.55526,48.9169],[2.55696,48.91934]],[[2.55696,48.91934],[2.55849,48.92032]],[[2.55849,48.92032],[2.55923,48.9213]],[[2.55923,48.9213],[2.55916,48.92043]],[[2.55916,48.92043],[2.56226,48.92042]],[[2.56226,48.92042],[2.56464,48.9137]],[[2.56464,48.9137],[2.56376,48.91308]],[[2.56376,48.91308],[2.56189,48.91215]],[[2.56189,48.91215],[2.56005,48.91111]],[[2.56005,48.91111],[2.5652,48.90836]],[[2.5652,48.90836],[2.55899,48.90538]],[[2.55899,48.90538],[2.5569,48.9044]],[[2.5569,48.9044],[2.556,48.90397]],[[2.556,48.90397],[2.55205,48.90209]],[[2.55205,48.90209],[2.55183,48.90199]],[[2.55183,48.90199],[2.5512,48.90201]],[[2.5512,48.90201],[2.55023,48.90183]],[[2.55023,48.90183],[2.54903,48.90191]],[[2.54903,48.90191],[2.54857,48.90152]],[[2.54857,48.90152],[2.5472,48.89943]],[[2.5472,48.89943],[2.54683,48.89903]],[[2.54683,48.89903],[2.54655,48.89905]],[[2.54655,48.89905],[2.5463,48.89907]],[[2.5463,48.89907],[2.54623,48.89889]],[[2.54623,48.89889],[2.5398,48.89933]],[[2.55923,48.9213],[2.55954,48.92226]],[[2.55954,48.92226],[2.56019,48.9233]],[[2.56019,48.9233],[2.56078,48.92451]],[[2.56078,48.92451],[2.56195,48.92489]],[[2.56195,48.92489],[2.56167,48.92587]],[[2.56167,48.92587],[2.56326,48.92675]],[[2.56326,48.92675],[2.56383,48.92728]],[[2.56383,48.92728],[2.56443,48.92808]],[[2.56443,48.92808],[2.5654,48.92719]],[[2.5654,48.92719],[2.56556,48.9258]],[[2.56556,48.9258],[2.5675,48.92439]],[[2.5675,48.92439],[2.57215,48.92435]],[[2.57215,48.92435],[2.57208,48.92488]],[[2.57208,48.92488],[2.57226,48.92491]],[[2.57226,48.92491],[2.57211,48.92584]],[[2.57211,48.92584],[2.57507,48.9259]],[[2.57507,48.9259],[2.57573,48.92661]],[[2.57573,48.92661],[2.576,48.92671]],[[2.576,48.92671],[2.57646,48.92727]],[[2.57646,48.92727],[2.57926,48.92727]],[[2.57926,48.92727],[2.57976,48.9274]],[[2.57976,48.9274],[2.58085,48.92694]],[[2.58085,48.92694],[2.58162,48.92671]],[[2.58162,48.92671],[2.58223,48.92673]],[[2.58223,48.92673],[2.58187,48.9274]],[[2.58187,48.9274],[2.5828,48.92733]],[[2.5828,48.92733],[2.58435,48.92733]],[[2.58435,48.92733],[2.58656,48.92745]],[[2.58656,48.92745],[2.58947,48.92804]],[[2.58947,48.92804],[2.5906,48.9281]],[[2.5906,48.9281],[2.59123,48.9276]],[[2.59123,48.9276],[2.59212,48.92725]],[[2.59212,48.92725],[2.59233,48.92701]],[[2.59233,48.92701],[2.5926,48.92651]],[[2.5926,48.92651],[2.59203,48.92521]],[[2.59203,48.92521],[2.59257,48.92505]],[[2.59139,48.90707],[2.58888,48.90825]],[[2.58888,48.90825],[2.58864,48.90848]],[[2.58864,48.90848],[2.58829,48.90854]],[[2.58829,48.90854],[2.58397,48.91064]],[[2.58397,48.91064],[2.58316,48.9098]],[[2.58316,48.9098],[2.58165,48.90899]],[[2.58165,48.90899],[2.57893,48.90821]],[[2.57893,48.90821],[2.57833,48.90709]],[[2.57833,48.90709],[2.5775,48.90649]],[[2.5775,48.90649],[2.57733,48.90653]],[[2.57733,48.90653],[2.57213,48.90775]],[[2.57213,48.90775],[2.57101,48.90756]],[[2.57101,48.90756],[2.5707,48.90757]],[[2.5707,48.90757],[2.5658,48.9081]],[[2.5658,48.9081],[2.5652,48.90836]],[[2.37475,48.92377],[2.37463,48.92384]],[[2.37463,48.92384],[2.37783,48.92535]],[[2.37783,48.92535],[2.37719,48.9259]],[[2.37719,48.9259],[2.3751,48.92768]],[[2.3751,48.92768],[2.37761,48.93184]],[[2.37761,48.93184],[2.38001,48.93153]],[[2.38001,48.93153],[2.38112,48.93134]],[[2.38112,48.93134],[2.38251,48.93078]],[[2.38251,48.93078],[2.38393,48.9325]],[[2.38393,48.9325],[2.38335,48.93284]],[[2.38335,48.93284],[2.38356,48.93396]],[[2.38356,48.93396],[2.38465,48.9403]],[[2.38465,48.9403],[2.38586,48.94092]],[[2.38586,48.94092],[2.38758,48.94139]],[[2.38758,48.94139],[2.38742,48.94222]],[[2.38742,48.94222],[2.38887,48.94245]],[[2.38887,48.94245],[2.39024,48.94289]],[[2.39024,48.94289],[2.39396,48.94424]],[[2.39396,48.94424],[2.39499,48.94475]],[[2.39499,48.94475],[2.39611,48.94548]],[[2.39611,48.94548],[2.39654,48.94589]],[[2.39654,48.94589],[2.39749,48.9474]],[[2.39749,48.9474],[2.39766,48.9474]],[[2.39766,48.9474],[2.39796,48.94769]],[[2.39796,48.94769],[2.39815,48.94822]],[[2.39815,48.94822],[2.39899,48.94881]],[[2.39899,48.94881],[2.39925,48.94862]],[[2.39925,48.94862],[2.39946,48.94891]],[[2.39946,48.94891],[2.3997,48.94903]],[[2.3997,48.94903],[2.39974,48.94924]],[[2.39974,48.94924],[2.4004,48.94958]],[[2.4004,48.94958],[2.40069,48.94984]],[[2.40069,48.94984],[2.40089,48.94986]],[[2.40089,48.94986],[2.40132,48.9501]],[[2.40132,48.9501],[2.40159,48.95009]],[[2.40159,48.95009],[2.40186,48.95024]],[[2.40186,48.95024],[2.40229,48.95027]],[[2.40229,48.95027],[2.40298,48.9507]],[[2.40298,48.9507],[2.40367,48.95115]],[[2.40367,48.95115],[2.40412,48.95154]],[[2.40412,48.95154],[2.40617,48.95012]],[[2.40617,48.95012],[2.40616,48.95002]],[[2.40616,48.95002],[2.40578,48.94981]],[[2.40578,48.94981],[2.40579,48.94973]],[[2.40579,48.94973],[2.40837,48.94725]],[[2.40837,48.94725],[2.40867,48.94707]],[[2.40867,48.94707],[2.40923,48.94598]],[[2.40923,48.94598],[2.41229,48.94467]],[[2.41229,48.94467],[2.4129,48.94401]],[[2.4129,48.94401],[2.41318,48.94364]],[[2.41318,48.94364],[2.41463,48.94258]],[[2.41463,48.94258],[2.41623,48.94198]],[[2.41623,48.94198],[2.41691,48.94147]],[[2.41691,48.94147],[2.41731,48.94137]],[[2.41731,48.94137],[2.41796,48.94017]],[[2.41796,48.94017],[2.41741,48.94003]],[[2.41741,48.94003],[2.41755,48.9399]],[[2.4226,48.93005],[2.42129,48.92865]],[[2.42129,48.92865],[2.4214,48.92864]],[[2.4214,48.92864],[2.42093,48.92808]],[[2.42093,48.92808],[2.42009,48.92679]],[[2.42009,48.92679],[2.41855,48.92481]],[[2.41855,48.92481],[2.41775,48.92402]],[[2.41775,48.92402],[2.41783,48.92398]],[[2.41783,48.92398],[2.41771,48.92378]],[[2.41771,48.92378],[2.41687,48.9226]],[[2.41687,48.9226],[2.41629,48.9218]],[[2.41629,48.9218],[2.41568,48.92119]],[[2.41568,48.92119],[2.41351,48.91936]],[[2.41013,48.91662],[2.40909,48.91737]],[[2.40909,48.91737],[2.40762,48.91804]],[[2.40412,48.95154],[2.40363,48.95187]],[[2.40363,48.95187],[2.40325,48.95189]],[[2.40325,48.95189],[2.40364,48.95202]],[[2.40364,48.95202],[2.40403,48.95198]],[[2.40403,48.95198],[2.40642,48.95229]],[[2.40642,48.95229],[2.40679,48.9524]],[[2.40679,48.9524],[2.40712,48.95238]],[[2.40712,48.95238],[2.40821,48.95317]],[[2.40821,48.95317],[2.40787,48.95333]],[[2.40787,48.95333],[2.40783,48.95372]],[[2.40783,48.95372],[2.40773,48.95377]],[[2.40773,48.95377],[2.40774,48.95409]],[[2.40774,48.95409],[2.40787,48.95432]],[[2.40787,48.95432],[2.40724,48.95434]],[[2.40724,48.95434],[2.40691,48.9546]],[[2.40691,48.9546],[2.40726,48.95546]],[[2.40726,48.95546],[2.40735,48.95607]],[[2.33338,48.95531],[2.33519,48.95409]],[[2.33519,48.95409],[2.33733,48.9527]],[[2.33733,48.9527],[2.34224,48.94916]],[[2.34224,48.94916],[2.34602,48.94638]],[[2.34602,48.94638],[2.34472,48.94587]],[[2.34472,48.94587],[2.3442,48.94623]],[[2.3442,48.94623],[2.34421,48.94632]],[[2.34421,48.94632],[2.34459,48.94657]],[[2.34459,48.94657],[2.33938,48.94763]],[[2.33938,48.94763],[2.33787,48.94663]],[[2.33787,48.94663],[2.33758,48.94614]],[[2.33758,48.94614],[2.33776,48.94597]],[[2.33776,48.94597],[2.33687,48.94513]],[[2.33687,48.94513],[2.33706,48.94501]],[[2.33706,48.94501],[2.33699,48.94495]],[[2.33699,48.94495],[2.33751,48.94473]],[[2.33751,48.94473],[2.3379,48.94497]],[[2.3379,48.94497],[2.33856,48.94476]],[[2.33856,48.94476],[2.33922,48.94535]],[[2.33922,48.94535],[2.34076,48.94431]],[[2.34076,48.94431],[2.34049,48.94414]],[[2.34049,48.94414],[2.34063,48.94403]],[[2.34063,48.94403],[2.3396,48.94355]],[[2.3396,48.94355],[2.3393,48.94332]],[[2.3393,48.94332],[2.33834,48.94258]],[[2.33834,48.94258],[2.3373,48.94356]],[[2.3373,48.94356],[2.33639,48.94417]],[[2.33639,48.94417],[2.33551,48.94468]],[[2.33551,48.94468],[2.33442,48.94513]],[[2.33442,48.94513],[2.33264,48.94576]],[[2.33264,48.94576],[2.32528,48.94781]],[[2.32528,48.94781],[2.32339,48.94828]],[[2.32339,48.94828],[2.31435,48.95012]],[[2.31435,48.95012],[2.30764,48.95121]],[[2.30764,48.95121],[2.30205,48.95188]],[[2.30205,48.95188],[2.30058,48.95198]],[[2.30058,48.95198],[2.29833,48.95191]],[[2.29833,48.95191],[2.29224,48.95147]],[[2.53736,48.8727],[2.53689,48.87255]],[[2.53689,48.87255],[2.53629,48.87303]],[[2.53629,48.87303],[2.53602,48.87358]],[[2.53602,48.87358],[2.53547,48.87423]],[[2.53547,48.87423],[2.53533,48.87436]],[[2.53533,48.87436],[2.53404,48.87503]],[[2.53404,48.87503],[2.53348,48.87465]],[[2.53348,48.87465],[2.53321,48.87486]],[[2.53321,48.87486],[2.53364,48.8751]],[[2.53364,48.8751],[2.53308,48.87547]],[[2.53308,48.87547],[2.53123,48.87667]],[[2.53123,48.87667],[2.53097,48.87645]],[[2.53097,48.87645],[2.53067,48.87592]],[[2.53067,48.87592],[2.53031,48.87481]],[[2.53031,48.87481],[2.53005,48.87438]],[[2.53005,48.87438],[2.52855,48.87893]],[[2.52855,48.87893],[2.52652,48.87961]],[[2.52652,48.87961],[2.5272,48.87973]],[[2.5272,48.87973],[2.52765,48.88008]],[[2.52765,48.88008],[2.52696,48.88052]],[[2.52696,48.88052],[2.5271,48.88077]],[[2.5271,48.88077],[2.52676,48.88098]],[[2.52676,48.88098],[2.52576,48.88194]],[[2.52576,48.88194],[2.52578,48.88271]],[[2.52578,48.88271],[2.52578,48.88294]],[[2.52578,48.88294],[2.52521,48.88293]],[[2.52521,48.88293],[2.52497,48.88393]],[[2.52497,48.88393],[2.52482,48.88411]],[[2.52482,48.88411],[2.52462,48.88436]],[[2.52462,48.88436],[2.52213,48.88732]],[[2.52213,48.88732],[2.51815,48.89113]],[[2.51815,48.89113],[2.51852,48.89094]],[[2.51852,48.89094],[2.51923,48.89092]],[[2.51923,48.89092],[2.51967,48.89081]],[[2.51967,48.89081],[2.52057,48.89173]],[[2.52057,48.89173],[2.52065,48.89168]],[[2.52065,48.89168],[2.52098,48.89147]],[[2.52098,48.89147],[2.52288,48.89317]],[[2.52288,48.89317],[2.52361,48.89337]],[[2.52361,48.89337],[2.52413,48.89322]],[[2.52413,48.89322],[2.52609,48.89182]],[[2.52609,48.89182],[2.52722,48.89172]],[[2.52722,48.89172],[2.52825,48.89208]],[[2.52825,48.89208],[2.53042,48.89224]],[[2.53042,48.89224],[2.53168,48.89285]],[[2.53168,48.89285],[2.53258,48.89325]],[[2.53258,48.89325],[2.53216,48.89472]],[[2.53216,48.89472],[2.53201,48.89526]],[[2.54623,48.89889],[2.54624,48.89868]],[[2.54624,48.89868],[2.54643,48.89856]],[[2.54643,48.89856],[2.54418,48.89623]],[[2.54418,48.89623],[2.54444,48.89593]],[[2.54444,48.89593],[2.54468,48.89612]],[[2.54468,48.89612],[2.54771,48.89576]],[[2.54771,48.89576],[2.54708,48.89452]],[[2.54708,48.89452],[2.5465,48.89332]],[[2.5465,48.89332],[2.54688,48.89284]],[[2.54688,48.89284],[2.54681,48.89272]],[[2.54681,48.89272],[2.54767,48.89226]],[[2.54767,48.89226],[2.54669,48.89117]],[[2.54669,48.89117],[2.5475,48.89085]],[[2.5475,48.89085],[2.54743,48.89077]],[[2.54743,48.89077],[2.54901,48.89027]],[[2.54901,48.89027],[2.54763,48.88847]],[[2.54763,48.88847],[2.54712,48.8877]],[[2.54712,48.8877],[2.54723,48.88743]],[[2.54723,48.88743],[2.54953,48.88723]],[[2.54953,48.88723],[2.54967,48.88641]],[[2.54967,48.88641],[2.54947,48.8856]],[[2.54947,48.8856],[2.54966,48.88538]],[[2.54966,48.88538],[2.54996,48.8849]],[[2.54996,48.8849],[2.55001,48.88477]],[[2.55001,48.88477],[2.55423,48.88507]],[[2.55423,48.88507],[2.55509,48.88523]],[[2.55509,48.88523],[2.55519,48.88502]],[[2.55519,48.88502],[2.55679,48.8851]],[[2.55679,48.8851],[2.55677,48.8853]],[[2.55677,48.8853],[2.55759,48.88535]],[[2.55759,48.88535],[2.55797,48.88551]],[[2.55797,48.88551],[2.5579,48.88493]],[[2.5579,48.88493],[2.55869,48.88459]],[[2.55869,48.88459],[2.55919,48.88514]],[[2.56758,48.86587],[2.56734,48.86584]],[[2.56734,48.86584],[2.56431,48.86557]],[[2.56431,48.86557],[2.56057,48.86655]],[[2.56057,48.86655],[2.55919,48.86701]],[[2.55919,48.86701],[2.55826,48.86737]],[[2.55826,48.86737],[2.557,48.86815]],[[2.557,48.86815],[2.5552,48.86963]],[[2.5552,48.86963],[2.55325,48.87305]],[[2.55325,48.87305],[2.55259,48.87389]],[[2.55259,48.87389],[2.55187,48.87443]],[[2.55187,48.87443],[2.55028,48.87357]],[[2.55028,48.87357],[2.5471,48.87219]],[[2.5471,48.87219],[2.54303,48.87089]],[[2.54303,48.87089],[2.53925,48.86968]],[[2.53925,48.86968],[2.53874,48.87053]],[[2.53874,48.87053],[2.53736,48.8727]],[[2.57416,48.85346],[2.57057,48.85718]],[[2.57057,48.85718],[2.56974,48.85807]],[[2.56974,48.85807],[2.56713,48.85753]],[[2.56713,48.85753],[2.56663,48.85835]],[[2.56663,48.85835],[2.56612,48.85959]],[[2.56612,48.85959],[2.56587,48.86081]],[[2.56587,48.86081],[2.56566,48.86105]],[[2.56566,48.86105],[2.56426,48.86182]],[[2.56426,48.86182],[2.56414,48.86204]],[[2.56414,48.86204],[2.56411,48.86242]],[[2.56411,48.86242],[2.56455,48.86297]],[[2.56455,48.86297],[2.56439,48.86375]],[[2.56439,48.86375],[2.5642,48.86459]],[[2.5642,48.86459],[2.56601,48.86516]],[[2.56601,48.86516],[2.56668,48.86556]],[[2.56668,48.86556],[2.56707,48.86567]],[[2.56707,48.86567],[2.56757,48.8657]],[[2.56757,48.8657],[2.56761,48.86585]],[[2.34066,48.93132],[2.3392,48.92928]],[[2.3392,48.92928],[2.33716,48.92723]],[[2.33716,48.92723],[2.33584,48.92605]],[[2.33584,48.92605],[2.33325,48.92321]],[[2.33325,48.92321],[2.33168,48.92134]],[[2.33168,48.92134],[2.33012,48.91968]],[[2.33012,48.91968],[2.32875,48.91869]],[[2.32875,48.91869],[2.32842,48.91848]],[[2.32842,48.91848],[2.32748,48.91809]],[[2.32748,48.91809],[2.32447,48.91708]],[[2.32447,48.91708],[2.31982,48.91594]],[[2.33834,48.94258],[2.34002,48.94025]],[[2.34002,48.94025],[2.34107,48.93789]],[[2.34107,48.93789],[2.34154,48.93682]],[[2.34154,48.93682],[2.34174,48.93602]],[[2.34174,48.93602],[2.34157,48.93385]],[[2.34157,48.93385],[2.34133,48.93308]],[[2.34133,48.93308],[2.34124,48.93283]],[[2.34124,48.93283],[2.34066,48.93132]],[[2.41082,48.87844],[2.4118,48.87867]],[[2.4118,48.87867],[2.41192,48.87881]],[[2.41192,48.87881],[2.41195,48.87945]],[[2.41195,48.87945],[2.41189,48.88025]],[[2.41189,48.88025],[2.41161,48.88073]],[[2.41161,48.88073],[2.41118,48.88145]],[[2.41118,48.88145],[2.41112,48.88174]],[[2.41112,48.88174],[2.41125,48.88262]],[[2.41125,48.88262],[2.41151,48.88322]],[[2.41151,48.88322],[2.41308,48.88358]],[[2.41308,48.88358],[2.41301,48.88308]],[[2.41301,48.88308],[2.4146,48.88344]],[[2.4146,48.88344],[2.41562,48.88417]],[[2.41562,48.88417],[2.41697,48.88448]],[[2.41697,48.88448],[2.41708,48.88425]],[[2.41708,48.88425],[2.41702,48.88423]],[[2.41702,48.88423],[2.41733,48.88403]],[[2.41733,48.88403],[2.41866,48.88482]],[[2.41866,48.88482],[2.42024,48.88676]],[[2.42024,48.88676],[2.42047,48.88665]],[[2.42047,48.88665],[2.42071,48.88665]],[[2.42071,48.88665],[2.42135,48.88696]],[[2.42135,48.88696],[2.42171,48.88729]],[[2.42171,48.88729],[2.4224,48.88758]],[[2.4224,48.88758],[2.42258,48.88846]],[[2.42258,48.88846],[2.42268,48.88899]],[[2.42268,48.88899],[2.42246,48.88909]],[[2.42246,48.88909],[2.42375,48.8905]],[[2.42375,48.8905],[2.42398,48.89097]],[[2.42398,48.89097],[2.42435,48.89097]],[[2.42435,48.89097],[2.42456,48.89088]],[[2.42456,48.89088],[2.42473,48.89042]],[[2.42473,48.89042],[2.42526,48.89052]],[[2.42526,48.89052],[2.42558,48.89014]],[[2.42558,48.89014],[2.42566,48.88982]],[[2.42566,48.88982],[2.42626,48.88978]],[[2.42626,48.88978],[2.4269,48.88964]],[[2.4269,48.88964],[2.4267,48.88929]],[[2.4267,48.88929],[2.42668,48.88861]],[[2.42668,48.88861],[2.42676,48.88851]],[[2.42676,48.88851],[2.42645,48.8883]],[[2.42645,48.8883],[2.42681,48.88708]],[[2.42681,48.88708],[2.42755,48.88598]],[[2.42755,48.88598],[2.42683,48.88611]],[[2.42683,48.88611],[2.42673,48.88587]],[[2.42673,48.88587],[2.42447,48.88312]],[[2.42447,48.88312],[2.42478,48.88294]],[[2.42478,48.88294],[2.42557,48.88275]],[[2.42557,48.88275],[2.42688,48.88318]],[[2.42688,48.88318],[2.42907,48.88259]],[[2.42907,48.88259],[2.42843,48.88023]],[[2.42843,48.88023],[2.4304,48.88061]],[[2.4304,48.88061],[2.4306,48.88059]],[[2.4306,48.88059],[2.42993,48.8799]],[[2.42993,48.8799],[2.42977,48.87832]],[[2.52114,48.90338],[2.52084,48.9035]],[[2.52084,48.9035],[2.52068,48.90333]],[[2.52068,48.90333],[2.51901,48.90325]],[[2.51901,48.90325],[2.51818,48.90304]],[[2.51818,48.90304],[2.51642,48.90286]],[[2.51642,48.90286],[2.51612,48.90299]],[[2.51612,48.90299],[2.5159,48.90295]],[[2.5159,48.90295],[2.51461,48.9024]],[[2.51461,48.9024],[2.5139,48.90242]],[[2.5139,48.90242],[2.51308,48.90212]],[[2.51308,48.90212],[2.51303,48.90216]],[[2.51303,48.90216],[2.51215,48.90174]],[[2.51215,48.90174],[2.51192,48.90149]],[[2.51192,48.90149],[2.51103,48.90184]],[[2.51103,48.90184],[2.51129,48.90207]],[[2.51129,48.90207],[2.51146,48.90198]],[[2.51146,48.90198],[2.51152,48.90204]],[[2.51152,48.90204],[2.51457,48.9051]],[[2.51457,48.9051],[2.5152,48.90575]],[[2.5152,48.90575],[2.51599,48.90616]],[[2.51599,48.90616],[2.51789,48.90748]],[[2.51789,48.90748],[2.51767,48.90814]],[[2.51767,48.90814],[2.51767,48.9085]],[[2.51767,48.9085],[2.51919,48.90998]],[[2.51919,48.90998],[2.52133,48.91209]],[[2.52133,48.91209],[2.52117,48.91204]],[[2.52117,48.91204],[2.51946,48.91161]],[[2.51946,48.91161],[2.51679,48.91122]],[[2.51679,48.91122],[2.51227,48.91056]],[[2.51227,48.91056],[2.51015,48.9103]],[[2.51015,48.9103],[2.50898,48.91315]],[[2.50898,48.91315],[2.50834,48.91464]],[[2.50834,48.91464],[2.50851,48.91472]],[[2.50851,48.91472],[2.50873,48.91621]],[[2.50873,48.91621],[2.50579,48.91743]],[[2.50579,48.91743],[2.5072,48.91875]],[[2.51814,48.92513],[2.5191,48.92509]],[[2.5191,48.92509],[2.52171,48.92394]],[[2.52171,48.92394],[2.52236,48.92453]],[[2.52236,48.92453],[2.52418,48.92501]],[[2.52418,48.92501],[2.52351,48.92572]],[[2.52351,48.92572],[2.52423,48.92606]],[[2.52423,48.92606],[2.52455,48.92714]],[[2.52455,48.92714],[2.52482,48.92758]],[[2.52482,48.92758],[2.52517,48.9275]],[[2.52517,48.9275],[2.5253,48.92783]],[[2.5253,48.92783],[2.52588,48.9277]],[[2.52588,48.9277],[2.52686,48.92673]],[[2.52686,48.92673],[2.52728,48.9266]],[[2.52728,48.9266],[2.52792,48.92617]],[[2.52792,48.92617],[2.52924,48.92609]],[[2.52924,48.92609],[2.52972,48.9263]],[[2.52972,48.9263],[2.53127,48.92615]],[[2.53127,48.92615],[2.53145,48.92621]],[[2.53145,48.92621],[2.5319,48.92702]],[[2.5319,48.92702],[2.53191,48.92727]],[[2.53191,48.92727],[2.5332,48.92693]],[[2.5332,48.92693],[2.53404,48.92658]],[[2.53404,48.92658],[2.53451,48.92732]],[[2.53451,48.92732],[2.53665,48.92585]],[[2.53665,48.92585],[2.53907,48.92746]],[[2.53907,48.92746],[2.53965,48.92849]],[[2.53965,48.92849],[2.53984,48.92906]],[[2.53984,48.92906],[2.54054,48.92966]],[[2.54054,48.92966],[2.5407,48.92977]],[[2.5407,48.92977],[2.54077,48.92971]],[[2.54077,48.92971],[2.54115,48.9302]],[[2.54115,48.9302],[2.54086,48.93046]],[[2.54086,48.93046],[2.54206,48.93127]],[[2.54206,48.93127],[2.5417,48.93145]],[[2.5417,48.93145],[2.54095,48.9316]],[[2.54095,48.9316],[2.54081,48.93172]],[[2.54081,48.93172],[2.54157,48.93232]],[[2.54157,48.93232],[2.54214,48.93301]],[[2.54214,48.93301],[2.54238,48.93313]],[[2.54238,48.93313],[2.54233,48.93318]],[[2.54233,48.93318],[2.54339,48.93352]],[[2.54339,48.93352],[2.54358,48.93374]],[[2.54358,48.93374],[2.54393,48.93465]],[[2.54393,48.93465],[2.54568,48.93429]],[[2.54568,48.93429],[2.54595,48.93412]],[[2.54595,48.93412],[2.54907,48.9353]],[[2.54907,48.9353],[2.55631,48.934]],[[2.55631,48.934],[2.55698,48.93421]],[[2.55698,48.93421],[2.55744,48.93417]],[[2.55744,48.93417],[2.55746,48.93367]],[[2.55746,48.93367],[2.55865,48.93361]],[[2.55865,48.93361],[2.55987,48.93377]],[[2.55987,48.93377],[2.56044,48.93308]],[[2.56044,48.93308],[2.56144,48.93346]],[[2.56144,48.93346],[2.56155,48.93307]],[[2.56155,48.93307],[2.56189,48.93259]],[[2.56189,48.93259],[2.56302,48.93211]],[[2.56302,48.93211],[2.56355,48.93123]],[[2.56355,48.93123],[2.5638,48.93099]],[[2.5638,48.93099],[2.56416,48.9302]],[[2.56416,48.9302],[2.56443,48.92808]],[[2.419,48.84939],[2.41634,48.84923]],[[2.43543,48.8746],[2.4365,48.87359]],[[2.4365,48.87359],[2.43728,48.87288]],[[2.43728,48.87288],[2.43838,48.87185]],[[2.43838,48.87185],[2.43797,48.87189]],[[2.43797,48.87189],[2.43825,48.87139]],[[2.43825,48.87139],[2.43864,48.87131]],[[2.43864,48.87131],[2.44,48.87142]],[[2.44,48.87142],[2.44234,48.87173]],[[2.44234,48.87173],[2.44228,48.87185]],[[2.44228,48.87185],[2.44331,48.87187]],[[2.44331,48.87187],[2.44403,48.87199]],[[2.44403,48.87199],[2.44522,48.8723]],[[2.44522,48.8723],[2.44607,48.87272]],[[2.44607,48.87272],[2.44636,48.87288]],[[2.44636,48.87288],[2.4467,48.87307]],[[2.4467,48.87307],[2.44695,48.87356]],[[2.44695,48.87356],[2.44774,48.8746]],[[2.44774,48.8746],[2.449,48.87623]],[[2.449,48.87623],[2.44932,48.87686]],[[2.44932,48.87686],[2.45125,48.87701]],[[2.45125,48.87701],[2.45176,48.87852]],[[2.45176,48.87852],[2.45566,48.87825]],[[2.45566,48.87825],[2.45571,48.87844]],[[2.45571,48.87844],[2.45908,48.87875]],[[2.45908,48.87875],[2.45929,48.87848]],[[2.45929,48.87848],[2.46015,48.87836]],[[2.46015,48.87836],[2.46086,48.87837]],[[2.46086,48.87837],[2.46291,48.8782]],[[2.46291,48.8782],[2.46312,48.87855]],[[2.46312,48.87855],[2.46425,48.87821]],[[2.46425,48.87821],[2.46495,48.87808]],[[2.46495,48.87808],[2.46838,48.87722]],[[2.46838,48.87722],[2.46745,48.87631]],[[2.46745,48.87631],[2.46964,48.87488]],[[2.46964,48.87488],[2.4701,48.8745]],[[2.4701,48.8745],[2.47026,48.87419]],[[2.47026,48.87419],[2.47088,48.87115]],[[2.47088,48.87115],[2.47102,48.87015]],[[2.47102,48.87015],[2.47081,48.86948]],[[2.47081,48.86948],[2.47155,48.86915]],[[2.47155,48.86915],[2.47189,48.86887]],[[2.47189,48.86887],[2.4722,48.86748]],[[2.4722,48.86748],[2.47437,48.86732]],[[2.47437,48.86732],[2.47699,48.86815]],[[2.47699,48.86815],[2.47912,48.86847]],[[2.47912,48.86847],[2.47946,48.86875]],[[2.47946,48.86875],[2.47956,48.86919]],[[2.47956,48.86919],[2.48084,48.86893]],[[2.48084,48.86893],[2.47972,48.86779]],[[2.47972,48.86779],[2.48061,48.86709]],[[2.48061,48.86709],[2.48121,48.86735]],[[2.48121,48.86735],[2.48218,48.86709]],[[2.48218,48.86709],[2.48268,48.86411]],[[2.48268,48.86411],[2.48282,48.86395]],[[2.48282,48.86395],[2.48272,48.86375]],[[2.48272,48.86375],[2.48265,48.86363]],[[2.48265,48.86363],[2.48159,48.86149]],[[2.48159,48.86149],[2.48081,48.86005]],[[2.48081,48.86005],[2.4784,48.8601]],[[2.4784,48.8601],[2.47636,48.86048]],[[2.47636,48.86048],[2.47589,48.86042]],[[2.47589,48.86042],[2.47526,48.8602]],[[2.47526,48.8602],[2.47321,48.8602]],[[2.47321,48.8602],[2.46944,48.86077]],[[2.46944,48.86077],[2.46836,48.86067]],[[2.46836,48.86067],[2.4679,48.86055]],[[2.4679,48.86055],[2.46675,48.86008]],[[2.46675,48.86008],[2.4668,48.86001]],[[2.4668,48.86001],[2.46713,48.85933]],[[2.46713,48.85933],[2.46709,48.85855]],[[2.46709,48.85855],[2.46695,48.85844]],[[2.46695,48.85844],[2.46741,48.85663]],[[2.46741,48.85663],[2.46572,48.85653]],[[2.46572,48.85653],[2.46144,48.85612]],[[2.46144,48.85612],[2.4589,48.85602]],[[2.4589,48.85602],[2.45758,48.85593]],[[2.45758,48.85593],[2.45757,48.85593]],[[2.45757,48.85593],[2.45549,48.85569]],[[2.45549,48.85569],[2.45397,48.8554]],[[2.45397,48.8554],[2.45238,48.85494]],[[2.45238,48.85494],[2.45036,48.85411]],[[2.45036,48.85411],[2.44882,48.85346]],[[2.44882,48.85346],[2.44754,48.85254]],[[2.44754,48.85254],[2.44789,48.85237]],[[2.44789,48.85237],[2.44714,48.85116]],[[2.44714,48.85116],[2.44476,48.85176]],[[2.44476,48.85176],[2.44363,48.85187]],[[2.44363,48.85187],[2.443,48.8518]],[[2.443,48.8518],[2.44247,48.8519]],[[2.44247,48.8519],[2.44329,48.85258]],[[2.44329,48.85258],[2.44266,48.85287]],[[2.44266,48.85287],[2.44206,48.85294]],[[2.44206,48.85294],[2.44112,48.85302]],[[2.44112,48.85302],[2.43882,48.85303]],[[2.43882,48.85303],[2.43877,48.85303]],[[2.43877,48.85303],[2.43765,48.85322]],[[2.43765,48.85322],[2.43734,48.85282]],[[2.43734,48.85282],[2.43523,48.85336]],[[2.43523,48.85336],[2.43485,48.85243]],[[2.43485,48.85243],[2.43463,48.85158]],[[2.43463,48.85158],[2.43458,48.85083]],[[2.43458,48.85083],[2.43262,48.85114]],[[2.43262,48.85114],[2.43155,48.85093]],[[2.43155,48.85093],[2.42958,48.85106]],[[2.42958,48.85106],[2.42931,48.84875]],[[2.42931,48.84875],[2.42488,48.849]],[[2.42488,48.849],[2.42202,48.84919]],[[2.42202,48.84919],[2.42103,48.84925]],[[2.42103,48.84925],[2.419,48.84939]],[[2.51559,48.85129],[2.51454,48.85077]],[[2.51454,48.85077],[2.51351,48.85006]],[[2.51351,48.85006],[2.51311,48.85033]],[[2.51311,48.85033],[2.51336,48.85067]],[[2.51336,48.85067],[2.51346,48.85131]],[[2.51346,48.85131],[2.51197,48.85253]],[[2.51197,48.85253],[2.51141,48.85245]],[[2.51141,48.85245],[2.50856,48.85342]],[[2.50856,48.85342],[2.50809,48.85409]],[[2.50809,48.85409],[2.50729,48.85464]],[[2.50729,48.85464],[2.50666,48.85534]],[[2.50666,48.85534],[2.50548,48.85721]],[[2.50548,48.85721],[2.50457,48.8573]],[[2.50457,48.8573],[2.50323,48.85719]],[[2.50323,48.85719],[2.50272,48.8569]],[[2.50272,48.8569],[2.5,48.85574]],[[2.5,48.85574],[2.49931,48.85655]],[[2.49931,48.85655],[2.49739,48.85598]],[[2.49739,48.85598],[2.49682,48.85569]],[[2.49682,48.85569],[2.49489,48.85881]],[[2.49489,48.85881],[2.49711,48.85919]],[[2.49711,48.85919],[2.49611,48.86066]],[[2.49611,48.86066],[2.49732,48.8604]],[[2.49732,48.8604],[2.49921,48.86333]],[[2.49921,48.86333],[2.49948,48.86402]],[[2.49948,48.86402],[2.49977,48.86507]],[[2.49977,48.86507],[2.50094,48.867]],[[2.50094,48.867],[2.5012,48.86817]],[[2.5012,48.86817],[2.501,48.86958]],[[2.501,48.86958],[2.50099,48.86997]],[[2.50099,48.86997],[2.50122,48.8708]],[[2.50122,48.8708],[2.50093,48.87302]],[[2.50093,48.87302],[2.50276,48.8731]],[[2.50276,48.8731],[2.50316,48.87306]],[[2.50316,48.87306],[2.5038,48.87285]],[[2.5038,48.87285],[2.5047,48.87241]],[[2.5047,48.87241],[2.50579,48.87211]],[[2.50579,48.87211],[2.50617,48.87283]],[[2.50617,48.87283],[2.50589,48.87292]],[[2.50589,48.87292],[2.50583,48.87304]],[[2.50583,48.87304],[2.50704,48.87485]],[[2.50704,48.87485],[2.50786,48.87578]],[[2.50786,48.87578],[2.50789,48.8762]],[[2.50789,48.8762],[2.50944,48.87807]],[[2.50944,48.87807],[2.51201,48.87664]],[[2.51201,48.87664],[2.51173,48.8765]],[[2.51173,48.8765],[2.51317,48.87604]],[[2.51317,48.87604],[2.51291,48.87567]],[[2.51291,48.87567],[2.515,48.87491]],[[2.515,48.87491],[2.51581,48.87504]],[[2.51581,48.87504],[2.51589,48.87513]],[[2.51589,48.87513],[2.51829,48.87512]],[[2.51829,48.87512],[2.51797,48.87451]],[[2.51797,48.87451],[2.51838,48.87433]],[[2.51838,48.87433],[2.51868,48.87443]],[[2.51868,48.87443],[2.51992,48.87438]],[[2.51992,48.87438],[2.52048,48.87458]],[[2.52048,48.87458],[2.5211,48.8738]],[[2.5211,48.8738],[2.52101,48.87349]],[[2.52101,48.87349],[2.52179,48.87344]],[[2.52179,48.87344],[2.52187,48.87369]],[[2.52187,48.87369],[2.52221,48.87363]],[[2.52221,48.87363],[2.52229,48.87374]],[[2.52229,48.87374],[2.52275,48.87364]],[[2.52275,48.87364],[2.52265,48.87324]],[[2.52265,48.87324],[2.52329,48.87313]],[[2.52329,48.87313],[2.52343,48.87338]],[[2.52343,48.87338],[2.52442,48.87325]],[[2.52442,48.87325],[2.52435,48.87286]],[[2.52435,48.87286],[2.52394,48.87225]],[[2.52394,48.87225],[2.52289,48.87131]],[[2.52289,48.87131],[2.5228,48.87114]],[[2.5228,48.87114],[2.52287,48.87109]],[[2.52287,48.87109],[2.52204,48.87057]],[[2.52204,48.87057],[2.52178,48.87032]],[[2.52178,48.87032],[2.52186,48.87026]],[[2.52186,48.87026],[2.52112,48.86979]],[[2.52112,48.86979],[2.5208,48.86948]],[[2.5208,48.86948],[2.51958,48.86882]],[[2.51958,48.86882],[2.51869,48.8681]],[[2.51869,48.8681],[2.51726,48.86762]],[[2.51726,48.86762],[2.5162,48.8674]],[[2.5162,48.8674],[2.51739,48.86585]],[[2.51739,48.86585],[2.51759,48.86574]],[[2.51759,48.86574],[2.51821,48.86467]],[[2.51821,48.86467],[2.5185,48.86452]],[[2.5185,48.86452],[2.51892,48.86186]],[[2.51892,48.86186],[2.51921,48.86188]],[[2.51921,48.86188],[2.5193,48.86106]],[[2.5193,48.86106],[2.51964,48.86108]],[[2.51964,48.86108],[2.51961,48.86038]],[[2.51961,48.86038],[2.51934,48.86039]],[[2.51934,48.86039],[2.51912,48.85926]],[[2.51912,48.85926],[2.51837,48.85938]],[[2.51837,48.85938],[2.51786,48.85793]],[[2.51786,48.85793],[2.51734,48.85801]],[[2.51734,48.85801],[2.51685,48.85639]],[[2.51685,48.85639],[2.51693,48.85626]],[[2.51693,48.85626],[2.51679,48.85621]],[[2.51679,48.85621],[2.51652,48.85633]],[[2.51652,48.85633],[2.51616,48.85633]],[[2.51616,48.85633],[2.51608,48.85612]],[[2.51608,48.85612],[2.51612,48.85563]],[[2.51612,48.85563],[2.5163,48.85354]],[[2.5163,48.85354],[2.51642,48.85331]],[[2.51642,48.85331],[2.52008,48.85405]],[[2.52008,48.85405],[2.52096,48.85223]],[[2.52096,48.85223],[2.51779,48.85188]],[[2.51779,48.85188],[2.51699,48.85174]],[[2.51699,48.85174],[2.51559,48.85129]],[[2.53166,48.85347],[2.52905,48.85291]],[[2.52905,48.85291],[2.52788,48.85275]],[[2.52788,48.85275],[2.52522,48.8526]],[[2.52522,48.8526],[2.52096,48.85223]],[[2.52048,48.87458],[2.52247,48.87527]],[[2.52247,48.87527],[2.52294,48.87516]],[[2.52294,48.87516],[2.52394,48.87528]],[[2.52394,48.87528],[2.5245,48.8754]],[[2.5245,48.8754],[2.52485,48.87557]],[[2.52485,48.87557],[2.52601,48.87544]],[[2.52601,48.87544],[2.52971,48.87386]],[[2.52971,48.87386],[2.53005,48.87438]],[[2.56713,48.85753],[2.56753,48.85689]],[[2.56753,48.85689],[2.56765,48.85642]],[[2.56765,48.85642],[2.56756,48.85592]],[[2.56756,48.85592],[2.56711,48.8554]],[[2.56711,48.8554],[2.56543,48.85487]],[[2.56543,48.85487],[2.56408,48.85462]],[[2.56408,48.85462],[2.56263,48.85403]],[[2.56263,48.85403],[2.5612,48.85387]],[[2.5612,48.85387],[2.55863,48.85392]],[[2.55863,48.85392],[2.55528,48.85441]],[[2.55528,48.85441],[2.55136,48.85464]],[[2.55136,48.85464],[2.54626,48.85449]],[[2.54626,48.85449],[2.5457,48.85445]],[[2.5457,48.85445],[2.5441,48.8541]],[[2.5441,48.8541],[2.54303,48.85358]],[[2.54303,48.85358],[2.54153,48.85301]],[[2.54153,48.85301],[2.54057,48.85288]],[[2.54057,48.85288],[2.53965,48.8529]],[[2.53965,48.8529],[2.53775,48.85325]],[[2.53775,48.85325],[2.53656,48.85358]],[[2.53656,48.85358],[2.53544,48.85369]],[[2.53544,48.85369],[2.5327,48.85359]],[[2.5327,48.85359],[2.53166,48.85347]],[[2.55274,48.83237],[2.54916,48.83508]],[[2.54916,48.83508],[2.54738,48.83415]],[[2.54738,48.83415],[2.54751,48.83487]],[[2.54751,48.83487],[2.54745,48.83559]],[[2.54745,48.83559],[2.54732,48.83611]],[[2.54732,48.83611],[2.54703,48.83601]],[[2.54703,48.83601],[2.54511,48.83544]],[[2.54511,48.83544],[2.54414,48.83501]],[[2.54414,48.83501],[2.54017,48.83618]],[[2.54017,48.83618],[2.53807,48.83688]],[[2.53807,48.83688],[2.53667,48.83854]],[[2.53667,48.83854],[2.53791,48.83882]],[[2.53791,48.83882],[2.53939,48.83893]],[[2.53939,48.83893],[2.53997,48.83904]],[[2.53997,48.83904],[2.54081,48.83936]],[[2.54081,48.83936],[2.54022,48.83983]],[[2.54022,48.83983],[2.53951,48.83981]],[[2.53951,48.83981],[2.53915,48.83998]],[[2.53915,48.83998],[2.53791,48.84083]],[[2.53791,48.84083],[2.5375,48.84102]],[[2.5375,48.84102],[2.53744,48.84116]],[[2.53744,48.84116],[2.53756,48.84146]],[[2.53756,48.84146],[2.537,48.84188]],[[2.537,48.84188],[2.53605,48.84256]],[[2.53605,48.84256],[2.5356,48.84297]],[[2.5356,48.84297],[2.53551,48.84367]],[[2.53551,48.84367],[2.53455,48.84533]],[[2.53455,48.84533],[2.52876,48.84358]],[[2.52876,48.84358],[2.5262,48.84707]],[[2.5262,48.84707],[2.52466,48.84914]],[[2.52466,48.84914],[2.52358,48.849]],[[2.52358,48.849],[2.52356,48.8488]],[[2.52356,48.8488],[2.52318,48.84869]],[[2.52318,48.84869],[2.52303,48.84891]],[[2.52303,48.84891],[2.52024,48.8482]],[[2.52024,48.8482],[2.51995,48.84831]],[[2.51995,48.84831],[2.51903,48.84797]],[[2.51903,48.84797],[2.51559,48.85129]],[[2.59176,48.80726],[2.59015,48.80879]],[[2.59015,48.80879],[2.58716,48.80915]],[[2.58716,48.80915],[2.58286,48.81009]],[[2.58286,48.81009],[2.5811,48.8106]],[[2.5811,48.8106],[2.57815,48.81198]],[[2.57815,48.81198],[2.57416,48.81298]],[[2.57416,48.81298],[2.57449,48.8137]],[[2.57449,48.8137],[2.57173,48.81421]],[[2.57173,48.81421],[2.57003,48.81497]],[[2.57003,48.81497],[2.56976,48.81522]],[[2.56976,48.81522],[2.56958,48.81687]],[[2.56958,48.81687],[2.56872,48.81796]],[[2.56872,48.81796],[2.571,48.82262]],[[2.571,48.82262],[2.57242,48.82359]],[[2.57242,48.82359],[2.56917,48.82408]],[[2.56917,48.82408],[2.56868,48.82444]],[[2.56868,48.82444],[2.56738,48.82474]],[[2.56738,48.82474],[2.56131,48.82654]],[[2.56131,48.82654],[2.56061,48.82876]],[[2.56061,48.82876],[2.56059,48.82881]],[[2.56059,48.82881],[2.56055,48.82895]],[[2.56055,48.82895],[2.55813,48.83004]],[[2.55813,48.83004],[2.55677,48.83164]],[[2.55677,48.83164],[2.55541,48.83106]],[[2.55541,48.83106],[2.55338,48.83267]],[[2.55338,48.83267],[2.55274,48.83237]],[[2.45176,48.87852],[2.44939,48.87868]],[[2.44939,48.87868],[2.44945,48.87914]],[[2.44945,48.87914],[2.45013,48.87943]],[[2.45013,48.87943],[2.45032,48.87966]],[[2.45032,48.87966],[2.45024,48.87982]],[[2.45024,48.87982],[2.44987,48.88025]],[[2.44987,48.88025],[2.45005,48.88064]],[[2.45005,48.88064],[2.45029,48.88078]],[[2.45029,48.88078],[2.45217,48.88132]],[[2.45217,48.88132],[2.45246,48.88179]],[[2.45246,48.88179],[2.45303,48.88234]],[[2.45303,48.88234],[2.45373,48.88321]],[[2.45373,48.88321],[2.45391,48.88321]],[[2.45391,48.88321],[2.45408,48.88366]],[[2.45408,48.88366],[2.45415,48.88434]],[[2.45415,48.88434],[2.453,48.88436]],[[2.453,48.88436],[2.45362,48.88469]],[[2.45362,48.88469],[2.45321,48.88485]],[[2.45321,48.88485],[2.45293,48.88485]],[[2.45293,48.88485],[2.45219,48.88504]],[[2.45219,48.88504],[2.45217,48.88576]],[[2.45217,48.88576],[2.45131,48.88545]],[[2.45131,48.88545],[2.45083,48.88566]],[[2.45083,48.88566],[2.45049,48.88601]],[[2.45049,48.88601],[2.45028,48.88607]],[[2.45028,48.88607],[2.45001,48.88572]],[[2.45001,48.88572],[2.4499,48.88584]],[[2.4499,48.88584],[2.44929,48.88559]],[[2.44929,48.88559],[2.44848,48.88644]],[[2.44848,48.88644],[2.44877,48.88654]],[[2.44877,48.88654],[2.44853,48.88679]],[[2.44853,48.88679],[2.44758,48.88628]],[[2.44758,48.88628],[2.44779,48.88609]],[[2.44779,48.88609],[2.44742,48.88598]],[[2.44742,48.88598],[2.44749,48.88592]],[[2.44749,48.88592],[2.44742,48.88586]],[[2.44742,48.88586],[2.44674,48.88547]],[[2.44674,48.88547],[2.44652,48.88526]],[[2.44652,48.88526],[2.44653,48.88503]],[[2.44653,48.88503],[2.4462,48.88502]],[[2.4462,48.88502],[2.44529,48.88455]],[[2.44529,48.88455],[2.44558,48.88408]],[[2.44558,48.88408],[2.4437,48.8833]],[[2.4437,48.8833],[2.44318,48.88286]],[[2.44318,48.88286],[2.44171,48.88345]],[[2.44171,48.88345],[2.44213,48.88391]],[[2.44213,48.88391],[2.44107,48.88443]],[[2.44107,48.88443],[2.44081,48.88405]],[[2.44081,48.88405],[2.4404,48.88459]],[[2.4404,48.88459],[2.44236,48.88614]],[[2.44236,48.88614],[2.4429,48.88682]],[[2.4429,48.88682],[2.44363,48.88746]],[[2.44363,48.88746],[2.44398,48.88787]],[[2.44398,48.88787],[2.44404,48.88791]],[[2.44404,48.88791],[2.44419,48.88784]],[[2.44419,48.88784],[2.44482,48.88841]],[[2.44482,48.88841],[2.44482,48.88859]],[[2.44482,48.88859],[2.44497,48.88873]],[[2.44497,48.88873],[2.4445,48.889]],[[2.4445,48.889],[2.44441,48.89075]],[[2.44441,48.89075],[2.44275,48.89056]],[[2.44275,48.89056],[2.44287,48.89076]],[[2.44287,48.89076],[2.44224,48.891]],[[2.44224,48.891],[2.44246,48.89129]],[[2.44246,48.89129],[2.44158,48.89164]],[[2.44158,48.89164],[2.44211,48.89227]],[[2.44211,48.89227],[2.4411,48.89262]],[[2.4411,48.89262],[2.439,48.89321]],[[2.439,48.89321],[2.43958,48.89458]],[[2.43958,48.89458],[2.44173,48.89844]],[[2.47659,48.88877],[2.47538,48.88629]],[[2.47538,48.88629],[2.47312,48.88657]],[[2.47312,48.88657],[2.47032,48.88677]],[[2.47032,48.88677],[2.4697,48.88509]],[[2.4697,48.88509],[2.46908,48.88394]],[[2.46908,48.88394],[2.46888,48.88374]],[[2.46888,48.88374],[2.46669,48.8816]],[[2.46669,48.8816],[2.46671,48.88045]],[[2.46671,48.88045],[2.46658,48.88024]],[[2.46658,48.88024],[2.46596,48.8797]],[[2.46596,48.8797],[2.46565,48.87898]],[[2.46565,48.87898],[2.46495,48.87808]],[[2.40743,48.88838],[2.40674,48.88831]],[[2.40674,48.88831],[2.40585,48.88828]],[[2.40585,48.88828],[2.40368,48.88839]],[[2.40368,48.88839],[2.40154,48.88863]],[[2.40154,48.88863],[2.40168,48.88965]],[[2.40168,48.88965],[2.39894,48.88953]],[[2.42773,48.8959],[2.42661,48.89287]],[[2.42661,48.89287],[2.42541,48.89311]],[[2.42541,48.89311],[2.42518,48.89208]],[[2.42518,48.89208],[2.42433,48.89215]],[[2.42433,48.89215],[2.4241,48.89157]],[[2.4241,48.89157],[2.42453,48.89152]],[[2.42453,48.89152],[2.42435,48.89097]],[[2.41151,48.88322],[2.41155,48.88376]],[[2.41155,48.88376],[2.41114,48.88486]],[[2.41114,48.88486],[2.41048,48.88465]],[[2.41048,48.88465],[2.41025,48.88518]],[[2.41025,48.88518],[2.40999,48.8861]],[[2.40999,48.8861],[2.41002,48.8872]],[[2.41002,48.8872],[2.4103,48.88726]],[[2.4103,48.88726],[2.41013,48.88913]],[[2.41013,48.88913],[2.40925,48.88905]],[[2.40925,48.88905],[2.40915,48.88879]],[[2.40915,48.88879],[2.40886,48.88869]],[[2.40886,48.88869],[2.40743,48.88838]],[[2.50803,48.89852],[2.50716,48.89766]],[[2.50716,48.89766],[2.50514,48.89854]],[[2.50514,48.89854],[2.50476,48.89821]],[[2.50476,48.89821],[2.50401,48.89855]],[[2.50401,48.89855],[2.50457,48.89912]],[[2.50457,48.89912],[2.50232,48.8993]],[[2.50232,48.8993],[2.50102,48.89722]],[[2.50102,48.89722],[2.50216,48.89671]],[[2.50216,48.89671],[2.50066,48.89522]],[[2.50066,48.89522],[2.50015,48.89574]],[[2.51103,48.90184],[2.50847,48.89922]],[[2.50847,48.89922],[2.50802,48.89876]],[[2.50802,48.89876],[2.5082,48.89869]],[[2.5082,48.89869],[2.50803,48.89852]],[[2.35759,48.94924],[2.35756,48.94898]],[[2.35756,48.94898],[2.35608,48.94934]],[[2.35608,48.94934],[2.3562,48.94957]],[[2.3562,48.94957],[2.35555,48.94974]],[[2.35555,48.94974],[2.3558,48.95018]],[[2.3558,48.95018],[2.35689,48.95189]],[[2.35689,48.95189],[2.35656,48.95188]],[[2.35656,48.95188],[2.35556,48.95211]],[[2.35556,48.95211],[2.35301,48.95035]],[[2.35301,48.95035],[2.35209,48.9506]],[[2.35209,48.9506],[2.3516,48.95041]],[[2.3516,48.95041],[2.35371,48.95402]],[[2.35371,48.95402],[2.35366,48.95601]],[[2.35366,48.95601],[2.3535,48.95681]],[[2.3535,48.95681],[2.35298,48.95691]],[[2.35298,48.95691],[2.35488,48.95965]],[[2.35488,48.95965],[2.3528,48.96032]],[[2.3528,48.96032],[2.35306,48.96069]],[[2.35306,48.96069],[2.35245,48.96114]],[[2.35245,48.96114],[2.35245,48.96132]],[[2.35245,48.96132],[2.35246,48.96166]],[[2.35246,48.96166],[2.35354,48.96238]],[[2.35354,48.96238],[2.35303,48.96274]],[[2.35303,48.96274],[2.35355,48.96307]],[[2.35355,48.96307],[2.35301,48.96344]],[[2.35301,48.96344],[2.35456,48.96463]],[[2.35456,48.96463],[2.3535,48.96523]],[[2.3535,48.96523],[2.35347,48.96561]],[[2.37572,48.97206],[2.37469,48.96967]],[[2.37469,48.96967],[2.37377,48.96748]],[[2.37377,48.96748],[2.37351,48.96524]],[[2.37351,48.96524],[2.37342,48.96415]],[[2.37342,48.96415],[2.37351,48.96258]],[[2.37351,48.96258],[2.37333,48.96215]],[[2.37333,48.96215],[2.37311,48.96075]],[[2.37311,48.96075],[2.37331,48.9601]],[[2.37331,48.9601],[2.36903,48.96009]],[[2.36903,48.96009],[2.36901,48.96]],[[2.36901,48.96],[2.36878,48.95896]],[[2.36878,48.95896],[2.3656,48.95881]],[[2.3656,48.95881],[2.36549,48.95879]],[[2.36549,48.95879],[2.36553,48.9587]],[[2.36553,48.9587],[2.36768,48.95441]],[[2.36768,48.95441],[2.36884,48.95273]],[[2.36884,48.95273],[2.36908,48.95245]],[[2.36908,48.95245],[2.37142,48.94748]],[[2.37142,48.94748],[2.36544,48.94767]],[[2.36544,48.94767],[2.36538,48.94679]],[[2.36538,48.94679],[2.36235,48.947]],[[2.36235,48.947],[2.36177,48.94752]],[[2.36177,48.94752],[2.35938,48.94769]],[[2.35938,48.94769],[2.35976,48.94874]],[[2.35976,48.94874],[2.35759,48.94924]],[[2.51815,48.89113],[2.51717,48.88963]],[[2.51717,48.88963],[2.51688,48.88902]],[[2.51688,48.88902],[2.51653,48.88865]],[[2.51653,48.88865],[2.51599,48.88782]],[[2.51599,48.88782],[2.51591,48.88784]],[[2.51591,48.88784],[2.51365,48.88883]],[[2.51365,48.88883],[2.51234,48.88917]],[[2.51234,48.88917],[2.51137,48.88961]],[[2.51137,48.88961],[2.51124,48.88969]],[[2.51124,48.88969],[2.51127,48.88984]],[[2.51127,48.88984],[2.51136,48.8904]],[[2.51136,48.8904],[2.51047,48.89143]],[[2.51047,48.89143],[2.51018,48.89155]],[[2.51018,48.89155],[2.5102,48.89173]],[[2.5102,48.89173],[2.50973,48.89212]],[[2.50973,48.89212],[2.50915,48.89227]],[[2.50915,48.89227],[2.50663,48.89273]],[[2.50663,48.89273],[2.50682,48.89329]],[[2.50682,48.89329],[2.50673,48.89331]],[[2.50673,48.89331],[2.5077,48.89612]],[[2.5077,48.89612],[2.50787,48.89821]],[[2.50787,48.89821],[2.50803,48.89852]],[[2.48704,48.88698],[2.4911,48.88623]],[[2.4911,48.88623],[2.49345,48.88571]],[[2.49345,48.88571],[2.49543,48.88523]],[[2.49543,48.88523],[2.49543,48.88503]],[[2.49543,48.88503],[2.49533,48.88478]],[[2.49533,48.88478],[2.49448,48.88487]],[[2.49448,48.88487],[2.49548,48.88291]],[[2.49548,48.88291],[2.49396,48.88274]],[[2.49396,48.88274],[2.4952,48.88118]],[[2.4952,48.88118],[2.49666,48.87972]],[[2.49666,48.87972],[2.49719,48.87868]],[[2.49719,48.87868],[2.49743,48.87839]],[[2.49743,48.87839],[2.49882,48.87757]],[[2.49882,48.87757],[2.50076,48.8771]],[[2.50076,48.8771],[2.50163,48.87775]],[[2.50163,48.87775],[2.5018,48.87807]],[[2.5018,48.87807],[2.50327,48.8776]],[[2.50327,48.8776],[2.5041,48.87726]],[[2.5041,48.87726],[2.50568,48.87933]],[[2.50568,48.87933],[2.50944,48.87807]],[[2.49611,48.86066],[2.4944,48.86022]],[[2.4944,48.86022],[2.49417,48.86056]],[[2.49417,48.86056],[2.49232,48.85996]],[[2.49232,48.85996],[2.49158,48.85955]],[[2.49158,48.85955],[2.49102,48.8608]],[[2.49102,48.8608],[2.4887,48.86057]],[[2.4887,48.86057],[2.48864,48.86081]],[[2.48864,48.86081],[2.48697,48.86067]],[[2.48697,48.86067],[2.4868,48.86067]],[[2.4868,48.86067],[2.48159,48.86149]],[[2.35198,48.90148],[2.35143,48.90453]],[[2.35143,48.90453],[2.35119,48.90746]],[[2.35119,48.90746],[2.35164,48.90835]],[[2.35164,48.90835],[2.35146,48.90927]],[[2.35146,48.90927],[2.35127,48.91032]],[[2.35127,48.91032],[2.35084,48.91095]],[[2.35084,48.91095],[2.34976,48.91103]],[[2.34976,48.91103],[2.3484,48.91099]],[[2.3484,48.91099],[2.34706,48.91438]],[[2.34706,48.91438],[2.34547,48.91403]],[[2.34547,48.91403],[2.34416,48.91409]],[[2.34416,48.91409],[2.34324,48.91418]],[[2.34324,48.91418],[2.3396,48.91463]],[[2.3396,48.91463],[2.33851,48.91492]],[[2.33851,48.91492],[2.3378,48.91522]],[[2.3378,48.91522],[2.33879,48.91737]],[[2.33879,48.91737],[2.34001,48.91962]],[[2.34001,48.91962],[2.33714,48.92093]],[[2.33714,48.92093],[2.33721,48.92102]],[[2.33721,48.92102],[2.33699,48.92113]],[[2.33699,48.92113],[2.33682,48.9211]],[[2.33682,48.9211],[2.33325,48.92321]],[[2.34602,48.94638],[2.34809,48.94721]],[[2.34809,48.94721],[2.34857,48.94749]],[[2.34857,48.94749],[2.35058,48.94866]],[[2.35058,48.94866],[2.3516,48.95041]],[[2.37142,48.94748],[2.37168,48.94697]],[[2.37168,48.94697],[2.37523,48.94765]],[[2.37523,48.94765],[2.37524,48.94759]],[[2.37524,48.94759],[2.37577,48.94619]],[[2.37577,48.94619],[2.37649,48.94524]],[[2.37649,48.94524],[2.37707,48.94455]],[[2.37707,48.94455],[2.37734,48.94472]],[[2.37734,48.94472],[2.37771,48.94481]],[[2.37771,48.94481],[2.37935,48.94482]],[[2.37935,48.94482],[2.38187,48.94534]],[[2.38187,48.94534],[2.38213,48.94541]],[[2.38213,48.94541],[2.38295,48.9443]],[[2.38295,48.9443],[2.38312,48.94436]],[[2.38312,48.94436],[2.38367,48.94352]],[[2.38367,48.94352],[2.38401,48.9436]],[[2.38401,48.9436],[2.38444,48.94385]],[[2.38444,48.94385],[2.38479,48.94371]],[[2.38479,48.94371],[2.3848,48.94385]],[[2.3848,48.94385],[2.38548,48.94393]],[[2.38548,48.94393],[2.38566,48.94388]],[[2.38566,48.94388],[2.38577,48.94405]],[[2.38577,48.94405],[2.38608,48.94394]],[[2.38608,48.94394],[2.38626,48.94411]],[[2.38626,48.94411],[2.38694,48.94433]],[[2.38694,48.94433],[2.38755,48.94452]],[[2.38755,48.94452],[2.38783,48.94482]],[[2.38783,48.94482],[2.38875,48.945]],[[2.38875,48.945],[2.38975,48.94534]],[[2.38975,48.94534],[2.39015,48.94547]],[[2.39015,48.94547],[2.39012,48.94577]],[[2.39012,48.94577],[2.38974,48.94642]],[[2.38974,48.94642],[2.38982,48.94678]],[[2.38982,48.94678],[2.39028,48.94696]],[[2.39028,48.94696],[2.39106,48.94705]],[[2.39106,48.94705],[2.3928,48.94772]],[[2.3928,48.94772],[2.39374,48.94797]],[[2.39374,48.94797],[2.39423,48.94838]],[[2.39423,48.94838],[2.39472,48.94847]],[[2.39472,48.94847],[2.39493,48.94876]],[[2.39493,48.94876],[2.39527,48.94887]],[[2.39527,48.94887],[2.39557,48.94939]],[[2.39557,48.94939],[2.39619,48.94928]],[[2.39619,48.94928],[2.39701,48.94945]],[[2.39701,48.94945],[2.39728,48.94966]],[[2.39728,48.94966],[2.3977,48.94945]],[[2.3977,48.94945],[2.39816,48.94898]],[[2.39816,48.94898],[2.39742,48.94866]],[[2.39742,48.94866],[2.3977,48.94862]],[[2.3977,48.94862],[2.39815,48.94822]],[[2.52412,48.95055],[2.52446,48.95065]],[[2.52446,48.95065],[2.525,48.95055]],[[2.525,48.95055],[2.52539,48.95056]],[[2.52539,48.95056],[2.52656,48.95089]],[[2.52656,48.95089],[2.5279,48.95144]],[[2.5279,48.95144],[2.52809,48.95116]],[[2.52809,48.95116],[2.52915,48.95133]],[[2.52915,48.95133],[2.53093,48.95164]],[[2.53093,48.95164],[2.5311,48.95053]],[[2.5311,48.95053],[2.53262,48.95061]],[[2.53262,48.95061],[2.53266,48.95012]],[[2.53266,48.95012],[2.53275,48.95005]],[[2.53275,48.95005],[2.53506,48.95002]],[[2.53506,48.95002],[2.53501,48.95106]],[[2.53501,48.95106],[2.53638,48.95125]],[[2.53638,48.95125],[2.53824,48.95153]],[[2.53824,48.95153],[2.53869,48.95146]],[[2.53869,48.95146],[2.54285,48.95057]],[[2.54285,48.95057],[2.54303,48.95019]],[[2.54303,48.95019],[2.54324,48.95004]],[[2.54324,48.95004],[2.54479,48.94935]],[[2.54479,48.94935],[2.54559,48.94881]],[[2.54559,48.94881],[2.54764,48.94832]],[[2.54764,48.94832],[2.5479,48.94727]],[[2.5479,48.94727],[2.54785,48.94711]],[[2.54785,48.94711],[2.55025,48.94708]],[[2.55025,48.94708],[2.55073,48.94602]],[[2.55073,48.94602],[2.55117,48.9454]],[[2.55117,48.9454],[2.55165,48.94493]],[[2.55165,48.94493],[2.55319,48.944]],[[2.55319,48.944],[2.5537,48.94365]],[[2.5537,48.94365],[2.55393,48.94332]],[[2.55393,48.94332],[2.55475,48.94167]],[[2.55475,48.94167],[2.55448,48.94097]],[[2.55448,48.94097],[2.55658,48.93529]],[[2.55658,48.93529],[2.55698,48.93421]],[[2.56565,48.94589],[2.56553,48.94654]],[[2.56553,48.94654],[2.56512,48.94701]],[[2.56512,48.94701],[2.56467,48.94741]],[[2.56467,48.94741],[2.56346,48.94815]],[[2.56346,48.94815],[2.56237,48.95158]],[[2.56237,48.95158],[2.56297,48.95268]],[[2.56297,48.95268],[2.56322,48.95296]],[[2.56322,48.95296],[2.56387,48.95373]],[[2.56387,48.95373],[2.56407,48.95411]],[[2.56407,48.95411],[2.56446,48.95546]],[[2.56446,48.95546],[2.56362,48.95661]],[[2.56362,48.95661],[2.56307,48.95732]],[[2.56307,48.95732],[2.56187,48.95853]],[[2.56187,48.95853],[2.5622,48.95888]],[[2.5622,48.95888],[2.56215,48.95897]],[[2.56215,48.95897],[2.55964,48.96134]],[[2.55964,48.96134],[2.55933,48.9617]],[[2.55933,48.9617],[2.5592,48.96215]],[[2.5592,48.96215],[2.55924,48.96225]],[[2.55924,48.96225],[2.5586,48.96413]],[[2.5586,48.96413],[2.55757,48.96553]],[[2.55757,48.96553],[2.55508,48.96757]],[[2.55508,48.96757],[2.55336,48.96914]],[[2.55336,48.96914],[2.55009,48.97125]],[[2.55009,48.97125],[2.54321,48.9672]],[[2.54321,48.9672],[2.54069,48.96852]],[[2.54069,48.96852],[2.54042,48.96831]],[[2.54042,48.96831],[2.53969,48.96808]],[[2.53969,48.96808],[2.5396,48.96798]],[[2.5396,48.96798],[2.53949,48.968]],[[2.53949,48.968],[2.53922,48.96771]],[[2.53922,48.96771],[2.53934,48.96759]],[[2.53934,48.96759],[2.53908,48.96745]],[[2.53908,48.96745],[2.53809,48.96711]],[[2.53809,48.96711],[2.53794,48.96726]],[[2.53794,48.96726],[2.53764,48.96723]],[[2.53764,48.96723],[2.53743,48.96664]],[[2.53743,48.96664],[2.53686,48.96638]],[[2.53686,48.96638],[2.53647,48.96634]],[[2.53647,48.96634],[2.53651,48.96605]],[[2.53651,48.96605],[2.53626,48.96605]],[[2.53626,48.96605],[2.53619,48.96577]],[[2.53619,48.96577],[2.53504,48.96578]],[[2.53504,48.96578],[2.5334,48.96549]],[[2.5334,48.96549],[2.533,48.96565]],[[2.533,48.96565],[2.5322,48.96693]],[[2.5322,48.96693],[2.53199,48.96668]],[[2.53199,48.96668],[2.53152,48.96853]],[[2.53152,48.96853],[2.53132,48.96925]],[[2.53132,48.96925],[2.53081,48.97011]],[[2.53081,48.97011],[2.52789,48.97336]],[[2.52789,48.97336],[2.52577,48.97664]],[[2.52577,48.97664],[2.52215,48.97591]],[[2.52215,48.97591],[2.52027,48.97636]],[[2.52027,48.97636],[2.51724,48.97653]],[[2.51724,48.97653],[2.51373,48.97652]],[[2.51373,48.97652],[2.50854,48.9768]],[[2.50854,48.9768],[2.50181,48.97557]],[[2.50181,48.97557],[2.50051,48.97544]],[[2.59591,48.93861],[2.59476,48.9385]],[[2.59476,48.9385],[2.59444,48.93862]],[[2.59444,48.93862],[2.59403,48.93816]],[[2.59403,48.93816],[2.59392,48.93847]],[[2.59392,48.93847],[2.59126,48.93805]],[[2.59126,48.93805],[2.59092,48.93825]],[[2.59092,48.93825],[2.59045,48.93829]],[[2.59045,48.93829],[2.58977,48.938]],[[2.58977,48.938],[2.58709,48.9377]],[[2.58709,48.9377],[2.58711,48.9376]],[[2.58711,48.9376],[2.58576,48.93749]],[[2.58576,48.93749],[2.58479,48.93742]],[[2.58479,48.93742],[2.584,48.93754]],[[2.584,48.93754],[2.58152,48.9372]],[[2.58152,48.9372],[2.58149,48.93726]],[[2.58149,48.93726],[2.58063,48.93706]],[[2.58063,48.93706],[2.58076,48.93685]],[[2.58076,48.93685],[2.57961,48.93651]],[[2.57961,48.93651],[2.57804,48.93659]],[[2.57804,48.93659],[2.57731,48.93653]],[[2.57731,48.93653],[2.57732,48.93638]],[[2.57732,48.93638],[2.57713,48.93639]],[[2.57713,48.93639],[2.57552,48.93699]],[[2.57552,48.93699],[2.57431,48.93684]],[[2.57431,48.93684],[2.57426,48.93756]],[[2.57426,48.93756],[2.5726,48.93883]],[[2.5726,48.93883],[2.57208,48.93911]],[[2.57208,48.93911],[2.57138,48.93928]],[[2.57138,48.93928],[2.57113,48.93953]],[[2.57113,48.93953],[2.57083,48.9399]],[[2.57083,48.9399],[2.5702,48.9413]],[[2.5702,48.9413],[2.56908,48.94296]],[[2.56908,48.94296],[2.56887,48.94334]],[[2.56887,48.94334],[2.56861,48.9438]],[[2.56861,48.9438],[2.56805,48.94475]],[[2.56805,48.94475],[2.56738,48.94503]],[[2.56738,48.94503],[2.56615,48.94527]],[[2.56615,48.94527],[2.56565,48.94589]],[[2.55658,48.93529],[2.56112,48.93639]],[[2.56112,48.93639],[2.56171,48.93537]],[[2.56171,48.93537],[2.56674,48.93669]],[[2.56674,48.93669],[2.56845,48.93699]],[[2.56845,48.93699],[2.56878,48.93829]],[[2.56878,48.93829],[2.56633,48.94267]],[[2.56633,48.94267],[2.56887,48.94334]],[[2.41089,48.72609],[2.41087,48.72615]],[[2.41087,48.72615],[2.41287,48.72635]],[[2.41287,48.72635],[2.41428,48.72659]],[[2.41428,48.72659],[2.41552,48.72659]],[[2.41552,48.72659],[2.41537,48.72691]],[[2.41537,48.72691],[2.41539,48.72793]],[[2.41539,48.72793],[2.41633,48.72799]],[[2.41633,48.72799],[2.41718,48.72794]],[[2.41718,48.72794],[2.41723,48.72849]],[[2.41723,48.72849],[2.41871,48.72847]],[[2.41871,48.72847],[2.41872,48.72897]],[[2.41872,48.72897],[2.4202,48.72893]],[[2.4202,48.72893],[2.42111,48.72953]],[[2.42111,48.72953],[2.42143,48.72929]],[[2.42143,48.72929],[2.42155,48.72931]],[[2.42155,48.72931],[2.42157,48.72926]],[[2.42157,48.72926],[2.42278,48.7292]],[[2.42278,48.7292],[2.42272,48.729]],[[2.42272,48.729],[2.4233,48.72889]],[[2.4233,48.72889],[2.42327,48.72879]],[[2.42327,48.72879],[2.42372,48.72858]],[[2.42372,48.72858],[2.42436,48.7292]],[[2.42436,48.7292],[2.42603,48.72822]],[[2.42603,48.72822],[2.42667,48.72869]],[[2.42667,48.72869],[2.42726,48.72835]],[[2.42726,48.72835],[2.42761,48.72861]],[[2.42761,48.72861],[2.42881,48.72795]],[[2.42881,48.72795],[2.42919,48.72722]],[[2.42919,48.72722],[2.42976,48.72735]],[[2.42976,48.72735],[2.42993,48.72703]],[[2.42993,48.72703],[2.43094,48.72726]],[[2.43094,48.72726],[2.43138,48.72649]],[[2.43138,48.72649],[2.43411,48.72665]],[[2.43411,48.72665],[2.43446,48.72563]],[[2.43446,48.72563],[2.43456,48.72564]],[[2.43456,48.72564],[2.435,48.72431]],[[2.42267,48.78954],[2.42283,48.7911]],[[2.42283,48.7911],[2.42248,48.79268]],[[2.42248,48.79268],[2.42162,48.79448]],[[2.42162,48.79448],[2.42074,48.79569]],[[2.42074,48.79569],[2.41884,48.79734]],[[2.41884,48.79734],[2.41559,48.79981]],[[2.41559,48.79981],[2.41101,48.80374]],[[2.41101,48.80374],[2.41005,48.80474]],[[2.41005,48.80474],[2.40931,48.80607]],[[2.40931,48.80607],[2.40892,48.80754]],[[2.40892,48.80754],[2.40901,48.80852]],[[2.40901,48.80852],[2.40997,48.8125]],[[2.40997,48.8125],[2.41027,48.81454]],[[2.41027,48.81454],[2.41019,48.81526]],[[2.41019,48.81526],[2.40997,48.81591]],[[2.40997,48.81591],[2.40974,48.81626]],[[2.40974,48.81626],[2.4094,48.81656]],[[2.4094,48.81656],[2.4107,48.8164]],[[2.4107,48.8164],[2.41358,48.8162]],[[2.41358,48.8162],[2.41592,48.81625]],[[2.41592,48.81625],[2.41614,48.81595]],[[2.41614,48.81595],[2.4169,48.81487]],[[2.4169,48.81487],[2.41805,48.81349]],[[2.41805,48.81349],[2.41937,48.81226]],[[2.41937,48.81226],[2.42114,48.81089]],[[2.42114,48.81089],[2.42245,48.80971]],[[2.42245,48.80971],[2.42332,48.80856]],[[2.42332,48.80856],[2.4248,48.80633]],[[2.4248,48.80633],[2.42556,48.80448]],[[2.42556,48.80448],[2.42671,48.80173]],[[2.42671,48.80173],[2.42739,48.79994]],[[2.42739,48.79994],[2.42889,48.79632]],[[2.42889,48.79632],[2.43143,48.79009]],[[2.43143,48.79009],[2.43283,48.78662]],[[2.43283,48.78662],[2.43392,48.78395]],[[2.43392,48.78395],[2.43338,48.78383]],[[2.43338,48.78383],[2.43297,48.78374]],[[2.43297,48.78374],[2.43092,48.78254]],[[2.43092,48.78254],[2.43056,48.78238]],[[2.43056,48.78238],[2.43001,48.78231]],[[2.43001,48.78231],[2.43004,48.78038]],[[2.43004,48.78038],[2.42883,48.78018]],[[2.42883,48.78018],[2.42825,48.7761]],[[2.42825,48.7761],[2.4162,48.7771]],[[2.4162,48.7771],[2.41469,48.77723]],[[2.41469,48.77723],[2.41733,48.78073]],[[2.41733,48.78073],[2.41968,48.78413]],[[2.41968,48.78413],[2.42202,48.78791]],[[2.42202,48.78791],[2.42267,48.78954]],[[2.33756,48.7981],[2.33639,48.79827]],[[2.33639,48.79827],[2.33501,48.79832]],[[2.33501,48.79832],[2.33376,48.79852]],[[2.33376,48.79852],[2.33328,48.79915]],[[2.33328,48.79915],[2.33287,48.79925]],[[2.33287,48.79925],[2.33292,48.79942]],[[2.33292,48.79942],[2.33155,48.79965]],[[2.33155,48.79965],[2.33149,48.79949]],[[2.33149,48.79949],[2.32815,48.79975]],[[2.32815,48.79975],[2.32803,48.79984]],[[2.32803,48.79984],[2.3274,48.80043]],[[2.3274,48.80043],[2.32518,48.80108]],[[2.32518,48.80108],[2.32394,48.80155]],[[2.32906,48.81378],[2.33206,48.81322]],[[2.33206,48.81322],[2.33215,48.8134]],[[2.33215,48.8134],[2.33279,48.81327]],[[2.33279,48.81327],[2.33265,48.81295]],[[2.33265,48.81295],[2.33414,48.81265]],[[2.33414,48.81265],[2.33462,48.81355]],[[2.33462,48.81355],[2.3351,48.81348]],[[2.3351,48.81348],[2.33635,48.81352]],[[2.33635,48.81352],[2.33666,48.81353]],[[2.33666,48.81353],[2.33682,48.81335]],[[2.33682,48.81335],[2.33714,48.81326]],[[2.33714,48.81326],[2.33735,48.8136]],[[2.33735,48.8136],[2.33841,48.81328]],[[2.33841,48.81328],[2.33829,48.81319]],[[2.33829,48.81319],[2.34026,48.81242]],[[2.34026,48.81242],[2.33906,48.81087]],[[2.33906,48.81087],[2.33911,48.81078]],[[2.33911,48.81078],[2.34068,48.81012]],[[2.34068,48.81012],[2.34198,48.80977]],[[2.34198,48.80977],[2.3423,48.80961]],[[2.3423,48.80961],[2.34197,48.80863]],[[2.34197,48.80863],[2.34225,48.80857]],[[2.34225,48.80857],[2.34342,48.80829]],[[2.34342,48.80829],[2.34261,48.80662]],[[2.34261,48.80662],[2.34503,48.80543]],[[2.34503,48.80543],[2.34435,48.80452]],[[2.34435,48.80452],[2.34387,48.80325]],[[2.34387,48.80325],[2.34637,48.80232]],[[2.34637,48.80232],[2.34619,48.80213]],[[2.34619,48.80213],[2.34753,48.80172]],[[2.34753,48.80172],[2.34748,48.80163]],[[2.34748,48.80163],[2.34781,48.80153]],[[2.34781,48.80153],[2.34606,48.79963]],[[2.34606,48.79963],[2.34773,48.79902]],[[2.34773,48.79902],[2.3474,48.79885]],[[2.3474,48.79885],[2.34766,48.79866]],[[2.34766,48.79866],[2.34703,48.79828]],[[2.34703,48.79828],[2.34674,48.79821]],[[2.34674,48.79821],[2.34525,48.79777]],[[2.34525,48.79777],[2.34599,48.79714]],[[2.34599,48.79714],[2.34523,48.7969]],[[2.34523,48.7969],[2.34381,48.79766]],[[2.34381,48.79766],[2.34353,48.79781]],[[2.34353,48.79781],[2.34103,48.79889]],[[2.34103,48.79889],[2.34,48.7973]],[[2.34,48.7973],[2.33756,48.7981]],[[2.53724,48.75448],[2.53895,48.75539]],[[2.53895,48.75539],[2.5573,48.7546]],[[2.5573,48.7546],[2.55727,48.75376]],[[2.55727,48.75376],[2.55497,48.75367]],[[2.55497,48.75367],[2.55117,48.75]],[[2.55117,48.75],[2.54913,48.75202]],[[2.54913,48.75202],[2.54645,48.75196]],[[2.54645,48.75196],[2.54372,48.74904]],[[2.54372,48.74904],[2.54347,48.74877]],[[2.54347,48.74877],[2.55263,48.74682]],[[2.55263,48.74682],[2.5446,48.73636]],[[2.5446,48.73636],[2.53442,48.72951]],[[2.53442,48.72951],[2.53652,48.72817]],[[2.53652,48.72817],[2.53082,48.72739]],[[2.53082,48.72739],[2.52245,48.73212]],[[2.52245,48.73212],[2.5204,48.7344]],[[2.5204,48.7344],[2.51693,48.73853]],[[2.51693,48.73853],[2.5118,48.74462]],[[2.5118,48.74462],[2.51178,48.74477]],[[2.51178,48.74477],[2.5119,48.74519]],[[2.5119,48.74519],[2.51044,48.7471]],[[2.51044,48.7471],[2.51017,48.7469]],[[2.51017,48.7469],[2.50832,48.74556]],[[2.50832,48.74556],[2.50752,48.74513]],[[2.50752,48.74513],[2.50454,48.74384]],[[2.50454,48.74384],[2.5031,48.74544]],[[2.5031,48.74544],[2.50264,48.74647]],[[2.50264,48.74647],[2.50159,48.74621]],[[2.50159,48.74621],[2.50146,48.74739]],[[2.50146,48.74739],[2.50148,48.74784]],[[2.50148,48.74784],[2.50159,48.74785]],[[2.50159,48.74785],[2.50113,48.7489]],[[2.50113,48.7489],[2.50155,48.74898]],[[2.50155,48.74898],[2.50107,48.75069]],[[2.50107,48.75069],[2.50095,48.75079]],[[2.50095,48.75079],[2.49921,48.75269]],[[2.49921,48.75269],[2.49902,48.75264]],[[2.49902,48.75264],[2.49837,48.75333]],[[2.49837,48.75333],[2.49749,48.75427]],[[2.49749,48.75427],[2.49299,48.75928]],[[2.49299,48.75928],[2.49687,48.76091]],[[2.49687,48.76091],[2.49858,48.76207]],[[2.49858,48.76207],[2.4996,48.76298]],[[2.4996,48.76298],[2.49976,48.76312]],[[2.49976,48.76312],[2.50547,48.76111]],[[2.50547,48.76111],[2.50596,48.76159]],[[2.50596,48.76159],[2.50678,48.76133]],[[2.50678,48.76133],[2.50735,48.76172]],[[2.50735,48.76172],[2.50925,48.76138]],[[2.50925,48.76138],[2.51053,48.76113]],[[2.51053,48.76113],[2.5138,48.76094]],[[2.5138,48.76094],[2.51669,48.76135]],[[2.51669,48.76135],[2.52287,48.75752]],[[2.52287,48.75752],[2.52649,48.75617]],[[2.52649,48.75617],[2.53293,48.75518]],[[2.53293,48.75518],[2.53724,48.75448]],[[2.47737,48.76612],[2.4748,48.76935]],[[2.4748,48.76935],[2.47401,48.77026]],[[2.47401,48.77026],[2.47348,48.77009]],[[2.47348,48.77009],[2.47202,48.77145]],[[2.47202,48.77145],[2.47234,48.77153]],[[2.47234,48.77153],[2.47213,48.77177]],[[2.47213,48.77177],[2.47232,48.77184]],[[2.47232,48.77184],[2.47157,48.77292]],[[2.47157,48.77292],[2.47207,48.7731]],[[2.47207,48.7731],[2.473,48.77374]],[[2.473,48.77374],[2.4746,48.77458]],[[2.4746,48.77458],[2.47363,48.77559]],[[2.47363,48.77559],[2.47276,48.7765]],[[2.47276,48.7765],[2.47496,48.77765]],[[2.47496,48.77765],[2.47335,48.77909]],[[2.47335,48.77909],[2.4726,48.77992]],[[2.4726,48.77992],[2.47339,48.78026]],[[2.47339,48.78026],[2.47331,48.78036]],[[2.47331,48.78036],[2.47537,48.78142]],[[2.47537,48.78142],[2.47616,48.78059]],[[2.47616,48.78059],[2.47691,48.78101]],[[2.47691,48.78101],[2.4759,48.78268]],[[2.4759,48.78268],[2.47509,48.78309]],[[2.47509,48.78309],[2.47486,48.78345]],[[2.47486,48.78345],[2.47447,48.78371]],[[2.47447,48.78371],[2.47445,48.7843]],[[2.47445,48.7843],[2.47388,48.78595]],[[2.47388,48.78595],[2.47348,48.78657]],[[2.47348,48.78657],[2.47296,48.78701]],[[2.47296,48.78701],[2.47268,48.78721]],[[2.47268,48.78721],[2.47291,48.78721]],[[2.47291,48.78721],[2.47463,48.78767]],[[2.47463,48.78767],[2.4788,48.78602]],[[2.4788,48.78602],[2.48409,48.7847]],[[2.48409,48.7847],[2.48635,48.7842]],[[2.48635,48.7842],[2.48676,48.78417]],[[2.48676,48.78417],[2.49089,48.78404]],[[2.49089,48.78404],[2.4932,48.78407]],[[2.4932,48.78407],[2.49536,48.78432]],[[2.49536,48.78432],[2.49824,48.78466]],[[2.49824,48.78466],[2.49948,48.78472]],[[2.49948,48.78472],[2.50039,48.7847]],[[2.50039,48.7847],[2.50707,48.78416]],[[2.50707,48.78416],[2.51023,48.78412]],[[2.51023,48.78412],[2.51143,48.78436]],[[2.51143,48.78436],[2.51245,48.78479]],[[2.51245,48.78479],[2.51218,48.7839]],[[2.51218,48.7839],[2.51245,48.78387]],[[2.51245,48.78387],[2.51273,48.78369]],[[2.51273,48.78369],[2.51356,48.78391]],[[2.51356,48.78391],[2.51394,48.78383]],[[2.51394,48.78383],[2.5143,48.78393]],[[2.5143,48.78393],[2.51445,48.78387]],[[2.51445,48.78387],[2.51443,48.78379]],[[2.51443,48.78379],[2.51407,48.78357]],[[2.51407,48.78357],[2.51365,48.783]],[[2.51365,48.783],[2.51206,48.78192]],[[2.51206,48.78192],[2.51124,48.7816]],[[2.51124,48.7816],[2.51024,48.78134]],[[2.51024,48.78134],[2.50927,48.78104]],[[2.50927,48.78104],[2.50832,48.78058]],[[2.50832,48.78058],[2.50773,48.78056]],[[2.50773,48.78056],[2.50743,48.78021]],[[2.50743,48.78021],[2.50632,48.77999]],[[2.50632,48.77999],[2.50616,48.7797]],[[2.50616,48.7797],[2.50566,48.77929]],[[2.50566,48.77929],[2.50402,48.77851]],[[2.50402,48.77851],[2.50294,48.77865]],[[2.50294,48.77865],[2.50234,48.77853]],[[2.50234,48.77853],[2.50243,48.77701]],[[2.50243,48.77701],[2.50192,48.77681]],[[2.50192,48.77681],[2.50029,48.77643]],[[2.50029,48.77643],[2.49798,48.77566]],[[2.49798,48.77566],[2.49744,48.77307]],[[2.49744,48.77307],[2.4979,48.7727]],[[2.4979,48.7727],[2.49755,48.76908]],[[2.49755,48.76908],[2.49545,48.76923]],[[2.49545,48.76923],[2.49522,48.76782]],[[2.49522,48.76782],[2.49411,48.76789]],[[2.49411,48.76789],[2.49395,48.76669]],[[2.49395,48.76669],[2.4947,48.76426]],[[2.4947,48.76426],[2.49688,48.7646]],[[2.49688,48.7646],[2.4996,48.76298]],[[2.49299,48.75928],[2.49195,48.75908]],[[2.49195,48.75908],[2.49054,48.75896]],[[2.49054,48.75896],[2.48916,48.75858]],[[2.48916,48.75858],[2.48595,48.75761]],[[2.48595,48.75761],[2.48346,48.75648]],[[2.48346,48.75648],[2.48341,48.75655]],[[2.48341,48.75655],[2.47955,48.76047]],[[2.47955,48.76047],[2.47672,48.75949]],[[2.47672,48.75949],[2.47631,48.75997]],[[2.47631,48.75997],[2.47387,48.76109]],[[2.47387,48.76109],[2.474,48.76114]],[[2.474,48.76114],[2.4735,48.76173]],[[2.4735,48.76173],[2.47715,48.76276]],[[2.47715,48.76276],[2.47582,48.76395]],[[2.47582,48.76395],[2.47484,48.76528]],[[2.47484,48.76528],[2.4749,48.76537]],[[2.4749,48.76537],[2.47601,48.76572]],[[2.47601,48.76572],[2.47737,48.76612]],[[2.5156,48.82858],[2.51049,48.82765]],[[2.51049,48.82765],[2.51018,48.82783]],[[2.51018,48.82783],[2.50891,48.82807]],[[2.50891,48.82807],[2.5077,48.82854]],[[2.5077,48.82854],[2.50748,48.82868]],[[2.50748,48.82868],[2.50781,48.829]],[[2.50781,48.829],[2.50745,48.82913]],[[2.50745,48.82913],[2.50507,48.82964]],[[2.50507,48.82964],[2.50445,48.83006]],[[2.50445,48.83006],[2.50392,48.8307]],[[2.50392,48.8307],[2.50573,48.83026]],[[2.50573,48.83026],[2.50693,48.83022]],[[2.50693,48.83022],[2.5083,48.83005]],[[2.5083,48.83005],[2.5103,48.82947]],[[2.5103,48.82947],[2.51109,48.82934]],[[2.51109,48.82934],[2.51175,48.82938]],[[2.51175,48.82938],[2.51315,48.82985]],[[2.51315,48.82985],[2.51412,48.83024]],[[2.51412,48.83024],[2.51579,48.83115]],[[2.51579,48.83115],[2.51657,48.83175]],[[2.51657,48.83175],[2.51766,48.83413]],[[2.51766,48.83413],[2.51767,48.83483]],[[2.51767,48.83483],[2.51705,48.83622]],[[2.51705,48.83622],[2.51653,48.8369]],[[2.51653,48.8369],[2.51626,48.83715]],[[2.51626,48.83715],[2.51403,48.83863]],[[2.51403,48.83863],[2.51327,48.83932]],[[2.51327,48.83932],[2.51205,48.84251]],[[2.51205,48.84251],[2.51146,48.84431]],[[2.51146,48.84431],[2.5113,48.84515]],[[2.5113,48.84515],[2.51138,48.8469]],[[2.51138,48.8469],[2.5117,48.84793]],[[2.5117,48.84793],[2.51211,48.84866]],[[2.51211,48.84866],[2.51268,48.84932]],[[2.51268,48.84932],[2.51351,48.85006]],[[2.53667,48.83854],[2.5357,48.83827]],[[2.5357,48.83827],[2.53649,48.83733]],[[2.53649,48.83733],[2.53354,48.83563]],[[2.53354,48.83563],[2.53524,48.83435]],[[2.53524,48.83435],[2.53382,48.83261]],[[2.53382,48.83261],[2.53331,48.83184]],[[2.53331,48.83184],[2.53363,48.83174]],[[2.53363,48.83174],[2.5319,48.82924]],[[2.5319,48.82924],[2.52833,48.82896]],[[2.52833,48.82896],[2.52649,48.82889]],[[2.52649,48.82889],[2.52546,48.82726]],[[2.52546,48.82726],[2.52498,48.82721]],[[2.52498,48.82721],[2.52395,48.82778]],[[2.52395,48.82778],[2.52154,48.82892]],[[2.52154,48.82892],[2.52046,48.82967]],[[2.52046,48.82967],[2.52019,48.82965]],[[2.52019,48.82965],[2.51869,48.82878]],[[2.51869,48.82878],[2.51828,48.829]],[[2.51828,48.829],[2.51772,48.82936]],[[2.51772,48.82936],[2.5156,48.82858]],[[2.32645,48.78122],[2.32581,48.78191]],[[2.34381,48.79766],[2.34426,48.79703]],[[2.34426,48.79703],[2.34473,48.79608]],[[2.34473,48.79608],[2.34495,48.79508]],[[2.34495,48.79508],[2.34496,48.79428]],[[2.34496,48.79428],[2.34422,48.79073]],[[2.34422,48.79073],[2.34363,48.79106]],[[2.34363,48.79106],[2.34329,48.78939]],[[2.34329,48.78939],[2.34307,48.78832]],[[2.34307,48.78832],[2.34241,48.7871]],[[2.34241,48.7871],[2.34133,48.78447]],[[2.34133,48.78447],[2.34091,48.78392]],[[2.34091,48.78392],[2.33951,48.78426]],[[2.33951,48.78426],[2.33914,48.78378]],[[2.33914,48.78378],[2.33918,48.78372]],[[2.33918,48.78372],[2.33859,48.78272]],[[2.33859,48.78272],[2.33788,48.78286]],[[2.33788,48.78286],[2.33784,48.78276]],[[2.33784,48.78276],[2.3355,48.78337]],[[2.3355,48.78337],[2.33585,48.78382]],[[2.33585,48.78382],[2.33471,48.78417]],[[2.33471,48.78417],[2.33441,48.78425]],[[2.33441,48.78425],[2.33438,48.78437]],[[2.33438,48.78437],[2.33366,48.78437]],[[2.33366,48.78437],[2.32943,48.7845]],[[2.32943,48.7845],[2.32928,48.78439]],[[2.32928,48.78439],[2.32838,48.78444]],[[2.32838,48.78444],[2.32764,48.78205]],[[2.32764,48.78205],[2.32671,48.78203]],[[2.32671,48.78203],[2.32645,48.78122]],[[2.50875,48.81022],[2.50645,48.81037]],[[2.50645,48.81037],[2.50328,48.81058]],[[2.50328,48.81058],[2.49788,48.81041]],[[2.49788,48.81041],[2.49723,48.81044]],[[2.49723,48.81044],[2.49562,48.81064]],[[2.49562,48.81064],[2.49116,48.81146]],[[2.49116,48.81146],[2.48766,48.81225]],[[2.48766,48.81225],[2.48618,48.81251]],[[2.48618,48.81251],[2.48408,48.81268]],[[2.48408,48.81268],[2.4801,48.81348]],[[2.4801,48.81348],[2.48119,48.81487]],[[2.48119,48.81487],[2.48196,48.816]],[[2.48196,48.816],[2.48221,48.81764]],[[2.48221,48.81764],[2.48252,48.81995]],[[2.48252,48.81995],[2.48253,48.82]],[[2.48253,48.82],[2.48171,48.82003]],[[2.48171,48.82003],[2.48174,48.82008]],[[2.48174,48.82008],[2.47872,48.82353]],[[2.47872,48.82353],[2.4791,48.82502]],[[2.4791,48.82502],[2.47845,48.82496]],[[2.47845,48.82496],[2.47821,48.82612]],[[2.47821,48.82612],[2.47801,48.82717]],[[2.47801,48.82717],[2.47731,48.82713]],[[2.47731,48.82713],[2.47729,48.82748]],[[2.47729,48.82748],[2.47569,48.83056]],[[2.47569,48.83056],[2.47761,48.8309]],[[2.47761,48.8309],[2.48295,48.83152]],[[2.48295,48.83152],[2.48478,48.83147]],[[2.48478,48.83147],[2.487,48.83107]],[[2.487,48.83107],[2.48772,48.83104]],[[2.48772,48.83104],[2.4932,48.83105]],[[2.4932,48.83105],[2.49765,48.83081]],[[2.49765,48.83081],[2.49887,48.8307]],[[2.49887,48.8307],[2.50105,48.83026]],[[2.50105,48.83026],[2.50507,48.82964]],[[2.52498,48.82721],[2.52412,48.82709]],[[2.52412,48.82709],[2.52407,48.82523]],[[2.52407,48.82523],[2.52423,48.82521]],[[2.52423,48.82521],[2.52424,48.82491]],[[2.52424,48.82491],[2.52433,48.82485]],[[2.52433,48.82485],[2.52548,48.82479]],[[2.52548,48.82479],[2.5257,48.82426]],[[2.5257,48.82426],[2.52593,48.82403]],[[2.52593,48.82403],[2.52584,48.82351]],[[2.52584,48.82351],[2.52575,48.82297]],[[2.52575,48.82297],[2.52497,48.82143]],[[2.52497,48.82143],[2.52565,48.82127]],[[2.52565,48.82127],[2.52563,48.82114]],[[2.52563,48.82114],[2.52663,48.82104]],[[2.52663,48.82104],[2.52697,48.82122]],[[2.52697,48.82122],[2.52882,48.82131]],[[2.52882,48.82131],[2.52889,48.82115]],[[2.52889,48.82115],[2.52957,48.82126]],[[2.52957,48.82126],[2.53203,48.82]],[[2.53203,48.82],[2.53279,48.81931]],[[2.53279,48.81931],[2.5333,48.81837]],[[2.5333,48.81837],[2.53448,48.81832]],[[2.53448,48.81832],[2.53476,48.81708]],[[2.53476,48.81708],[2.53691,48.81754]],[[2.53691,48.81754],[2.53903,48.81799]],[[2.53903,48.81799],[2.54028,48.8183]],[[2.54028,48.8183],[2.54145,48.81888]],[[2.54145,48.81888],[2.54264,48.81896]],[[2.54264,48.81896],[2.54357,48.8195]],[[2.54357,48.8195],[2.54446,48.81975]],[[2.54446,48.81975],[2.54491,48.81982]],[[2.54491,48.81982],[2.54715,48.81992]],[[2.54715,48.81992],[2.54824,48.81984]],[[2.54824,48.81984],[2.5486,48.81974]],[[2.5486,48.81974],[2.54926,48.8191]],[[2.54926,48.8191],[2.54969,48.81883]],[[2.54969,48.81883],[2.55016,48.81866]],[[2.55016,48.81866],[2.55337,48.81852]],[[2.55337,48.81852],[2.55446,48.81821]],[[2.55446,48.81821],[2.55579,48.81888]],[[2.55579,48.81888],[2.55596,48.81882]],[[2.55596,48.81882],[2.55624,48.81897]],[[2.55624,48.81897],[2.55685,48.81902]],[[2.55685,48.81902],[2.55737,48.81877]],[[2.55737,48.81877],[2.56076,48.81675]],[[2.56076,48.81675],[2.56225,48.81596]],[[2.56225,48.81596],[2.56548,48.81397]],[[2.56548,48.81397],[2.56509,48.8136]],[[2.56509,48.8136],[2.56481,48.8128]],[[2.56481,48.8128],[2.56422,48.81232]],[[2.56422,48.81232],[2.56285,48.8117]],[[2.56285,48.8117],[2.56206,48.8116]],[[2.56206,48.8116],[2.56131,48.81082]],[[2.56131,48.81082],[2.55846,48.80776]],[[2.55846,48.80776],[2.55849,48.80757]],[[2.55849,48.80757],[2.5579,48.80758]],[[2.5579,48.80758],[2.55611,48.80791]],[[2.55611,48.80791],[2.55437,48.8081]],[[2.55437,48.8081],[2.55421,48.80809]],[[2.55421,48.80809],[2.55379,48.80749]],[[2.55379,48.80749],[2.55392,48.80715]],[[2.55392,48.80715],[2.55418,48.8064]],[[2.55418,48.8064],[2.55401,48.80488]],[[2.55401,48.80488],[2.55261,48.80403]],[[2.55261,48.80403],[2.5523,48.80393]],[[2.5523,48.80393],[2.55111,48.80322]],[[2.55111,48.80322],[2.55102,48.80317]],[[2.55102,48.80317],[2.54801,48.80372]],[[2.54801,48.80372],[2.54725,48.80396]],[[2.54725,48.80396],[2.54632,48.80443]],[[2.54632,48.80443],[2.54618,48.8045]],[[2.54618,48.8045],[2.54549,48.80491]],[[2.54549,48.80491],[2.54513,48.80546]],[[2.54513,48.80546],[2.54488,48.80556]],[[2.54488,48.80556],[2.54438,48.80592]],[[2.54438,48.80592],[2.54353,48.80627]],[[2.54353,48.80627],[2.54329,48.80572]],[[2.54329,48.80572],[2.5408,48.80598]],[[2.5408,48.80598],[2.53961,48.80606]],[[2.53961,48.80606],[2.53592,48.80586]],[[2.53592,48.80586],[2.53532,48.80632]],[[2.53532,48.80632],[2.53471,48.80607]],[[2.53471,48.80607],[2.53361,48.80587]],[[2.53361,48.80587],[2.53332,48.80581]],[[2.53332,48.80581],[2.53308,48.80597]],[[2.53308,48.80597],[2.53016,48.80603]],[[2.53016,48.80603],[2.5289,48.80616]],[[2.5289,48.80616],[2.52881,48.80526]],[[2.52881,48.80526],[2.52711,48.80517]],[[2.52711,48.80517],[2.52703,48.80563]],[[2.52703,48.80563],[2.5268,48.80611]],[[2.5268,48.80611],[2.5261,48.80689]],[[2.5261,48.80689],[2.52573,48.80714]],[[2.52573,48.80714],[2.52504,48.80681]],[[2.52504,48.80681],[2.52585,48.80588]],[[2.52585,48.80588],[2.526,48.80563]],[[2.526,48.80563],[2.52604,48.80508]],[[2.52604,48.80508],[2.5262,48.80481]],[[2.5262,48.80481],[2.52529,48.80471]],[[2.52529,48.80471],[2.52494,48.80461]],[[2.52494,48.80461],[2.52481,48.80473]],[[2.52481,48.80473],[2.52424,48.80459]],[[2.52424,48.80459],[2.52233,48.80417]],[[2.52233,48.80417],[2.52223,48.80446]],[[2.52223,48.80446],[2.52046,48.80646]],[[2.52046,48.80646],[2.52001,48.80715]],[[2.52001,48.80715],[2.51928,48.80769]],[[2.51928,48.80769],[2.51827,48.80828]],[[2.51827,48.80828],[2.51636,48.80892]],[[2.51636,48.80892],[2.5146,48.80929]],[[2.5146,48.80929],[2.51306,48.8095]],[[2.51306,48.8095],[2.51107,48.80964]],[[2.51107,48.80964],[2.50985,48.80987]],[[2.50985,48.80987],[2.50875,48.81022]],[[2.4094,48.81656],[2.40901,48.81687]],[[2.40901,48.81687],[2.40812,48.81734]],[[2.40812,48.81734],[2.40541,48.81813]],[[2.40541,48.81813],[2.40019,48.81985]],[[2.40019,48.81985],[2.39796,48.82069]],[[2.39796,48.82069],[2.39552,48.822]],[[2.39552,48.822],[2.39007,48.82569]],[[2.41996,48.82408],[2.41979,48.82131]],[[2.41979,48.82131],[2.41977,48.82077]],[[2.41977,48.82077],[2.41964,48.81854]],[[2.41964,48.81854],[2.41971,48.81762]],[[2.41971,48.81762],[2.41976,48.81687]],[[2.41976,48.81687],[2.41815,48.81667]],[[2.41815,48.81667],[2.41592,48.81625]],[[2.52574,48.78357],[2.52548,48.78359]],[[2.52548,48.78359],[2.52489,48.78393]],[[2.52489,48.78393],[2.52239,48.78203]],[[2.52239,48.78203],[2.51989,48.78348]],[[2.51989,48.78348],[2.52013,48.78366]],[[2.52013,48.78366],[2.51898,48.78418]],[[2.51898,48.78418],[2.51811,48.78472]],[[2.51811,48.78472],[2.51863,48.78508]],[[2.51863,48.78508],[2.51793,48.78546]],[[2.51793,48.78546],[2.51814,48.78562]],[[2.51814,48.78562],[2.517,48.78638]],[[2.517,48.78638],[2.51843,48.78717]],[[2.51843,48.78717],[2.51963,48.78806]],[[2.51963,48.78806],[2.52077,48.78935]],[[2.52077,48.78935],[2.52159,48.79067]],[[2.52159,48.79067],[2.52267,48.79269]],[[2.52267,48.79269],[2.52302,48.79426]],[[2.52302,48.79426],[2.52348,48.79573]],[[2.52348,48.79573],[2.52354,48.79638]],[[2.52354,48.79638],[2.52339,48.79756]],[[2.52339,48.79756],[2.52314,48.79814]],[[2.52314,48.79814],[2.52307,48.79866]],[[2.52307,48.79866],[2.52321,48.79895]],[[2.52321,48.79895],[2.52323,48.79943]],[[2.52323,48.79943],[2.52309,48.79972]],[[2.52309,48.79972],[2.52286,48.80231]],[[2.52286,48.80231],[2.52233,48.80417]],[[2.55849,48.80757],[2.55895,48.80667]],[[2.55895,48.80667],[2.55882,48.80661]],[[2.55882,48.80661],[2.55901,48.80643]],[[2.55901,48.80643],[2.55927,48.80577]],[[2.55927,48.80577],[2.55943,48.80568]],[[2.55943,48.80568],[2.55976,48.80503]],[[2.55976,48.80503],[2.55771,48.80475]],[[2.55771,48.80475],[2.55809,48.80363]],[[2.55809,48.80363],[2.56646,48.80516]],[[2.56646,48.80516],[2.5692,48.80317]],[[2.5692,48.80317],[2.57097,48.80212]],[[2.57097,48.80212],[2.57124,48.79952]],[[2.57124,48.79952],[2.57154,48.79888]],[[2.57154,48.79888],[2.56744,48.79723]],[[2.56744,48.79723],[2.56552,48.79657]],[[2.56552,48.79657],[2.56162,48.79492]],[[2.56162,48.79492],[2.55586,48.79235]],[[2.55586,48.79235],[2.5554,48.79197]],[[2.5554,48.79197],[2.55443,48.79265]],[[2.55443,48.79265],[2.55575,48.79443]],[[2.55575,48.79443],[2.55407,48.7947]],[[2.55407,48.7947],[2.55355,48.79527]],[[2.55355,48.79527],[2.55351,48.7956]],[[2.55351,48.7956],[2.55342,48.79559]],[[2.55342,48.79559],[2.55337,48.79646]],[[2.55337,48.79646],[2.55332,48.79803]],[[2.55332,48.79803],[2.55342,48.79825]],[[2.55342,48.79825],[2.54738,48.79753]],[[2.54738,48.79753],[2.54818,48.79704]],[[2.54818,48.79704],[2.54756,48.7969]],[[2.54756,48.7969],[2.54774,48.79647]],[[2.54774,48.79647],[2.54676,48.79367]],[[2.54676,48.79367],[2.54594,48.79066]],[[2.54594,48.79066],[2.54443,48.79073]],[[2.54443,48.79073],[2.54115,48.79127]],[[2.54115,48.79127],[2.5395,48.79129]],[[2.5395,48.79129],[2.53903,48.79119]],[[2.53903,48.79119],[2.53302,48.79212]],[[2.53302,48.79212],[2.53266,48.7921]],[[2.53266,48.7921],[2.5326,48.79205]],[[2.5326,48.79205],[2.53196,48.79049]],[[2.53196,48.79049],[2.53055,48.78679]],[[2.53055,48.78679],[2.52875,48.78595]],[[2.52875,48.78595],[2.52574,48.78357]],[[2.36543,48.75716],[2.36433,48.75708]],[[2.36433,48.75708],[2.36431,48.75715]],[[2.36431,48.75715],[2.36199,48.75694]],[[2.36199,48.75694],[2.3619,48.75874]],[[2.3619,48.75874],[2.3601,48.76056]],[[2.3601,48.76056],[2.35857,48.75991]],[[2.35857,48.75991],[2.35813,48.76037]],[[2.35813,48.76037],[2.35548,48.75922]],[[2.35548,48.75922],[2.35425,48.76047]],[[2.35425,48.76047],[2.35097,48.75906]],[[2.35097,48.75906],[2.35051,48.75951]],[[2.35051,48.75951],[2.3481,48.75849]],[[2.3481,48.75849],[2.34617,48.76042]],[[2.34617,48.76042],[2.34557,48.75973]],[[2.34557,48.75973],[2.34493,48.75877]],[[2.34493,48.75877],[2.34466,48.75735]],[[2.34466,48.75735],[2.34393,48.75632]],[[2.34393,48.75632],[2.34163,48.75737]],[[2.34163,48.75737],[2.3428,48.75847]],[[2.3428,48.75847],[2.34083,48.7592]],[[2.34083,48.7592],[2.34074,48.75913]],[[2.34074,48.75913],[2.34048,48.75923]],[[2.34048,48.75923],[2.34012,48.75892]],[[2.34012,48.75892],[2.33786,48.75973]],[[2.33786,48.75973],[2.33703,48.76003]],[[2.33703,48.76003],[2.33525,48.76112]],[[2.33525,48.76112],[2.33617,48.76153]],[[2.33617,48.76153],[2.33663,48.76181]],[[2.33663,48.76181],[2.33821,48.76307]],[[2.33821,48.76307],[2.33455,48.76438]],[[2.33455,48.76438],[2.33364,48.76468]],[[2.33364,48.76468],[2.33341,48.76439]],[[2.33341,48.76439],[2.3327,48.76466]],[[2.3327,48.76466],[2.33303,48.76493]],[[2.33303,48.76493],[2.33358,48.76569]],[[2.33358,48.76569],[2.33518,48.769]],[[2.33518,48.769],[2.33588,48.77021]],[[2.33588,48.77021],[2.33468,48.77066]],[[2.33468,48.77066],[2.3346,48.77052]],[[2.3346,48.77052],[2.33377,48.77078]],[[2.33377,48.77078],[2.33586,48.77351]],[[2.33586,48.77351],[2.33719,48.7733]],[[2.33719,48.7733],[2.33729,48.77351]],[[2.33729,48.77351],[2.33788,48.77339]],[[2.33788,48.77339],[2.33816,48.77401]],[[2.33816,48.77401],[2.3384,48.7742]],[[2.3384,48.7742],[2.33885,48.7744]],[[2.33885,48.7744],[2.33959,48.77426]],[[2.33959,48.77426],[2.34345,48.77348]],[[2.34345,48.77348],[2.34277,48.77226]],[[2.34277,48.77226],[2.3457,48.77179]],[[2.3457,48.77179],[2.34632,48.7717]],[[2.34632,48.7717],[2.34977,48.77115]],[[2.34977,48.77115],[2.35008,48.77142]],[[2.35008,48.77142],[2.35112,48.77311]],[[2.35112,48.77311],[2.35184,48.77393]],[[2.35184,48.77393],[2.35355,48.77315]],[[2.35355,48.77315],[2.35371,48.7735]],[[2.35371,48.7735],[2.35474,48.77464]],[[2.35474,48.77464],[2.35736,48.77583]],[[2.35736,48.77583],[2.35802,48.77609]],[[2.35802,48.77609],[2.35995,48.77688]],[[2.35995,48.77688],[2.3623,48.77763]],[[2.3623,48.77763],[2.36738,48.77943]],[[2.36738,48.77943],[2.36751,48.77662]],[[2.36751,48.77662],[2.36778,48.7719]],[[2.36778,48.7719],[2.36798,48.76871]],[[2.36798,48.76871],[2.36806,48.76721]],[[2.36806,48.76721],[2.36843,48.76097]],[[2.36843,48.76097],[2.36864,48.75746]],[[2.36864,48.75746],[2.36543,48.75716]],[[2.40533,48.75377],[2.40521,48.7542]],[[2.40521,48.7542],[2.40456,48.75661]],[[2.40456,48.75661],[2.40416,48.75808]],[[2.40416,48.75808],[2.40359,48.76018]],[[2.40359,48.76018],[2.40317,48.76148]],[[2.40317,48.76148],[2.4014,48.76298]],[[2.4014,48.76298],[2.40127,48.76304]],[[2.40127,48.76304],[2.40068,48.76317]],[[2.40068,48.76317],[2.40076,48.76339]],[[2.40076,48.76339],[2.40051,48.76343]],[[2.40051,48.76343],[2.40041,48.76384]],[[2.40041,48.76384],[2.39807,48.76586]],[[2.39807,48.76586],[2.40387,48.76691]],[[2.40387,48.76691],[2.40139,48.77069]],[[2.40139,48.77069],[2.39918,48.77412]],[[2.39918,48.77412],[2.3987,48.77481]],[[2.3987,48.77481],[2.40033,48.77508]],[[2.40033,48.77508],[2.40202,48.77296]],[[2.40202,48.77296],[2.40581,48.77359]],[[2.40581,48.77359],[2.40576,48.77385]],[[2.40576,48.77385],[2.40709,48.77394]],[[2.40709,48.77394],[2.41187,48.77424]],[[2.41187,48.77424],[2.41253,48.77547]],[[2.41253,48.77547],[2.41469,48.77723]],[[2.42825,48.7761],[2.42729,48.77231]],[[2.42729,48.77231],[2.42753,48.7709]],[[2.42753,48.7709],[2.42754,48.77083]],[[2.42754,48.77083],[2.43249,48.77231]],[[2.43249,48.77231],[2.43232,48.77102]],[[2.43232,48.77102],[2.43053,48.77064]],[[2.43053,48.77064],[2.4308,48.77005]],[[2.4308,48.77005],[2.43072,48.7693]],[[2.43072,48.7693],[2.43195,48.76751]],[[2.43195,48.76751],[2.4314,48.76734]],[[2.4314,48.76734],[2.4316,48.76697]],[[2.4316,48.76697],[2.43197,48.76679]],[[2.43197,48.76679],[2.43359,48.76683]],[[2.43359,48.76683],[2.4345,48.76695]],[[2.4345,48.76695],[2.43549,48.76724]],[[2.43549,48.76724],[2.43608,48.76666]],[[2.43608,48.76666],[2.43639,48.76651]],[[2.43639,48.76651],[2.43708,48.76637]],[[2.43708,48.76637],[2.43805,48.76571]],[[2.43805,48.76571],[2.43822,48.76576]],[[2.43822,48.76576],[2.43843,48.76564]],[[2.43843,48.76564],[2.43983,48.76469]],[[2.43983,48.76469],[2.43851,48.76364]],[[2.43851,48.76364],[2.44004,48.76276]],[[2.44004,48.76276],[2.44217,48.76223]],[[2.44217,48.76223],[2.4423,48.7618]],[[2.4423,48.7618],[2.44142,48.76124]],[[2.44142,48.76124],[2.4369,48.76239]],[[2.4369,48.76239],[2.43415,48.76339]],[[2.43415,48.76339],[2.43389,48.76329]],[[2.43389,48.76329],[2.42664,48.76052]],[[2.42664,48.76052],[2.4274,48.75967]],[[2.4274,48.75967],[2.4285,48.75814]],[[2.4285,48.75814],[2.42569,48.75713]],[[2.42569,48.75713],[2.42579,48.75646]],[[2.42579,48.75646],[2.42716,48.75494]],[[2.42716,48.75494],[2.42782,48.75346]],[[2.42782,48.75346],[2.42838,48.75298]],[[2.42838,48.75298],[2.42857,48.75258]],[[2.42857,48.75258],[2.42845,48.75186]],[[2.42845,48.75186],[2.42853,48.75153]],[[2.42853,48.75153],[2.42748,48.75094]],[[2.42748,48.75094],[2.42458,48.75269]],[[2.42458,48.75269],[2.42124,48.75062]],[[2.42124,48.75062],[2.42015,48.74974]],[[2.42015,48.74974],[2.41811,48.75289]],[[2.41811,48.75289],[2.41659,48.75248]],[[2.41659,48.75248],[2.41376,48.75167]],[[2.41376,48.75167],[2.41331,48.75247]],[[2.41331,48.75247],[2.40606,48.75108]],[[2.40606,48.75108],[2.40533,48.75377]],[[2.45371,48.76753],[2.45186,48.76851]],[[2.45186,48.76851],[2.44928,48.77015]],[[2.44928,48.77015],[2.44081,48.77181]],[[2.44081,48.77181],[2.43999,48.77171]],[[2.43999,48.77171],[2.44009,48.77131]],[[2.44009,48.77131],[2.43916,48.7712]],[[2.43916,48.7712],[2.43532,48.76742]],[[2.43532,48.76742],[2.43549,48.76724]],[[2.43283,48.78662],[2.43351,48.7867]],[[2.43351,48.7867],[2.43603,48.787]],[[2.43603,48.787],[2.43571,48.78824]],[[2.43571,48.78824],[2.43908,48.78919]],[[2.43908,48.78919],[2.43809,48.79079]],[[2.43809,48.79079],[2.43677,48.79234]],[[2.43677,48.79234],[2.44091,48.79352]],[[2.44091,48.79352],[2.4402,48.79437]],[[2.4402,48.79437],[2.43984,48.79529]],[[2.43984,48.79529],[2.44239,48.79591]],[[2.44239,48.79591],[2.44262,48.79621]],[[2.44262,48.79621],[2.44397,48.79809]],[[2.44397,48.79809],[2.44544,48.79971]],[[2.44544,48.79971],[2.44576,48.80081]],[[2.44576,48.80081],[2.44735,48.80226]],[[2.44735,48.80226],[2.44697,48.80245]],[[2.44697,48.80245],[2.44704,48.80251]],[[2.44704,48.80251],[2.44822,48.80347]],[[2.44822,48.80347],[2.44865,48.80382]],[[2.44865,48.80382],[2.44994,48.80301]],[[2.44994,48.80301],[2.45289,48.80494]],[[2.45289,48.80494],[2.45276,48.80503]],[[2.45276,48.80503],[2.45455,48.80596]],[[2.45455,48.80596],[2.45523,48.80586]],[[2.45523,48.80586],[2.45672,48.8055]],[[2.45672,48.8055],[2.45746,48.80511]],[[2.45746,48.80511],[2.46032,48.80631]],[[2.46032,48.80631],[2.46066,48.80606]],[[2.46066,48.80606],[2.46401,48.80735]],[[2.46401,48.80735],[2.46695,48.80526]],[[2.46695,48.80526],[2.46812,48.80457]],[[2.46812,48.80457],[2.46849,48.80384]],[[2.46849,48.80384],[2.46879,48.80266]],[[2.46879,48.80266],[2.46894,48.80206]],[[2.46894,48.80206],[2.4701,48.79957]],[[2.4701,48.79957],[2.47179,48.79431]],[[2.47179,48.79431],[2.47188,48.79167]],[[2.47188,48.79167],[2.47238,48.79049]],[[2.47238,48.79049],[2.47335,48.78922]],[[2.47335,48.78922],[2.47463,48.78767]],[[2.4735,48.76173],[2.4725,48.76271]],[[2.4725,48.76271],[2.47212,48.76328]],[[2.47212,48.76328],[2.46818,48.76237]],[[2.46818,48.76237],[2.46796,48.76309]],[[2.46796,48.76309],[2.46743,48.76416]],[[2.46743,48.76416],[2.46621,48.76613]],[[2.46621,48.76613],[2.46609,48.76616]],[[2.46609,48.76616],[2.46336,48.76679]],[[2.46336,48.76679],[2.46128,48.76589]],[[2.46128,48.76589],[2.45998,48.76572]],[[2.45998,48.76572],[2.45957,48.76668]],[[2.45957,48.76668],[2.45708,48.76635]],[[2.45708,48.76635],[2.45654,48.76645]],[[2.45654,48.76645],[2.45548,48.76679]],[[2.45548,48.76679],[2.45371,48.76753]],[[2.4563,48.84651],[2.45646,48.8471]],[[2.45646,48.8471],[2.45593,48.84731]],[[2.45593,48.84731],[2.45628,48.84871]],[[2.45628,48.84871],[2.45601,48.84874]],[[2.45601,48.84874],[2.4563,48.84956]],[[2.4563,48.84956],[2.45625,48.84965]],[[2.45625,48.84965],[2.4557,48.84991]],[[2.4557,48.84991],[2.45564,48.84982]],[[2.45564,48.84982],[2.45443,48.85]],[[2.45443,48.85],[2.45441,48.84995]],[[2.45441,48.84995],[2.45346,48.85016]],[[2.45346,48.85016],[2.45197,48.85055]],[[2.45197,48.85055],[2.44991,48.85097]],[[2.44991,48.85097],[2.44988,48.85089]],[[2.44988,48.85089],[2.44966,48.85093]],[[2.44966,48.85093],[2.44953,48.85058]],[[2.44953,48.85058],[2.44714,48.85116]],[[2.5,48.85574],[2.4973,48.85499]],[[2.4973,48.85499],[2.49601,48.85339]],[[2.49601,48.85339],[2.49594,48.85299]],[[2.49594,48.85299],[2.49577,48.85281]],[[2.49577,48.85281],[2.49444,48.85216]],[[2.49444,48.85216],[2.49447,48.85209]],[[2.49447,48.85209],[2.49434,48.85201]],[[2.49434,48.85201],[2.49329,48.85169]],[[2.49329,48.85169],[2.49362,48.85067]],[[2.49362,48.85067],[2.4935,48.84873]],[[2.4935,48.84873],[2.4914,48.84829]],[[2.4914,48.84829],[2.49158,48.84778]],[[2.49158,48.84778],[2.48997,48.84717]],[[2.48997,48.84717],[2.48888,48.84664]],[[2.48888,48.84664],[2.48817,48.84648]],[[2.48817,48.84648],[2.48772,48.84618]],[[2.48772,48.84618],[2.48765,48.84627]],[[2.48765,48.84627],[2.48737,48.84621]],[[2.48737,48.84621],[2.48717,48.84599]],[[2.48717,48.84599],[2.48752,48.84577]],[[2.48752,48.84577],[2.48717,48.84553]],[[2.48717,48.84553],[2.48651,48.84537]],[[2.48651,48.84537],[2.48643,48.8452]],[[2.48643,48.8452],[2.48648,48.84451]],[[2.48648,48.84451],[2.48558,48.84428]],[[2.48558,48.84428],[2.4857,48.84385]],[[2.4857,48.84385],[2.48583,48.84339]],[[2.48583,48.84339],[2.48551,48.84319]],[[2.48551,48.84319],[2.48413,48.8431]],[[2.48413,48.8431],[2.4832,48.84237]],[[2.4832,48.84237],[2.48191,48.84238]],[[2.48191,48.84238],[2.4815,48.84224]],[[2.4815,48.84224],[2.47987,48.84191]],[[2.47987,48.84191],[2.47924,48.8435]],[[2.47924,48.8435],[2.47758,48.8429]],[[2.47758,48.8429],[2.4768,48.84275]],[[2.4768,48.84275],[2.47675,48.84248]],[[2.47675,48.84248],[2.47633,48.84195]],[[2.47633,48.84195],[2.47602,48.84118]],[[2.47602,48.84118],[2.47424,48.84047]],[[2.47424,48.84047],[2.47316,48.84006]],[[2.47316,48.84006],[2.47258,48.84063]],[[2.47258,48.84063],[2.47222,48.84205]],[[2.47222,48.84205],[2.46871,48.8409]],[[2.46871,48.8409],[2.46955,48.84]],[[2.46955,48.84],[2.46732,48.8391]],[[2.44785,48.84486],[2.44794,48.84571]],[[2.44794,48.84571],[2.44783,48.84572]],[[2.44783,48.84572],[2.44785,48.84612]],[[2.44785,48.84612],[2.44795,48.84679]],[[2.44795,48.84679],[2.4483,48.84676]],[[2.4483,48.84676],[2.45148,48.84636]],[[2.45148,48.84636],[2.45785,48.84524]],[[2.45785,48.84524],[2.45794,48.84568]],[[2.45794,48.84568],[2.4563,48.84651]],[[2.31588,48.76677],[2.31675,48.7666]],[[2.31675,48.7666],[2.31756,48.76609]],[[2.31756,48.76609],[2.31772,48.76622]],[[2.31772,48.76622],[2.3177,48.76637]],[[2.3177,48.76637],[2.31854,48.76652]],[[2.31854,48.76652],[2.3185,48.76663]],[[2.3185,48.76663],[2.31887,48.7666]],[[2.31887,48.7666],[2.32081,48.76645]],[[2.32081,48.76645],[2.32081,48.76637]],[[2.32081,48.76637],[2.32153,48.76633]],[[2.32153,48.76633],[2.32152,48.76625]],[[2.32152,48.76625],[2.32184,48.76621]],[[2.32184,48.76621],[2.3219,48.76449]],[[2.3219,48.76449],[2.32385,48.76441]],[[2.32385,48.76441],[2.32336,48.7661]],[[2.32336,48.7661],[2.3234,48.76666]],[[2.3234,48.76666],[2.3247,48.76651]],[[2.3247,48.76651],[2.32686,48.76592]],[[2.32686,48.76592],[2.32778,48.76582]],[[2.32778,48.76582],[2.32777,48.76574]],[[2.32777,48.76574],[2.33257,48.76457]],[[2.33257,48.76457],[2.3327,48.76466]],[[2.34393,48.75632],[2.34286,48.75523]],[[2.34286,48.75523],[2.34101,48.75314]],[[2.34101,48.75314],[2.33984,48.75205]],[[2.33984,48.75205],[2.33869,48.75032]],[[2.33869,48.75032],[2.33826,48.74941]],[[2.33826,48.74941],[2.33734,48.74828]],[[2.33734,48.74828],[2.33713,48.74836]],[[2.33713,48.74836],[2.33609,48.74759]],[[2.33609,48.74759],[2.33563,48.74785]],[[2.33563,48.74785],[2.33554,48.74778]],[[2.33554,48.74778],[2.33417,48.74856]],[[2.33417,48.74856],[2.33386,48.74834]],[[2.33386,48.74834],[2.33308,48.74876]],[[2.33308,48.74876],[2.33323,48.74885]],[[2.33323,48.74885],[2.33216,48.74949]],[[2.33216,48.74949],[2.33055,48.74826]],[[2.35623,48.81594],[2.35611,48.81576]],[[2.35611,48.81576],[2.35616,48.8156]],[[2.35616,48.8156],[2.3553,48.8144]],[[2.3553,48.8144],[2.35464,48.81366]],[[2.35464,48.81366],[2.35381,48.81303]],[[2.35381,48.81303],[2.35267,48.8124]],[[2.35267,48.8124],[2.35128,48.81168]],[[2.35128,48.81168],[2.35069,48.81135]],[[2.35069,48.81135],[2.35028,48.81101]],[[2.35028,48.81101],[2.34895,48.80957]],[[2.34895,48.80957],[2.34625,48.80679]],[[2.34625,48.80679],[2.34503,48.80543]],[[2.34422,48.79073],[2.34625,48.78961]],[[2.34625,48.78961],[2.34552,48.78788]],[[2.34552,48.78788],[2.34467,48.78546]],[[2.34467,48.78546],[2.3463,48.78518]],[[2.3463,48.78518],[2.34783,48.78491]],[[2.34783,48.78491],[2.3476,48.78404]],[[2.3476,48.78404],[2.34816,48.78397]],[[2.34816,48.78397],[2.34754,48.78217]],[[2.34754,48.78217],[2.34966,48.78181]],[[2.34966,48.78181],[2.35054,48.78101]],[[2.35054,48.78101],[2.35261,48.78101]],[[2.35261,48.78101],[2.35351,48.78049]],[[2.35351,48.78049],[2.35304,48.78028]],[[2.35304,48.78028],[2.35484,48.7788]],[[2.35484,48.7788],[2.35489,48.77876]],[[2.35489,48.77876],[2.35786,48.77921]],[[2.35786,48.77921],[2.35808,48.7787]],[[2.35808,48.7787],[2.35926,48.77896]],[[2.35926,48.77896],[2.35923,48.77906]],[[2.35923,48.77906],[2.35999,48.77923]],[[2.35999,48.77923],[2.36114,48.77945]],[[2.36114,48.77945],[2.36477,48.78046]],[[2.36477,48.78046],[2.36719,48.78088]],[[2.36719,48.78088],[2.36726,48.78089]],[[2.36726,48.78089],[2.36738,48.77943]],[[2.37929,48.80145],[2.3772,48.80412]],[[2.3772,48.80412],[2.37579,48.80601]],[[2.37579,48.80601],[2.37567,48.80595]],[[2.37567,48.80595],[2.3712,48.80403]],[[2.3712,48.80403],[2.37029,48.80498]],[[2.37029,48.80498],[2.37039,48.80504]],[[2.37039,48.80504],[2.36996,48.80527]],[[2.36996,48.80527],[2.36715,48.80809]],[[2.36715,48.80809],[2.3682,48.8085]],[[2.3682,48.8085],[2.36794,48.80886]],[[2.36794,48.80886],[2.36544,48.80916]],[[2.36544,48.80916],[2.36548,48.80922]],[[2.36548,48.80922],[2.36422,48.81115]],[[2.36422,48.81115],[2.36487,48.81155]],[[2.36487,48.81155],[2.36624,48.81194]],[[2.36624,48.81194],[2.36499,48.81405]],[[2.36499,48.81405],[2.36513,48.81409]],[[2.36513,48.81409],[2.36454,48.81506]],[[2.36454,48.81506],[2.3647,48.81512]],[[2.3647,48.81512],[2.36461,48.8155]],[[2.36461,48.8155],[2.36482,48.81557]],[[2.36482,48.81557],[2.3642,48.8164]],[[2.40901,48.80852],[2.40415,48.80812]],[[2.40415,48.80812],[2.40522,48.80479]],[[2.40522,48.80479],[2.4052,48.80458]],[[2.4052,48.80458],[2.40497,48.80428]],[[2.40497,48.80428],[2.40437,48.80449]],[[2.40437,48.80449],[2.40395,48.80447]],[[2.40395,48.80447],[2.40227,48.8043]],[[2.40227,48.8043],[2.40222,48.80404]],[[2.40222,48.80404],[2.40065,48.80403]],[[2.40065,48.80403],[2.40039,48.80454]],[[2.40039,48.80454],[2.40014,48.80446]],[[2.40014,48.80446],[2.39958,48.80423]],[[2.39958,48.80423],[2.39947,48.80373]],[[2.39947,48.80373],[2.39843,48.80181]],[[2.39843,48.80181],[2.39829,48.80172]],[[2.39829,48.80172],[2.39743,48.80242]],[[2.39743,48.80242],[2.39711,48.80229]],[[2.39711,48.80229],[2.39631,48.80133]],[[2.39631,48.80133],[2.39462,48.79992]],[[2.39462,48.79992],[2.39428,48.80003]],[[2.39428,48.80003],[2.3936,48.80057]],[[2.3936,48.80057],[2.39349,48.80057]],[[2.39349,48.80057],[2.39311,48.80037]],[[2.39311,48.80037],[2.39271,48.80044]],[[2.39271,48.80044],[2.39174,48.7993]],[[2.39174,48.7993],[2.39075,48.7998]],[[2.39075,48.7998],[2.39034,48.79989]],[[2.39034,48.79989],[2.38999,48.80011]],[[2.38999,48.80011],[2.38964,48.80016]],[[2.38964,48.80016],[2.38913,48.80006]],[[2.38913,48.80006],[2.38889,48.80032]],[[2.38889,48.80032],[2.38861,48.80045]],[[2.38861,48.80045],[2.38689,48.80037]],[[2.38689,48.80037],[2.38661,48.80102]],[[2.38661,48.80102],[2.38565,48.80432]],[[2.38565,48.80432],[2.38291,48.80341]],[[2.38291,48.80341],[2.38212,48.80302]],[[2.38212,48.80302],[2.38148,48.80259]],[[2.38148,48.80259],[2.37941,48.80149]],[[2.37941,48.80149],[2.37929,48.80145]],[[2.45653,48.81347],[2.45733,48.81301]],[[2.45733,48.81301],[2.45818,48.81364]],[[2.45818,48.81364],[2.4594,48.81269]],[[2.4594,48.81269],[2.46419,48.81554]],[[2.46419,48.81554],[2.4655,48.81634]],[[2.4655,48.81634],[2.46409,48.81683]],[[2.46409,48.81683],[2.46356,48.81679]],[[2.46356,48.81679],[2.46335,48.81708]],[[2.46335,48.81708],[2.46121,48.81836]],[[2.46573,48.82623],[2.46669,48.82614]],[[2.46669,48.82614],[2.4669,48.82718]],[[2.4669,48.82718],[2.46781,48.82849]],[[2.46781,48.82849],[2.46948,48.83007]],[[2.46948,48.83007],[2.46955,48.83002]],[[2.46955,48.83002],[2.47087,48.82929]],[[2.47087,48.82929],[2.4714,48.829]],[[2.4714,48.829],[2.47222,48.82953]],[[2.47222,48.82953],[2.4732,48.82991]],[[2.4732,48.82991],[2.47569,48.83056]],[[2.4801,48.81348],[2.47376,48.81576]],[[2.47376,48.81576],[2.47347,48.8154]],[[2.47347,48.8154],[2.47255,48.81439]],[[2.47255,48.81439],[2.47182,48.81377]],[[2.47182,48.81377],[2.47165,48.8137]],[[2.47165,48.8137],[2.47147,48.81388]],[[2.47147,48.81388],[2.47099,48.81362]],[[2.47099,48.81362],[2.46986,48.81243]],[[2.46986,48.81243],[2.46885,48.8127]],[[2.46885,48.8127],[2.46864,48.81262]],[[2.46864,48.81262],[2.46885,48.81189]],[[2.46885,48.81189],[2.46865,48.81179]],[[2.46865,48.81179],[2.46615,48.81059]],[[2.46615,48.81059],[2.46576,48.81018]],[[2.46576,48.81018],[2.4657,48.80982]],[[2.4657,48.80982],[2.46532,48.80988]],[[2.46532,48.80988],[2.46507,48.81019]],[[2.46507,48.81019],[2.46509,48.81047]],[[2.46509,48.81047],[2.46546,48.8109]],[[2.46546,48.8109],[2.46547,48.81114]],[[2.46547,48.81114],[2.46533,48.81135]],[[2.46533,48.81135],[2.46467,48.81176]],[[2.46467,48.81176],[2.46059,48.80931]],[[2.46059,48.80931],[2.4585,48.81018]],[[2.4585,48.81018],[2.45718,48.81094]],[[2.45718,48.81094],[2.45588,48.81196]],[[2.45588,48.81196],[2.4545,48.81334]],[[2.4545,48.81334],[2.45545,48.81394]],[[2.45545,48.81394],[2.45634,48.81337]],[[2.45634,48.81337],[2.45653,48.81347]],[[2.36715,48.80809],[2.36552,48.80761]],[[2.36552,48.80761],[2.36317,48.80705]],[[2.36317,48.80705],[2.36314,48.80716]],[[2.36314,48.80716],[2.36278,48.8071]],[[2.36278,48.8071],[2.36211,48.80685]],[[2.36211,48.80685],[2.36137,48.80742]],[[2.36137,48.80742],[2.359,48.80645]],[[2.359,48.80645],[2.35805,48.80602]],[[2.35805,48.80602],[2.3584,48.80546]],[[2.3584,48.80546],[2.35867,48.80401]],[[2.35867,48.80401],[2.35962,48.80302]],[[2.35962,48.80302],[2.35824,48.80321]],[[2.35824,48.80321],[2.35676,48.80346]],[[2.35676,48.80346],[2.35638,48.80304]],[[2.35638,48.80304],[2.35547,48.80318]],[[2.35547,48.80318],[2.35408,48.80239]],[[2.35408,48.80239],[2.353,48.80318]],[[2.353,48.80318],[2.3508,48.80227]],[[2.3508,48.80227],[2.35109,48.80198]],[[2.35109,48.80198],[2.34933,48.80129]],[[2.34933,48.80129],[2.34851,48.80108]],[[2.34851,48.80108],[2.34781,48.80153]],[[2.48301,48.73146],[2.48238,48.73281]],[[2.48238,48.73281],[2.48194,48.7333]],[[2.48194,48.7333],[2.48098,48.73418]],[[2.48098,48.73418],[2.47991,48.73494]],[[2.47991,48.73494],[2.47777,48.73579]],[[2.47777,48.73579],[2.47544,48.73835]],[[2.47544,48.73835],[2.47472,48.73894]],[[2.47472,48.73894],[2.47341,48.73971]],[[2.47341,48.73971],[2.47359,48.73991]],[[2.47359,48.73991],[2.47603,48.74096]],[[2.47603,48.74096],[2.47568,48.74147]],[[2.47568,48.74147],[2.47462,48.74285]],[[2.47462,48.74285],[2.47384,48.74406]],[[2.47384,48.74406],[2.47384,48.74433]],[[2.47384,48.74433],[2.47349,48.74455]],[[2.47349,48.74455],[2.4734,48.74516]],[[2.4734,48.74516],[2.47348,48.7469]],[[2.47348,48.7469],[2.47363,48.74841]],[[2.47363,48.74841],[2.47357,48.74882]],[[2.47357,48.74882],[2.4734,48.74896]],[[2.4734,48.74896],[2.47326,48.75025]],[[2.47326,48.75025],[2.47305,48.75046]],[[2.47305,48.75046],[2.47253,48.7525]],[[2.47253,48.7525],[2.4715,48.75232]],[[2.4715,48.75232],[2.4678,48.75131]],[[2.4678,48.75131],[2.46861,48.75625]],[[2.46861,48.75625],[2.4688,48.76007]],[[2.4688,48.76007],[2.46873,48.76068]],[[2.46873,48.76068],[2.46818,48.76237]],[[2.51693,48.73853],[2.51624,48.73825]],[[2.51624,48.73825],[2.51497,48.73882]],[[2.51497,48.73882],[2.51231,48.73798]],[[2.51231,48.73798],[2.50862,48.73694]],[[2.50862,48.73694],[2.50856,48.73631]],[[2.50856,48.73631],[2.51003,48.73481]],[[2.48462,48.72927],[2.48301,48.73146]],[[2.41976,48.81687],[2.42138,48.81677]],[[2.42138,48.81677],[2.42369,48.81627]],[[2.42369,48.81627],[2.42492,48.81635]],[[2.42492,48.81635],[2.42555,48.81647]],[[2.42555,48.81647],[2.42693,48.81658]],[[2.42693,48.81658],[2.42878,48.8165]],[[2.42878,48.8165],[2.43113,48.81625]],[[2.43113,48.81625],[2.43237,48.81612]],[[2.43237,48.81612],[2.43404,48.81622]],[[2.43404,48.81622],[2.43484,48.81636]],[[2.43484,48.81636],[2.43618,48.81675]],[[2.43618,48.81675],[2.43704,48.81688]],[[2.43704,48.81688],[2.43806,48.81686]],[[2.43806,48.81686],[2.44088,48.81636]],[[2.44088,48.81636],[2.44191,48.81625]],[[2.44191,48.81625],[2.44383,48.8162]],[[2.44383,48.8162],[2.44814,48.81607]],[[2.44814,48.81607],[2.45054,48.81586]],[[2.45054,48.81586],[2.45126,48.81571]],[[2.45126,48.81571],[2.45201,48.81536]],[[2.45201,48.81536],[2.45423,48.81358]],[[2.45423,48.81358],[2.4545,48.81334]],[[2.46059,48.80931],[2.46282,48.8082]],[[2.46282,48.8082],[2.46401,48.80735]],[[2.52964,48.70616],[2.53265,48.70541]],[[2.53265,48.70541],[2.53342,48.70699]],[[2.53342,48.70699],[2.53378,48.70807]],[[2.53378,48.70807],[2.53398,48.70919]],[[2.53398,48.70919],[2.53438,48.70971]],[[2.53438,48.70971],[2.53647,48.70956]],[[2.53647,48.70956],[2.53719,48.71011]],[[2.53719,48.71011],[2.53728,48.71]],[[2.53728,48.71],[2.53906,48.71121]],[[2.53906,48.71121],[2.53917,48.71104]],[[2.53917,48.71104],[2.54153,48.71185]],[[2.54153,48.71185],[2.54317,48.71191]],[[2.54317,48.71191],[2.54529,48.71184]],[[2.54529,48.71184],[2.54545,48.71234]],[[2.54545,48.71234],[2.54733,48.71213]],[[2.54733,48.71213],[2.54852,48.7119]],[[2.54852,48.7119],[2.54913,48.71297]],[[2.54913,48.71297],[2.55043,48.71461]],[[2.55043,48.71461],[2.55009,48.71494]],[[2.55009,48.71494],[2.55171,48.71584]],[[2.55171,48.71584],[2.55198,48.71566]],[[2.55198,48.71566],[2.55321,48.71643]],[[2.55321,48.71643],[2.55359,48.71616]],[[2.55359,48.71616],[2.55324,48.71579]],[[2.55324,48.71579],[2.554,48.71542]],[[2.554,48.71542],[2.55538,48.71478]],[[2.55538,48.71478],[2.55558,48.71499]],[[2.55558,48.71499],[2.55762,48.71417]],[[2.55762,48.71417],[2.55703,48.71347]],[[2.55703,48.71347],[2.55968,48.71245]],[[2.55968,48.71245],[2.55881,48.71136]],[[2.55881,48.71136],[2.56018,48.71076]],[[2.56018,48.71076],[2.56027,48.71091]],[[2.56027,48.71091],[2.56139,48.71067]],[[2.56139,48.71067],[2.56303,48.7092]],[[2.56303,48.7092],[2.56303,48.70909]],[[2.56303,48.70909],[2.56409,48.70879]],[[2.56409,48.70879],[2.566,48.70849]],[[2.566,48.70849],[2.56616,48.70896]],[[2.56616,48.70896],[2.56661,48.70891]],[[2.56661,48.70891],[2.56667,48.70914]],[[2.56667,48.70914],[2.56776,48.70901]],[[2.56865,48.70722],[2.56814,48.70706]],[[2.56814,48.70706],[2.56719,48.7066]],[[2.56719,48.7066],[2.56465,48.70441]],[[2.56465,48.70441],[2.56162,48.70246]],[[2.56162,48.70246],[2.56075,48.70219]],[[2.56075,48.70219],[2.55857,48.70191]],[[2.55857,48.70191],[2.55777,48.70164]],[[2.55777,48.70164],[2.55485,48.69975]],[[2.55485,48.69975],[2.5532,48.69821]],[[2.5532,48.69821],[2.55083,48.69903]],[[2.55083,48.69903],[2.54838,48.69893]],[[2.54838,48.69893],[2.54683,48.69915]],[[2.54683,48.69915],[2.54586,48.69947]],[[2.54586,48.69947],[2.54419,48.69862]],[[2.54922,48.7258],[2.54888,48.7254]],[[2.54888,48.7254],[2.54427,48.72545]],[[2.54427,48.72545],[2.54427,48.72524]],[[2.54427,48.72524],[2.54352,48.72532]],[[2.54352,48.72532],[2.53884,48.72613]],[[2.53884,48.72613],[2.53687,48.72633]],[[2.53687,48.72633],[2.53706,48.72743]],[[2.53706,48.72743],[2.53768,48.72744]],[[2.53768,48.72744],[2.53652,48.72817]],[[2.5573,48.7546],[2.55901,48.75414]],[[2.55901,48.75414],[2.56017,48.75331]],[[2.56017,48.75331],[2.56085,48.75307]],[[2.56085,48.75307],[2.56845,48.75144]],[[2.56845,48.75144],[2.56953,48.75127]],[[2.56953,48.75127],[2.5702,48.75124]],[[2.5702,48.75124],[2.57009,48.75068]],[[2.57009,48.75068],[2.56864,48.74842]],[[2.56864,48.74842],[2.57341,48.74784]],[[2.57341,48.74784],[2.57317,48.74702]],[[2.57317,48.74702],[2.57315,48.74513]],[[2.57315,48.74513],[2.5729,48.74387]],[[2.5729,48.74387],[2.56819,48.74039]],[[2.56819,48.74039],[2.56874,48.73856]],[[2.56874,48.73856],[2.56536,48.73903]],[[2.56536,48.73903],[2.5652,48.73679]],[[2.5652,48.73679],[2.56486,48.73499]],[[2.56486,48.73499],[2.56255,48.73536]],[[2.56255,48.73536],[2.55877,48.73625]],[[2.55877,48.73625],[2.55798,48.73542]],[[2.55798,48.73542],[2.55678,48.73312]],[[2.55678,48.73312],[2.55631,48.73117]],[[2.55631,48.73117],[2.55535,48.72606]],[[2.55535,48.72606],[2.55481,48.72635]],[[2.55481,48.72635],[2.55344,48.72233]],[[2.55344,48.72233],[2.54922,48.7258]],[[2.49158,48.84778],[2.49234,48.84563]],[[2.49234,48.84563],[2.4931,48.84376]],[[2.4931,48.84376],[2.49383,48.84126]],[[2.49383,48.84126],[2.4943,48.83822]],[[2.4943,48.83822],[2.49431,48.83801]],[[2.49431,48.83801],[2.4945,48.83646]],[[2.4945,48.83646],[2.49479,48.83548]],[[2.49479,48.83548],[2.49531,48.83437]],[[2.49531,48.83437],[2.49765,48.83081]],[[2.53545,48.77704],[2.53609,48.77707]],[[2.53609,48.77707],[2.53649,48.77742]],[[2.53649,48.77742],[2.53762,48.77813]],[[2.53762,48.77813],[2.53803,48.77829]],[[2.53803,48.77829],[2.53804,48.7784]],[[2.53804,48.7784],[2.53785,48.77849]],[[2.53785,48.77849],[2.53792,48.77875]],[[2.53792,48.77875],[2.53908,48.7794]],[[2.53908,48.7794],[2.53918,48.77961]],[[2.53918,48.77961],[2.53972,48.77981]],[[2.53972,48.77981],[2.54073,48.78048]],[[2.54073,48.78048],[2.5409,48.78096]],[[2.5409,48.78096],[2.54474,48.78252]],[[2.54474,48.78252],[2.54581,48.78228]],[[2.54581,48.78228],[2.54769,48.7824]],[[2.54769,48.7824],[2.54962,48.78232]],[[2.54962,48.78232],[2.55042,48.78276]],[[2.55042,48.78276],[2.5511,48.78293]],[[2.5511,48.78293],[2.55369,48.78328]],[[2.55369,48.78328],[2.55465,48.78396]],[[2.55465,48.78396],[2.55718,48.78634]],[[2.55718,48.78634],[2.55896,48.78699]],[[2.55896,48.78699],[2.56194,48.78787]],[[2.56194,48.78787],[2.56382,48.7855]],[[2.56382,48.7855],[2.56388,48.785]],[[2.56388,48.785],[2.56377,48.78474]],[[2.56377,48.78474],[2.56369,48.7829]],[[2.56369,48.7829],[2.56481,48.78055]],[[2.56481,48.78055],[2.56539,48.77964]],[[2.56539,48.77964],[2.56571,48.77938]],[[2.56571,48.77938],[2.56654,48.7782]],[[2.56654,48.7782],[2.56594,48.77791]],[[2.56594,48.77791],[2.5662,48.77746]],[[2.5662,48.77746],[2.56575,48.77732]],[[2.56575,48.77732],[2.56634,48.77635]],[[2.56634,48.77635],[2.56647,48.77585]],[[2.56647,48.77585],[2.5669,48.77531]],[[2.5669,48.77531],[2.56776,48.77459]],[[2.56776,48.77459],[2.56894,48.77479]],[[2.56894,48.77479],[2.56998,48.77483]],[[2.56998,48.77483],[2.57078,48.77469]],[[2.57078,48.77469],[2.57098,48.77446]],[[2.57098,48.77446],[2.57156,48.77445]],[[2.57156,48.77445],[2.57203,48.77434]],[[2.57203,48.77434],[2.57269,48.77391]],[[2.57269,48.77391],[2.57275,48.77362]],[[2.57275,48.77362],[2.573,48.77353]],[[2.573,48.77353],[2.57314,48.77326]],[[2.57314,48.77326],[2.57469,48.77326]],[[2.57469,48.77326],[2.57493,48.77252]],[[2.57493,48.77252],[2.57645,48.7727]],[[2.57645,48.7727],[2.57656,48.77165]],[[2.57656,48.77165],[2.57521,48.77144]],[[2.57521,48.77144],[2.57502,48.77165]],[[2.57502,48.77165],[2.57366,48.77159]],[[2.57366,48.77159],[2.5705,48.76916]],[[2.5705,48.76916],[2.57167,48.76711]],[[2.57167,48.76711],[2.56974,48.76635]],[[2.56974,48.76635],[2.56805,48.76729]],[[2.56805,48.76729],[2.56319,48.76356]],[[2.56319,48.76356],[2.56172,48.76354]],[[2.56172,48.76354],[2.56121,48.76422]],[[2.56121,48.76422],[2.56082,48.76452]],[[2.56082,48.76452],[2.55996,48.76575]],[[2.55996,48.76575],[2.55926,48.76612]],[[2.55926,48.76612],[2.55881,48.76584]],[[2.55881,48.76584],[2.55758,48.76484]],[[2.55758,48.76484],[2.55693,48.76429]],[[2.55693,48.76429],[2.55676,48.76428]],[[2.55676,48.76428],[2.55035,48.76554]],[[2.55035,48.76554],[2.54329,48.76521]],[[2.54329,48.76521],[2.5421,48.76535]],[[2.5421,48.76535],[2.54018,48.76597]],[[2.54018,48.76597],[2.54023,48.76601]],[[2.54023,48.76601],[2.53994,48.76623]],[[2.53994,48.76623],[2.53942,48.7673]],[[2.53942,48.7673],[2.53968,48.7681]],[[2.53968,48.7681],[2.54049,48.76906]],[[2.54049,48.76906],[2.54063,48.7695]],[[2.54063,48.7695],[2.54056,48.77068]],[[2.54056,48.77068],[2.53909,48.77207]],[[2.53909,48.77207],[2.53724,48.77293]],[[2.53724,48.77293],[2.5368,48.77326]],[[2.5368,48.77326],[2.53649,48.77455]],[[2.53649,48.77455],[2.53611,48.77517]],[[2.53611,48.77517],[2.53545,48.77704]],[[2.40211,48.73885],[2.40255,48.73843]],[[2.40255,48.73843],[2.40275,48.73799]],[[2.40275,48.73799],[2.40092,48.73767]],[[2.40092,48.73767],[2.39944,48.73739]],[[2.39944,48.73739],[2.39528,48.73738]],[[2.39528,48.73738],[2.39365,48.73752]],[[2.39365,48.73752],[2.39112,48.7376]],[[2.39112,48.7376],[2.39119,48.73732]],[[2.39119,48.73732],[2.38838,48.737]],[[2.38838,48.737],[2.38904,48.7363]],[[2.38904,48.7363],[2.38921,48.73446]],[[2.38921,48.73446],[2.38791,48.73434]],[[2.38791,48.73434],[2.38779,48.73273]],[[2.38779,48.73273],[2.38511,48.73266]],[[2.38511,48.73266],[2.38522,48.73147]],[[2.38522,48.73147],[2.38501,48.73148]],[[2.38501,48.73148],[2.38498,48.72987]],[[2.38498,48.72987],[2.38234,48.72971]],[[2.38234,48.72971],[2.38228,48.72923]],[[2.38228,48.72923],[2.37978,48.7293]],[[2.37978,48.7293],[2.37962,48.72808]],[[2.37962,48.72808],[2.37652,48.72763]],[[2.37652,48.72763],[2.37584,48.72757]],[[2.37584,48.72757],[2.37025,48.72792]],[[2.36937,48.74613],[2.3745,48.74623]],[[2.3745,48.74623],[2.3742,48.74846]],[[2.3742,48.74846],[2.37524,48.74885]],[[2.37524,48.74885],[2.37669,48.74925]],[[2.37669,48.74925],[2.3778,48.74929]],[[2.3778,48.74929],[2.38206,48.7482]],[[2.38206,48.7482],[2.38262,48.74912]],[[2.38262,48.74912],[2.38401,48.74876]],[[2.38401,48.74876],[2.38453,48.74967]],[[2.38453,48.74967],[2.38566,48.74939]],[[2.38566,48.74939],[2.38621,48.75031]],[[2.38621,48.75031],[2.3888,48.74964]],[[2.3888,48.74964],[2.38938,48.74962]],[[2.38938,48.74962],[2.38727,48.75285]],[[2.38727,48.75285],[2.38872,48.75272]],[[2.38872,48.75272],[2.38983,48.75249]],[[2.38983,48.75249],[2.39095,48.75215]],[[2.39095,48.75215],[2.39192,48.75175]],[[2.39192,48.75175],[2.39323,48.75085]],[[2.39323,48.75085],[2.39696,48.75199]],[[2.39696,48.75199],[2.39904,48.7524]],[[2.39904,48.7524],[2.39933,48.75083]],[[2.39933,48.75083],[2.39943,48.74966]],[[2.39943,48.74966],[2.40398,48.75055]],[[2.40398,48.75055],[2.40606,48.75108]],[[2.42748,48.75094],[2.43275,48.74812]],[[2.43275,48.74812],[2.43505,48.74655]],[[2.43505,48.74655],[2.43659,48.7451]],[[2.43659,48.7451],[2.43556,48.74478]],[[2.43556,48.74478],[2.43285,48.74414]],[[2.43285,48.74414],[2.42873,48.74343]],[[2.42873,48.74343],[2.42864,48.74356]],[[2.42864,48.74356],[2.42815,48.74351]],[[2.42815,48.74351],[2.42434,48.7427]],[[2.42434,48.7427],[2.42369,48.74375]],[[2.42369,48.74375],[2.42182,48.74328]],[[2.42182,48.74328],[2.42105,48.74468]],[[2.42105,48.74468],[2.41881,48.74437]],[[2.41881,48.74437],[2.41905,48.74366]],[[2.41905,48.74366],[2.41732,48.7433]],[[2.41732,48.7433],[2.4151,48.74302]],[[2.4151,48.74302],[2.41478,48.74364]],[[2.41478,48.74364],[2.40872,48.74221]],[[2.40872,48.74221],[2.40781,48.74243]],[[2.40781,48.74243],[2.40729,48.74233]],[[2.40729,48.74233],[2.40707,48.74227]],[[2.40707,48.74227],[2.40744,48.74161]],[[2.40744,48.74161],[2.40648,48.74127]],[[2.40648,48.74127],[2.40655,48.74117]],[[2.40655,48.74117],[2.40572,48.74086]],[[2.40572,48.74086],[2.40558,48.74091]],[[2.40558,48.74091],[2.40502,48.74074]],[[2.40502,48.74074],[2.40541,48.74038]],[[2.40541,48.74038],[2.40518,48.74029]],[[2.40518,48.74029],[2.40438,48.73996]],[[2.40438,48.73996],[2.40453,48.73977]],[[2.40453,48.73977],[2.40211,48.73885]],[[2.51258,48.7813],[2.51508,48.78324]],[[2.51508,48.78324],[2.51541,48.78382]],[[2.51541,48.78382],[2.51638,48.78427]],[[2.51638,48.78427],[2.51793,48.78546]],[[2.5554,48.79197],[2.55741,48.7906]],[[2.55741,48.7906],[2.5607,48.78903]],[[2.5607,48.78903],[2.56162,48.78825]],[[2.56162,48.78825],[2.56194,48.78787]],[[2.53545,48.77704],[2.5349,48.77692]],[[2.5349,48.77692],[2.53459,48.77707]],[[2.53459,48.77707],[2.53444,48.77707]],[[2.53444,48.77707],[2.53271,48.77693]],[[2.53271,48.77693],[2.53243,48.77684]],[[2.53243,48.77684],[2.53227,48.77693]],[[2.53227,48.77693],[2.53195,48.77668]],[[2.53195,48.77668],[2.53173,48.77664]],[[2.53173,48.77664],[2.53131,48.77674]],[[2.53131,48.77674],[2.53135,48.77654]],[[2.53135,48.77654],[2.53123,48.77653]],[[2.53123,48.77653],[2.53104,48.7767]],[[2.53104,48.7767],[2.53096,48.77664]],[[2.53096,48.77664],[2.53102,48.77643]],[[2.53102,48.77643],[2.53078,48.7765]],[[2.53078,48.7765],[2.53054,48.77647]],[[2.53054,48.77647],[2.53059,48.77684]],[[2.53059,48.77684],[2.53031,48.77692]],[[2.53031,48.77692],[2.53044,48.77704]],[[2.53044,48.77704],[2.53016,48.77709]],[[2.53016,48.77709],[2.52987,48.77726]],[[2.52987,48.77726],[2.53015,48.77732]],[[2.53015,48.77732],[2.52994,48.77746]],[[2.52994,48.77746],[2.52964,48.77738]],[[2.52964,48.77738],[2.52964,48.7776]],[[2.52964,48.7776],[2.52941,48.7775]],[[2.52941,48.7775],[2.52951,48.77785]],[[2.52951,48.77785],[2.5297,48.7779]],[[2.5297,48.7779],[2.52965,48.77803]],[[2.52965,48.77803],[2.52932,48.77809]],[[2.52932,48.77809],[2.52922,48.77822]],[[2.52922,48.77822],[2.52899,48.7781]],[[2.52899,48.7781],[2.52878,48.77816]],[[2.52878,48.77816],[2.52845,48.77809]],[[2.52845,48.77809],[2.52828,48.77823]],[[2.52828,48.77823],[2.52791,48.77808]],[[2.52791,48.77808],[2.52759,48.77812]],[[2.52759,48.77812],[2.52718,48.77749]],[[2.52718,48.77749],[2.52731,48.77727]],[[2.52731,48.77727],[2.52672,48.77706]],[[2.52672,48.77706],[2.52372,48.77674]],[[2.52372,48.77674],[2.52215,48.77694]],[[2.52215,48.77694],[2.52026,48.77677]],[[2.52026,48.77677],[2.52059,48.77709]],[[2.52059,48.77709],[2.52101,48.77779]],[[2.52101,48.77779],[2.5226,48.7796]],[[2.5226,48.7796],[2.51989,48.78075]],[[2.51989,48.78075],[2.51974,48.78088]],[[2.51974,48.78088],[2.51225,48.78092]],[[2.51225,48.78092],[2.51258,48.7813]],[[2.576,48.79347],[2.57501,48.79549]],[[2.57501,48.79549],[2.57224,48.79558]],[[2.57224,48.79558],[2.5718,48.79655]],[[2.5718,48.79655],[2.57174,48.79853]],[[2.57174,48.79853],[2.57154,48.79888]],[[2.55737,48.81877],[2.5579,48.8194]],[[2.5579,48.8194],[2.55605,48.82091]],[[2.55605,48.82091],[2.55968,48.82277]],[[2.55968,48.82277],[2.56053,48.8223]],[[2.56053,48.8223],[2.56245,48.82143]],[[2.56245,48.82143],[2.56382,48.82056]],[[2.56382,48.82056],[2.56511,48.82033]],[[2.56511,48.82033],[2.56729,48.81941]],[[2.56729,48.81941],[2.56783,48.81897]],[[2.56783,48.81897],[2.56872,48.81796]],[[2.59145,48.79736],[2.59102,48.79658]],[[2.59102,48.79658],[2.58846,48.79322]],[[2.58846,48.79322],[2.58622,48.79326]],[[2.58622,48.79326],[2.58206,48.79411]],[[2.58206,48.79411],[2.58196,48.79373]],[[2.58196,48.79373],[2.57951,48.79392]],[[2.57951,48.79392],[2.57697,48.79372]],[[2.57697,48.79372],[2.576,48.79347]],[[2.58116,48.755],[2.57893,48.75507]],[[2.57893,48.75507],[2.57702,48.755]],[[2.57702,48.755],[2.5756,48.75567]],[[2.5756,48.75567],[2.57329,48.75657]],[[2.57329,48.75657],[2.57199,48.75722]],[[2.57199,48.75722],[2.5729,48.75814]],[[2.5729,48.75814],[2.56993,48.76067]],[[2.56993,48.76067],[2.57021,48.76101]],[[2.57021,48.76101],[2.5707,48.76099]],[[2.5707,48.76099],[2.5714,48.76083]],[[2.5714,48.76083],[2.57313,48.76082]],[[2.57313,48.76082],[2.57626,48.75991]],[[2.57626,48.75991],[2.57697,48.76097]],[[2.57697,48.76097],[2.58079,48.76496]],[[2.58079,48.76496],[2.57676,48.76611]],[[2.57676,48.76611],[2.5773,48.76673]],[[2.5773,48.76673],[2.57745,48.76772]],[[2.57745,48.76772],[2.5771,48.76778]],[[2.5771,48.76778],[2.57605,48.76854]],[[2.57605,48.76854],[2.57492,48.76812]],[[2.57492,48.76812],[2.5742,48.76804]],[[2.5742,48.76804],[2.57351,48.76784]],[[2.57351,48.76784],[2.57167,48.76711]],[[2.59744,48.76064],[2.58733,48.76396]],[[2.58733,48.76396],[2.58116,48.755]],[[2.36864,48.75746],[2.36934,48.74615]],[[2.419,48.84939],[2.41864,48.84644]],[[2.41864,48.84644],[2.41863,48.84639]],[[2.41863,48.84639],[2.41954,48.84632]],[[2.41954,48.84632],[2.42327,48.84597]],[[2.42327,48.84597],[2.42368,48.84594]],[[2.42368,48.84594],[2.42426,48.84589]],[[2.42426,48.84589],[2.42822,48.84554]],[[2.42822,48.84554],[2.42799,48.84522]],[[2.42799,48.84522],[2.42832,48.84517]],[[2.42832,48.84517],[2.42758,48.84157]],[[2.517,48.78638],[2.51423,48.78588]],[[2.51423,48.78588],[2.51359,48.78565]],[[2.51359,48.78565],[2.51245,48.78479]],[[2.5702,48.75124],[2.57065,48.75171]],[[2.57065,48.75171],[2.5709,48.75183]],[[2.5709,48.75183],[2.57386,48.75211]],[[2.57386,48.75211],[2.57547,48.75233]],[[2.57547,48.75233],[2.57702,48.755]],[[2.554,48.71542],[2.55556,48.71661]],[[2.55556,48.71661],[2.55699,48.71813]],[[2.55699,48.71813],[2.55341,48.71941]],[[2.55341,48.71941],[2.55328,48.71924]],[[2.55328,48.71924],[2.55198,48.71958]],[[2.55198,48.71958],[2.55344,48.72233]],[[2.36778,48.7719],[2.36838,48.77214]],[[2.36838,48.77214],[2.37107,48.77001]],[[2.37107,48.77001],[2.37258,48.77082]],[[2.37258,48.77082],[2.37248,48.77091]],[[2.37248,48.77091],[2.3743,48.77184]],[[2.3743,48.77184],[2.37618,48.77076]],[[2.37618,48.77076],[2.37694,48.77139]],[[2.37694,48.77139],[2.37653,48.77151]],[[2.37653,48.77151],[2.37766,48.77231]],[[2.37766,48.77231],[2.37787,48.77222]],[[2.37787,48.77222],[2.37913,48.7731]],[[2.37913,48.7731],[2.38086,48.77207]],[[2.38086,48.77207],[2.38188,48.77177]],[[2.38188,48.77177],[2.38362,48.77226]],[[2.38362,48.77226],[2.38623,48.77273]],[[2.38623,48.77273],[2.3881,48.77321]],[[2.3881,48.77321],[2.3886,48.77189]],[[2.3886,48.77189],[2.39255,48.77236]],[[2.39255,48.77236],[2.39235,48.77336]],[[2.39235,48.77336],[2.39377,48.77367]],[[2.39377,48.77367],[2.39374,48.77375]],[[2.39374,48.77375],[2.39425,48.77387]],[[2.39425,48.77387],[2.3987,48.77481]],[[2.4728,48.72765],[2.47282,48.73087]],[[2.47282,48.73087],[2.4725,48.73112]],[[2.4725,48.73112],[2.47232,48.73143]],[[2.47232,48.73143],[2.47227,48.73183]],[[2.47227,48.73183],[2.47291,48.73351]],[[2.47291,48.73351],[2.47192,48.73605]],[[2.47192,48.73605],[2.47192,48.73862]],[[2.47192,48.73862],[2.47064,48.73789]],[[2.47064,48.73789],[2.46848,48.73972]],[[2.46848,48.73972],[2.4682,48.73956]],[[2.4682,48.73956],[2.46579,48.74193]],[[2.46579,48.74193],[2.46496,48.74152]],[[2.46496,48.74152],[2.46436,48.74093]],[[2.46436,48.74093],[2.46319,48.73871]],[[2.46319,48.73871],[2.4623,48.73752]],[[2.4623,48.73752],[2.46106,48.73809]],[[2.46106,48.73809],[2.46029,48.73868]],[[2.46029,48.73868],[2.45865,48.73942]],[[2.45865,48.73942],[2.45815,48.73984]],[[2.45815,48.73984],[2.45707,48.74014]],[[2.45707,48.74014],[2.45767,48.74143]],[[2.45767,48.74143],[2.45902,48.74317]],[[2.45902,48.74317],[2.4594,48.74452]],[[2.4594,48.74452],[2.46091,48.74625]],[[2.46091,48.74625],[2.46196,48.74721]],[[2.46196,48.74721],[2.46204,48.74727]],[[2.46204,48.74727],[2.46019,48.74803]],[[2.46019,48.74803],[2.45931,48.7481]],[[2.45931,48.7481],[2.45691,48.7484]],[[2.45691,48.7484],[2.4533,48.74906]],[[2.4533,48.74906],[2.45332,48.74912]],[[2.45332,48.74912],[2.45364,48.75053]],[[2.45364,48.75053],[2.45376,48.7519]],[[2.45376,48.7519],[2.45428,48.75196]],[[2.45428,48.75196],[2.45445,48.75231]],[[2.45445,48.75231],[2.45445,48.75262]],[[2.45445,48.75262],[2.45434,48.75268]],[[2.45434,48.75268],[2.45366,48.75441]],[[2.45366,48.75441],[2.45344,48.75551]],[[2.45344,48.75551],[2.45179,48.75803]],[[2.45179,48.75803],[2.45044,48.75973]],[[2.45044,48.75973],[2.44908,48.76111]],[[2.44908,48.76111],[2.44854,48.76093]],[[2.44854,48.76093],[2.44788,48.76163]],[[2.44788,48.76163],[2.44707,48.76187]],[[2.44707,48.76187],[2.44697,48.76197]],[[2.44697,48.76197],[2.44712,48.76208]],[[2.44712,48.76208],[2.44472,48.76298]],[[2.44472,48.76298],[2.4423,48.7618]],[[2.3712,48.80403],[2.37307,48.80252]],[[2.37307,48.80252],[2.36991,48.80079]],[[2.36991,48.80079],[2.37093,48.79973]],[[2.37093,48.79973],[2.36982,48.79918]],[[2.36982,48.79918],[2.37197,48.79716]],[[2.37197,48.79716],[2.37029,48.79654]],[[2.37029,48.79654],[2.37081,48.79591]],[[2.37081,48.79591],[2.37191,48.79416]],[[2.37191,48.79416],[2.37212,48.79354]],[[2.37212,48.79354],[2.37253,48.79289]],[[2.37253,48.79289],[2.37384,48.79154]],[[2.37384,48.79154],[2.37369,48.79136]],[[2.37369,48.79136],[2.37479,48.79013]],[[2.37479,48.79013],[2.37421,48.79003]],[[2.37421,48.79003],[2.37532,48.78861]],[[2.37532,48.78861],[2.37687,48.78664]],[[2.37687,48.78664],[2.37461,48.78564]],[[2.37461,48.78564],[2.37172,48.78348]],[[2.37172,48.78348],[2.3695,48.7824]],[[2.3695,48.7824],[2.37092,48.7807]],[[2.37092,48.7807],[2.36738,48.77943]],[[2.43659,48.7451],[2.44032,48.74063]],[[2.44032,48.74063],[2.44306,48.7383]],[[2.44306,48.7383],[2.44373,48.73761]],[[2.44373,48.73761],[2.44433,48.73673]],[[2.44433,48.73673],[2.44462,48.73604]],[[2.44462,48.73604],[2.44477,48.73511]],[[2.44477,48.73511],[2.44492,48.73238]],[[2.44492,48.73238],[2.44485,48.73125]],[[2.44485,48.73125],[2.44458,48.72971]],[[2.44458,48.72971],[2.44397,48.72806]],[[2.44397,48.72806],[2.44335,48.72706]],[[2.44335,48.72706],[2.44278,48.72661]],[[2.44278,48.72661],[2.44129,48.72588]],[[2.44129,48.72588],[2.43974,48.72535]]]}},{"type":"Feature","properties":{"layer":"paris","name":"Paris"},"geometry":{"type":"LineString","coordinates":[[2.2711,48.82789],[2.26783,48.82784],[2.26763,48.82797],[2.26734,48.83153],[2.26993,48.83301],[2.2681,48.83443],[2.26779,48.83459],[2.26748,48.83459],[2.26279,48.83392],[2.25514,48.83481],[2.25171,48.83882],[2.25122,48.84289],[2.25248,48.84549],[2.25052,48.84556],[2.24236,48.84766],[2.2405,48.84932],[2.23977,48.84983],[2.23918,48.85004],[2.22659,48.85281],[2.22422,48.85352],[2.22441,48.85615],[2.22567,48.8594],[2.22718,48.86238],[2.22825,48.86516],[2.23066,48.86808],[2.23174,48.86907],[2.2337,48.8699],[2.23558,48.87052],[2.23923,48.87157],[2.24095,48.87234],[2.24186,48.8729],[2.24301,48.87378],[2.2457,48.87646],[2.2464,48.87618],[2.25482,48.87408],[2.25541,48.87426],[2.25847,48.88039],[2.27749,48.87797],[2.27947,48.87853],[2.27995,48.87857],[2.2809,48.88279],[2.28111,48.88304],[2.28454,48.88557],[2.28446,48.88564],[2.28564,48.88655],[2.29115,48.8893],[2.29178,48.88947],[2.29501,48.88987],[2.29961,48.89217],[2.30769,48.89601],[2.31245,48.89778],[2.31852,48.89964],[2.32043,48.90078],[2.32327,48.90081],[2.32584,48.90095],[2.38453,48.90215],[2.39084,48.90091],[2.39552,48.89826],[2.39767,48.89461],[2.39824,48.89264],[2.39914,48.88853],[2.39925,48.88536],[2.40011,48.88382],[2.40151,48.88263],[2.40458,48.88127],[2.40936,48.88026],[2.41245,48.87644],[2.41365,48.8724],[2.41393,48.86953],[2.41398,48.86518],[2.41437,48.86065],[2.41634,48.84923],[2.41635,48.8487],[2.41566,48.845],[2.41405,48.83976],[2.41225,48.83454],[2.41147,48.83393],[2.41351,48.83372],[2.41547,48.83379],[2.41734,48.83419],[2.42214,48.8358],[2.42148,48.8371],[2.42106,48.83889],[2.42077,48.83969],[2.42039,48.84044],[2.41954,48.84145],[2.41936,48.8425],[2.41985,48.8431],[2.41986,48.84346],[2.42185,48.84444],[2.42244,48.84406],[2.42349,48.84266],[2.42395,48.8422],[2.42435,48.84195],[2.42492,48.84181],[2.43354,48.84105],[2.43367,48.8412],[2.43718,48.84089],[2.43796,48.84466],[2.44052,48.84444],[2.44062,48.84489],[2.4408,48.84488],[2.44086,48.84525],[2.44068,48.84525],[2.44076,48.84596],[2.44665,48.8458],[2.4465,48.84497],[2.44785,48.84486],[2.45784,48.84355],[2.45987,48.84318],[2.46179,48.84273],[2.46374,48.84202],[2.46526,48.84117],[2.46616,48.84042],[2.46791,48.83845],[2.46947,48.83705],[2.4698,48.83655],[2.46983,48.8358],[2.4695,48.83447],[2.46862,48.83359],[2.46694,48.83275],[2.46627,48.8323],[2.46563,48.83163],[2.46527,48.83102],[2.4647,48.82928],[2.46466,48.82762],[2.46509,48.82754],[2.46523,48.82767],[2.46618,48.82733],[2.46532,48.82498],[2.46519,48.82496],[2.4653,48.82471],[2.46504,48.82408],[2.46287,48.82018],[2.4627,48.81937],[2.46253,48.81925],[2.4627,48.81906],[2.45912,48.81737],[2.45941,48.81685],[2.45912,48.817],[2.45872,48.81703],[2.45328,48.81717],[2.45081,48.81773],[2.44967,48.81789],[2.44779,48.81797],[2.44418,48.81788],[2.44233,48.8179],[2.43985,48.81829],[2.43733,48.81818],[2.43744,48.81911],[2.43692,48.81936],[2.43603,48.81959],[2.4349,48.81967],[2.43414,48.81922],[2.43429,48.82016],[2.43248,48.82143],[2.43289,48.82169],[2.43263,48.8219],[2.43219,48.82162],[2.43037,48.82288],[2.43063,48.82316],[2.42923,48.82362],[2.42698,48.82405],[2.42513,48.82419],[2.42172,48.82406],[2.41996,48.82408],[2.41891,48.82424],[2.41787,48.8245],[2.41598,48.82478],[2.41311,48.82472],[2.41193,48.82479],[2.41091,48.82494],[2.40996,48.82518],[2.40918,48.8255],[2.40771,48.82635],[2.40515,48.8283],[2.40381,48.82906],[2.40224,48.82959],[2.39934,48.82867],[2.39571,48.82773],[2.39434,48.82754],[2.39007,48.82569],[2.38945,48.82534],[2.38694,48.82446],[2.38523,48.82373],[2.38152,48.82241],[2.38077,48.8217],[2.37576,48.82006],[2.36333,48.81615],[2.35585,48.81592],[2.35239,48.81855],[2.35125,48.81796],[2.34692,48.81602],[2.34637,48.81599],[2.34519,48.81609],[2.34436,48.81602],[2.34445,48.81556],[2.34301,48.81608],[2.34168,48.81633],[2.33371,48.81677],[2.3319,48.81701],[2.33246,48.81825],[2.29219,48.82714],[2.28267,48.83115],[2.27905,48.83249],[2.2753,48.82944],[2.27285,48.82796],[2.2711,48.82789]]}},{"type":"Feature","properties":{"layer":"river","name":"Marne"},"geometry":{"type":"MultiLineString","coordinates":[[[2.52167,48.79065],[2.52016,48.7886],[2.51858,48.78722],[2.51752,48.7866],[2.51697,48.7864],[2.51467,48.78595],[2.5139,48.78573],[2.5133,48.78545],[2.51165,48.7844],[2.50975,48.78404],[2.50595,48.78418],[2.50051,48.78475],[2.49542,48.78424],[2.48692,48.78407],[2.48207,48.78506],[2.47699,48.78658],[2.47589,48.787],[2.47488,48.78751],[2.47219,48.79068],[2.47186,48.79216],[2.47184,48.79393],[2.47089,48.79743],[2.46842,48.80396],[2.46766,48.80474],[2.46279,48.80806],[2.46021,48.80941],[2.45781,48.81052],[2.45683,48.81119],[2.45447,48.8135],[2.45139,48.8156],[2.44972,48.81588],[2.44524,48.81613],[2.44144,48.81615],[2.43811,48.81678],[2.43592,48.81667],[2.43335,48.81606],[2.43037,48.81612],[2.42737,48.81633],[2.42421,48.81619],[2.42291,48.81624],[2.42138,48.81666],[2.41977,48.8169],[2.41734,48.81648],[2.41496,48.81623],[2.41046,48.81644],[2.40936,48.81663]],[[2.50398,48.83075],[2.50318,48.83102],[2.49985,48.83177],[2.49818,48.8321],[2.49731,48.83218],[2.49538,48.83214],[2.49366,48.83166],[2.49107,48.83118],[2.48828,48.83105],[2.48742,48.8311],[2.48484,48.83151],[2.48315,48.83153],[2.48175,48.83131],[2.47752,48.83089],[2.47586,48.83059],[2.47366,48.83002],[2.47224,48.8295],[2.4707,48.82854],[2.46903,48.82696],[2.46836,48.82593]],[[2.46836,48.82593],[2.46731,48.82435],[2.46691,48.82326],[2.46785,48.81994],[2.46807,48.81955],[2.46842,48.81924],[2.46917,48.81882]],[[2.46836,48.82593],[2.46837,48.82515],[2.46871,48.82363],[2.46931,48.82181],[2.46938,48.82111],[2.46917,48.81882]],[[2.46917,48.81882],[2.47063,48.81802],[2.47298,48.81629],[2.47512,48.81523],[2.48015,48.81342],[2.48131,48.81313],[2.4836,48.81274],[2.4865,48.81245],[2.48753,48.81227],[2.49135,48.81133],[2.49514,48.81068],[2.49756,48.8104],[2.49852,48.81039],[2.50324,48.81059],[2.50761,48.81031],[2.50849,48.81018],[2.51052,48.80962],[2.51205,48.80958],[2.51464,48.80928],[2.51765,48.80855],[2.51849,48.8081],[2.52022,48.80694],[2.52078,48.80596],[2.52161,48.80523],[2.52218,48.80458],[2.52287,48.80244],[2.52287,48.80078],[2.52259,48.79983],[2.52261,48.79918],[2.52272,48.79841],[2.52306,48.79726]],[[2.50398,48.83075],[2.50404,48.83052],[2.50454,48.83009],[2.50478,48.82975],[2.50787,48.82898],[2.50869,48.82881],[2.51015,48.82889],[2.51053,48.8292]],[[2.51053,48.8292],[2.51013,48.82957],[2.50839,48.83009],[2.50635,48.8302],[2.50527,48.83035],[2.5046,48.8305],[2.50398,48.83075]],[[2.58383,48.86549],[2.58251,48.86554],[2.57784,48.86517],[2.57661,48.8652],[2.57466,48.86539],[2.57349,48.86534],[2.56961,48.86469],[2.56822,48.86439],[2.56717,48.86407],[2.56524,48.86329],[2.56449,48.86284],[2.56428,48.86261],[2.56417,48.8624],[2.5642,48.86218],[2.56442,48.86175],[2.56548,48.86117],[2.56588,48.86073],[2.56658,48.85848],[2.56703,48.85758],[2.56767,48.85673],[2.56774,48.85609],[2.56749,48.8556],[2.56705,48.85531],[2.5645,48.85467],[2.56251,48.85397],[2.56139,48.85383],[2.55919,48.85388],[2.55714,48.85406],[2.55494,48.85445],[2.55341,48.85456],[2.55153,48.85462],[2.54689,48.85449],[2.54584,48.85439],[2.54436,48.85412],[2.54342,48.85377],[2.54238,48.85327],[2.54073,48.8529],[2.53906,48.85292],[2.53771,48.85319],[2.5364,48.85356],[2.53548,48.8537],[2.53317,48.85361],[2.53194,48.85351],[2.52794,48.85275],[2.52165,48.85225],[2.51749,48.85174],[2.51568,48.8513],[2.51421,48.85055],[2.51256,48.849],[2.51186,48.84804],[2.51139,48.84629],[2.51139,48.84499],[2.51158,48.8437],[2.51246,48.84114],[2.51307,48.8397],[2.5137,48.83883],[2.5157,48.83761],[2.51665,48.83676],[2.51758,48.83473],[2.51756,48.83405],[2.5169,48.8324],[2.51621,48.83146],[2.51563,48.83107],[2.51298,48.82966],[2.51161,48.82926],[2.51053,48.8292]],[[2.52306,48.79726],[2.52338,48.79709],[2.52388,48.79648],[2.52383,48.79603],[2.52291,48.79243],[2.52235,48.79122],[2.52167,48.79065]],[[2.52306,48.79726],[2.52244,48.79467],[2.52225,48.793],[2.52171,48.79145],[2.52167,48.79065]],[[2.5869,48.86495],[2.58649,48.865],[2.58513,48.86548],[2.58474,48.86552],[2.58383,48.86549]],[[2.5869,48.86495],[2.58618,48.86482],[2.58559,48.86484],[2.58417,48.86526],[2.58383,48.86549]],[[2.58786,48.86506],[2.5869,48.86495]],[[2.58786,48.86506],[2.58872,48.86579],[2.58956,48.86615],[2.59121,48.86619],[2.59198,48.86612],[2.59272,48.86624],[2.59447,48.86675],[2.59647,48.86701],[2.59718,48.86695],[2.59782,48.86673],[2.59463,48.86624],[2.59133,48.8656],[2.58954,48.865],[2.58871,48.8649],[2.58786,48.86506]]]}},{"type":"Feature","properties":{"layer":"river","name":"Seine"},"geometry":{"type":"MultiLineString","coordinates":[[[2.12605,48.87333],[2.12432,48.87438],[2.12261,48.87582]],[[2.12783,48.87165],[2.12605,48.87333]],[[2.12821,48.87208],[2.12605,48.87333]],[[2.12975,48.8706],[2.12821,48.87208]],[[2.12946,48.87153],[2.12821,48.87208]],[[2.13101,48.87025],[2.12946,48.87153]],[[2.22635,48.83065],[2.22576,48.83268],[2.22352,48.83599],[2.22312,48.83684],[2.22291,48.83757],[2.22286,48.83876],[2.22302,48.83957],[2.22452,48.84373],[2.22517,48.84573],[2.22546,48.84706],[2.22544,48.84948],[2.22516,48.85065],[2.22433,48.85295],[2.22415,48.85496],[2.22506,48.85812],[2.22719,48.86237],[2.22827,48.86518],[2.23046,48.86786],[2.23273,48.86925],[2.23407,48.8709],[2.2351,48.87181],[2.23577,48.87277],[2.24325,48.87785],[2.25278,48.88578],[2.2545,48.88779],[2.25685,48.88924],[2.25966,48.89161],[2.26336,48.89495],[2.26524,48.89597],[2.26866,48.89748],[2.27093,48.89833],[2.27512,48.89972],[2.27732,48.90027],[2.28065,48.90093],[2.28425,48.90224],[2.28728,48.90356],[2.28854,48.90437],[2.29384,48.90682],[2.29945,48.9096],[2.30336,48.91106],[2.30746,48.91216],[2.30893,48.91248],[2.31372,48.91408],[2.31633,48.91478],[2.31955,48.91585],[2.32195,48.91639],[2.3283,48.91824],[2.32871,48.9184],[2.32936,48.91886],[2.32983,48.91949],[2.33222,48.92192],[2.33423,48.92427],[2.33873,48.92868],[2.34087,48.93135],[2.34173,48.93436],[2.34182,48.93586],[2.34089,48.93851],[2.3395,48.9409],[2.33819,48.94273],[2.33618,48.94424],[2.33475,48.94501],[2.3295,48.94665],[2.3169,48.94963],[2.31263,48.95038],[2.30425,48.95166],[2.30206,48.95192],[2.29975,48.95201],[2.29387,48.95163],[2.29076,48.95113],[2.28396,48.95031],[2.27779,48.94886],[2.27027,48.94695],[2.26816,48.94633],[2.2661,48.94542],[2.26038,48.94315],[2.25514,48.9402],[2.25065,48.93822],[2.24669,48.93626],[2.2418,48.93288],[2.23948,48.93197],[2.23369,48.92902],[2.22389,48.9229],[2.21408,48.91659],[2.21201,48.91591],[2.20968,48.91469],[2.20558,48.9133],[2.20288,48.91192],[2.20066,48.9106],[2.19573,48.9088],[2.18895,48.90595],[2.18785,48.90565],[2.18097,48.90478],[2.17935,48.90437],[2.1749,48.9028],[2.17114,48.90051],[2.16432,48.89505],[2.16354,48.89408],[2.16281,48.8926],[2.16119,48.88857],[2.15884,48.88519],[2.15714,48.88156],[2.15452,48.87767],[2.15352,48.87664],[2.15119,48.87478],[2.14758,48.87236],[2.14637,48.87165],[2.14552,48.87124],[2.14462,48.87093],[2.14214,48.87034],[2.14099,48.87025],[2.13733,48.87018],[2.13574,48.8702],[2.13336,48.87041],[2.1309,48.87091],[2.12946,48.87153]],[[2.1301,48.87011],[2.13208,48.86896],[2.13034,48.8702]],[[2.13304,48.86873],[2.13216,48.86948]],[[2.23685,48.82143],[2.2345,48.82187],[2.23242,48.8228],[2.23049,48.82399],[2.229,48.82515],[2.22791,48.82628],[2.22649,48.82833],[2.22608,48.82951],[2.22635,48.83065]],[[2.24238,48.8227],[2.23995,48.82262],[2.238,48.82298],[2.23555,48.82392],[2.22984,48.82678],[2.22833,48.82771],[2.22635,48.83065]],[[2.24238,48.8227],[2.24059,48.82209],[2.23888,48.82161],[2.23685,48.82143]],[[2.26093,48.83198],[2.26023,48.82999],[2.25974,48.82744],[2.25925,48.82689],[2.25754,48.82555],[2.25482,48.82398],[2.25118,48.82244],[2.24685,48.82114],[2.2443,48.82059],[2.2402,48.82049],[2.2382,48.82088],[2.23685,48.82143]],[[2.26093,48.83198],[2.25874,48.83065],[2.25701,48.82945],[2.25551,48.82827],[2.25214,48.82599],[2.25012,48.82496],[2.2455,48.82344],[2.24238,48.8227]],[[2.27734,48.84834],[2.27621,48.84758],[2.26833,48.83936],[2.26093,48.83198]],[[2.28874,48.85721],[2.28834,48.85547],[2.27974,48.84954],[2.27734,48.84834]],[[2.28874,48.85721],[2.27964,48.85062],[2.27813,48.84933],[2.27734,48.84834]],[[2.32402,48.8621],[2.31899,48.86354],[2.31728,48.86376],[2.31348,48.86366],[2.31041,48.86375],[2.30698,48.86356],[2.30174,48.8635],[2.2995,48.86334],[2.29687,48.86266],[2.29435,48.86158],[2.29176,48.86001],[2.29014,48.85838],[2.28874,48.85721]],[[2.3209,48.86306],[2.32402,48.8621]],[[2.32398,48.8618],[2.32544,48.86135]],[[2.32402,48.8621],[2.32516,48.86175]],[[2.32516,48.86175],[2.32478,48.86188],[2.32402,48.8621]],[[2.41459,48.80068],[2.41196,48.80288],[2.40979,48.80484],[2.409,48.80654],[2.40881,48.80747],[2.40896,48.80929],[2.41024,48.81393],[2.41024,48.81523],[2.41013,48.8157],[2.40991,48.81607],[2.40936,48.81663],[2.40762,48.8174],[2.40181,48.81933],[2.39908,48.82033],[2.39637,48.82155],[2.39099,48.82511],[2.39026,48.82573],[2.38764,48.82754],[2.37752,48.83583],[2.3729,48.84003],[2.3614,48.84847],[2.36013,48.84903],[2.35791,48.84977],[2.35676,48.85028],[2.35386,48.85119],[2.35319,48.85175],[2.35275,48.85279],[2.35256,48.85373],[2.35223,48.85468],[2.35059,48.85546],[2.3468,48.85673],[2.34009,48.85813],[2.33847,48.85824],[2.33285,48.85937],[2.32992,48.86011],[2.33022,48.85995],[2.32516,48.86175]],[[2.32516,48.86175],[2.32611,48.86148]],[[2.4007,48.70223],[2.40177,48.70386],[2.40274,48.70625],[2.40395,48.70966],[2.40451,48.71083],[2.40543,48.71239],[2.40588,48.71295],[2.40676,48.71343],[2.40763,48.71404],[2.41682,48.71901],[2.42164,48.72147],[2.42263,48.72185],[2.42542,48.72272],[2.42793,48.72328],[2.42903,48.72347],[2.43219,48.72379],[2.43611,48.72438],[2.43934,48.72517],[2.44127,48.72597],[2.44321,48.72692],[2.44427,48.7289],[2.44475,48.73088],[2.44482,48.73407],[2.44455,48.73572],[2.44376,48.73719],[2.44261,48.73874],[2.43985,48.74115],[2.43717,48.74468],[2.43563,48.74626],[2.43353,48.74778],[2.42674,48.75133],[2.42345,48.7534],[2.42263,48.75414],[2.42172,48.75519],[2.41981,48.75924],[2.41901,48.76071],[2.41746,48.76206],[2.41323,48.7651],[2.41225,48.76625],[2.41189,48.76715],[2.4115,48.77167],[2.41168,48.77324],[2.41194,48.77429],[2.4127,48.77545],[2.4147,48.7773],[2.41649,48.77945],[2.42116,48.78636],[2.42183,48.78757],[2.42264,48.78944],[2.42283,48.79085],[2.42268,48.792],[2.42244,48.79282],[2.42196,48.79389],[2.42128,48.79497]],[[2.41602,48.79827],[2.41565,48.7986],[2.41459,48.80068]],[[2.42128,48.79497],[2.42074,48.7958],[2.42023,48.7963],[2.41623,48.79931],[2.41459,48.80068]],[[2.41738,48.79965],[2.41706,48.79989],[2.41459,48.80068]],[[2.42128,48.79497],[2.41859,48.79636],[2.41779,48.79696]],[[2.42128,48.79497],[2.42044,48.79727],[2.41915,48.79828]]]}}]}